Dataset,Method,N_Features,Classifier,Fold,MCC,F1,Sensitivity,Specificity,Balanced_Accuracy,Accuracy
baseline_female,mRMR,10,RandomForest,1,0.6333004963811236,0.8484848484848485,0.875,0.75,0.8125,0.8214285714285714
baseline_female,mRMR,10,RandomForest_TUNED,1,0.5625,0.8125,0.8125,0.75,0.78125,0.7857142857142857
baseline_female,mRMR,10,NeuralNetwork,1,0.7855533190649869,0.9032258064516129,0.875,0.9166666666666666,0.8958333333333333,0.8928571428571429
baseline_female,mRMR,10,NeuralNetwork_TUNED,1,0.7083333333333334,0.875,0.875,0.8333333333333334,0.8541666666666667,0.8571428571428571
baseline_female,mRMR,10,NaiveBayes,1,0.6615185844757785,0.8275862068965517,0.75,0.9166666666666666,0.8333333333333333,0.8214285714285714
baseline_female,mRMR,10,LogisticRegression,1,0.696630546019236,0.8148148148148148,0.6875,1.0,0.84375,0.8214285714285714
baseline_female,mRMR,10,AdaBoost,1,0.35143174800275734,0.7096774193548386,0.6875,0.6666666666666666,0.6770833333333333,0.6785714285714286
baseline_female,mRMR,10,AdaBoost_TUNED,1,0.28867513459481287,0.6666666666666666,0.625,0.6666666666666666,0.6458333333333333,0.6428571428571429
baseline_female,mRMR,10,SVM_RBF,1,0.5773502691896257,0.7999999999999999,0.75,0.8333333333333334,0.7916666666666667,0.7857142857142857
baseline_female,mRMR,10,SVM_RBF_TUNED,1,0.4271410714851651,0.7894736842105263,0.9375,0.4166666666666667,0.6770833333333334,0.7142857142857143
baseline_female,mRMR,20,RandomForest,1,0.7083333333333334,0.875,0.875,0.8333333333333334,0.8541666666666667,0.8571428571428571
baseline_female,mRMR,20,RandomForest_TUNED,1,0.7855533190649869,0.9032258064516129,0.875,0.9166666666666666,0.8958333333333333,0.8928571428571429
baseline_female,mRMR,20,NeuralNetwork,1,0.7100469468046932,0.8823529411764706,0.9375,0.75,0.84375,0.8571428571428571
baseline_female,mRMR,20,NeuralNetwork_TUNED,1,0.570544330734548,0.8333333333333334,0.9375,0.5833333333333334,0.7604166666666667,0.7857142857142857
baseline_female,mRMR,20,NaiveBayes,1,0.5625,0.8125,0.8125,0.75,0.78125,0.7857142857142857
baseline_female,mRMR,20,LogisticRegression,1,0.5773502691896257,0.7999999999999999,0.75,0.8333333333333334,0.7916666666666667,0.7857142857142857
baseline_female,mRMR,20,AdaBoost,1,0.49613893835683387,0.7741935483870969,0.75,0.75,0.75,0.75
baseline_female,mRMR,20,AdaBoost_TUNED,1,0.48553038055886144,0.787878787878788,0.8125,0.6666666666666666,0.7395833333333333,0.75
baseline_female,mRMR,20,SVM_RBF,1,0.7100469468046932,0.8823529411764706,0.9375,0.75,0.84375,0.8571428571428571
baseline_female,mRMR,20,SVM_RBF_TUNED,1,0.5,0.8108108108108109,0.9375,0.5,0.71875,0.75
baseline_female,mRMR,30,RandomForest,1,0.5625,0.8125,0.8125,0.75,0.78125,0.7857142857142857
baseline_female,mRMR,30,RandomForest_TUNED,1,0.5625,0.8125,0.8125,0.75,0.78125,0.7857142857142857
baseline_female,mRMR,30,NeuralNetwork,1,0.7100469468046932,0.8823529411764706,0.9375,0.75,0.84375,0.8571428571428571
baseline_female,mRMR,30,NeuralNetwork_TUNED,1,0.6333004963811236,0.8484848484848485,0.875,0.75,0.8125,0.8214285714285714
baseline_female,mRMR,30,NaiveBayes,1,0.6615185844757785,0.8275862068965517,0.75,0.9166666666666666,0.8333333333333333,0.8214285714285714
baseline_female,mRMR,30,LogisticRegression,1,0.516811394121702,0.7586206896551724,0.6875,0.8333333333333334,0.7604166666666667,0.75
baseline_female,mRMR,30,AdaBoost,1,0.6408461287109104,0.8387096774193549,0.8125,0.8333333333333334,0.8229166666666667,0.8214285714285714
baseline_female,mRMR,30,AdaBoost_TUNED,1,0.6408461287109104,0.8387096774193549,0.8125,0.8333333333333334,0.8229166666666667,0.8214285714285714
baseline_female,mRMR,30,SVM_RBF,1,0.570544330734548,0.8333333333333334,0.9375,0.5833333333333334,0.7604166666666667,0.7857142857142857
baseline_female,mRMR,30,SVM_RBF_TUNED,1,0.3499482363378076,0.7692307692307693,0.9375,0.3333333333333333,0.6354166666666666,0.6785714285714286
baseline_female,mRMR,40,RandomForest,1,0.7216878364870323,0.8666666666666666,0.8125,0.9166666666666666,0.8645833333333333,0.8571428571428571
baseline_female,mRMR,40,RandomForest_TUNED,1,0.6615185844757785,0.8275862068965517,0.75,0.9166666666666666,0.8333333333333333,0.8214285714285714
baseline_female,mRMR,40,NeuralNetwork,1,0.6333004963811236,0.8484848484848485,0.875,0.75,0.8125,0.8214285714285714
baseline_female,mRMR,40,NeuralNetwork_TUNED,1,0.4856618642571827,0.7999999999999999,0.875,0.5833333333333334,0.7291666666666667,0.75
baseline_female,mRMR,40,NaiveBayes,1,0.6615185844757785,0.8275862068965517,0.75,0.9166666666666666,0.8333333333333333,0.8214285714285714
baseline_female,mRMR,40,LogisticRegression,1,0.7083333333333334,0.875,0.875,0.8333333333333334,0.8541666666666667,0.8571428571428571
baseline_female,mRMR,40,AdaBoost,1,0.7216878364870323,0.8666666666666666,0.8125,0.9166666666666666,0.8645833333333333,0.8571428571428571
baseline_female,mRMR,40,AdaBoost_TUNED,1,0.6408461287109104,0.8387096774193549,0.8125,0.8333333333333334,0.8229166666666667,0.8214285714285714
baseline_female,mRMR,40,SVM_RBF,1,0.5383819020581655,0.8205128205128205,1.0,0.4166666666666667,0.7083333333333334,0.75
baseline_female,mRMR,40,SVM_RBF_TUNED,1,0.3499482363378076,0.7692307692307693,0.9375,0.3333333333333333,0.6354166666666666,0.6785714285714286
baseline_female,mRMR,50,RandomForest,1,0.6615185844757785,0.8275862068965517,0.75,0.9166666666666666,0.8333333333333333,0.8214285714285714
baseline_female,mRMR,50,RandomForest_TUNED,1,0.6615185844757785,0.8275862068965517,0.75,0.9166666666666666,0.8333333333333333,0.8214285714285714
baseline_female,mRMR,50,NeuralNetwork,1,0.6401906392481045,0.8571428571428572,0.9375,0.6666666666666666,0.8020833333333333,0.8214285714285714
baseline_female,mRMR,50,NeuralNetwork_TUNED,1,0.4856618642571827,0.7999999999999999,0.875,0.5833333333333334,0.7291666666666667,0.75
baseline_female,mRMR,50,NaiveBayes,1,0.7216878364870323,0.8666666666666666,0.8125,0.9166666666666666,0.8645833333333333,0.8571428571428571
baseline_female,mRMR,50,LogisticRegression,1,0.7083333333333334,0.875,0.875,0.8333333333333334,0.8541666666666667,0.8571428571428571
baseline_female,mRMR,50,AdaBoost,1,0.5625,0.8125,0.8125,0.75,0.78125,0.7857142857142857
baseline_female,mRMR,50,AdaBoost_TUNED,1,0.49613893835683387,0.7741935483870969,0.75,0.75,0.75,0.75
baseline_female,mRMR,50,SVM_RBF,1,0.3333333333333333,0.7567567567567567,0.875,0.4166666666666667,0.6458333333333334,0.6785714285714286
baseline_female,mRMR,50,SVM_RBF_TUNED,1,0.3499482363378076,0.7692307692307693,0.9375,0.3333333333333333,0.6354166666666666,0.6785714285714286
baseline_female,mRMR,60,RandomForest,1,0.5625,0.8125,0.8125,0.75,0.78125,0.7857142857142857
baseline_female,mRMR,60,RandomForest_TUNED,1,0.5625,0.8125,0.8125,0.75,0.78125,0.7857142857142857
baseline_female,mRMR,60,NeuralNetwork,1,0.5,0.8108108108108109,0.9375,0.5,0.71875,0.75
baseline_female,mRMR,60,NeuralNetwork_TUNED,1,0.48553038055886144,0.787878787878788,0.8125,0.6666666666666666,0.7395833333333333,0.75
baseline_female,mRMR,60,NaiveBayes,1,0.7216878364870323,0.8666666666666666,0.8125,0.9166666666666666,0.8645833333333333,0.8571428571428571
baseline_female,mRMR,60,LogisticRegression,1,0.6408461287109104,0.8387096774193549,0.8125,0.8333333333333334,0.8229166666666667,0.8214285714285714
baseline_female,mRMR,60,AdaBoost,1,0.49613893835683387,0.7741935483870969,0.75,0.75,0.75,0.75
baseline_female,mRMR,60,AdaBoost_TUNED,1,0.5625,0.8125,0.8125,0.75,0.78125,0.7857142857142857
baseline_female,mRMR,60,SVM_RBF,1,0.4,0.7804878048780487,1.0,0.25,0.625,0.6785714285714286
baseline_female,mRMR,60,SVM_RBF_TUNED,1,0.4,0.7804878048780487,1.0,0.25,0.625,0.6785714285714286
baseline_female,mRMR,70,RandomForest,1,0.6408461287109104,0.8387096774193549,0.8125,0.8333333333333334,0.8229166666666667,0.8214285714285714
baseline_female,mRMR,70,RandomForest_TUNED,1,0.6408461287109104,0.8387096774193549,0.8125,0.8333333333333334,0.8229166666666667,0.8214285714285714
baseline_female,mRMR,70,NeuralNetwork,1,0.41079191812887456,0.7777777777777777,0.875,0.5,0.6875,0.7142857142857143
baseline_female,mRMR,70,NeuralNetwork_TUNED,1,0.570544330734548,0.8333333333333334,0.9375,0.5833333333333334,0.7604166666666667,0.7857142857142857
baseline_female,mRMR,70,NaiveBayes,1,0.7216878364870323,0.8666666666666666,0.8125,0.9166666666666666,0.8645833333333333,0.8571428571428571
baseline_female,mRMR,70,LogisticRegression,1,0.48553038055886144,0.787878787878788,0.8125,0.6666666666666666,0.7395833333333333,0.75
baseline_female,mRMR,70,AdaBoost,1,0.48553038055886144,0.787878787878788,0.8125,0.6666666666666666,0.7395833333333333,0.75
baseline_female,mRMR,70,AdaBoost_TUNED,1,0.49613893835683387,0.7741935483870969,0.75,0.75,0.75,0.75
baseline_female,mRMR,70,SVM_RBF,1,0.47140452079103173,0.8,1.0,0.3333333333333333,0.6666666666666666,0.7142857142857143
baseline_female,mRMR,70,SVM_RBF_TUNED,1,0.47140452079103173,0.8,1.0,0.3333333333333333,0.6666666666666666,0.7142857142857143
baseline_female,mRMR,80,RandomForest,1,0.7216878364870323,0.8666666666666666,0.8125,0.9166666666666666,0.8645833333333333,0.8571428571428571
baseline_female,mRMR,80,RandomForest_TUNED,1,0.7216878364870323,0.8666666666666666,0.8125,0.9166666666666666,0.8645833333333333,0.8571428571428571
baseline_female,mRMR,80,NeuralNetwork,1,0.6401906392481045,0.8571428571428572,0.9375,0.6666666666666666,0.8020833333333333,0.8214285714285714
baseline_female,mRMR,80,NeuralNetwork_TUNED,1,0.4271410714851651,0.7894736842105263,0.9375,0.4166666666666667,0.6770833333333334,0.7142857142857143
baseline_female,mRMR,80,NaiveBayes,1,0.6615185844757785,0.8275862068965517,0.75,0.9166666666666666,0.8333333333333333,0.8214285714285714
baseline_female,mRMR,80,LogisticRegression,1,0.49613893835683387,0.7741935483870969,0.75,0.75,0.75,0.75
baseline_female,mRMR,80,AdaBoost,1,0.6408461287109104,0.8387096774193549,0.8125,0.8333333333333334,0.8229166666666667,0.8214285714285714
baseline_female,mRMR,80,AdaBoost_TUNED,1,0.7216878364870323,0.8666666666666666,0.8125,0.9166666666666666,0.8645833333333333,0.8571428571428571
baseline_female,mRMR,80,SVM_RBF,1,0.4,0.7804878048780487,1.0,0.25,0.625,0.6785714285714286
baseline_female,mRMR,80,SVM_RBF_TUNED,1,0.32025630761017426,0.761904761904762,1.0,0.16666666666666666,0.5833333333333334,0.6428571428571429
baseline_female,mRMR,90,RandomForest,1,0.7216878364870323,0.8666666666666666,0.8125,0.9166666666666666,0.8645833333333333,0.8571428571428571
baseline_female,mRMR,90,RandomForest_TUNED,1,0.5773502691896257,0.7999999999999999,0.75,0.8333333333333334,0.7916666666666667,0.7857142857142857
baseline_female,mRMR,90,NeuralNetwork,1,0.7100469468046932,0.8823529411764706,0.9375,0.75,0.84375,0.8571428571428571
baseline_female,mRMR,90,NeuralNetwork_TUNED,1,0.7100469468046932,0.8823529411764706,0.9375,0.75,0.84375,0.8571428571428571
baseline_female,mRMR,90,NaiveBayes,1,0.6615185844757785,0.8275862068965517,0.75,0.9166666666666666,0.8333333333333333,0.8214285714285714
baseline_female,mRMR,90,LogisticRegression,1,0.5625,0.8125,0.8125,0.75,0.78125,0.7857142857142857
baseline_female,mRMR,90,AdaBoost,1,0.5773502691896257,0.7999999999999999,0.75,0.8333333333333334,0.7916666666666667,0.7857142857142857
baseline_female,mRMR,90,AdaBoost_TUNED,1,0.6408461287109104,0.8387096774193549,0.8125,0.8333333333333334,0.8229166666666667,0.8214285714285714
baseline_female,mRMR,90,SVM_RBF,1,0.26516504294495535,0.75,0.9375,0.25,0.59375,0.6428571428571429
baseline_female,mRMR,90,SVM_RBF_TUNED,1,0.04003203845127178,0.7142857142857143,0.9375,0.08333333333333333,0.5104166666666666,0.5714285714285714
baseline_female,mRMR,100,RandomForest,1,0.48553038055886144,0.787878787878788,0.8125,0.6666666666666666,0.7395833333333333,0.75
baseline_female,mRMR,100,RandomForest_TUNED,1,0.5625,0.8125,0.8125,0.75,0.78125,0.7857142857142857
baseline_female,mRMR,100,NeuralNetwork,1,0.570544330734548,0.8333333333333334,0.9375,0.5833333333333334,0.7604166666666667,0.7857142857142857
baseline_female,mRMR,100,NeuralNetwork_TUNED,1,0.6401906392481045,0.8571428571428572,0.9375,0.6666666666666666,0.8020833333333333,0.8214285714285714
baseline_female,mRMR,100,NaiveBayes,1,0.6615185844757785,0.8275862068965517,0.75,0.9166666666666666,0.8333333333333333,0.8214285714285714
baseline_female,mRMR,100,LogisticRegression,1,0.5594309277855158,0.823529411764706,0.875,0.6666666666666666,0.7708333333333333,0.7857142857142857
baseline_female,mRMR,100,AdaBoost,1,0.516811394121702,0.7586206896551724,0.6875,0.8333333333333334,0.7604166666666667,0.75
baseline_female,mRMR,100,AdaBoost_TUNED,1,0.5625,0.8125,0.8125,0.75,0.78125,0.7857142857142857
baseline_female,mRMR,100,SVM_RBF,1,0.26516504294495535,0.75,0.9375,0.25,0.59375,0.6428571428571429
baseline_female,mRMR,100,SVM_RBF_TUNED,1,0.3499482363378076,0.7692307692307693,0.9375,0.3333333333333333,0.6354166666666666,0.6785714285714286
baseline_female,Boruta,10,RandomForest,1,0.806225774829855,0.896551724137931,0.8125,1.0,0.90625,0.8928571428571429
baseline_female,Boruta,10,RandomForest_TUNED,1,0.6615185844757785,0.8275862068965517,0.75,0.9166666666666666,0.8333333333333333,0.8214285714285714
baseline_female,Boruta,10,NeuralNetwork,1,0.6041666666666666,0.7857142857142857,0.6875,0.9166666666666666,0.8020833333333333,0.7857142857142857
baseline_female,Boruta,10,NeuralNetwork_TUNED,1,0.7216878364870323,0.8666666666666666,0.8125,0.9166666666666666,0.8645833333333333,0.8571428571428571
baseline_female,Boruta,10,NaiveBayes,1,0.4948812053487255,0.6923076923076923,0.5625,0.9166666666666666,0.7395833333333333,0.7142857142857143
baseline_female,Boruta,10,LogisticRegression,1,0.696630546019236,0.8148148148148148,0.6875,1.0,0.84375,0.8214285714285714
baseline_female,Boruta,10,AdaBoost,1,0.696630546019236,0.8148148148148148,0.6875,1.0,0.84375,0.8214285714285714
baseline_female,Boruta,10,AdaBoost_TUNED,1,0.75,0.8571428571428571,0.75,1.0,0.875,0.8571428571428571
baseline_female,Boruta,10,SVM_RBF,1,0.6041666666666666,0.7857142857142857,0.6875,0.9166666666666666,0.8020833333333333,0.7857142857142857
baseline_female,Boruta,10,SVM_RBF_TUNED,1,0.6666666666666666,0.8648648648648648,1.0,0.5833333333333334,0.7916666666666667,0.8214285714285714
baseline_female,Boruta,20,RandomForest,1,0.6408461287109104,0.8387096774193549,0.8125,0.8333333333333334,0.8229166666666667,0.8214285714285714
baseline_female,Boruta,20,RandomForest_TUNED,1,0.6408461287109104,0.8387096774193549,0.8125,0.8333333333333334,0.8229166666666667,0.8214285714285714
baseline_female,Boruta,20,NeuralNetwork,1,0.7855533190649869,0.9032258064516129,0.875,0.9166666666666666,0.8958333333333333,0.8928571428571429
baseline_female,Boruta,20,NeuralNetwork_TUNED,1,0.6615185844757785,0.8275862068965517,0.75,0.9166666666666666,0.8333333333333333,0.8214285714285714
baseline_female,Boruta,20,NaiveBayes,1,0.6041666666666666,0.7857142857142857,0.6875,0.9166666666666666,0.8020833333333333,0.7857142857142857
baseline_female,Boruta,20,LogisticRegression,1,0.7216878364870323,0.8666666666666666,0.8125,0.9166666666666666,0.8645833333333333,0.8571428571428571
baseline_female,Boruta,20,AdaBoost,1,0.7216878364870323,0.8666666666666666,0.8125,0.9166666666666666,0.8645833333333333,0.8571428571428571
baseline_female,Boruta,20,AdaBoost_TUNED,1,0.7216878364870323,0.8666666666666666,0.8125,0.9166666666666666,0.8645833333333333,0.8571428571428571
baseline_female,Boruta,20,SVM_RBF,1,0.5773502691896257,0.7999999999999999,0.75,0.8333333333333334,0.7916666666666667,0.7857142857142857
baseline_female,Boruta,20,SVM_RBF_TUNED,1,0.47140452079103173,0.8,1.0,0.3333333333333333,0.6666666666666666,0.7142857142857143
baseline_female,Boruta,30,RandomForest,1,0.6615185844757785,0.8275862068965517,0.75,0.9166666666666666,0.8333333333333333,0.8214285714285714
baseline_female,Boruta,30,RandomForest_TUNED,1,0.6615185844757785,0.8275862068965517,0.75,0.9166666666666666,0.8333333333333333,0.8214285714285714
baseline_female,Boruta,30,NeuralNetwork,1,0.40881490876633847,0.7647058823529411,0.8125,0.5833333333333334,0.6979166666666667,0.7142857142857143
baseline_female,Boruta,30,NeuralNetwork_TUNED,1,0.6401906392481045,0.8571428571428572,0.9375,0.6666666666666666,0.8020833333333333,0.8214285714285714
baseline_female,Boruta,30,NaiveBayes,1,0.696630546019236,0.8148148148148148,0.6875,1.0,0.84375,0.8214285714285714
baseline_female,Boruta,30,LogisticRegression,1,0.5594309277855158,0.823529411764706,0.875,0.6666666666666666,0.7708333333333333,0.7857142857142857
baseline_female,Boruta,30,AdaBoost,1,0.75,0.8571428571428571,0.75,1.0,0.875,0.8571428571428571
baseline_female,Boruta,30,AdaBoost_TUNED,1,0.6615185844757785,0.8275862068965517,0.75,0.9166666666666666,0.8333333333333333,0.8214285714285714
baseline_female,Boruta,30,SVM_RBF,1,0.4271410714851651,0.7894736842105263,0.9375,0.4166666666666667,0.6770833333333334,0.7142857142857143
baseline_female,Boruta,30,SVM_RBF_TUNED,1,0.04003203845127178,0.7142857142857143,0.9375,0.08333333333333333,0.5104166666666666,0.5714285714285714
baseline_female,Boruta,40,RandomForest,1,0.5773502691896257,0.7999999999999999,0.75,0.8333333333333334,0.7916666666666667,0.7857142857142857
baseline_female,Boruta,40,RandomForest_TUNED,1,0.5773502691896257,0.7999999999999999,0.75,0.8333333333333334,0.7916666666666667,0.7857142857142857
baseline_female,Boruta,40,NeuralNetwork,1,0.48553038055886144,0.787878787878788,0.8125,0.6666666666666666,0.7395833333333333,0.75
baseline_female,Boruta,40,NeuralNetwork_TUNED,1,0.5625,0.8125,0.8125,0.75,0.78125,0.7857142857142857
baseline_female,Boruta,40,NaiveBayes,1,0.696630546019236,0.8148148148148148,0.6875,1.0,0.84375,0.8214285714285714
baseline_female,Boruta,40,LogisticRegression,1,0.48553038055886144,0.787878787878788,0.8125,0.6666666666666666,0.7395833333333333,0.75
baseline_female,Boruta,40,AdaBoost,1,0.6615185844757785,0.8275862068965517,0.75,0.9166666666666666,0.8333333333333333,0.8214285714285714
baseline_female,Boruta,40,AdaBoost_TUNED,1,0.5625,0.8125,0.8125,0.75,0.78125,0.7857142857142857
baseline_female,Boruta,40,SVM_RBF,1,0.5,0.8108108108108109,0.9375,0.5,0.71875,0.75
baseline_female,Boruta,40,SVM_RBF_TUNED,1,0.4271410714851651,0.7894736842105263,0.9375,0.4166666666666667,0.6770833333333334,0.7142857142857143
baseline_female,Boruta,50,RandomForest,1,0.6041666666666666,0.7857142857142857,0.6875,0.9166666666666666,0.8020833333333333,0.7857142857142857
baseline_female,Boruta,50,RandomForest_TUNED,1,0.6041666666666666,0.7857142857142857,0.6875,0.9166666666666666,0.8020833333333333,0.7857142857142857
baseline_female,Boruta,50,NeuralNetwork,1,0.6401906392481045,0.8571428571428572,0.9375,0.6666666666666666,0.8020833333333333,0.8214285714285714
baseline_female,Boruta,50,NeuralNetwork_TUNED,1,0.41079191812887456,0.7777777777777777,0.875,0.5,0.6875,0.7142857142857143
baseline_female,Boruta,50,NaiveBayes,1,0.6454972243679028,0.7692307692307693,0.625,1.0,0.8125,0.7857142857142857
baseline_female,Boruta,50,LogisticRegression,1,0.4166666666666667,0.75,0.75,0.6666666666666666,0.7083333333333333,0.7142857142857143
baseline_female,Boruta,50,AdaBoost,1,0.43301270189221935,0.7333333333333334,0.6875,0.75,0.71875,0.7142857142857143
baseline_female,Boruta,50,AdaBoost_TUNED,1,0.4166666666666667,0.75,0.75,0.6666666666666666,0.7083333333333333,0.7142857142857143
baseline_female,Boruta,50,SVM_RBF,1,0.3499482363378076,0.7692307692307693,0.9375,0.3333333333333333,0.6354166666666666,0.6785714285714286
baseline_female,Boruta,50,SVM_RBF_TUNED,1,0.41079191812887456,0.7777777777777777,0.875,0.5,0.6875,0.7142857142857143
baseline_female,Boruta,60,RandomForest,1,0.6041666666666666,0.7857142857142857,0.6875,0.9166666666666666,0.8020833333333333,0.7857142857142857
baseline_female,Boruta,60,RandomForest_TUNED,1,0.6041666666666666,0.7857142857142857,0.6875,0.9166666666666666,0.8020833333333333,0.7857142857142857
baseline_female,Boruta,60,NeuralNetwork,1,0.5,0.8108108108108109,0.9375,0.5,0.71875,0.75
baseline_female,Boruta,60,NeuralNetwork_TUNED,1,0.6333004963811236,0.8484848484848485,0.875,0.75,0.8125,0.8214285714285714
baseline_female,Boruta,60,NaiveBayes,1,0.6454972243679028,0.7692307692307693,0.625,1.0,0.8125,0.7857142857142857
baseline_female,Boruta,60,LogisticRegression,1,0.43301270189221935,0.7333333333333334,0.6875,0.75,0.71875,0.7142857142857143
baseline_female,Boruta,60,AdaBoost,1,0.7216878364870323,0.8666666666666666,0.8125,0.9166666666666666,0.8645833333333333,0.8571428571428571
baseline_female,Boruta,60,AdaBoost_TUNED,1,0.6615185844757785,0.8275862068965517,0.75,0.9166666666666666,0.8333333333333333,0.8214285714285714
baseline_female,Boruta,60,SVM_RBF,1,0.4271410714851651,0.7894736842105263,0.9375,0.4166666666666667,0.6770833333333334,0.7142857142857143
baseline_female,Boruta,60,SVM_RBF_TUNED,1,0.4271410714851651,0.7894736842105263,0.9375,0.4166666666666667,0.6770833333333334,0.7142857142857143
baseline_female,Boruta,70,RandomForest,1,0.7216878364870323,0.8666666666666666,0.8125,0.9166666666666666,0.8645833333333333,0.8571428571428571
baseline_female,Boruta,70,RandomForest_TUNED,1,0.6615185844757785,0.8275862068965517,0.75,0.9166666666666666,0.8333333333333333,0.8214285714285714
baseline_female,Boruta,70,NeuralNetwork,1,0.16151457061744964,0.717948717948718,0.875,0.25,0.5625,0.6071428571428571
baseline_female,Boruta,70,NeuralNetwork_TUNED,1,0.4856618642571827,0.7999999999999999,0.875,0.5833333333333334,0.7291666666666667,0.75
baseline_female,Boruta,70,NaiveBayes,1,0.5960395606792697,0.72,0.5625,1.0,0.78125,0.75
baseline_female,Boruta,70,LogisticRegression,1,0.48553038055886144,0.787878787878788,0.8125,0.6666666666666666,0.7395833333333333,0.75
baseline_female,Boruta,70,AdaBoost,1,0.7216878364870323,0.8666666666666666,0.8125,0.9166666666666666,0.8645833333333333,0.8571428571428571
baseline_female,Boruta,70,AdaBoost_TUNED,1,0.6408461287109104,0.8387096774193549,0.8125,0.8333333333333334,0.8229166666666667,0.8214285714285714
baseline_female,Boruta,70,SVM_RBF,1,0.3499482363378076,0.7692307692307693,0.9375,0.3333333333333333,0.6354166666666666,0.6785714285714286
baseline_female,Boruta,70,SVM_RBF_TUNED,1,0.3499482363378076,0.7692307692307693,0.9375,0.3333333333333333,0.6354166666666666,0.6785714285714286
baseline_female,Boruta,80,RandomForest,1,0.5773502691896257,0.7999999999999999,0.75,0.8333333333333334,0.7916666666666667,0.7857142857142857
baseline_female,Boruta,80,RandomForest_TUNED,1,0.5773502691896257,0.7999999999999999,0.75,0.8333333333333334,0.7916666666666667,0.7857142857142857
baseline_female,Boruta,80,NeuralNetwork,1,0.6401906392481045,0.8571428571428572,0.9375,0.6666666666666666,0.8020833333333333,0.8214285714285714
baseline_female,Boruta,80,NeuralNetwork_TUNED,1,0.5625,0.8125,0.8125,0.75,0.78125,0.7857142857142857
baseline_female,Boruta,80,NaiveBayes,1,0.6454972243679028,0.7692307692307693,0.625,1.0,0.8125,0.7857142857142857
baseline_female,Boruta,80,LogisticRegression,1,0.40881490876633847,0.7647058823529411,0.8125,0.5833333333333334,0.6979166666666667,0.7142857142857143
baseline_female,Boruta,80,AdaBoost,1,0.6041666666666666,0.7857142857142857,0.6875,0.9166666666666666,0.8020833333333333,0.7857142857142857
baseline_female,Boruta,80,AdaBoost_TUNED,1,0.6408461287109104,0.8387096774193549,0.8125,0.8333333333333334,0.8229166666666667,0.8214285714285714
baseline_female,Boruta,80,SVM_RBF,1,0.47140452079103173,0.8,1.0,0.3333333333333333,0.6666666666666666,0.7142857142857143
baseline_female,Boruta,80,SVM_RBF_TUNED,1,0.4,0.7804878048780487,1.0,0.25,0.625,0.6785714285714286
baseline_female,Boruta,90,RandomForest,1,0.5773502691896257,0.7999999999999999,0.75,0.8333333333333334,0.7916666666666667,0.7857142857142857
baseline_female,Boruta,90,RandomForest_TUNED,1,0.6615185844757785,0.8275862068965517,0.75,0.9166666666666666,0.8333333333333333,0.8214285714285714
baseline_female,Boruta,90,NeuralNetwork,1,0.6030226891555273,0.8421052631578948,1.0,0.5,0.75,0.7857142857142857
baseline_female,Boruta,90,NeuralNetwork_TUNED,1,0.4856618642571827,0.7999999999999999,0.875,0.5833333333333334,0.7291666666666667,0.75
baseline_female,Boruta,90,NaiveBayes,1,0.6454972243679028,0.7692307692307693,0.625,1.0,0.8125,0.7857142857142857
baseline_female,Boruta,90,LogisticRegression,1,0.5594309277855158,0.823529411764706,0.875,0.6666666666666666,0.7708333333333333,0.7857142857142857
baseline_female,Boruta,90,AdaBoost,1,0.6408461287109104,0.8387096774193549,0.8125,0.8333333333333334,0.8229166666666667,0.8214285714285714
baseline_female,Boruta,90,AdaBoost_TUNED,1,0.5773502691896257,0.7999999999999999,0.75,0.8333333333333334,0.7916666666666667,0.7857142857142857
baseline_female,Boruta,90,SVM_RBF,1,0.5383819020581655,0.8205128205128205,1.0,0.4166666666666667,0.7083333333333334,0.75
baseline_female,Boruta,90,SVM_RBF_TUNED,1,0.3499482363378076,0.7692307692307693,0.9375,0.3333333333333333,0.6354166666666666,0.6785714285714286
baseline_female,Boruta,100,RandomForest,1,0.7216878364870323,0.8666666666666666,0.8125,0.9166666666666666,0.8645833333333333,0.8571428571428571
baseline_female,Boruta,100,RandomForest_TUNED,1,0.6615185844757785,0.8275862068965517,0.75,0.9166666666666666,0.8333333333333333,0.8214285714285714
baseline_female,Boruta,100,NeuralNetwork,1,0.4271410714851651,0.7894736842105263,0.9375,0.4166666666666667,0.6770833333333334,0.7142857142857143
baseline_female,Boruta,100,NeuralNetwork_TUNED,1,0.6333004963811236,0.8484848484848485,0.875,0.75,0.8125,0.8214285714285714
baseline_female,Boruta,100,NaiveBayes,1,0.6041666666666666,0.7857142857142857,0.6875,0.9166666666666666,0.8020833333333333,0.7857142857142857
baseline_female,Boruta,100,LogisticRegression,1,0.6333004963811236,0.8484848484848485,0.875,0.75,0.8125,0.8214285714285714
baseline_female,Boruta,100,AdaBoost,1,0.6615185844757785,0.8275862068965517,0.75,0.9166666666666666,0.8333333333333333,0.8214285714285714
baseline_female,Boruta,100,AdaBoost_TUNED,1,0.6615185844757785,0.8275862068965517,0.75,0.9166666666666666,0.8333333333333333,0.8214285714285714
baseline_female,Boruta,100,SVM_RBF,1,0.47140452079103173,0.8,1.0,0.3333333333333333,0.6666666666666666,0.7142857142857143
baseline_female,Boruta,100,SVM_RBF_TUNED,1,0.26516504294495535,0.75,0.9375,0.25,0.59375,0.6428571428571429
baseline_female,mRMR,10,RandomForest,2,-0.0778498944161523,0.6956521739130435,0.6666666666666666,0.25,0.4583333333333333,0.5625
baseline_female,mRMR,10,RandomForest_TUNED,2,0.14907119849998599,0.7272727272727272,0.6666666666666666,0.5,0.5833333333333333,0.625
baseline_female,mRMR,10,NeuralNetwork,2,0.2886751345948129,0.7000000000000001,0.5833333333333334,0.75,0.6666666666666667,0.625
baseline_female,mRMR,10,NeuralNetwork_TUNED,2,0.21821789023599236,0.631578947368421,0.5,0.75,0.625,0.5625
baseline_female,mRMR,10,NaiveBayes,2,-0.14907119849998599,0.6363636363636365,0.5833333333333334,0.25,0.4166666666666667,0.5
baseline_female,mRMR,10,LogisticRegression,2,-0.21821789023599236,0.5714285714285715,0.5,0.25,0.375,0.4375
baseline_female,mRMR,10,AdaBoost,2,0.0,0.6,0.5,0.5,0.5,0.5
baseline_female,mRMR,10,AdaBoost_TUNED,2,-0.21821789023599236,0.5714285714285715,0.5,0.25,0.375,0.4375
baseline_female,mRMR,10,SVM_RBF,2,0.0,0.6,0.5,0.5,0.5,0.5
baseline_female,mRMR,10,SVM_RBF_TUNED,2,0.0,0.8571428571428571,1.0,0.0,0.5,0.75
baseline_female,mRMR,20,RandomForest,2,-0.0778498944161523,0.6956521739130435,0.6666666666666666,0.25,0.4583333333333333,0.5625
baseline_female,mRMR,20,RandomForest_TUNED,2,-0.0778498944161523,0.6956521739130435,0.6666666666666666,0.25,0.4583333333333333,0.5625
baseline_female,mRMR,20,NeuralNetwork,2,-0.0778498944161523,0.6956521739130435,0.6666666666666666,0.25,0.4583333333333333,0.5625
baseline_female,mRMR,20,NeuralNetwork_TUNED,2,-0.14907119849998599,0.6363636363636365,0.5833333333333334,0.25,0.4166666666666667,0.5
baseline_female,mRMR,20,NaiveBayes,2,-0.14907119849998599,0.6363636363636365,0.5833333333333334,0.25,0.4166666666666667,0.5
baseline_female,mRMR,20,LogisticRegression,2,-0.21821789023599236,0.5714285714285715,0.5,0.25,0.375,0.4375
baseline_female,mRMR,20,AdaBoost,2,-0.14907119849998599,0.6363636363636365,0.5833333333333334,0.25,0.4166666666666667,0.5
baseline_female,mRMR,20,AdaBoost_TUNED,2,-0.14907119849998599,0.6363636363636365,0.5833333333333334,0.25,0.4166666666666667,0.5
baseline_female,mRMR,20,SVM_RBF,2,-0.0778498944161523,0.6956521739130435,0.6666666666666666,0.25,0.4583333333333333,0.5625
baseline_female,mRMR,20,SVM_RBF_TUNED,2,-0.2182178902359924,0.7692307692307692,0.8333333333333334,0.0,0.4166666666666667,0.625
baseline_female,mRMR,30,RandomForest,2,-0.14907119849998599,0.6363636363636365,0.5833333333333334,0.25,0.4166666666666667,0.5
baseline_female,mRMR,30,RandomForest_TUNED,2,-0.14907119849998599,0.6363636363636365,0.5833333333333334,0.25,0.4166666666666667,0.5
baseline_female,mRMR,30,NeuralNetwork,2,0.0,0.75,0.75,0.25,0.5,0.625
baseline_female,mRMR,30,NeuralNetwork_TUNED,2,-0.0778498944161523,0.6956521739130435,0.6666666666666666,0.25,0.4583333333333333,0.5625
baseline_female,mRMR,30,NaiveBayes,2,0.07273929674533079,0.6666666666666666,0.5833333333333334,0.5,0.5416666666666667,0.5625
baseline_female,mRMR,30,LogisticRegression,2,-0.21821789023599236,0.5714285714285715,0.5,0.25,0.375,0.4375
baseline_female,mRMR,30,AdaBoost,2,-0.21821789023599236,0.5714285714285715,0.5,0.25,0.375,0.4375
baseline_female,mRMR,30,AdaBoost_TUNED,2,-0.21821789023599236,0.5714285714285715,0.5,0.25,0.375,0.4375
baseline_female,mRMR,30,SVM_RBF,2,-0.2773500981126145,0.7199999999999999,0.75,0.0,0.375,0.5625
baseline_female,mRMR,30,SVM_RBF_TUNED,2,-0.2182178902359924,0.7692307692307692,0.8333333333333334,0.0,0.4166666666666667,0.625
baseline_female,mRMR,40,RandomForest,2,-0.0778498944161523,0.6956521739130435,0.6666666666666666,0.25,0.4583333333333333,0.5625
baseline_female,mRMR,40,RandomForest_TUNED,2,-0.0778498944161523,0.6956521739130435,0.6666666666666666,0.25,0.4583333333333333,0.5625
baseline_female,mRMR,40,NeuralNetwork,2,-0.0778498944161523,0.6956521739130435,0.6666666666666666,0.25,0.4583333333333333,0.5625
baseline_female,mRMR,40,NeuralNetwork_TUNED,2,-0.14907119849998599,0.6363636363636365,0.5833333333333334,0.25,0.4166666666666667,0.5
baseline_female,mRMR,40,NaiveBayes,2,0.14907119849998599,0.7272727272727272,0.6666666666666666,0.5,0.5833333333333333,0.625
baseline_female,mRMR,40,LogisticRegression,2,-0.21821789023599236,0.5714285714285715,0.5,0.25,0.375,0.4375
baseline_female,mRMR,40,AdaBoost,2,-0.21821789023599236,0.5714285714285715,0.5,0.25,0.375,0.4375
baseline_female,mRMR,40,AdaBoost_TUNED,2,-0.21821789023599236,0.5714285714285715,0.5,0.25,0.375,0.4375
baseline_female,mRMR,40,SVM_RBF,2,-0.2182178902359924,0.7692307692307692,0.8333333333333334,0.0,0.4166666666666667,0.625
baseline_female,mRMR,40,SVM_RBF_TUNED,2,-0.2773500981126145,0.7199999999999999,0.75,0.0,0.375,0.5625
baseline_female,mRMR,50,RandomForest,2,-0.14907119849998599,0.6363636363636365,0.5833333333333334,0.25,0.4166666666666667,0.5
baseline_female,mRMR,50,RandomForest_TUNED,2,-0.14907119849998599,0.6363636363636365,0.5833333333333334,0.25,0.4166666666666667,0.5
baseline_female,mRMR,50,NeuralNetwork,2,-0.14907119849998599,0.6363636363636365,0.5833333333333334,0.25,0.4166666666666667,0.5
baseline_female,mRMR,50,NeuralNetwork_TUNED,2,-0.0778498944161523,0.6956521739130435,0.6666666666666666,0.25,0.4583333333333333,0.5625
baseline_female,mRMR,50,NaiveBayes,2,0.14907119849998599,0.7272727272727272,0.6666666666666666,0.5,0.5833333333333333,0.625
baseline_female,mRMR,50,LogisticRegression,2,-0.2886751345948129,0.5,0.4166666666666667,0.25,0.33333333333333337,0.375
baseline_female,mRMR,50,AdaBoost,2,-0.14907119849998599,0.6363636363636365,0.5833333333333334,0.25,0.4166666666666667,0.5
baseline_female,mRMR,50,AdaBoost_TUNED,2,-0.14907119849998599,0.6363636363636365,0.5833333333333334,0.25,0.4166666666666667,0.5
baseline_female,mRMR,50,SVM_RBF,2,-0.2182178902359924,0.7692307692307692,0.8333333333333334,0.0,0.4166666666666667,0.625
baseline_female,mRMR,50,SVM_RBF_TUNED,2,-0.2182178902359924,0.7692307692307692,0.8333333333333334,0.0,0.4166666666666667,0.625
baseline_female,mRMR,60,RandomForest,2,-0.0778498944161523,0.6956521739130435,0.6666666666666666,0.25,0.4583333333333333,0.5625
baseline_female,mRMR,60,RandomForest_TUNED,2,-0.0778498944161523,0.6956521739130435,0.6666666666666666,0.25,0.4583333333333333,0.5625
baseline_female,mRMR,60,NeuralNetwork,2,0.0,0.75,0.75,0.25,0.5,0.625
baseline_female,mRMR,60,NeuralNetwork_TUNED,2,-0.0778498944161523,0.6956521739130435,0.6666666666666666,0.25,0.4583333333333333,0.5625
baseline_female,mRMR,60,NaiveBayes,2,0.0,0.6,0.5,0.5,0.5,0.5
baseline_female,mRMR,60,LogisticRegression,2,-0.14907119849998599,0.6363636363636365,0.5833333333333334,0.25,0.4166666666666667,0.5
baseline_female,mRMR,60,AdaBoost,2,-0.14907119849998599,0.6363636363636365,0.5833333333333334,0.25,0.4166666666666667,0.5
baseline_female,mRMR,60,AdaBoost_TUNED,2,0.07273929674533079,0.6666666666666666,0.5833333333333334,0.5,0.5416666666666667,0.5625
baseline_female,mRMR,60,SVM_RBF,2,-0.2182178902359924,0.7692307692307692,0.8333333333333334,0.0,0.4166666666666667,0.625
baseline_female,mRMR,60,SVM_RBF_TUNED,2,-0.2182178902359924,0.7692307692307692,0.8333333333333334,0.0,0.4166666666666667,0.625
baseline_female,mRMR,70,RandomForest,2,-0.14907119849998599,0.6363636363636365,0.5833333333333334,0.25,0.4166666666666667,0.5
baseline_female,mRMR,70,RandomForest_TUNED,2,-0.14907119849998599,0.6363636363636365,0.5833333333333334,0.25,0.4166666666666667,0.5
baseline_female,mRMR,70,NeuralNetwork,2,0.09245003270420485,0.8,0.8333333333333334,0.25,0.5416666666666667,0.6875
baseline_female,mRMR,70,NeuralNetwork_TUNED,2,0.0,0.75,0.75,0.25,0.5,0.625
baseline_female,mRMR,70,NaiveBayes,2,0.07273929674533079,0.6666666666666666,0.5833333333333334,0.5,0.5416666666666667,0.5625
baseline_female,mRMR,70,LogisticRegression,2,0.14907119849998599,0.7272727272727272,0.6666666666666666,0.5,0.5833333333333333,0.625
baseline_female,mRMR,70,AdaBoost,2,-0.14907119849998599,0.6363636363636365,0.5833333333333334,0.25,0.4166666666666667,0.5
baseline_female,mRMR,70,AdaBoost_TUNED,2,-0.14907119849998599,0.6363636363636365,0.5833333333333334,0.25,0.4166666666666667,0.5
baseline_female,mRMR,70,SVM_RBF,2,-0.14907119849998599,0.8148148148148148,0.9166666666666666,0.0,0.4583333333333333,0.6875
baseline_female,mRMR,70,SVM_RBF_TUNED,2,-0.14907119849998599,0.8148148148148148,0.9166666666666666,0.0,0.4583333333333333,0.6875
baseline_female,mRMR,80,RandomForest,2,-0.0778498944161523,0.6956521739130435,0.6666666666666666,0.25,0.4583333333333333,0.5625
baseline_female,mRMR,80,RandomForest_TUNED,2,-0.0778498944161523,0.6956521739130435,0.6666666666666666,0.25,0.4583333333333333,0.5625
baseline_female,mRMR,80,NeuralNetwork,2,0.09245003270420485,0.8,0.8333333333333334,0.25,0.5416666666666667,0.6875
baseline_female,mRMR,80,NeuralNetwork_TUNED,2,0.0,0.75,0.75,0.25,0.5,0.625
baseline_female,mRMR,80,NaiveBayes,2,0.07273929674533079,0.6666666666666666,0.5833333333333334,0.5,0.5416666666666667,0.5625
baseline_female,mRMR,80,LogisticRegression,2,0.23354968324845687,0.7826086956521738,0.75,0.5,0.625,0.6875
baseline_female,mRMR,80,AdaBoost,2,0.07273929674533079,0.6666666666666666,0.5833333333333334,0.5,0.5416666666666667,0.5625
baseline_female,mRMR,80,AdaBoost_TUNED,2,-0.14907119849998599,0.6363636363636365,0.5833333333333334,0.25,0.4166666666666667,0.5
baseline_female,mRMR,80,SVM_RBF,2,-0.14907119849998599,0.8148148148148148,0.9166666666666666,0.0,0.4583333333333333,0.6875
baseline_female,mRMR,80,SVM_RBF_TUNED,2,-0.2773500981126145,0.7199999999999999,0.75,0.0,0.375,0.5625
baseline_female,mRMR,90,RandomForest,2,-0.0778498944161523,0.6956521739130435,0.6666666666666666,0.25,0.4583333333333333,0.5625
baseline_female,mRMR,90,RandomForest_TUNED,2,-0.0778498944161523,0.6956521739130435,0.6666666666666666,0.25,0.4583333333333333,0.5625
baseline_female,mRMR,90,NeuralNetwork,2,0.09245003270420485,0.8,0.8333333333333334,0.25,0.5416666666666667,0.6875
baseline_female,mRMR,90,NeuralNetwork_TUNED,2,0.0,0.75,0.75,0.25,0.5,0.625
baseline_female,mRMR,90,NaiveBayes,2,0.07273929674533079,0.6666666666666666,0.5833333333333334,0.5,0.5416666666666667,0.5625
baseline_female,mRMR,90,LogisticRegression,2,0.23354968324845687,0.7826086956521738,0.75,0.5,0.625,0.6875
baseline_female,mRMR,90,AdaBoost,2,-0.14907119849998599,0.6363636363636365,0.5833333333333334,0.25,0.4166666666666667,0.5
baseline_female,mRMR,90,AdaBoost_TUNED,2,-0.14907119849998599,0.6363636363636365,0.5833333333333334,0.25,0.4166666666666667,0.5
baseline_female,mRMR,90,SVM_RBF,2,-0.2182178902359924,0.7692307692307692,0.8333333333333334,0.0,0.4166666666666667,0.625
baseline_female,mRMR,90,SVM_RBF_TUNED,2,-0.2182178902359924,0.7692307692307692,0.8333333333333334,0.0,0.4166666666666667,0.625
baseline_female,mRMR,100,RandomForest,2,-0.0778498944161523,0.6956521739130435,0.6666666666666666,0.25,0.4583333333333333,0.5625
baseline_female,mRMR,100,RandomForest_TUNED,2,-0.0778498944161523,0.6956521739130435,0.6666666666666666,0.25,0.4583333333333333,0.5625
baseline_female,mRMR,100,NeuralNetwork,2,0.09245003270420485,0.8,0.8333333333333334,0.25,0.5416666666666667,0.6875
baseline_female,mRMR,100,NeuralNetwork_TUNED,2,-0.0778498944161523,0.6956521739130435,0.6666666666666666,0.25,0.4583333333333333,0.5625
baseline_female,mRMR,100,NaiveBayes,2,0.07273929674533079,0.6666666666666666,0.5833333333333334,0.5,0.5416666666666667,0.5625
baseline_female,mRMR,100,LogisticRegression,2,0.3333333333333333,0.8333333333333334,0.8333333333333334,0.5,0.6666666666666667,0.75
baseline_female,mRMR,100,AdaBoost,2,0.07273929674533079,0.6666666666666666,0.5833333333333334,0.5,0.5416666666666667,0.5625
baseline_female,mRMR,100,AdaBoost_TUNED,2,-0.14907119849998599,0.6363636363636365,0.5833333333333334,0.25,0.4166666666666667,0.5
baseline_female,mRMR,100,SVM_RBF,2,-0.2182178902359924,0.7692307692307692,0.8333333333333334,0.0,0.4166666666666667,0.625
baseline_female,mRMR,100,SVM_RBF_TUNED,2,-0.2182178902359924,0.7692307692307692,0.8333333333333334,0.0,0.4166666666666667,0.625
baseline_female,Boruta,10,RandomForest,2,-0.14907119849998599,0.6363636363636365,0.5833333333333334,0.25,0.4166666666666667,0.5
baseline_female,Boruta,10,RandomForest_TUNED,2,-0.14907119849998599,0.6363636363636365,0.5833333333333334,0.25,0.4166666666666667,0.5
baseline_female,Boruta,10,NeuralNetwork,2,-0.21821789023599236,0.5714285714285715,0.5,0.25,0.375,0.4375
baseline_female,Boruta,10,NeuralNetwork_TUNED,2,-0.21821789023599236,0.5714285714285715,0.5,0.25,0.375,0.4375
baseline_female,Boruta,10,NaiveBayes,2,-0.23354968324845687,0.35294117647058826,0.25,0.5,0.375,0.3125
baseline_female,Boruta,10,LogisticRegression,2,-0.2886751345948129,0.5,0.4166666666666667,0.25,0.33333333333333337,0.375
baseline_female,Boruta,10,AdaBoost,2,-0.14907119849998599,0.6363636363636365,0.5833333333333334,0.25,0.4166666666666667,0.5
baseline_female,Boruta,10,AdaBoost_TUNED,2,-0.0778498944161523,0.6956521739130435,0.6666666666666666,0.25,0.4583333333333333,0.5625
baseline_female,Boruta,10,SVM_RBF,2,-0.14907119849998599,0.6363636363636365,0.5833333333333334,0.25,0.4166666666666667,0.5
baseline_female,Boruta,10,SVM_RBF_TUNED,2,-0.0778498944161523,0.6956521739130435,0.6666666666666666,0.25,0.4583333333333333,0.5625
baseline_female,Boruta,20,RandomForest,2,-0.0778498944161523,0.6956521739130435,0.6666666666666666,0.25,0.4583333333333333,0.5625
baseline_female,Boruta,20,RandomForest_TUNED,2,-0.0778498944161523,0.6956521739130435,0.6666666666666666,0.25,0.4583333333333333,0.5625
baseline_female,Boruta,20,NeuralNetwork,2,0.14907119849998599,0.7272727272727272,0.6666666666666666,0.5,0.5833333333333333,0.625
baseline_female,Boruta,20,NeuralNetwork_TUNED,2,0.14907119849998599,0.7272727272727272,0.6666666666666666,0.5,0.5833333333333333,0.625
baseline_female,Boruta,20,NaiveBayes,2,-0.14907119849998599,0.4444444444444444,0.3333333333333333,0.5,0.41666666666666663,0.375
baseline_female,Boruta,20,LogisticRegression,2,-0.2886751345948129,0.5,0.4166666666666667,0.25,0.33333333333333337,0.375
baseline_female,Boruta,20,AdaBoost,2,0.07273929674533079,0.6666666666666666,0.5833333333333334,0.5,0.5416666666666667,0.5625
baseline_female,Boruta,20,AdaBoost_TUNED,2,0.07273929674533079,0.6666666666666666,0.5833333333333334,0.5,0.5416666666666667,0.5625
baseline_female,Boruta,20,SVM_RBF,2,-0.14907119849998599,0.6363636363636365,0.5833333333333334,0.25,0.4166666666666667,0.5
baseline_female,Boruta,20,SVM_RBF_TUNED,2,-0.3333333333333333,0.6666666666666666,0.6666666666666666,0.0,0.3333333333333333,0.5
baseline_female,Boruta,30,RandomForest,2,-0.14907119849998599,0.6363636363636365,0.5833333333333334,0.25,0.4166666666666667,0.5
baseline_female,Boruta,30,RandomForest_TUNED,2,-0.14907119849998599,0.6363636363636365,0.5833333333333334,0.25,0.4166666666666667,0.5
baseline_female,Boruta,30,NeuralNetwork,2,0.0,0.75,0.75,0.25,0.5,0.625
baseline_female,Boruta,30,NeuralNetwork_TUNED,2,-0.0778498944161523,0.6956521739130435,0.6666666666666666,0.25,0.4583333333333333,0.5625
baseline_female,Boruta,30,NaiveBayes,2,-0.14907119849998599,0.4444444444444444,0.3333333333333333,0.5,0.41666666666666663,0.375
baseline_female,Boruta,30,LogisticRegression,2,-0.21821789023599236,0.5714285714285715,0.5,0.25,0.375,0.4375
baseline_female,Boruta,30,AdaBoost,2,0.07273929674533079,0.6666666666666666,0.5833333333333334,0.5,0.5416666666666667,0.5625
baseline_female,Boruta,30,AdaBoost_TUNED,2,0.14907119849998599,0.7272727272727272,0.6666666666666666,0.5,0.5833333333333333,0.625
baseline_female,Boruta,30,SVM_RBF,2,-0.2773500981126145,0.7199999999999999,0.75,0.0,0.375,0.5625
baseline_female,Boruta,30,SVM_RBF_TUNED,2,-0.2773500981126145,0.7199999999999999,0.75,0.0,0.375,0.5625
baseline_female,Boruta,40,RandomForest,2,-0.0778498944161523,0.6956521739130435,0.6666666666666666,0.25,0.4583333333333333,0.5625
baseline_female,Boruta,40,RandomForest_TUNED,2,-0.0778498944161523,0.6956521739130435,0.6666666666666666,0.25,0.4583333333333333,0.5625
baseline_female,Boruta,40,NeuralNetwork,2,-0.3333333333333333,0.6666666666666666,0.6666666666666666,0.0,0.3333333333333333,0.5
baseline_female,Boruta,40,NeuralNetwork_TUNED,2,-0.14907119849998599,0.6363636363636365,0.5833333333333334,0.25,0.4166666666666667,0.5
baseline_female,Boruta,40,NaiveBayes,2,-0.07273929674533079,0.5263157894736842,0.4166666666666667,0.5,0.45833333333333337,0.4375
baseline_female,Boruta,40,LogisticRegression,2,0.07273929674533079,0.6666666666666666,0.5833333333333334,0.5,0.5416666666666667,0.5625
baseline_female,Boruta,40,AdaBoost,2,0.07273929674533079,0.6666666666666666,0.5833333333333334,0.5,0.5416666666666667,0.5625
baseline_female,Boruta,40,AdaBoost_TUNED,2,0.14907119849998599,0.7272727272727272,0.6666666666666666,0.5,0.5833333333333333,0.625
baseline_female,Boruta,40,SVM_RBF,2,-0.2773500981126145,0.7199999999999999,0.75,0.0,0.375,0.5625
baseline_female,Boruta,40,SVM_RBF_TUNED,2,-0.2773500981126145,0.7199999999999999,0.75,0.0,0.375,0.5625
baseline_female,Boruta,50,RandomForest,2,0.0,0.75,0.75,0.25,0.5,0.625
baseline_female,Boruta,50,RandomForest_TUNED,2,0.0,0.75,0.75,0.25,0.5,0.625
baseline_female,Boruta,50,NeuralNetwork,2,-0.0778498944161523,0.6956521739130435,0.6666666666666666,0.25,0.4583333333333333,0.5625
baseline_female,Boruta,50,NeuralNetwork_TUNED,2,0.23354968324845687,0.7826086956521738,0.75,0.5,0.625,0.6875
baseline_female,Boruta,50,NaiveBayes,2,-0.07273929674533079,0.5263157894736842,0.4166666666666667,0.5,0.45833333333333337,0.4375
baseline_female,Boruta,50,LogisticRegression,2,0.07273929674533079,0.6666666666666666,0.5833333333333334,0.5,0.5416666666666667,0.5625
baseline_female,Boruta,50,AdaBoost,2,0.14907119849998599,0.7272727272727272,0.6666666666666666,0.5,0.5833333333333333,0.625
baseline_female,Boruta,50,AdaBoost_TUNED,2,0.14907119849998599,0.7272727272727272,0.6666666666666666,0.5,0.5833333333333333,0.625
baseline_female,Boruta,50,SVM_RBF,2,-0.2182178902359924,0.7692307692307692,0.8333333333333334,0.0,0.4166666666666667,0.625
baseline_female,Boruta,50,SVM_RBF_TUNED,2,-0.2182178902359924,0.7692307692307692,0.8333333333333334,0.0,0.4166666666666667,0.625
baseline_female,Boruta,60,RandomForest,2,-0.3892494720807615,0.6086956521739131,0.5833333333333334,0.0,0.2916666666666667,0.4375
baseline_female,Boruta,60,RandomForest_TUNED,2,-0.0778498944161523,0.6956521739130435,0.6666666666666666,0.25,0.4583333333333333,0.5625
baseline_female,Boruta,60,NeuralNetwork,2,-0.14907119849998599,0.6363636363636365,0.5833333333333334,0.25,0.4166666666666667,0.5
baseline_female,Boruta,60,NeuralNetwork_TUNED,2,0.0,0.75,0.75,0.25,0.5,0.625
baseline_female,Boruta,60,NaiveBayes,2,-0.07273929674533079,0.5263157894736842,0.4166666666666667,0.5,0.45833333333333337,0.4375
baseline_female,Boruta,60,LogisticRegression,2,-0.14907119849998599,0.6363636363636365,0.5833333333333334,0.25,0.4166666666666667,0.5
baseline_female,Boruta,60,AdaBoost,2,-0.14907119849998599,0.6363636363636365,0.5833333333333334,0.25,0.4166666666666667,0.5
baseline_female,Boruta,60,AdaBoost_TUNED,2,-0.0778498944161523,0.6956521739130435,0.6666666666666666,0.25,0.4583333333333333,0.5625
baseline_female,Boruta,60,SVM_RBF,2,-0.14907119849998599,0.8148148148148148,0.9166666666666666,0.0,0.4583333333333333,0.6875
baseline_female,Boruta,60,SVM_RBF_TUNED,2,-0.14907119849998599,0.8148148148148148,0.9166666666666666,0.0,0.4583333333333333,0.6875
baseline_female,Boruta,70,RandomForest,2,-0.0778498944161523,0.6956521739130435,0.6666666666666666,0.25,0.4583333333333333,0.5625
baseline_female,Boruta,70,RandomForest_TUNED,2,-0.0778498944161523,0.6956521739130435,0.6666666666666666,0.25,0.4583333333333333,0.5625
baseline_female,Boruta,70,NeuralNetwork,2,-0.0778498944161523,0.6956521739130435,0.6666666666666666,0.25,0.4583333333333333,0.5625
baseline_female,Boruta,70,NeuralNetwork_TUNED,2,0.0,0.75,0.75,0.25,0.5,0.625
baseline_female,Boruta,70,NaiveBayes,2,-0.07273929674533079,0.5263157894736842,0.4166666666666667,0.5,0.45833333333333337,0.4375
baseline_female,Boruta,70,LogisticRegression,2,0.14907119849998599,0.7272727272727272,0.6666666666666666,0.5,0.5833333333333333,0.625
baseline_female,Boruta,70,AdaBoost,2,0.07273929674533079,0.6666666666666666,0.5833333333333334,0.5,0.5416666666666667,0.5625
baseline_female,Boruta,70,AdaBoost_TUNED,2,-0.0778498944161523,0.6956521739130435,0.6666666666666666,0.25,0.4583333333333333,0.5625
baseline_female,Boruta,70,SVM_RBF,2,-0.2773500981126145,0.7199999999999999,0.75,0.0,0.375,0.5625
baseline_female,Boruta,70,SVM_RBF_TUNED,2,-0.2182178902359924,0.7692307692307692,0.8333333333333334,0.0,0.4166666666666667,0.625
baseline_female,Boruta,80,RandomForest,2,-0.0778498944161523,0.6956521739130435,0.6666666666666666,0.25,0.4583333333333333,0.5625
baseline_female,Boruta,80,RandomForest_TUNED,2,-0.0778498944161523,0.6956521739130435,0.6666666666666666,0.25,0.4583333333333333,0.5625
baseline_female,Boruta,80,NeuralNetwork,2,-0.0778498944161523,0.6956521739130435,0.6666666666666666,0.25,0.4583333333333333,0.5625
baseline_female,Boruta,80,NeuralNetwork_TUNED,2,0.0,0.75,0.75,0.25,0.5,0.625
baseline_female,Boruta,80,NaiveBayes,2,-0.07273929674533079,0.5263157894736842,0.4166666666666667,0.5,0.45833333333333337,0.4375
baseline_female,Boruta,80,LogisticRegression,2,0.23354968324845687,0.7826086956521738,0.75,0.5,0.625,0.6875
baseline_female,Boruta,80,AdaBoost,2,-0.0778498944161523,0.6956521739130435,0.6666666666666666,0.25,0.4583333333333333,0.5625
baseline_female,Boruta,80,AdaBoost_TUNED,2,-0.0778498944161523,0.6956521739130435,0.6666666666666666,0.25,0.4583333333333333,0.5625
baseline_female,Boruta,80,SVM_RBF,2,-0.2182178902359924,0.7692307692307692,0.8333333333333334,0.0,0.4166666666666667,0.625
baseline_female,Boruta,80,SVM_RBF_TUNED,2,-0.2182178902359924,0.7692307692307692,0.8333333333333334,0.0,0.4166666666666667,0.625
baseline_female,Boruta,90,RandomForest,2,-0.0778498944161523,0.6956521739130435,0.6666666666666666,0.25,0.4583333333333333,0.5625
baseline_female,Boruta,90,RandomForest_TUNED,2,-0.0778498944161523,0.6956521739130435,0.6666666666666666,0.25,0.4583333333333333,0.5625
baseline_female,Boruta,90,NeuralNetwork,2,0.0,0.75,0.75,0.25,0.5,0.625
baseline_female,Boruta,90,NeuralNetwork_TUNED,2,-0.0778498944161523,0.6956521739130435,0.6666666666666666,0.25,0.4583333333333333,0.5625
baseline_female,Boruta,90,NaiveBayes,2,-0.07273929674533079,0.5263157894736842,0.4166666666666667,0.5,0.45833333333333337,0.4375
baseline_female,Boruta,90,LogisticRegression,2,0.3333333333333333,0.8333333333333334,0.8333333333333334,0.5,0.6666666666666667,0.75
baseline_female,Boruta,90,AdaBoost,2,0.0,0.75,0.75,0.25,0.5,0.625
baseline_female,Boruta,90,AdaBoost_TUNED,2,0.0,0.75,0.75,0.25,0.5,0.625
baseline_female,Boruta,90,SVM_RBF,2,-0.2182178902359924,0.7692307692307692,0.8333333333333334,0.0,0.4166666666666667,0.625
baseline_female,Boruta,90,SVM_RBF_TUNED,2,-0.14907119849998599,0.8148148148148148,0.9166666666666666,0.0,0.4583333333333333,0.6875
baseline_female,Boruta,100,RandomForest,2,-0.0778498944161523,0.6956521739130435,0.6666666666666666,0.25,0.4583333333333333,0.5625
baseline_female,Boruta,100,RandomForest_TUNED,2,-0.0778498944161523,0.6956521739130435,0.6666666666666666,0.25,0.4583333333333333,0.5625
baseline_female,Boruta,100,NeuralNetwork,2,0.09245003270420485,0.8,0.8333333333333334,0.25,0.5416666666666667,0.6875
baseline_female,Boruta,100,NeuralNetwork_TUNED,2,0.0,0.75,0.75,0.25,0.5,0.625
baseline_female,Boruta,100,NaiveBayes,2,0.0,0.6,0.5,0.5,0.5,0.5
baseline_female,Boruta,100,LogisticRegression,2,0.23354968324845687,0.7826086956521738,0.75,0.5,0.625,0.6875
baseline_female,Boruta,100,AdaBoost,2,0.0,0.75,0.75,0.25,0.5,0.625
baseline_female,Boruta,100,AdaBoost_TUNED,2,0.0,0.75,0.75,0.25,0.5,0.625
baseline_female,Boruta,100,SVM_RBF,2,-0.14907119849998599,0.8148148148148148,0.9166666666666666,0.0,0.4583333333333333,0.6875
baseline_female,Boruta,100,SVM_RBF_TUNED,2,-0.14907119849998599,0.8148148148148148,0.9166666666666666,0.0,0.4583333333333333,0.6875
baseline_female,mRMR,10,RandomForest,3,0.778498944161523,0.9090909090909091,0.8333333333333334,1.0,0.9166666666666667,0.8846153846153846
baseline_female,mRMR,10,RandomForest_TUNED,3,0.6719840027857806,0.8823529411764706,0.8333333333333334,0.875,0.8541666666666667,0.8461538461538461
baseline_female,mRMR,10,NeuralNetwork,3,0.7200822998230956,0.8750000000000001,0.7777777777777778,1.0,0.8888888888888888,0.8461538461538461
baseline_female,mRMR,10,NeuralNetwork_TUNED,3,0.6666666666666666,0.8387096774193548,0.7222222222222222,1.0,0.8611111111111112,0.8076923076923077
baseline_female,mRMR,10,NaiveBayes,3,0.8194444444444444,0.9444444444444444,0.9444444444444444,0.875,0.9097222222222222,0.9230769230769231
baseline_female,mRMR,10,LogisticRegression,3,0.6098241729265264,0.8484848484848485,0.7777777777777778,0.875,0.8263888888888888,0.8076923076923077
baseline_female,mRMR,10,AdaBoost,3,0.6098241729265264,0.8484848484848485,0.7777777777777778,0.875,0.8263888888888888,0.8076923076923077
baseline_female,mRMR,10,AdaBoost_TUNED,3,0.6098241729265264,0.8484848484848485,0.7777777777777778,0.875,0.8263888888888888,0.8076923076923077
baseline_female,mRMR,10,SVM_RBF,3,0.5708992257184502,0.7586206896551725,0.6111111111111112,1.0,0.8055555555555556,0.7307692307692307
baseline_female,mRMR,10,SVM_RBF_TUNED,3,0.2809003238667948,0.8292682926829269,0.9444444444444444,0.25,0.5972222222222222,0.7307692307692307
baseline_female,mRMR,20,RandomForest,3,0.8432740427115678,0.9411764705882353,0.8888888888888888,1.0,0.9444444444444444,0.9230769230769231
baseline_female,mRMR,20,RandomForest_TUNED,3,0.8432740427115678,0.9411764705882353,0.8888888888888888,1.0,0.9444444444444444,0.9230769230769231
baseline_female,mRMR,20,NeuralNetwork,3,0.9162456945817024,0.9714285714285714,0.9444444444444444,1.0,0.9722222222222222,0.9615384615384616
baseline_female,mRMR,20,NeuralNetwork_TUNED,3,0.9162456945817024,0.9714285714285714,0.9444444444444444,1.0,0.9722222222222222,0.9615384615384616
baseline_female,mRMR,20,NaiveBayes,3,0.7200822998230956,0.8750000000000001,0.7777777777777778,1.0,0.8888888888888888,0.8461538461538461
baseline_female,mRMR,20,LogisticRegression,3,0.6172133998483676,0.8,0.6666666666666666,1.0,0.8333333333333333,0.7692307692307693
baseline_female,mRMR,20,AdaBoost,3,0.6719840027857806,0.8823529411764706,0.8333333333333334,0.875,0.8541666666666667,0.8461538461538461
baseline_female,mRMR,20,AdaBoost_TUNED,3,0.3333333333333333,0.7096774193548387,0.6111111111111112,0.75,0.6805555555555556,0.6538461538461539
baseline_female,mRMR,20,SVM_RBF,3,0.7410810764999063,0.9142857142857143,0.8888888888888888,0.875,0.8819444444444444,0.8846153846153846
baseline_female,mRMR,20,SVM_RBF_TUNED,3,0.42600643361512924,0.8421052631578948,0.8888888888888888,0.5,0.6944444444444444,0.7692307692307693
baseline_female,mRMR,30,RandomForest,3,0.8194444444444444,0.9444444444444444,0.9444444444444444,0.875,0.9097222222222222,0.9230769230769231
baseline_female,mRMR,30,RandomForest_TUNED,3,0.7410810764999063,0.9142857142857143,0.8888888888888888,0.875,0.8819444444444444,0.8846153846153846
baseline_female,mRMR,30,NeuralNetwork,3,0.8194444444444444,0.9444444444444444,0.9444444444444444,0.875,0.9097222222222222,0.9230769230769231
baseline_female,mRMR,30,NeuralNetwork_TUNED,3,0.8194444444444444,0.9444444444444444,0.9444444444444444,0.875,0.9097222222222222,0.9230769230769231
baseline_female,mRMR,30,NaiveBayes,3,0.6098241729265264,0.8484848484848485,0.7777777777777778,0.875,0.8263888888888888,0.8076923076923077
baseline_female,mRMR,30,LogisticRegression,3,0.6719840027857806,0.8823529411764706,0.8333333333333334,0.875,0.8541666666666667,0.8461538461538461
baseline_female,mRMR,30,AdaBoost,3,0.6098241729265264,0.8484848484848485,0.7777777777777778,0.875,0.8263888888888888,0.8076923076923077
baseline_female,mRMR,30,AdaBoost_TUNED,3,0.38575837490522974,0.75,0.6666666666666666,0.75,0.7083333333333333,0.6923076923076923
baseline_female,mRMR,30,SVM_RBF,3,0.5659164584181102,0.8571428571428571,0.8333333333333334,0.75,0.7916666666666667,0.8076923076923077
baseline_female,mRMR,30,SVM_RBF_TUNED,3,0.2809003238667948,0.8292682926829269,0.9444444444444444,0.25,0.5972222222222222,0.7307692307692307
baseline_female,mRMR,40,RandomForest,3,0.8194444444444444,0.9444444444444444,0.9444444444444444,0.875,0.9097222222222222,0.9230769230769231
baseline_female,mRMR,40,RandomForest_TUNED,3,0.9162456945817024,0.9714285714285714,0.9444444444444444,1.0,0.9722222222222222,0.9615384615384616
baseline_female,mRMR,40,NeuralNetwork,3,0.8194444444444444,0.9444444444444444,0.9444444444444444,0.875,0.9097222222222222,0.9230769230769231
baseline_female,mRMR,40,NeuralNetwork_TUNED,3,0.8194444444444444,0.9444444444444444,0.9444444444444444,0.875,0.9097222222222222,0.9230769230769231
baseline_female,mRMR,40,NaiveBayes,3,0.6098241729265264,0.8484848484848485,0.7777777777777778,0.875,0.8263888888888888,0.8076923076923077
baseline_female,mRMR,40,LogisticRegression,3,0.6098241729265264,0.8484848484848485,0.7777777777777778,0.875,0.8263888888888888,0.8076923076923077
baseline_female,mRMR,40,AdaBoost,3,0.5659164584181102,0.8571428571428571,0.8333333333333334,0.75,0.7916666666666667,0.8076923076923077
baseline_female,mRMR,40,AdaBoost_TUNED,3,0.5659164584181102,0.8571428571428571,0.8333333333333334,0.75,0.7916666666666667,0.8076923076923077
baseline_female,mRMR,40,SVM_RBF,3,0.7225916412701,0.918918918918919,0.9444444444444444,0.75,0.8472222222222222,0.8846153846153846
baseline_female,mRMR,40,SVM_RBF_TUNED,3,-0.13333333333333333,0.7906976744186047,0.9444444444444444,0.0,0.4722222222222222,0.6538461538461539
baseline_female,mRMR,50,RandomForest,3,0.8194444444444444,0.9444444444444444,0.9444444444444444,0.875,0.9097222222222222,0.9230769230769231
baseline_female,mRMR,50,RandomForest_TUNED,3,0.8194444444444444,0.9444444444444444,0.9444444444444444,0.875,0.9097222222222222,0.9230769230769231
baseline_female,mRMR,50,NeuralNetwork,3,0.7225916412701,0.918918918918919,0.9444444444444444,0.75,0.8472222222222222,0.8846153846153846
baseline_female,mRMR,50,NeuralNetwork_TUNED,3,0.7225916412701,0.918918918918919,0.9444444444444444,0.75,0.8472222222222222,0.8846153846153846
baseline_female,mRMR,50,NaiveBayes,3,0.6098241729265264,0.8484848484848485,0.7777777777777778,0.875,0.8263888888888888,0.8076923076923077
baseline_female,mRMR,50,LogisticRegression,3,0.5006939628599933,0.823529411764706,0.7777777777777778,0.75,0.7638888888888888,0.7692307692307693
baseline_female,mRMR,50,AdaBoost,3,0.5529203373641627,0.8125000000000001,0.7222222222222222,0.875,0.7986111111111112,0.7692307692307693
baseline_female,mRMR,50,AdaBoost_TUNED,3,0.6098241729265264,0.8484848484848485,0.7777777777777778,0.875,0.8263888888888888,0.8076923076923077
baseline_female,mRMR,50,SVM_RBF,3,0.30903502310036884,0.8205128205128205,0.8888888888888888,0.375,0.6319444444444444,0.7307692307692307
baseline_female,mRMR,50,SVM_RBF_TUNED,3,0.2809003238667948,0.8292682926829269,0.9444444444444444,0.25,0.5972222222222222,0.7307692307692307
baseline_female,mRMR,60,RandomForest,3,0.8194444444444444,0.9444444444444444,0.9444444444444444,0.875,0.9097222222222222,0.9230769230769231
baseline_female,mRMR,60,RandomForest_TUNED,3,0.8194444444444444,0.9444444444444444,0.9444444444444444,0.875,0.9097222222222222,0.9230769230769231
baseline_female,mRMR,60,NeuralNetwork,3,0.9162456945817024,0.9714285714285714,0.9444444444444444,1.0,0.9722222222222222,0.9615384615384616
baseline_female,mRMR,60,NeuralNetwork_TUNED,3,0.8194444444444444,0.9444444444444444,0.9444444444444444,0.875,0.9097222222222222,0.9230769230769231
baseline_female,mRMR,60,NaiveBayes,3,0.5529203373641627,0.8125000000000001,0.7222222222222222,0.875,0.7986111111111112,0.7692307692307693
baseline_female,mRMR,60,LogisticRegression,3,0.6388888888888888,0.8888888888888888,0.8888888888888888,0.75,0.8194444444444444,0.8461538461538461
baseline_female,mRMR,60,AdaBoost,3,0.6098241729265264,0.8484848484848485,0.7777777777777778,0.875,0.8263888888888888,0.8076923076923077
baseline_female,mRMR,60,AdaBoost_TUNED,3,0.7200822998230956,0.8750000000000001,0.7777777777777778,1.0,0.8888888888888888,0.8461538461538461
baseline_female,mRMR,60,SVM_RBF,3,0.40863470634825333,0.85,0.9444444444444444,0.375,0.6597222222222222,0.7692307692307693
baseline_female,mRMR,60,SVM_RBF_TUNED,3,0.40863470634825333,0.85,0.9444444444444444,0.375,0.6597222222222222,0.7692307692307693
baseline_female,mRMR,70,RandomForest,3,0.8194444444444444,0.9444444444444444,0.9444444444444444,0.875,0.9097222222222222,0.9230769230769231
baseline_female,mRMR,70,RandomForest_TUNED,3,0.8194444444444444,0.9444444444444444,0.9444444444444444,0.875,0.9097222222222222,0.9230769230769231
baseline_female,mRMR,70,NeuralNetwork,3,0.9162456945817024,0.9714285714285714,0.9444444444444444,1.0,0.9722222222222222,0.9615384615384616
baseline_female,mRMR,70,NeuralNetwork_TUNED,3,0.7410810764999063,0.9142857142857143,0.8888888888888888,0.875,0.8819444444444444,0.8846153846153846
baseline_female,mRMR,70,NaiveBayes,3,0.6098241729265264,0.8484848484848485,0.7777777777777778,0.875,0.8263888888888888,0.8076923076923077
baseline_female,mRMR,70,LogisticRegression,3,0.7410810764999063,0.9142857142857143,0.8888888888888888,0.875,0.8819444444444444,0.8846153846153846
baseline_female,mRMR,70,AdaBoost,3,0.5529203373641627,0.8125000000000001,0.7222222222222222,0.875,0.7986111111111112,0.7692307692307693
baseline_female,mRMR,70,AdaBoost_TUNED,3,0.6098241729265264,0.8484848484848485,0.7777777777777778,0.875,0.8263888888888888,0.8076923076923077
baseline_female,mRMR,70,SVM_RBF,3,0.6237951349364392,0.8947368421052632,0.9444444444444444,0.625,0.7847222222222222,0.8461538461538461
baseline_female,mRMR,70,SVM_RBF_TUNED,3,0.7225916412701,0.918918918918919,0.9444444444444444,0.75,0.8472222222222222,0.8846153846153846
baseline_female,mRMR,80,RandomForest,3,0.7410810764999063,0.9142857142857143,0.8888888888888888,0.875,0.8819444444444444,0.8846153846153846
baseline_female,mRMR,80,RandomForest_TUNED,3,0.7410810764999063,0.9142857142857143,0.8888888888888888,0.875,0.8819444444444444,0.8846153846153846
baseline_female,mRMR,80,NeuralNetwork,3,0.8194444444444444,0.9444444444444444,0.9444444444444444,0.875,0.9097222222222222,0.9230769230769231
baseline_female,mRMR,80,NeuralNetwork_TUNED,3,0.8432740427115678,0.9411764705882353,0.8888888888888888,1.0,0.9444444444444444,0.9230769230769231
baseline_female,mRMR,80,NaiveBayes,3,0.6719840027857806,0.8823529411764706,0.8333333333333334,0.875,0.8541666666666667,0.8461538461538461
baseline_female,mRMR,80,LogisticRegression,3,0.7410810764999063,0.9142857142857143,0.8888888888888888,0.875,0.8819444444444444,0.8846153846153846
baseline_female,mRMR,80,AdaBoost,3,0.6172133998483676,0.8,0.6666666666666666,1.0,0.8333333333333333,0.7692307692307693
baseline_female,mRMR,80,AdaBoost_TUNED,3,0.6666666666666666,0.8387096774193548,0.7222222222222222,1.0,0.8611111111111112,0.8076923076923077
baseline_female,mRMR,80,SVM_RBF,3,0.6237951349364392,0.8947368421052632,0.9444444444444444,0.625,0.7847222222222222,0.8461538461538461
baseline_female,mRMR,80,SVM_RBF_TUNED,3,0.7225916412701,0.918918918918919,0.9444444444444444,0.75,0.8472222222222222,0.8846153846153846
baseline_female,mRMR,90,RandomForest,3,0.8432740427115678,0.9411764705882353,0.8888888888888888,1.0,0.9444444444444444,0.9230769230769231
baseline_female,mRMR,90,RandomForest_TUNED,3,0.8432740427115678,0.9411764705882353,0.8888888888888888,1.0,0.9444444444444444,0.9230769230769231
baseline_female,mRMR,90,NeuralNetwork,3,0.8194444444444444,0.9444444444444444,0.9444444444444444,0.875,0.9097222222222222,0.9230769230769231
baseline_female,mRMR,90,NeuralNetwork_TUNED,3,0.7410810764999063,0.9142857142857143,0.8888888888888888,0.875,0.8819444444444444,0.8846153846153846
baseline_female,mRMR,90,NaiveBayes,3,0.7410810764999063,0.9142857142857143,0.8888888888888888,0.875,0.8819444444444444,0.8846153846153846
baseline_female,mRMR,90,LogisticRegression,3,0.6719840027857806,0.8823529411764706,0.8333333333333334,0.875,0.8541666666666667,0.8461538461538461
baseline_female,mRMR,90,AdaBoost,3,0.6666666666666666,0.8387096774193548,0.7222222222222222,1.0,0.8611111111111112,0.8076923076923077
baseline_female,mRMR,90,AdaBoost_TUNED,3,0.5529203373641627,0.8125000000000001,0.7222222222222222,0.875,0.7986111111111112,0.7692307692307693
baseline_female,mRMR,90,SVM_RBF,3,0.6237951349364392,0.8947368421052632,0.9444444444444444,0.625,0.7847222222222222,0.8461538461538461
baseline_female,mRMR,90,SVM_RBF_TUNED,3,0.7225916412701,0.918918918918919,0.9444444444444444,0.75,0.8472222222222222,0.8846153846153846
baseline_female,mRMR,100,RandomForest,3,0.8432740427115678,0.9411764705882353,0.8888888888888888,1.0,0.9444444444444444,0.9230769230769231
baseline_female,mRMR,100,RandomForest_TUNED,3,0.9162456945817024,0.9714285714285714,0.9444444444444444,1.0,0.9722222222222222,0.9615384615384616
baseline_female,mRMR,100,NeuralNetwork,3,0.7410810764999063,0.9142857142857143,0.8888888888888888,0.875,0.8819444444444444,0.8846153846153846
baseline_female,mRMR,100,NeuralNetwork_TUNED,3,0.7410810764999063,0.9142857142857143,0.8888888888888888,0.875,0.8819444444444444,0.8846153846153846
baseline_female,mRMR,100,NaiveBayes,3,0.778498944161523,0.9090909090909091,0.8333333333333334,1.0,0.9166666666666667,0.8846153846153846
baseline_female,mRMR,100,LogisticRegression,3,0.7410810764999063,0.9142857142857143,0.8888888888888888,0.875,0.8819444444444444,0.8846153846153846
baseline_female,mRMR,100,AdaBoost,3,0.6098241729265264,0.8484848484848485,0.7777777777777778,0.875,0.8263888888888888,0.8076923076923077
baseline_female,mRMR,100,AdaBoost_TUNED,3,0.6098241729265264,0.8484848484848485,0.7777777777777778,0.875,0.8263888888888888,0.8076923076923077
baseline_female,mRMR,100,SVM_RBF,3,0.6396021490668313,0.9,1.0,0.5,0.75,0.8461538461538461
baseline_female,mRMR,100,SVM_RBF_TUNED,3,0.7225916412701,0.918918918918919,0.9444444444444444,0.75,0.8472222222222222,0.8846153846153846
baseline_female,Boruta,10,RandomForest,3,0.4411494016915297,0.7878787878787877,0.7222222222222222,0.75,0.7361111111111112,0.7307692307692307
baseline_female,Boruta,10,RandomForest_TUNED,3,0.3907518403363142,0.7999999999999999,0.7777777777777778,0.625,0.7013888888888888,0.7307692307692307
baseline_female,Boruta,10,NeuralNetwork,3,0.21859641244629688,0.6875000000000001,0.6111111111111112,0.625,0.6180555555555556,0.6153846153846154
baseline_female,Boruta,10,NeuralNetwork_TUNED,3,0.16666666666666666,0.6451612903225806,0.5555555555555556,0.625,0.5902777777777778,0.5769230769230769
baseline_female,Boruta,10,NaiveBayes,3,0.3099066319908699,0.5925925925925926,0.4444444444444444,0.875,0.6597222222222222,0.5769230769230769
baseline_female,Boruta,10,LogisticRegression,3,0.5270462766947299,0.7142857142857143,0.5555555555555556,1.0,0.7777777777777778,0.6923076923076923
baseline_female,Boruta,10,AdaBoost,3,0.38575837490522974,0.75,0.6666666666666666,0.75,0.7083333333333333,0.6923076923076923
baseline_female,Boruta,10,AdaBoost_TUNED,3,0.4411494016915297,0.7878787878787877,0.7222222222222222,0.75,0.7361111111111112,0.7307692307692307
baseline_female,Boruta,10,SVM_RBF,3,0.4500514373894347,0.7333333333333334,0.6111111111111112,0.875,0.7430555555555556,0.6923076923076923
baseline_female,Boruta,10,SVM_RBF_TUNED,3,0.40863470634825333,0.85,0.9444444444444444,0.375,0.6597222222222222,0.7692307692307693
baseline_female,Boruta,20,RandomForest,3,0.6719840027857806,0.8823529411764706,0.8333333333333334,0.875,0.8541666666666667,0.8461538461538461
baseline_female,Boruta,20,RandomForest_TUNED,3,0.7410810764999063,0.9142857142857143,0.8888888888888888,0.875,0.8819444444444444,0.8846153846153846
baseline_female,Boruta,20,NeuralNetwork,3,0.6388888888888888,0.8888888888888888,0.8888888888888888,0.75,0.8194444444444444,0.8461538461538461
baseline_female,Boruta,20,NeuralNetwork_TUNED,3,0.6388888888888888,0.8888888888888888,0.8888888888888888,0.75,0.8194444444444444,0.8461538461538461
baseline_female,Boruta,20,NaiveBayes,3,0.4444444444444444,0.6153846153846153,0.4444444444444444,1.0,0.7222222222222222,0.6153846153846154
baseline_female,Boruta,20,LogisticRegression,3,0.6172133998483676,0.8,0.6666666666666666,1.0,0.8333333333333333,0.7692307692307693
baseline_female,Boruta,20,AdaBoost,3,0.5529203373641627,0.8125000000000001,0.7222222222222222,0.875,0.7986111111111112,0.7692307692307693
baseline_female,Boruta,20,AdaBoost_TUNED,3,0.5529203373641627,0.8125000000000001,0.7222222222222222,0.875,0.7986111111111112,0.7692307692307693
baseline_female,Boruta,20,SVM_RBF,3,0.6388888888888888,0.8888888888888888,0.8888888888888888,0.75,0.8194444444444444,0.8461538461538461
baseline_female,Boruta,20,SVM_RBF_TUNED,3,0.5417363388859614,0.878048780487805,1.0,0.375,0.6875,0.8076923076923077
baseline_female,Boruta,30,RandomForest,3,0.8432740427115678,0.9411764705882353,0.8888888888888888,1.0,0.9444444444444444,0.9230769230769231
baseline_female,Boruta,30,RandomForest_TUNED,3,0.7200822998230956,0.8750000000000001,0.7777777777777778,1.0,0.8888888888888888,0.8461538461538461
baseline_female,Boruta,30,NeuralNetwork,3,0.5659164584181102,0.8571428571428571,0.8333333333333334,0.75,0.7916666666666667,0.8076923076923077
baseline_female,Boruta,30,NeuralNetwork_TUNED,3,0.6388888888888888,0.8888888888888888,0.8888888888888888,0.75,0.8194444444444444,0.8461538461538461
baseline_female,Boruta,30,NaiveBayes,3,0.5708992257184502,0.7586206896551725,0.6111111111111112,1.0,0.8055555555555556,0.7307692307692307
baseline_female,Boruta,30,LogisticRegression,3,0.6172133998483676,0.8,0.6666666666666666,1.0,0.8333333333333333,0.7692307692307693
baseline_female,Boruta,30,AdaBoost,3,0.38575837490522974,0.75,0.6666666666666666,0.75,0.7083333333333333,0.6923076923076923
baseline_female,Boruta,30,AdaBoost_TUNED,3,0.3294039229342062,0.7647058823529411,0.7222222222222222,0.625,0.6736111111111112,0.6923076923076923
baseline_female,Boruta,30,SVM_RBF,3,0.6388888888888888,0.8888888888888888,0.8888888888888888,0.75,0.8194444444444444,0.8461538461538461
baseline_female,Boruta,30,SVM_RBF_TUNED,3,0.0,0.8181818181818181,1.0,0.0,0.5,0.6923076923076923
baseline_female,Boruta,40,RandomForest,3,0.8432740427115678,0.9411764705882353,0.8888888888888888,1.0,0.9444444444444444,0.9230769230769231
baseline_female,Boruta,40,RandomForest_TUNED,3,0.778498944161523,0.9090909090909091,0.8333333333333334,1.0,0.9166666666666667,0.8846153846153846
baseline_female,Boruta,40,NeuralNetwork,3,0.7410810764999063,0.9142857142857143,0.8888888888888888,0.875,0.8819444444444444,0.8846153846153846
baseline_female,Boruta,40,NeuralNetwork_TUNED,3,0.7410810764999063,0.9142857142857143,0.8888888888888888,0.875,0.8819444444444444,0.8846153846153846
baseline_female,Boruta,40,NaiveBayes,3,0.6666666666666666,0.8387096774193548,0.7222222222222222,1.0,0.8611111111111112,0.8076923076923077
baseline_female,Boruta,40,LogisticRegression,3,0.6172133998483676,0.8,0.6666666666666666,1.0,0.8333333333333333,0.7692307692307693
baseline_female,Boruta,40,AdaBoost,3,0.5529203373641627,0.8125000000000001,0.7222222222222222,0.875,0.7986111111111112,0.7692307692307693
baseline_female,Boruta,40,AdaBoost_TUNED,3,0.7200822998230956,0.8750000000000001,0.7777777777777778,1.0,0.8888888888888888,0.8461538461538461
baseline_female,Boruta,40,SVM_RBF,3,0.6388888888888888,0.8888888888888888,0.8888888888888888,0.75,0.8194444444444444,0.8461538461538461
baseline_female,Boruta,40,SVM_RBF_TUNED,3,0.2809003238667948,0.8292682926829269,0.9444444444444444,0.25,0.5972222222222222,0.7307692307692307
baseline_female,Boruta,50,RandomForest,3,0.9162456945817024,0.9714285714285714,0.9444444444444444,1.0,0.9722222222222222,0.9615384615384616
baseline_female,Boruta,50,RandomForest_TUNED,3,0.778498944161523,0.9090909090909091,0.8333333333333334,1.0,0.9166666666666667,0.8846153846153846
baseline_female,Boruta,50,NeuralNetwork,3,0.6388888888888888,0.8888888888888888,0.8888888888888888,0.75,0.8194444444444444,0.8461538461538461
baseline_female,Boruta,50,NeuralNetwork_TUNED,3,0.6388888888888888,0.8888888888888888,0.8888888888888888,0.75,0.8194444444444444,0.8461538461538461
baseline_female,Boruta,50,NaiveBayes,3,0.6666666666666666,0.8387096774193548,0.7222222222222222,1.0,0.8611111111111112,0.8076923076923077
baseline_female,Boruta,50,LogisticRegression,3,0.5,0.7741935483870968,0.6666666666666666,0.875,0.7708333333333333,0.7307692307692307
baseline_female,Boruta,50,AdaBoost,3,0.3333333333333333,0.7096774193548387,0.6111111111111112,0.75,0.6805555555555556,0.6538461538461539
baseline_female,Boruta,50,AdaBoost_TUNED,3,0.4411494016915297,0.7878787878787877,0.7222222222222222,0.75,0.7361111111111112,0.7307692307692307
baseline_female,Boruta,50,SVM_RBF,3,0.8194444444444444,0.9444444444444444,0.9444444444444444,0.875,0.9097222222222222,0.9230769230769231
baseline_female,Boruta,50,SVM_RBF_TUNED,3,0.6388888888888888,0.8888888888888888,0.8888888888888888,0.75,0.8194444444444444,0.8461538461538461
baseline_female,Boruta,60,RandomForest,3,0.9162456945817024,0.9714285714285714,0.9444444444444444,1.0,0.9722222222222222,0.9615384615384616
baseline_female,Boruta,60,RandomForest_TUNED,3,0.9162456945817024,0.9714285714285714,0.9444444444444444,1.0,0.9722222222222222,0.9615384615384616
baseline_female,Boruta,60,NeuralNetwork,3,0.6388888888888888,0.8888888888888888,0.8888888888888888,0.75,0.8194444444444444,0.8461538461538461
baseline_female,Boruta,60,NeuralNetwork_TUNED,3,0.8194444444444444,0.9444444444444444,0.9444444444444444,0.875,0.9097222222222222,0.9230769230769231
baseline_female,Boruta,60,NaiveBayes,3,0.6172133998483676,0.8,0.6666666666666666,1.0,0.8333333333333333,0.7692307692307693
baseline_female,Boruta,60,LogisticRegression,3,0.778498944161523,0.9090909090909091,0.8333333333333334,1.0,0.9166666666666667,0.8846153846153846
baseline_female,Boruta,60,AdaBoost,3,0.7410810764999063,0.9142857142857143,0.8888888888888888,0.875,0.8819444444444444,0.8846153846153846
baseline_female,Boruta,60,AdaBoost_TUNED,3,0.6666666666666666,0.8387096774193548,0.7222222222222222,1.0,0.8611111111111112,0.8076923076923077
baseline_female,Boruta,60,SVM_RBF,3,0.8194444444444444,0.9444444444444444,0.9444444444444444,0.875,0.9097222222222222,0.9230769230769231
baseline_female,Boruta,60,SVM_RBF_TUNED,3,0.8194444444444444,0.9444444444444444,0.9444444444444444,0.875,0.9097222222222222,0.9230769230769231
baseline_female,Boruta,70,RandomForest,3,0.9162456945817024,0.9714285714285714,0.9444444444444444,1.0,0.9722222222222222,0.9615384615384616
baseline_female,Boruta,70,RandomForest_TUNED,3,0.9162456945817024,0.9714285714285714,0.9444444444444444,1.0,0.9722222222222222,0.9615384615384616
baseline_female,Boruta,70,NeuralNetwork,3,0.7410810764999063,0.9142857142857143,0.8888888888888888,0.875,0.8819444444444444,0.8846153846153846
baseline_female,Boruta,70,NeuralNetwork_TUNED,3,0.7410810764999063,0.9142857142857143,0.8888888888888888,0.875,0.8819444444444444,0.8846153846153846
baseline_female,Boruta,70,NaiveBayes,3,0.6172133998483676,0.8,0.6666666666666666,1.0,0.8333333333333333,0.7692307692307693
baseline_female,Boruta,70,LogisticRegression,3,0.8432740427115678,0.9411764705882353,0.8888888888888888,1.0,0.9444444444444444,0.9230769230769231
baseline_female,Boruta,70,AdaBoost,3,0.6719840027857806,0.8823529411764706,0.8333333333333334,0.875,0.8541666666666667,0.8461538461538461
baseline_female,Boruta,70,AdaBoost_TUNED,3,0.7200822998230956,0.8750000000000001,0.7777777777777778,1.0,0.8888888888888888,0.8461538461538461
baseline_female,Boruta,70,SVM_RBF,3,0.8194444444444444,0.9444444444444444,0.9444444444444444,0.875,0.9097222222222222,0.9230769230769231
baseline_female,Boruta,70,SVM_RBF_TUNED,3,0.6237951349364392,0.8947368421052632,0.9444444444444444,0.625,0.7847222222222222,0.8461538461538461
baseline_female,Boruta,80,RandomForest,3,0.9162456945817024,0.9714285714285714,0.9444444444444444,1.0,0.9722222222222222,0.9615384615384616
baseline_female,Boruta,80,RandomForest_TUNED,3,0.9162456945817024,0.9714285714285714,0.9444444444444444,1.0,0.9722222222222222,0.9615384615384616
baseline_female,Boruta,80,NeuralNetwork,3,0.7410810764999063,0.9142857142857143,0.8888888888888888,0.875,0.8819444444444444,0.8846153846153846
baseline_female,Boruta,80,NeuralNetwork_TUNED,3,0.7410810764999063,0.9142857142857143,0.8888888888888888,0.875,0.8819444444444444,0.8846153846153846
baseline_female,Boruta,80,NaiveBayes,3,0.6172133998483676,0.8,0.6666666666666666,1.0,0.8333333333333333,0.7692307692307693
baseline_female,Boruta,80,LogisticRegression,3,0.5659164584181102,0.8571428571428571,0.8333333333333334,0.75,0.7916666666666667,0.8076923076923077
baseline_female,Boruta,80,AdaBoost,3,0.7200822998230956,0.8750000000000001,0.7777777777777778,1.0,0.8888888888888888,0.8461538461538461
baseline_female,Boruta,80,AdaBoost_TUNED,3,0.7410810764999063,0.9142857142857143,0.8888888888888888,0.875,0.8819444444444444,0.8846153846153846
baseline_female,Boruta,80,SVM_RBF,3,0.6237951349364392,0.8947368421052632,0.9444444444444444,0.625,0.7847222222222222,0.8461538461538461
baseline_female,Boruta,80,SVM_RBF_TUNED,3,0.6237951349364392,0.8947368421052632,0.9444444444444444,0.625,0.7847222222222222,0.8461538461538461
baseline_female,Boruta,90,RandomForest,3,0.8194444444444444,0.9444444444444444,0.9444444444444444,0.875,0.9097222222222222,0.9230769230769231
baseline_female,Boruta,90,RandomForest_TUNED,3,0.9162456945817024,0.9714285714285714,0.9444444444444444,1.0,0.9722222222222222,0.9615384615384616
baseline_female,Boruta,90,NeuralNetwork,3,0.8194444444444444,0.9444444444444444,0.9444444444444444,0.875,0.9097222222222222,0.9230769230769231
baseline_female,Boruta,90,NeuralNetwork_TUNED,3,0.7410810764999063,0.9142857142857143,0.8888888888888888,0.875,0.8819444444444444,0.8846153846153846
baseline_female,Boruta,90,NaiveBayes,3,0.6172133998483676,0.8,0.6666666666666666,1.0,0.8333333333333333,0.7692307692307693
baseline_female,Boruta,90,LogisticRegression,3,0.5659164584181102,0.8571428571428571,0.8333333333333334,0.75,0.7916666666666667,0.8076923076923077
baseline_female,Boruta,90,AdaBoost,3,0.6719840027857806,0.8823529411764706,0.8333333333333334,0.875,0.8541666666666667,0.8461538461538461
baseline_female,Boruta,90,AdaBoost_TUNED,3,0.6666666666666666,0.8387096774193548,0.7222222222222222,1.0,0.8611111111111112,0.8076923076923077
baseline_female,Boruta,90,SVM_RBF,3,0.7225916412701,0.918918918918919,0.9444444444444444,0.75,0.8472222222222222,0.8846153846153846
baseline_female,Boruta,90,SVM_RBF_TUNED,3,0.6237951349364392,0.8947368421052632,0.9444444444444444,0.625,0.7847222222222222,0.8461538461538461
baseline_female,Boruta,100,RandomForest,3,0.8194444444444444,0.9444444444444444,0.9444444444444444,0.875,0.9097222222222222,0.9230769230769231
baseline_female,Boruta,100,RandomForest_TUNED,3,0.9162456945817024,0.9714285714285714,0.9444444444444444,1.0,0.9722222222222222,0.9615384615384616
baseline_female,Boruta,100,NeuralNetwork,3,0.8194444444444444,0.9444444444444444,0.9444444444444444,0.875,0.9097222222222222,0.9230769230769231
baseline_female,Boruta,100,NeuralNetwork_TUNED,3,0.7410810764999063,0.9142857142857143,0.8888888888888888,0.875,0.8819444444444444,0.8846153846153846
baseline_female,Boruta,100,NaiveBayes,3,0.6172133998483676,0.8,0.6666666666666666,1.0,0.8333333333333333,0.7692307692307693
baseline_female,Boruta,100,LogisticRegression,3,0.5659164584181102,0.8571428571428571,0.8333333333333334,0.75,0.7916666666666667,0.8076923076923077
baseline_female,Boruta,100,AdaBoost,3,0.6719840027857806,0.8823529411764706,0.8333333333333334,0.875,0.8541666666666667,0.8461538461538461
baseline_female,Boruta,100,AdaBoost_TUNED,3,0.6666666666666666,0.8387096774193548,0.7222222222222222,1.0,0.8611111111111112,0.8076923076923077
baseline_female,Boruta,100,SVM_RBF,3,0.7225916412701,0.918918918918919,0.9444444444444444,0.75,0.8472222222222222,0.8846153846153846
baseline_female,Boruta,100,SVM_RBF_TUNED,3,0.6237951349364392,0.8947368421052632,0.9444444444444444,0.625,0.7847222222222222,0.8461538461538461
baseline_female,mRMR,10,RandomForest,4,0.05143444998736397,0.6250000000000001,0.5555555555555556,0.5,0.5277777777777778,0.5384615384615384
baseline_female,mRMR,10,RandomForest_TUNED,4,0.05143444998736397,0.6250000000000001,0.5555555555555556,0.5,0.5277777777777778,0.5384615384615384
baseline_female,mRMR,10,NeuralNetwork,4,0.3333333333333333,0.7096774193548387,0.6111111111111112,0.75,0.6805555555555556,0.6538461538461539
baseline_female,mRMR,10,NeuralNetwork_TUNED,4,0.21859641244629688,0.6875000000000001,0.6111111111111112,0.625,0.6180555555555556,0.6153846153846154
baseline_female,mRMR,10,NaiveBayes,4,0.3294039229342062,0.7647058823529411,0.7222222222222222,0.625,0.6736111111111112,0.6923076923076923
baseline_female,mRMR,10,LogisticRegression,4,0.2828894749305018,0.6666666666666667,0.5555555555555556,0.75,0.6527777777777778,0.6153846153846154
baseline_female,mRMR,10,AdaBoost,4,0.05143444998736397,0.6250000000000001,0.5555555555555556,0.5,0.5277777777777778,0.5384615384615384
baseline_female,mRMR,10,AdaBoost_TUNED,4,0.21859641244629688,0.6875000000000001,0.6111111111111112,0.625,0.6180555555555556,0.6153846153846154
baseline_female,mRMR,10,SVM_RBF,4,0.11572751247156893,0.6,0.5,0.625,0.5625,0.5384615384615384
baseline_female,mRMR,10,SVM_RBF_TUNED,4,0.40863470634825333,0.85,0.9444444444444444,0.375,0.6597222222222222,0.7692307692307693
baseline_female,mRMR,20,RandomForest,4,0.3907518403363142,0.7999999999999999,0.7777777777777778,0.625,0.7013888888888888,0.7307692307692307
baseline_female,mRMR,20,RandomForest_TUNED,4,0.4583333333333333,0.8333333333333334,0.8333333333333334,0.625,0.7291666666666667,0.7692307692307693
baseline_female,mRMR,20,NeuralNetwork,4,0.6098241729265264,0.8484848484848485,0.7777777777777778,0.875,0.8263888888888888,0.8076923076923077
baseline_female,mRMR,20,NeuralNetwork_TUNED,4,0.5006939628599933,0.823529411764706,0.7777777777777778,0.75,0.7638888888888888,0.7692307692307693
baseline_female,mRMR,20,NaiveBayes,4,0.3294039229342062,0.7647058823529411,0.7222222222222222,0.625,0.6736111111111112,0.6923076923076923
baseline_female,mRMR,20,LogisticRegression,4,0.40222445448345356,0.6896551724137931,0.5555555555555556,0.875,0.7152777777777778,0.6538461538461539
baseline_female,mRMR,20,AdaBoost,4,0.2724746304565331,0.7272727272727272,0.6666666666666666,0.625,0.6458333333333333,0.6538461538461539
baseline_female,mRMR,20,AdaBoost_TUNED,4,0.4411494016915297,0.7878787878787877,0.7222222222222222,0.75,0.7361111111111112,0.7307692307692307
baseline_female,mRMR,20,SVM_RBF,4,0.5659164584181102,0.8571428571428571,0.8333333333333334,0.75,0.7916666666666667,0.8076923076923077
baseline_female,mRMR,20,SVM_RBF_TUNED,4,0.7319250547113999,0.923076923076923,1.0,0.625,0.8125,0.8846153846153846
baseline_female,mRMR,30,RandomForest,4,0.534717814539874,0.8648648648648649,0.8888888888888888,0.625,0.7569444444444444,0.8076923076923077
baseline_female,mRMR,30,RandomForest_TUNED,4,0.534717814539874,0.8648648648648649,0.8888888888888888,0.625,0.7569444444444444,0.8076923076923077
baseline_female,mRMR,30,NeuralNetwork,4,0.4583333333333333,0.8333333333333334,0.8333333333333334,0.625,0.7291666666666667,0.7692307692307693
baseline_female,mRMR,30,NeuralNetwork_TUNED,4,0.6237951349364392,0.8947368421052632,0.9444444444444444,0.625,0.7847222222222222,0.8461538461538461
baseline_female,mRMR,30,NaiveBayes,4,0.4583333333333333,0.8333333333333334,0.8333333333333334,0.625,0.7291666666666667,0.7692307692307693
baseline_female,mRMR,30,LogisticRegression,4,0.3294039229342062,0.7647058823529411,0.7222222222222222,0.625,0.6736111111111112,0.6923076923076923
baseline_female,mRMR,30,AdaBoost,4,0.2724746304565331,0.7272727272727272,0.6666666666666666,0.625,0.6458333333333333,0.6538461538461539
baseline_female,mRMR,30,AdaBoost_TUNED,4,0.3294039229342062,0.7647058823529411,0.7222222222222222,0.625,0.6736111111111112,0.6923076923076923
baseline_female,mRMR,30,SVM_RBF,4,0.534717814539874,0.8648648648648649,0.8888888888888888,0.625,0.7569444444444444,0.8076923076923077
baseline_female,mRMR,30,SVM_RBF_TUNED,4,0.2809003238667948,0.8292682926829269,0.9444444444444444,0.25,0.5972222222222222,0.7307692307692307
baseline_female,mRMR,40,RandomForest,4,0.534717814539874,0.8648648648648649,0.8888888888888888,0.625,0.7569444444444444,0.8076923076923077
baseline_female,mRMR,40,RandomForest_TUNED,4,0.42600643361512924,0.8421052631578948,0.8888888888888888,0.5,0.6944444444444444,0.7692307692307693
baseline_female,mRMR,40,NeuralNetwork,4,0.5659164584181102,0.8571428571428571,0.8333333333333334,0.75,0.7916666666666667,0.8076923076923077
baseline_female,mRMR,40,NeuralNetwork_TUNED,4,0.4583333333333333,0.8333333333333334,0.8333333333333334,0.625,0.7291666666666667,0.7692307692307693
baseline_female,mRMR,40,NaiveBayes,4,0.5659164584181102,0.8571428571428571,0.8333333333333334,0.75,0.7916666666666667,0.8076923076923077
baseline_female,mRMR,40,LogisticRegression,4,0.5006939628599933,0.823529411764706,0.7777777777777778,0.75,0.7638888888888888,0.7692307692307693
baseline_female,mRMR,40,AdaBoost,4,0.4583333333333333,0.8333333333333334,0.8333333333333334,0.625,0.7291666666666667,0.7692307692307693
baseline_female,mRMR,40,AdaBoost_TUNED,4,0.3907518403363142,0.7999999999999999,0.7777777777777778,0.625,0.7013888888888888,0.7307692307692307
baseline_female,mRMR,40,SVM_RBF,4,0.4583333333333333,0.8333333333333334,0.8333333333333334,0.625,0.7291666666666667,0.7692307692307693
baseline_female,mRMR,40,SVM_RBF_TUNED,4,0.17766726362967536,0.7999999999999999,0.8888888888888888,0.25,0.5694444444444444,0.6923076923076923
baseline_female,mRMR,50,RandomForest,4,0.42600643361512924,0.8421052631578948,0.8888888888888888,0.5,0.6944444444444444,0.7692307692307693
baseline_female,mRMR,50,RandomForest_TUNED,4,0.534717814539874,0.8648648648648649,0.8888888888888888,0.625,0.7569444444444444,0.8076923076923077
baseline_female,mRMR,50,NeuralNetwork,4,0.42600643361512924,0.8421052631578948,0.8888888888888888,0.5,0.6944444444444444,0.7692307692307693
baseline_female,mRMR,50,NeuralNetwork_TUNED,4,0.42600643361512924,0.8421052631578948,0.8888888888888888,0.5,0.6944444444444444,0.7692307692307693
baseline_female,mRMR,50,NaiveBayes,4,0.3907518403363142,0.7999999999999999,0.7777777777777778,0.625,0.7013888888888888,0.7307692307692307
baseline_female,mRMR,50,LogisticRegression,4,0.534717814539874,0.8648648648648649,0.8888888888888888,0.625,0.7569444444444444,0.8076923076923077
baseline_female,mRMR,50,AdaBoost,4,0.21558722225451818,0.7428571428571428,0.7222222222222222,0.5,0.6111111111111112,0.6538461538461539
baseline_female,mRMR,50,AdaBoost_TUNED,4,0.3907518403363142,0.7999999999999999,0.7777777777777778,0.625,0.7013888888888888,0.7307692307692307
baseline_female,mRMR,50,SVM_RBF,4,0.42600643361512924,0.8421052631578948,0.8888888888888888,0.5,0.6944444444444444,0.7692307692307693
baseline_female,mRMR,50,SVM_RBF_TUNED,4,0.34684398780964804,0.8108108108108109,0.8333333333333334,0.5,0.6666666666666667,0.7307692307692307
baseline_female,mRMR,60,RandomForest,4,0.34684398780964804,0.8108108108108109,0.8333333333333334,0.5,0.6666666666666667,0.7307692307692307
baseline_female,mRMR,60,RandomForest_TUNED,4,0.4583333333333333,0.8333333333333334,0.8333333333333334,0.625,0.7291666666666667,0.7692307692307693
baseline_female,mRMR,60,NeuralNetwork,4,0.30903502310036884,0.8205128205128205,0.8888888888888888,0.375,0.6319444444444444,0.7307692307692307
baseline_female,mRMR,60,NeuralNetwork_TUNED,4,0.42600643361512924,0.8421052631578948,0.8888888888888888,0.5,0.6944444444444444,0.7692307692307693
baseline_female,mRMR,60,NaiveBayes,4,0.4583333333333333,0.8333333333333334,0.8333333333333334,0.625,0.7291666666666667,0.7692307692307693
baseline_female,mRMR,60,LogisticRegression,4,0.3907518403363142,0.7999999999999999,0.7777777777777778,0.625,0.7013888888888888,0.7307692307692307
baseline_female,mRMR,60,AdaBoost,4,0.5006939628599933,0.823529411764706,0.7777777777777778,0.75,0.7638888888888888,0.7692307692307693
baseline_female,mRMR,60,AdaBoost_TUNED,4,0.534717814539874,0.8648648648648649,0.8888888888888888,0.625,0.7569444444444444,0.8076923076923077
baseline_female,mRMR,60,SVM_RBF,4,0.17766726362967536,0.7999999999999999,0.8888888888888888,0.25,0.5694444444444444,0.6923076923076923
baseline_female,mRMR,60,SVM_RBF_TUNED,4,0.17766726362967536,0.7999999999999999,0.8888888888888888,0.25,0.5694444444444444,0.6923076923076923
baseline_female,mRMR,70,RandomForest,4,0.34684398780964804,0.8108108108108109,0.8333333333333334,0.5,0.6666666666666667,0.7307692307692307
baseline_female,mRMR,70,RandomForest_TUNED,4,0.34684398780964804,0.8108108108108109,0.8333333333333334,0.5,0.6666666666666667,0.7307692307692307
baseline_female,mRMR,70,NeuralNetwork,4,0.30903502310036884,0.8205128205128205,0.8888888888888888,0.375,0.6319444444444444,0.7307692307692307
baseline_female,mRMR,70,NeuralNetwork_TUNED,4,0.40863470634825333,0.85,0.9444444444444444,0.375,0.6597222222222222,0.7692307692307693
baseline_female,mRMR,70,NaiveBayes,4,0.5659164584181102,0.8571428571428571,0.8333333333333334,0.75,0.7916666666666667,0.8076923076923077
baseline_female,mRMR,70,LogisticRegression,4,0.2777777777777778,0.7777777777777778,0.7777777777777778,0.5,0.6388888888888888,0.6923076923076923
baseline_female,mRMR,70,AdaBoost,4,0.34684398780964804,0.8108108108108109,0.8333333333333334,0.5,0.6666666666666667,0.7307692307692307
baseline_female,mRMR,70,AdaBoost_TUNED,4,0.42600643361512924,0.8421052631578948,0.8888888888888888,0.5,0.6944444444444444,0.7692307692307693
baseline_female,mRMR,70,SVM_RBF,4,0.17766726362967536,0.7999999999999999,0.8888888888888888,0.25,0.5694444444444444,0.6923076923076923
baseline_female,mRMR,70,SVM_RBF_TUNED,4,0.17766726362967536,0.7999999999999999,0.8888888888888888,0.25,0.5694444444444444,0.6923076923076923
baseline_female,mRMR,80,RandomForest,4,0.2777777777777778,0.7777777777777778,0.7777777777777778,0.5,0.6388888888888888,0.6923076923076923
baseline_female,mRMR,80,RandomForest_TUNED,4,0.2777777777777778,0.7777777777777778,0.7777777777777778,0.5,0.6388888888888888,0.6923076923076923
baseline_female,mRMR,80,NeuralNetwork,4,0.30903502310036884,0.8205128205128205,0.8888888888888888,0.375,0.6319444444444444,0.7307692307692307
baseline_female,mRMR,80,NeuralNetwork_TUNED,4,0.42600643361512924,0.8421052631578948,0.8888888888888888,0.5,0.6944444444444444,0.7692307692307693
baseline_female,mRMR,80,NaiveBayes,4,0.5659164584181102,0.8571428571428571,0.8333333333333334,0.75,0.7916666666666667,0.8076923076923077
baseline_female,mRMR,80,LogisticRegression,4,0.5659164584181102,0.8571428571428571,0.8333333333333334,0.75,0.7916666666666667,0.8076923076923077
baseline_female,mRMR,80,AdaBoost,4,0.2777777777777778,0.7777777777777778,0.7777777777777778,0.5,0.6388888888888888,0.6923076923076923
baseline_female,mRMR,80,AdaBoost_TUNED,4,0.34684398780964804,0.8108108108108109,0.8333333333333334,0.5,0.6666666666666667,0.7307692307692307
baseline_female,mRMR,80,SVM_RBF,4,0.17766726362967536,0.7999999999999999,0.8888888888888888,0.25,0.5694444444444444,0.6923076923076923
baseline_female,mRMR,80,SVM_RBF_TUNED,4,0.17766726362967536,0.7999999999999999,0.8888888888888888,0.25,0.5694444444444444,0.6923076923076923
baseline_female,mRMR,90,RandomForest,4,0.2777777777777778,0.7777777777777778,0.7777777777777778,0.5,0.6388888888888888,0.6923076923076923
baseline_female,mRMR,90,RandomForest_TUNED,4,0.2777777777777778,0.7777777777777778,0.7777777777777778,0.5,0.6388888888888888,0.6923076923076923
baseline_female,mRMR,90,NeuralNetwork,4,0.42600643361512924,0.8421052631578948,0.8888888888888888,0.5,0.6944444444444444,0.7692307692307693
baseline_female,mRMR,90,NeuralNetwork_TUNED,4,0.34684398780964804,0.8108108108108109,0.8333333333333334,0.5,0.6666666666666667,0.7307692307692307
baseline_female,mRMR,90,NaiveBayes,4,0.4583333333333333,0.8333333333333334,0.8333333333333334,0.625,0.7291666666666667,0.7692307692307693
baseline_female,mRMR,90,LogisticRegression,4,0.09722222222222222,0.7222222222222222,0.7222222222222222,0.375,0.5486111111111112,0.6153846153846154
baseline_female,mRMR,90,AdaBoost,4,0.5659164584181102,0.8571428571428571,0.8333333333333334,0.75,0.7916666666666667,0.8076923076923077
baseline_female,mRMR,90,AdaBoost_TUNED,4,0.42600643361512924,0.8421052631578948,0.8888888888888888,0.5,0.6944444444444444,0.7692307692307693
baseline_female,mRMR,90,SVM_RBF,4,0.09759000729485331,0.7692307692307692,0.8333333333333334,0.25,0.5416666666666667,0.6538461538461539
baseline_female,mRMR,90,SVM_RBF_TUNED,4,0.09759000729485331,0.7692307692307692,0.8333333333333334,0.25,0.5416666666666667,0.6538461538461539
baseline_female,mRMR,100,RandomForest,4,0.3294039229342062,0.7647058823529411,0.7222222222222222,0.625,0.6736111111111112,0.6923076923076923
baseline_female,mRMR,100,RandomForest_TUNED,4,0.3294039229342062,0.7647058823529411,0.7222222222222222,0.625,0.6736111111111112,0.6923076923076923
baseline_female,mRMR,100,NeuralNetwork,4,0.5204800389058843,0.8717948717948718,0.9444444444444444,0.5,0.7222222222222222,0.8076923076923077
baseline_female,mRMR,100,NeuralNetwork_TUNED,4,0.42600643361512924,0.8421052631578948,0.8888888888888888,0.5,0.6944444444444444,0.7692307692307693
baseline_female,mRMR,100,NaiveBayes,4,0.5659164584181102,0.8571428571428571,0.8333333333333334,0.75,0.7916666666666667,0.8076923076923077
baseline_female,mRMR,100,LogisticRegression,4,0.4583333333333333,0.8333333333333334,0.8333333333333334,0.625,0.7291666666666667,0.7692307692307693
baseline_female,mRMR,100,AdaBoost,4,0.6388888888888888,0.8888888888888888,0.8888888888888888,0.75,0.8194444444444444,0.8461538461538461
baseline_female,mRMR,100,AdaBoost_TUNED,4,0.534717814539874,0.8648648648648649,0.8888888888888888,0.625,0.7569444444444444,0.8076923076923077
baseline_female,mRMR,100,SVM_RBF,4,0.30903502310036884,0.8205128205128205,0.8888888888888888,0.375,0.6319444444444444,0.7307692307692307
baseline_female,mRMR,100,SVM_RBF_TUNED,4,0.42600643361512924,0.8421052631578948,0.8888888888888888,0.5,0.6944444444444444,0.7692307692307693
baseline_female,Boruta,10,RandomForest,4,0.42600643361512924,0.8421052631578948,0.8888888888888888,0.5,0.6944444444444444,0.7692307692307693
baseline_female,Boruta,10,RandomForest_TUNED,4,0.42600643361512924,0.8421052631578948,0.8888888888888888,0.5,0.6944444444444444,0.7692307692307693
baseline_female,Boruta,10,NeuralNetwork,4,0.21558722225451818,0.7428571428571428,0.7222222222222222,0.5,0.6111111111111112,0.6538461538461539
baseline_female,Boruta,10,NeuralNetwork_TUNED,4,0.21558722225451818,0.7428571428571428,0.7222222222222222,0.5,0.6111111111111112,0.6538461538461539
baseline_female,Boruta,10,NaiveBayes,4,0.3557562367689427,0.6428571428571429,0.5,0.875,0.6875,0.6153846153846154
baseline_female,Boruta,10,LogisticRegression,4,0.3333333333333333,0.7096774193548387,0.6111111111111112,0.75,0.6805555555555556,0.6538461538461539
baseline_female,Boruta,10,AdaBoost,4,0.4411494016915297,0.7878787878787877,0.7222222222222222,0.75,0.7361111111111112,0.7307692307692307
baseline_female,Boruta,10,AdaBoost_TUNED,4,0.4411494016915297,0.7878787878787877,0.7222222222222222,0.75,0.7361111111111112,0.7307692307692307
baseline_female,Boruta,10,SVM_RBF,4,0.2724746304565331,0.7272727272727272,0.6666666666666666,0.625,0.6458333333333333,0.6538461538461539
baseline_female,Boruta,10,SVM_RBF_TUNED,4,0.2809003238667948,0.8292682926829269,0.9444444444444444,0.25,0.5972222222222222,0.7307692307692307
baseline_female,Boruta,20,RandomForest,4,0.34684398780964804,0.8108108108108109,0.8333333333333334,0.5,0.6666666666666667,0.7307692307692307
baseline_female,Boruta,20,RandomForest_TUNED,4,0.4583333333333333,0.8333333333333334,0.8333333333333334,0.625,0.7291666666666667,0.7692307692307693
baseline_female,Boruta,20,NeuralNetwork,4,0.2724746304565331,0.7272727272727272,0.6666666666666666,0.625,0.6458333333333333,0.6538461538461539
baseline_female,Boruta,20,NeuralNetwork_TUNED,4,0.2777777777777778,0.7777777777777778,0.7777777777777778,0.5,0.6388888888888888,0.6923076923076923
baseline_female,Boruta,20,NaiveBayes,4,0.2828894749305018,0.6666666666666667,0.5555555555555556,0.75,0.6527777777777778,0.6153846153846154
baseline_female,Boruta,20,LogisticRegression,4,0.3333333333333333,0.7096774193548387,0.6111111111111112,0.75,0.6805555555555556,0.6538461538461539
baseline_female,Boruta,20,AdaBoost,4,0.2777777777777778,0.7777777777777778,0.7777777777777778,0.5,0.6388888888888888,0.6923076923076923
baseline_female,Boruta,20,AdaBoost_TUNED,4,0.34684398780964804,0.8108108108108109,0.8333333333333334,0.5,0.6666666666666667,0.7307692307692307
baseline_female,Boruta,20,SVM_RBF,4,0.38575837490522974,0.75,0.6666666666666666,0.75,0.7083333333333333,0.6923076923076923
baseline_female,Boruta,20,SVM_RBF_TUNED,4,0.5204800389058843,0.8717948717948718,0.9444444444444444,0.5,0.7222222222222222,0.8076923076923077
baseline_female,Boruta,30,RandomForest,4,0.34684398780964804,0.8108108108108109,0.8333333333333334,0.5,0.6666666666666667,0.7307692307692307
baseline_female,Boruta,30,RandomForest_TUNED,4,0.34684398780964804,0.8108108108108109,0.8333333333333334,0.5,0.6666666666666667,0.7307692307692307
baseline_female,Boruta,30,NeuralNetwork,4,0.42600643361512924,0.8421052631578948,0.8888888888888888,0.5,0.6944444444444444,0.7692307692307693
baseline_female,Boruta,30,NeuralNetwork_TUNED,4,0.5204800389058843,0.8717948717948718,0.9444444444444444,0.5,0.7222222222222222,0.8076923076923077
baseline_female,Boruta,30,NaiveBayes,4,0.2828894749305018,0.6666666666666667,0.5555555555555556,0.75,0.6527777777777778,0.6153846153846154
baseline_female,Boruta,30,LogisticRegression,4,0.4500514373894347,0.7333333333333334,0.6111111111111112,0.875,0.7430555555555556,0.6923076923076923
baseline_female,Boruta,30,AdaBoost,4,0.3294039229342062,0.7647058823529411,0.7222222222222222,0.625,0.6736111111111112,0.6923076923076923
baseline_female,Boruta,30,AdaBoost_TUNED,4,0.5659164584181102,0.8571428571428571,0.8333333333333334,0.75,0.7916666666666667,0.8076923076923077
baseline_female,Boruta,30,SVM_RBF,4,0.30903502310036884,0.8205128205128205,0.8888888888888888,0.375,0.6319444444444444,0.7307692307692307
baseline_female,Boruta,30,SVM_RBF_TUNED,4,0.2809003238667948,0.8292682926829269,0.9444444444444444,0.25,0.5972222222222222,0.7307692307692307
baseline_female,Boruta,40,RandomForest,4,0.534717814539874,0.8648648648648649,0.8888888888888888,0.625,0.7569444444444444,0.8076923076923077
baseline_female,Boruta,40,RandomForest_TUNED,4,0.4583333333333333,0.8333333333333334,0.8333333333333334,0.625,0.7291666666666667,0.7692307692307693
baseline_female,Boruta,40,NeuralNetwork,4,0.534717814539874,0.8648648648648649,0.8888888888888888,0.625,0.7569444444444444,0.8076923076923077
baseline_female,Boruta,40,NeuralNetwork_TUNED,4,0.534717814539874,0.8648648648648649,0.8888888888888888,0.625,0.7569444444444444,0.8076923076923077
baseline_female,Boruta,40,NaiveBayes,4,0.2828894749305018,0.6666666666666667,0.5555555555555556,0.75,0.6527777777777778,0.6153846153846154
baseline_female,Boruta,40,LogisticRegression,4,0.5529203373641627,0.8125000000000001,0.7222222222222222,0.875,0.7986111111111112,0.7692307692307693
baseline_female,Boruta,40,AdaBoost,4,0.38575837490522974,0.75,0.6666666666666666,0.75,0.7083333333333333,0.6923076923076923
baseline_female,Boruta,40,AdaBoost_TUNED,4,0.5006939628599933,0.823529411764706,0.7777777777777778,0.75,0.7638888888888888,0.7692307692307693
baseline_female,Boruta,40,SVM_RBF,4,0.42600643361512924,0.8421052631578948,0.8888888888888888,0.5,0.6944444444444444,0.7692307692307693
baseline_female,Boruta,40,SVM_RBF_TUNED,4,0.12028130608117203,0.8095238095238096,0.9444444444444444,0.125,0.5347222222222222,0.6923076923076923
baseline_female,Boruta,50,RandomForest,4,0.3907518403363142,0.7999999999999999,0.7777777777777778,0.625,0.7013888888888888,0.7307692307692307
baseline_female,Boruta,50,RandomForest_TUNED,4,0.3907518403363142,0.7999999999999999,0.7777777777777778,0.625,0.7013888888888888,0.7307692307692307
baseline_female,Boruta,50,NeuralNetwork,4,0.4583333333333333,0.8333333333333334,0.8333333333333334,0.625,0.7291666666666667,0.7692307692307693
baseline_female,Boruta,50,NeuralNetwork_TUNED,4,0.534717814539874,0.8648648648648649,0.8888888888888888,0.625,0.7569444444444444,0.8076923076923077
baseline_female,Boruta,50,NaiveBayes,4,0.4411494016915297,0.7878787878787877,0.7222222222222222,0.75,0.7361111111111112,0.7307692307692307
baseline_female,Boruta,50,LogisticRegression,4,0.4500514373894347,0.7333333333333334,0.6111111111111112,0.875,0.7430555555555556,0.6923076923076923
baseline_female,Boruta,50,AdaBoost,4,0.34684398780964804,0.8108108108108109,0.8333333333333334,0.5,0.6666666666666667,0.7307692307692307
baseline_female,Boruta,50,AdaBoost_TUNED,4,0.34684398780964804,0.8108108108108109,0.8333333333333334,0.5,0.6666666666666667,0.7307692307692307
baseline_female,Boruta,50,SVM_RBF,4,0.42600643361512924,0.8421052631578948,0.8888888888888888,0.5,0.6944444444444444,0.7692307692307693
baseline_female,Boruta,50,SVM_RBF_TUNED,4,0.40863470634825333,0.85,0.9444444444444444,0.375,0.6597222222222222,0.7692307692307693
baseline_female,Boruta,60,RandomForest,4,0.34684398780964804,0.8108108108108109,0.8333333333333334,0.5,0.6666666666666667,0.7307692307692307
baseline_female,Boruta,60,RandomForest_TUNED,4,0.4583333333333333,0.8333333333333334,0.8333333333333334,0.625,0.7291666666666667,0.7692307692307693
baseline_female,Boruta,60,NeuralNetwork,4,0.6237951349364392,0.8947368421052632,0.9444444444444444,0.625,0.7847222222222222,0.8461538461538461
baseline_female,Boruta,60,NeuralNetwork_TUNED,4,0.4583333333333333,0.8333333333333334,0.8333333333333334,0.625,0.7291666666666667,0.7692307692307693
baseline_female,Boruta,60,NaiveBayes,4,0.3294039229342062,0.7647058823529411,0.7222222222222222,0.625,0.6736111111111112,0.6923076923076923
baseline_female,Boruta,60,LogisticRegression,4,0.3333333333333333,0.7096774193548387,0.6111111111111112,0.75,0.6805555555555556,0.6538461538461539
baseline_female,Boruta,60,AdaBoost,4,0.21558722225451818,0.7428571428571428,0.7222222222222222,0.5,0.6111111111111112,0.6538461538461539
baseline_female,Boruta,60,AdaBoost_TUNED,4,0.34684398780964804,0.8108108108108109,0.8333333333333334,0.5,0.6666666666666667,0.7307692307692307
baseline_female,Boruta,60,SVM_RBF,4,0.34684398780964804,0.8108108108108109,0.8333333333333334,0.5,0.6666666666666667,0.7307692307692307
baseline_female,Boruta,60,SVM_RBF_TUNED,4,0.30903502310036884,0.8205128205128205,0.8888888888888888,0.375,0.6319444444444444,0.7307692307692307
baseline_female,Boruta,70,RandomForest,4,0.2777777777777778,0.7777777777777778,0.7777777777777778,0.5,0.6388888888888888,0.6923076923076923
baseline_female,Boruta,70,RandomForest_TUNED,4,0.34684398780964804,0.8108108108108109,0.8333333333333334,0.5,0.6666666666666667,0.7307692307692307
baseline_female,Boruta,70,NeuralNetwork,4,0.7319250547113999,0.923076923076923,1.0,0.625,0.8125,0.8846153846153846
baseline_female,Boruta,70,NeuralNetwork_TUNED,4,0.6237951349364392,0.8947368421052632,0.9444444444444444,0.625,0.7847222222222222,0.8461538461538461
baseline_female,Boruta,70,NaiveBayes,4,0.5006939628599933,0.823529411764706,0.7777777777777778,0.75,0.7638888888888888,0.7692307692307693
baseline_female,Boruta,70,LogisticRegression,4,0.3333333333333333,0.7096774193548387,0.6111111111111112,0.75,0.6805555555555556,0.6538461538461539
baseline_female,Boruta,70,AdaBoost,4,0.2777777777777778,0.7777777777777778,0.7777777777777778,0.5,0.6388888888888888,0.6923076923076923
baseline_female,Boruta,70,AdaBoost_TUNED,4,0.5204800389058843,0.8717948717948718,0.9444444444444444,0.5,0.7222222222222222,0.8076923076923077
baseline_female,Boruta,70,SVM_RBF,4,0.5204800389058843,0.8717948717948718,0.9444444444444444,0.5,0.7222222222222222,0.8076923076923077
baseline_female,Boruta,70,SVM_RBF_TUNED,4,0.40863470634825333,0.85,0.9444444444444444,0.375,0.6597222222222222,0.7692307692307693
baseline_female,Boruta,80,RandomForest,4,0.3907518403363142,0.7999999999999999,0.7777777777777778,0.625,0.7013888888888888,0.7307692307692307
baseline_female,Boruta,80,RandomForest_TUNED,4,0.3907518403363142,0.7999999999999999,0.7777777777777778,0.625,0.7013888888888888,0.7307692307692307
baseline_female,Boruta,80,NeuralNetwork,4,0.6396021490668313,0.9,1.0,0.5,0.75,0.8461538461538461
baseline_female,Boruta,80,NeuralNetwork_TUNED,4,0.5204800389058843,0.8717948717948718,0.9444444444444444,0.5,0.7222222222222222,0.8076923076923077
baseline_female,Boruta,80,NaiveBayes,4,0.4583333333333333,0.8333333333333334,0.8333333333333334,0.625,0.7291666666666667,0.7692307692307693
baseline_female,Boruta,80,LogisticRegression,4,0.3907518403363142,0.7999999999999999,0.7777777777777778,0.625,0.7013888888888888,0.7307692307692307
baseline_female,Boruta,80,AdaBoost,4,0.2777777777777778,0.7777777777777778,0.7777777777777778,0.5,0.6388888888888888,0.6923076923076923
baseline_female,Boruta,80,AdaBoost_TUNED,4,0.4583333333333333,0.8333333333333334,0.8333333333333334,0.625,0.7291666666666667,0.7692307692307693
baseline_female,Boruta,80,SVM_RBF,4,0.5204800389058843,0.8717948717948718,0.9444444444444444,0.5,0.7222222222222222,0.8076923076923077
baseline_female,Boruta,80,SVM_RBF_TUNED,4,0.5204800389058843,0.8717948717948718,0.9444444444444444,0.5,0.7222222222222222,0.8076923076923077
baseline_female,Boruta,90,RandomForest,4,0.3907518403363142,0.7999999999999999,0.7777777777777778,0.625,0.7013888888888888,0.7307692307692307
baseline_female,Boruta,90,RandomForest_TUNED,4,0.4583333333333333,0.8333333333333334,0.8333333333333334,0.625,0.7291666666666667,0.7692307692307693
baseline_female,Boruta,90,NeuralNetwork,4,0.7319250547113999,0.923076923076923,1.0,0.625,0.8125,0.8846153846153846
baseline_female,Boruta,90,NeuralNetwork_TUNED,4,0.6237951349364392,0.8947368421052632,0.9444444444444444,0.625,0.7847222222222222,0.8461538461538461
baseline_female,Boruta,90,NaiveBayes,4,0.34684398780964804,0.8108108108108109,0.8333333333333334,0.5,0.6666666666666667,0.7307692307692307
baseline_female,Boruta,90,LogisticRegression,4,0.34684398780964804,0.8108108108108109,0.8333333333333334,0.5,0.6666666666666667,0.7307692307692307
baseline_female,Boruta,90,AdaBoost,4,0.2777777777777778,0.7777777777777778,0.7777777777777778,0.5,0.6388888888888888,0.6923076923076923
baseline_female,Boruta,90,AdaBoost_TUNED,4,0.3907518403363142,0.7999999999999999,0.7777777777777778,0.625,0.7013888888888888,0.7307692307692307
baseline_female,Boruta,90,SVM_RBF,4,0.7319250547113999,0.923076923076923,1.0,0.625,0.8125,0.8846153846153846
baseline_female,Boruta,90,SVM_RBF_TUNED,4,0.7319250547113999,0.923076923076923,1.0,0.625,0.8125,0.8846153846153846
baseline_female,Boruta,100,RandomForest,4,0.2777777777777778,0.7777777777777778,0.7777777777777778,0.5,0.6388888888888888,0.6923076923076923
baseline_female,Boruta,100,RandomForest_TUNED,4,0.2777777777777778,0.7777777777777778,0.7777777777777778,0.5,0.6388888888888888,0.6923076923076923
baseline_female,Boruta,100,NeuralNetwork,4,0.7319250547113999,0.923076923076923,1.0,0.625,0.8125,0.8846153846153846
baseline_female,Boruta,100,NeuralNetwork_TUNED,4,0.6237951349364392,0.8947368421052632,0.9444444444444444,0.625,0.7847222222222222,0.8461538461538461
baseline_female,Boruta,100,NaiveBayes,4,0.4583333333333333,0.8333333333333334,0.8333333333333334,0.625,0.7291666666666667,0.7692307692307693
baseline_female,Boruta,100,LogisticRegression,4,0.42600643361512924,0.8421052631578948,0.8888888888888888,0.5,0.6944444444444444,0.7692307692307693
baseline_female,Boruta,100,AdaBoost,4,0.4583333333333333,0.8333333333333334,0.8333333333333334,0.625,0.7291666666666667,0.7692307692307693
baseline_female,Boruta,100,AdaBoost_TUNED,4,0.4583333333333333,0.8333333333333334,0.8333333333333334,0.625,0.7291666666666667,0.7692307692307693
baseline_female,Boruta,100,SVM_RBF,4,0.6396021490668313,0.9,1.0,0.5,0.75,0.8461538461538461
baseline_female,Boruta,100,SVM_RBF_TUNED,4,0.6237951349364392,0.8947368421052632,0.9444444444444444,0.625,0.7847222222222222,0.8461538461538461
baseline_female,mRMR,10,RandomForest,5,0.6519456811446811,0.8888888888888888,0.9411764705882353,0.6666666666666666,0.803921568627451,0.8461538461538461
baseline_female,mRMR,10,RandomForest_TUNED,5,0.5659164584181102,0.8571428571428571,0.8823529411764706,0.6666666666666666,0.7745098039215685,0.8076923076923077
baseline_female,mRMR,10,NeuralNetwork,5,0.5880064914496507,0.8484848484848485,0.8235294117647058,0.7777777777777778,0.8006535947712419,0.8076923076923077
baseline_female,mRMR,10,NeuralNetwork_TUNED,5,0.5880064914496507,0.8484848484848485,0.8235294117647058,0.7777777777777778,0.8006535947712419,0.8076923076923077
baseline_female,mRMR,10,NaiveBayes,5,0.6519456811446811,0.8888888888888888,0.9411764705882353,0.6666666666666666,0.803921568627451,0.8461538461538461
baseline_female,mRMR,10,LogisticRegression,5,0.6237343238042664,0.8387096774193549,0.7647058823529411,0.8888888888888888,0.826797385620915,0.8076923076923077
baseline_female,mRMR,10,AdaBoost,5,0.4218307438660538,0.787878787878788,0.7647058823529411,0.6666666666666666,0.7156862745098038,0.7307692307692307
baseline_female,mRMR,10,AdaBoost_TUNED,5,0.4218307438660538,0.787878787878788,0.7647058823529411,0.6666666666666666,0.7156862745098038,0.7307692307692307
baseline_female,mRMR,10,SVM_RBF,5,0.4615633996151572,0.7741935483870968,0.7058823529411765,0.7777777777777778,0.7418300653594772,0.7307692307692307
baseline_female,mRMR,10,SVM_RBF_TUNED,5,0.36900620230837305,0.8108108108108107,0.8823529411764706,0.4444444444444444,0.6633986928104575,0.7307692307692307
baseline_female,mRMR,20,RandomForest,5,0.6601307189542484,0.8823529411764706,0.8823529411764706,0.7777777777777778,0.8300653594771241,0.8461538461538461
baseline_female,mRMR,20,RandomForest_TUNED,5,0.6601307189542484,0.8823529411764706,0.8823529411764706,0.7777777777777778,0.8300653594771241,0.8461538461538461
baseline_female,mRMR,20,NeuralNetwork,5,0.40422604172722165,0.7333333333333334,0.6470588235294118,0.7777777777777778,0.7124183006535948,0.6923076923076923
baseline_female,mRMR,20,NeuralNetwork_TUNED,5,0.5659164584181103,0.8000000000000002,0.7058823529411765,0.8888888888888888,0.7973856209150327,0.7692307692307693
baseline_female,mRMR,20,NaiveBayes,5,0.6601307189542484,0.8823529411764706,0.8823529411764706,0.7777777777777778,0.8300653594771241,0.8461538461538461
baseline_female,mRMR,20,LogisticRegression,5,0.5659164584181103,0.8000000000000002,0.7058823529411765,0.8888888888888888,0.7973856209150327,0.7692307692307693
baseline_female,mRMR,20,AdaBoost,5,0.7541822390332477,0.9090909090909091,0.8823529411764706,0.8888888888888888,0.8856209150326797,0.8846153846153846
baseline_female,mRMR,20,AdaBoost_TUNED,5,0.8300653594771242,0.9411764705882353,0.9411764705882353,0.8888888888888888,0.9150326797385621,0.9230769230769231
baseline_female,mRMR,20,SVM_RBF,5,0.6860232117781695,0.8749999999999999,0.8235294117647058,0.8888888888888888,0.8562091503267973,0.8461538461538461
baseline_female,mRMR,20,SVM_RBF_TUNED,5,0.5659164584181102,0.8571428571428571,0.8823529411764706,0.6666666666666666,0.7745098039215685,0.8076923076923077
baseline_female,mRMR,30,RandomForest,5,0.7541822390332477,0.9090909090909091,0.8823529411764706,0.8888888888888888,0.8856209150326797,0.8846153846153846
baseline_female,mRMR,30,RandomForest_TUNED,5,0.7541822390332477,0.9090909090909091,0.8823529411764706,0.8888888888888888,0.8856209150326797,0.8846153846153846
baseline_female,mRMR,30,NeuralNetwork,5,0.49019607843137253,0.8235294117647058,0.8235294117647058,0.6666666666666666,0.7450980392156863,0.7692307692307693
baseline_female,mRMR,30,NeuralNetwork_TUNED,5,0.3907518403363142,0.7999999999999999,0.8235294117647058,0.5555555555555556,0.6895424836601307,0.7307692307692307
baseline_female,mRMR,30,NaiveBayes,5,0.7410810764999063,0.9142857142857143,0.9411764705882353,0.7777777777777778,0.8594771241830066,0.8846153846153846
baseline_female,mRMR,30,LogisticRegression,5,0.5114621455194985,0.7586206896551724,0.6470588235294118,0.8888888888888888,0.7679738562091503,0.7307692307692307
baseline_female,mRMR,30,AdaBoost,5,0.6860232117781695,0.8749999999999999,0.8235294117647058,0.8888888888888888,0.8562091503267973,0.8461538461538461
baseline_female,mRMR,30,AdaBoost_TUNED,5,0.6860232117781695,0.8749999999999999,0.8235294117647058,0.8888888888888888,0.8562091503267973,0.8461538461538461
baseline_female,mRMR,30,SVM_RBF,5,0.5659164584181102,0.8571428571428571,0.8823529411764706,0.6666666666666666,0.7745098039215685,0.8076923076923077
baseline_female,mRMR,30,SVM_RBF_TUNED,5,0.46968129716874873,0.8333333333333333,0.8823529411764706,0.5555555555555556,0.7189542483660131,0.7692307692307693
baseline_female,mRMR,40,RandomForest,5,0.7541822390332477,0.9090909090909091,0.8823529411764706,0.8888888888888888,0.8856209150326797,0.8846153846153846
baseline_female,mRMR,40,RandomForest_TUNED,5,0.7541822390332477,0.9090909090909091,0.8823529411764706,0.8888888888888888,0.8856209150326797,0.8846153846153846
baseline_female,mRMR,40,NeuralNetwork,5,0.522384647500808,0.8125,0.7647058823529411,0.7777777777777778,0.7712418300653594,0.7692307692307693
baseline_female,mRMR,40,NeuralNetwork_TUNED,5,0.6601307189542484,0.8823529411764706,0.8823529411764706,0.7777777777777778,0.8300653594771241,0.8461538461538461
baseline_female,mRMR,40,NaiveBayes,5,0.7410810764999063,0.9142857142857143,0.9411764705882353,0.7777777777777778,0.8594771241830066,0.8846153846153846
baseline_female,mRMR,40,LogisticRegression,5,0.4615633996151572,0.7741935483870968,0.7058823529411765,0.7777777777777778,0.7418300653594772,0.7307692307692307
baseline_female,mRMR,40,AdaBoost,5,0.6860232117781695,0.8749999999999999,0.8235294117647058,0.8888888888888888,0.8562091503267973,0.8461538461538461
baseline_female,mRMR,40,AdaBoost_TUNED,5,0.522384647500808,0.8125,0.7647058823529411,0.7777777777777778,0.7712418300653594,0.7692307692307693
baseline_female,mRMR,40,SVM_RBF,5,0.3907518403363142,0.7999999999999999,0.8235294117647058,0.5555555555555556,0.6895424836601307,0.7307692307692307
baseline_female,mRMR,40,SVM_RBF_TUNED,5,0.5860327153276884,0.8717948717948718,1.0,0.4444444444444444,0.7222222222222222,0.8076923076923077
baseline_female,mRMR,50,RandomForest,5,0.7541822390332477,0.9090909090909091,0.8823529411764706,0.8888888888888888,0.8856209150326797,0.8846153846153846
baseline_female,mRMR,50,RandomForest_TUNED,5,0.7541822390332477,0.9090909090909091,0.8823529411764706,0.8888888888888888,0.8856209150326797,0.8846153846153846
baseline_female,mRMR,50,NeuralNetwork,5,0.49019607843137253,0.8235294117647058,0.8235294117647058,0.6666666666666666,0.7450980392156863,0.7692307692307693
baseline_female,mRMR,50,NeuralNetwork_TUNED,5,0.522384647500808,0.8125,0.7647058823529411,0.7777777777777778,0.7712418300653594,0.7692307692307693
baseline_female,mRMR,50,NaiveBayes,5,0.6601307189542484,0.8823529411764706,0.8823529411764706,0.7777777777777778,0.8300653594771241,0.8461538461538461
baseline_female,mRMR,50,LogisticRegression,5,0.3492912213303892,0.6896551724137931,0.5882352941176471,0.7777777777777778,0.6830065359477124,0.6538461538461539
baseline_female,mRMR,50,AdaBoost,5,0.5659164584181103,0.8000000000000002,0.7058823529411765,0.8888888888888888,0.7973856209150327,0.7692307692307693
baseline_female,mRMR,50,AdaBoost_TUNED,5,0.4615633996151572,0.7741935483870968,0.7058823529411765,0.7777777777777778,0.7418300653594772,0.7307692307692307
baseline_female,mRMR,50,SVM_RBF,5,0.28741691319281637,0.7777777777777778,0.8235294117647058,0.4444444444444444,0.6339869281045751,0.6923076923076923
baseline_female,mRMR,50,SVM_RBF_TUNED,5,0.3907518403363142,0.7999999999999999,0.8235294117647058,0.5555555555555556,0.6895424836601307,0.7307692307692307
baseline_female,mRMR,60,RandomForest,5,0.7541822390332477,0.9090909090909091,0.8823529411764706,0.8888888888888888,0.8856209150326797,0.8846153846153846
baseline_female,mRMR,60,RandomForest_TUNED,5,0.7541822390332477,0.9090909090909091,0.8823529411764706,0.8888888888888888,0.8856209150326797,0.8846153846153846
baseline_female,mRMR,60,NeuralNetwork,5,0.5659164584181103,0.8000000000000002,0.7058823529411765,0.8888888888888888,0.7973856209150327,0.7692307692307693
baseline_female,mRMR,60,NeuralNetwork_TUNED,5,0.5880064914496507,0.8484848484848485,0.8235294117647058,0.7777777777777778,0.8006535947712419,0.8076923076923077
baseline_female,mRMR,60,NaiveBayes,5,0.6601307189542484,0.8823529411764706,0.8823529411764706,0.7777777777777778,0.8300653594771241,0.8461538461538461
baseline_female,mRMR,60,LogisticRegression,5,0.2993924754260479,0.7096774193548386,0.6470588235294118,0.6666666666666666,0.6568627450980392,0.6538461538461539
baseline_female,mRMR,60,AdaBoost,5,0.3587460832234465,0.7500000000000001,0.7058823529411765,0.6666666666666666,0.6862745098039216,0.6923076923076923
baseline_female,mRMR,60,AdaBoost_TUNED,5,0.6601307189542484,0.8823529411764706,0.8823529411764706,0.7777777777777778,0.8300653594771241,0.8461538461538461
baseline_female,mRMR,60,SVM_RBF,5,0.6519456811446811,0.8888888888888888,0.9411764705882353,0.6666666666666666,0.803921568627451,0.8461538461538461
baseline_female,mRMR,60,SVM_RBF_TUNED,5,0.6519456811446811,0.8888888888888888,0.9411764705882353,0.6666666666666666,0.803921568627451,0.8461538461538461
baseline_female,mRMR,70,RandomForest,5,0.7541822390332477,0.9090909090909091,0.8823529411764706,0.8888888888888888,0.8856209150326797,0.8846153846153846
baseline_female,mRMR,70,RandomForest_TUNED,5,0.7541822390332477,0.9090909090909091,0.8823529411764706,0.8888888888888888,0.8856209150326797,0.8846153846153846
baseline_female,mRMR,70,NeuralNetwork,5,0.5659164584181102,0.8571428571428571,0.8823529411764706,0.6666666666666666,0.7745098039215685,0.8076923076923077
baseline_female,mRMR,70,NeuralNetwork_TUNED,5,0.6601307189542484,0.8823529411764706,0.8823529411764706,0.7777777777777778,0.8300653594771241,0.8461538461538461
baseline_female,mRMR,70,NaiveBayes,5,0.6601307189542484,0.8823529411764706,0.8823529411764706,0.7777777777777778,0.8300653594771241,0.8461538461538461
baseline_female,mRMR,70,LogisticRegression,5,0.2993924754260479,0.7096774193548386,0.6470588235294118,0.6666666666666666,0.6568627450980392,0.6538461538461539
baseline_female,mRMR,70,AdaBoost,5,0.5880064914496507,0.8484848484848485,0.8235294117647058,0.7777777777777778,0.8006535947712419,0.8076923076923077
baseline_female,mRMR,70,AdaBoost_TUNED,5,0.7541822390332477,0.9090909090909091,0.8823529411764706,0.8888888888888888,0.8856209150326797,0.8846153846153846
baseline_female,mRMR,70,SVM_RBF,5,0.46549138385896505,0.8421052631578947,0.9411764705882353,0.4444444444444444,0.6928104575163399,0.7692307692307693
baseline_female,mRMR,70,SVM_RBF_TUNED,5,0.5608894275087271,0.8648648648648648,0.9411764705882353,0.5555555555555556,0.7483660130718954,0.8076923076923077
baseline_female,mRMR,80,RandomForest,5,0.8300653594771242,0.9411764705882353,0.9411764705882353,0.8888888888888888,0.9150326797385621,0.9230769230769231
baseline_female,mRMR,80,RandomForest_TUNED,5,0.7541822390332477,0.9090909090909091,0.8823529411764706,0.8888888888888888,0.8856209150326797,0.8846153846153846
baseline_female,mRMR,80,NeuralNetwork,5,0.6519456811446811,0.8888888888888888,0.9411764705882353,0.6666666666666666,0.803921568627451,0.8461538461538461
baseline_female,mRMR,80,NeuralNetwork_TUNED,5,0.6601307189542484,0.8823529411764706,0.8823529411764706,0.7777777777777778,0.8300653594771241,0.8461538461538461
baseline_female,mRMR,80,NaiveBayes,5,0.5880064914496507,0.8484848484848485,0.8235294117647058,0.7777777777777778,0.8006535947712419,0.8076923076923077
baseline_female,mRMR,80,LogisticRegression,5,0.2993924754260479,0.7096774193548386,0.6470588235294118,0.6666666666666666,0.6568627450980392,0.6538461538461539
baseline_female,mRMR,80,AdaBoost,5,0.5880064914496507,0.8484848484848485,0.8235294117647058,0.7777777777777778,0.8006535947712419,0.8076923076923077
baseline_female,mRMR,80,AdaBoost_TUNED,5,0.6601307189542484,0.8823529411764706,0.8823529411764706,0.7777777777777778,0.8300653594771241,0.8461538461538461
baseline_female,mRMR,80,SVM_RBF,5,0.49019607843137253,0.8235294117647058,0.8235294117647058,0.6666666666666666,0.7450980392156863,0.7692307692307693
baseline_female,mRMR,80,SVM_RBF_TUNED,5,0.3907518403363142,0.7999999999999999,0.8235294117647058,0.5555555555555556,0.6895424836601307,0.7307692307692307
baseline_female,mRMR,90,RandomForest,5,0.7541822390332477,0.9090909090909091,0.8823529411764706,0.8888888888888888,0.8856209150326797,0.8846153846153846
baseline_female,mRMR,90,RandomForest_TUNED,5,0.8300653594771242,0.9411764705882353,0.9411764705882353,0.8888888888888888,0.9150326797385621,0.9230769230769231
baseline_female,mRMR,90,NeuralNetwork,5,0.7410810764999063,0.9142857142857143,0.9411764705882353,0.7777777777777778,0.8594771241830066,0.8846153846153846
baseline_female,mRMR,90,NeuralNetwork_TUNED,5,0.46968129716874873,0.8333333333333333,0.8823529411764706,0.5555555555555556,0.7189542483660131,0.7692307692307693
baseline_female,mRMR,90,NaiveBayes,5,0.5880064914496507,0.8484848484848485,0.8235294117647058,0.7777777777777778,0.8006535947712419,0.8076923076923077
baseline_female,mRMR,90,LogisticRegression,5,0.3587460832234465,0.7500000000000001,0.7058823529411765,0.6666666666666666,0.6862745098039216,0.6923076923076923
baseline_female,mRMR,90,AdaBoost,5,0.5659164584181102,0.8571428571428571,0.8823529411764706,0.6666666666666666,0.7745098039215685,0.8076923076923077
baseline_female,mRMR,90,AdaBoost_TUNED,5,0.6601307189542484,0.8823529411764706,0.8823529411764706,0.7777777777777778,0.8300653594771241,0.8461538461538461
baseline_female,mRMR,90,SVM_RBF,5,0.5860327153276884,0.8717948717948718,1.0,0.4444444444444444,0.7222222222222222,0.8076923076923077
baseline_female,mRMR,90,SVM_RBF_TUNED,5,0.7527726527090811,0.9189189189189189,1.0,0.6666666666666666,0.8333333333333333,0.8846153846153846
baseline_female,mRMR,100,RandomForest,5,0.7541822390332477,0.9090909090909091,0.8823529411764706,0.8888888888888888,0.8856209150326797,0.8846153846153846
baseline_female,mRMR,100,RandomForest_TUNED,5,0.8300653594771242,0.9411764705882353,0.9411764705882353,0.8888888888888888,0.9150326797385621,0.9230769230769231
baseline_female,mRMR,100,NeuralNetwork,5,0.3619613829965134,0.8205128205128205,0.9411764705882353,0.3333333333333333,0.6372549019607843,0.7307692307692307
baseline_female,mRMR,100,NeuralNetwork_TUNED,5,0.5608894275087271,0.8648648648648648,0.9411764705882353,0.5555555555555556,0.7483660130718954,0.8076923076923077
baseline_female,mRMR,100,NaiveBayes,5,0.5880064914496507,0.8484848484848485,0.8235294117647058,0.7777777777777778,0.8006535947712419,0.8076923076923077
baseline_female,mRMR,100,LogisticRegression,5,0.49019607843137253,0.8235294117647058,0.8235294117647058,0.6666666666666666,0.7450980392156863,0.7692307692307693
baseline_female,mRMR,100,AdaBoost,5,0.6601307189542484,0.8823529411764706,0.8823529411764706,0.7777777777777778,0.8300653594771241,0.8461538461538461
baseline_female,mRMR,100,AdaBoost_TUNED,5,0.8300653594771242,0.9411764705882353,0.9411764705882353,0.8888888888888888,0.9150326797385621,0.9230769230769231
baseline_female,mRMR,100,SVM_RBF,5,0.7527726527090811,0.9189189189189189,1.0,0.6666666666666666,0.8333333333333333,0.8846153846153846
baseline_female,mRMR,100,SVM_RBF_TUNED,5,0.5608894275087271,0.8648648648648648,0.9411764705882353,0.5555555555555556,0.7483660130718954,0.8076923076923077
baseline_female,Boruta,10,RandomForest,5,0.522384647500808,0.8125,0.7647058823529411,0.7777777777777778,0.7712418300653594,0.7692307692307693
baseline_female,Boruta,10,RandomForest_TUNED,5,0.5659164584181103,0.8000000000000002,0.7058823529411765,0.8888888888888888,0.7973856209150327,0.7692307692307693
baseline_female,Boruta,10,NeuralNetwork,5,0.6230853024407228,0.7857142857142858,0.6470588235294118,1.0,0.8235294117647058,0.7692307692307693
baseline_female,Boruta,10,NeuralNetwork_TUNED,5,0.6230853024407228,0.7857142857142858,0.6470588235294118,1.0,0.8235294117647058,0.7692307692307693
baseline_female,Boruta,10,NaiveBayes,5,0.40904799405193093,0.6666666666666667,0.5294117647058824,0.8888888888888888,0.7091503267973855,0.6538461538461539
baseline_female,Boruta,10,LogisticRegression,5,0.40904799405193093,0.6666666666666667,0.5294117647058824,0.8888888888888888,0.7091503267973855,0.6538461538461539
baseline_female,Boruta,10,AdaBoost,5,0.4615633996151572,0.7741935483870968,0.7058823529411765,0.7777777777777778,0.7418300653594772,0.7307692307692307
baseline_female,Boruta,10,AdaBoost_TUNED,5,0.5114621455194985,0.7586206896551724,0.6470588235294118,0.8888888888888888,0.7679738562091503,0.7307692307692307
baseline_female,Boruta,10,SVM_RBF,5,0.40904799405193093,0.6666666666666667,0.5294117647058824,0.8888888888888888,0.7091503267973855,0.6538461538461539
baseline_female,Boruta,10,SVM_RBF_TUNED,5,0.4963635881027162,0.85,1.0,0.3333333333333333,0.6666666666666666,0.7692307692307693
baseline_female,Boruta,20,RandomForest,5,0.6860232117781695,0.8749999999999999,0.8235294117647058,0.8888888888888888,0.8562091503267973,0.8461538461538461
baseline_female,Boruta,20,RandomForest_TUNED,5,0.6860232117781695,0.8749999999999999,0.8235294117647058,0.8888888888888888,0.8562091503267973,0.8461538461538461
baseline_female,Boruta,20,NeuralNetwork,5,0.7859052479933757,0.9032258064516129,0.8235294117647058,1.0,0.9117647058823529,0.8846153846153846
baseline_female,Boruta,20,NeuralNetwork_TUNED,5,0.6736330697086078,0.8275862068965517,0.7058823529411765,1.0,0.8529411764705883,0.8076923076923077
baseline_female,Boruta,20,NaiveBayes,5,0.40422604172722165,0.7333333333333334,0.6470588235294118,0.7777777777777778,0.7124183006535948,0.6923076923076923
baseline_female,Boruta,20,LogisticRegression,5,0.5114621455194985,0.7586206896551724,0.6470588235294118,0.8888888888888888,0.7679738562091503,0.7307692307692307
baseline_female,Boruta,20,AdaBoost,5,0.6860232117781695,0.8749999999999999,0.8235294117647058,0.8888888888888888,0.8562091503267973,0.8461538461538461
baseline_female,Boruta,20,AdaBoost_TUNED,5,0.6237343238042664,0.8387096774193549,0.7647058823529411,0.8888888888888888,0.826797385620915,0.8076923076923077
baseline_female,Boruta,20,SVM_RBF,5,0.4615633996151572,0.7741935483870968,0.7058823529411765,0.7777777777777778,0.7418300653594772,0.7307692307692307
baseline_female,Boruta,20,SVM_RBF_TUNED,5,0.24331548436407657,0.7999999999999999,0.9411764705882353,0.2222222222222222,0.5816993464052287,0.6923076923076923
baseline_female,Boruta,30,RandomForest,5,0.8300653594771242,0.9411764705882353,0.9411764705882353,0.8888888888888888,0.9150326797385621,0.9230769230769231
baseline_female,Boruta,30,RandomForest_TUNED,5,0.8300653594771242,0.9411764705882353,0.9411764705882353,0.8888888888888888,0.9150326797385621,0.9230769230769231
baseline_female,Boruta,30,NeuralNetwork,5,0.5880064914496507,0.8484848484848485,0.8235294117647058,0.7777777777777778,0.8006535947712419,0.8076923076923077
baseline_female,Boruta,30,NeuralNetwork_TUNED,5,0.5880064914496507,0.8484848484848485,0.8235294117647058,0.7777777777777778,0.8006535947712419,0.8076923076923077
baseline_female,Boruta,30,NaiveBayes,5,0.40422604172722165,0.7333333333333334,0.6470588235294118,0.7777777777777778,0.7124183006535948,0.6923076923076923
baseline_female,Boruta,30,LogisticRegression,5,0.6736330697086078,0.8275862068965517,0.7058823529411765,1.0,0.8529411764705883,0.8076923076923077
baseline_female,Boruta,30,AdaBoost,5,0.6860232117781695,0.8749999999999999,0.8235294117647058,0.8888888888888888,0.8562091503267973,0.8461538461538461
baseline_female,Boruta,30,AdaBoost_TUNED,5,0.7541822390332477,0.9090909090909091,0.8823529411764706,0.8888888888888888,0.8856209150326797,0.8846153846153846
baseline_female,Boruta,30,SVM_RBF,5,0.522384647500808,0.8125,0.7647058823529411,0.7777777777777778,0.7712418300653594,0.7692307692307693
baseline_female,Boruta,30,SVM_RBF_TUNED,5,0.46549138385896505,0.8421052631578947,0.9411764705882353,0.4444444444444444,0.6928104575163399,0.7692307692307693
baseline_female,Boruta,40,RandomForest,5,0.8300653594771242,0.9411764705882353,0.9411764705882353,0.8888888888888888,0.9150326797385621,0.9230769230769231
baseline_female,Boruta,40,RandomForest_TUNED,5,0.8300653594771242,0.9411764705882353,0.9411764705882353,0.8888888888888888,0.9150326797385621,0.9230769230769231
baseline_female,Boruta,40,NeuralNetwork,5,0.8300653594771242,0.9411764705882353,0.9411764705882353,0.8888888888888888,0.9150326797385621,0.9230769230769231
baseline_female,Boruta,40,NeuralNetwork_TUNED,5,0.8300653594771242,0.9411764705882353,0.9411764705882353,0.8888888888888888,0.9150326797385621,0.9230769230769231
baseline_female,Boruta,40,NaiveBayes,5,0.4615633996151572,0.7741935483870968,0.7058823529411765,0.7777777777777778,0.7418300653594772,0.7307692307692307
baseline_female,Boruta,40,LogisticRegression,5,0.727606875108999,0.8666666666666666,0.7647058823529411,1.0,0.8823529411764706,0.8461538461538461
baseline_female,Boruta,40,AdaBoost,5,0.6519456811446811,0.8888888888888888,0.9411764705882353,0.6666666666666666,0.803921568627451,0.8461538461538461
baseline_female,Boruta,40,AdaBoost_TUNED,5,0.6601307189542484,0.8823529411764706,0.8823529411764706,0.7777777777777778,0.8300653594771241,0.8461538461538461
baseline_female,Boruta,40,SVM_RBF,5,0.7410810764999063,0.9142857142857143,0.9411764705882353,0.7777777777777778,0.8594771241830066,0.8846153846153846
baseline_female,Boruta,40,SVM_RBF_TUNED,5,0.7527726527090811,0.9189189189189189,1.0,0.6666666666666666,0.8333333333333333,0.8846153846153846
baseline_female,Boruta,50,RandomForest,5,0.8300653594771242,0.9411764705882353,0.9411764705882353,0.8888888888888888,0.9150326797385621,0.9230769230769231
baseline_female,Boruta,50,RandomForest_TUNED,5,0.8300653594771242,0.9411764705882353,0.9411764705882353,0.8888888888888888,0.9150326797385621,0.9230769230769231
baseline_female,Boruta,50,NeuralNetwork,5,0.8342100651206135,0.9444444444444444,1.0,0.7777777777777778,0.8888888888888888,0.9230769230769231
baseline_female,Boruta,50,NeuralNetwork_TUNED,5,0.7410810764999063,0.9142857142857143,0.9411764705882353,0.7777777777777778,0.8594771241830066,0.8846153846153846
baseline_female,Boruta,50,NaiveBayes,5,0.6860232117781695,0.8749999999999999,0.8235294117647058,0.8888888888888888,0.8562091503267973,0.8461538461538461
baseline_female,Boruta,50,LogisticRegression,5,0.6736330697086078,0.8275862068965517,0.7058823529411765,1.0,0.8529411764705883,0.8076923076923077
baseline_female,Boruta,50,AdaBoost,5,0.7410810764999063,0.9142857142857143,0.9411764705882353,0.7777777777777778,0.8594771241830066,0.8846153846153846
baseline_female,Boruta,50,AdaBoost_TUNED,5,0.9162456945817024,0.9714285714285714,1.0,0.8888888888888888,0.9444444444444444,0.9615384615384616
baseline_female,Boruta,50,SVM_RBF,5,0.7527726527090811,0.9189189189189189,1.0,0.6666666666666666,0.8333333333333333,0.8846153846153846
baseline_female,Boruta,50,SVM_RBF_TUNED,5,0.7527726527090811,0.9189189189189189,1.0,0.6666666666666666,0.8333333333333333,0.8846153846153846
baseline_female,Boruta,60,RandomForest,5,0.8300653594771242,0.9411764705882353,0.9411764705882353,0.8888888888888888,0.9150326797385621,0.9230769230769231
baseline_female,Boruta,60,RandomForest_TUNED,5,0.8300653594771242,0.9411764705882353,0.9411764705882353,0.8888888888888888,0.9150326797385621,0.9230769230769231
baseline_female,Boruta,60,NeuralNetwork,5,0.6601307189542484,0.8823529411764706,0.8823529411764706,0.7777777777777778,0.8300653594771241,0.8461538461538461
baseline_female,Boruta,60,NeuralNetwork_TUNED,5,0.7410810764999063,0.9142857142857143,0.9411764705882353,0.7777777777777778,0.8594771241830066,0.8846153846153846
baseline_female,Boruta,60,NaiveBayes,5,0.6237343238042664,0.8387096774193549,0.7647058823529411,0.8888888888888888,0.826797385620915,0.8076923076923077
baseline_female,Boruta,60,LogisticRegression,5,0.727606875108999,0.8666666666666666,0.7647058823529411,1.0,0.8823529411764706,0.8461538461538461
baseline_female,Boruta,60,AdaBoost,5,0.5608894275087271,0.8648648648648648,0.9411764705882353,0.5555555555555556,0.7483660130718954,0.8076923076923077
baseline_female,Boruta,60,AdaBoost_TUNED,5,0.5659164584181102,0.8571428571428571,0.8823529411764706,0.6666666666666666,0.7745098039215685,0.8076923076923077
baseline_female,Boruta,60,SVM_RBF,5,0.6519456811446811,0.8888888888888888,0.9411764705882353,0.6666666666666666,0.803921568627451,0.8461538461538461
baseline_female,Boruta,60,SVM_RBF_TUNED,5,0.7527726527090811,0.9189189189189189,1.0,0.6666666666666666,0.8333333333333333,0.8846153846153846
baseline_female,Boruta,70,RandomForest,5,0.8300653594771242,0.9411764705882353,0.9411764705882353,0.8888888888888888,0.9150326797385621,0.9230769230769231
baseline_female,Boruta,70,RandomForest_TUNED,5,0.8300653594771242,0.9411764705882353,0.9411764705882353,0.8888888888888888,0.9150326797385621,0.9230769230769231
baseline_female,Boruta,70,NeuralNetwork,5,0.7410810764999063,0.9142857142857143,0.9411764705882353,0.7777777777777778,0.8594771241830066,0.8846153846153846
baseline_female,Boruta,70,NeuralNetwork_TUNED,5,0.7410810764999063,0.9142857142857143,0.9411764705882353,0.7777777777777778,0.8594771241830066,0.8846153846153846
baseline_female,Boruta,70,NaiveBayes,5,0.5659164584181103,0.8000000000000002,0.7058823529411765,0.8888888888888888,0.7973856209150327,0.7692307692307693
baseline_female,Boruta,70,LogisticRegression,5,0.522384647500808,0.8125,0.7647058823529411,0.7777777777777778,0.7712418300653594,0.7692307692307693
baseline_female,Boruta,70,AdaBoost,5,0.6601307189542484,0.8823529411764706,0.8823529411764706,0.7777777777777778,0.8300653594771241,0.8461538461538461
baseline_female,Boruta,70,AdaBoost_TUNED,5,0.7410810764999063,0.9142857142857143,0.9411764705882353,0.7777777777777778,0.8594771241830066,0.8846153846153846
baseline_female,Boruta,70,SVM_RBF,5,0.8342100651206135,0.9444444444444444,1.0,0.7777777777777778,0.8888888888888888,0.9230769230769231
baseline_female,Boruta,70,SVM_RBF_TUNED,5,0.7527726527090811,0.9189189189189189,1.0,0.6666666666666666,0.8333333333333333,0.8846153846153846
baseline_female,Boruta,80,RandomForest,5,0.8300653594771242,0.9411764705882353,0.9411764705882353,0.8888888888888888,0.9150326797385621,0.9230769230769231
baseline_female,Boruta,80,RandomForest_TUNED,5,0.8300653594771242,0.9411764705882353,0.9411764705882353,0.8888888888888888,0.9150326797385621,0.9230769230769231
baseline_female,Boruta,80,NeuralNetwork,5,0.8342100651206135,0.9444444444444444,1.0,0.7777777777777778,0.8888888888888888,0.9230769230769231
baseline_female,Boruta,80,NeuralNetwork_TUNED,5,0.6519456811446811,0.8888888888888888,0.9411764705882353,0.6666666666666666,0.803921568627451,0.8461538461538461
baseline_female,Boruta,80,NaiveBayes,5,0.6237343238042664,0.8387096774193549,0.7647058823529411,0.8888888888888888,0.826797385620915,0.8076923076923077
baseline_female,Boruta,80,LogisticRegression,5,0.49019607843137253,0.8235294117647058,0.8235294117647058,0.6666666666666666,0.7450980392156863,0.7692307692307693
baseline_female,Boruta,80,AdaBoost,5,0.8496617760555311,0.9375,0.8823529411764706,1.0,0.9411764705882353,0.9230769230769231
baseline_female,Boruta,80,AdaBoost_TUNED,5,0.8300653594771242,0.9411764705882353,0.9411764705882353,0.8888888888888888,0.9150326797385621,0.9230769230769231
baseline_female,Boruta,80,SVM_RBF,5,0.6519456811446811,0.8888888888888888,0.9411764705882353,0.6666666666666666,0.803921568627451,0.8461538461538461
baseline_female,Boruta,80,SVM_RBF_TUNED,5,0.8342100651206135,0.9444444444444444,1.0,0.7777777777777778,0.8888888888888888,0.9230769230769231
baseline_female,Boruta,90,RandomForest,5,0.9203579866168445,0.9696969696969697,0.9411764705882353,1.0,0.9705882352941176,0.9615384615384616
baseline_female,Boruta,90,RandomForest_TUNED,5,0.8300653594771242,0.9411764705882353,0.9411764705882353,0.8888888888888888,0.9150326797385621,0.9230769230769231
baseline_female,Boruta,90,NeuralNetwork,5,0.7410810764999063,0.9142857142857143,0.9411764705882353,0.7777777777777778,0.8594771241830066,0.8846153846153846
baseline_female,Boruta,90,NeuralNetwork_TUNED,5,0.5659164584181102,0.8571428571428571,0.8823529411764706,0.6666666666666666,0.7745098039215685,0.8076923076923077
baseline_female,Boruta,90,NaiveBayes,5,0.6860232117781695,0.8749999999999999,0.8235294117647058,0.8888888888888888,0.8562091503267973,0.8461538461538461
baseline_female,Boruta,90,LogisticRegression,5,0.3202614379084967,0.7647058823529412,0.7647058823529411,0.5555555555555556,0.6601307189542484,0.6923076923076923
baseline_female,Boruta,90,AdaBoost,5,0.9162456945817024,0.9714285714285714,1.0,0.8888888888888888,0.9444444444444444,0.9615384615384616
baseline_female,Boruta,90,AdaBoost_TUNED,5,0.7410810764999063,0.9142857142857143,0.9411764705882353,0.7777777777777778,0.8594771241830066,0.8846153846153846
baseline_female,Boruta,90,SVM_RBF,5,0.9203579866168445,0.9696969696969697,0.9411764705882353,1.0,0.9705882352941176,0.9615384615384616
baseline_female,Boruta,90,SVM_RBF_TUNED,5,0.8300653594771242,0.9411764705882353,0.9411764705882353,0.8888888888888888,0.9150326797385621,0.9230769230769231
baseline_female,Boruta,100,RandomForest,5,0.8300653594771242,0.9411764705882353,0.9411764705882353,0.8888888888888888,0.9150326797385621,0.9230769230769231
baseline_female,Boruta,100,RandomForest_TUNED,5,0.8300653594771242,0.9411764705882353,0.9411764705882353,0.8888888888888888,0.9150326797385621,0.9230769230769231
baseline_female,Boruta,100,NeuralNetwork,5,0.8300653594771242,0.9411764705882353,0.9411764705882353,0.8888888888888888,0.9150326797385621,0.9230769230769231
baseline_female,Boruta,100,NeuralNetwork_TUNED,5,0.7410810764999063,0.9142857142857143,0.9411764705882353,0.7777777777777778,0.8594771241830066,0.8846153846153846
baseline_female,Boruta,100,NaiveBayes,5,0.6860232117781695,0.8749999999999999,0.8235294117647058,0.8888888888888888,0.8562091503267973,0.8461538461538461
baseline_female,Boruta,100,LogisticRegression,5,0.49019607843137253,0.8235294117647058,0.8235294117647058,0.6666666666666666,0.7450980392156863,0.7692307692307693
baseline_female,Boruta,100,AdaBoost,5,0.7410810764999063,0.9142857142857143,0.9411764705882353,0.7777777777777778,0.8594771241830066,0.8846153846153846
baseline_female,Boruta,100,AdaBoost_TUNED,5,0.8300653594771242,0.9411764705882353,0.9411764705882353,0.8888888888888888,0.9150326797385621,0.9230769230769231
baseline_female,Boruta,100,SVM_RBF,5,0.7410810764999063,0.9142857142857143,0.9411764705882353,0.7777777777777778,0.8594771241830066,0.8846153846153846
baseline_female,Boruta,100,SVM_RBF_TUNED,5,0.7410810764999063,0.9142857142857143,0.9411764705882353,0.7777777777777778,0.8594771241830066,0.8846153846153846
