Dataset,Method,N_Features,Feature,MeanAbsSHAP,StdAbsSHAP
baseline,Boruta,10,tqwt_TKEO_std_dec_12 (TQWT),0.07231372549019607,0.04673066938271173
baseline,Boruta,10,tqwt_energy_dec_26 (TQWT),0.04941503267973856,0.036506118397147576
baseline,Boruta,10,std_delta_delta_log_energy (MFCC),0.048480820105820104,0.046102209522841504
baseline,Boruta,10,tqwt_TKEO_mean_dec_12 (TQWT),0.04480337690631808,0.032147971738816915
baseline,Boruta,10,tqwt_entropy_log_dec_35 (TQWT),0.03718111111111111,0.0398331060464843
baseline,Boruta,10,std_6th_delta_delta (MFCC),0.03429188712522046,0.024162245350811972
baseline,Boruta,10,tqwt_energy_dec_27 (TQWT),0.033656862745098035,0.03348778490802424
baseline,Boruta,10,tqwt_TKEO_std_dec_11 (TQWT),0.033068888888888884,0.039500192028279334
baseline,Boruta,10,tqwt_entropy_shannon_dec_12 (TQWT),0.031054466230936814,0.03006499313418168
baseline,Boruta,10,tqwt_stdValue_dec_12 (TQWT),0.029184095860566455,0.023877077413360617
baseline,Boruta,10,std_delta_log_energy (MFCC),0.028860449735449736,0.028120295690679444
baseline,Boruta,10,std_8th_delta_delta (MFCC),0.028621111111111108,0.021083044350222638
baseline,Boruta,10,std_9th_delta_delta (MFCC),0.027588833883388342,0.02252609020947771
baseline,Boruta,10,std_11th_delta_delta (MFCC),0.027064270152505444,0.023801514800365846
baseline,Boruta,10,std_7th_delta_delta (MFCC),0.026811774461028195,0.015779382803858842
baseline,Boruta,10,tqwt_entropy_log_dec_34 (TQWT),0.023236666666666666,0.02641222480104788
baseline,Boruta,10,std_6th_delta (MFCC),0.02302925925925926,0.019133091102829295
baseline,Boruta,10,mean_MFCC_2nd_coef (MFCC),0.02263,0.035080209944553
baseline,Boruta,10,apq11Shimmer (Baseline),0.022246187363834425,0.015577974087452519
baseline,Boruta,10,std_8th_delta (MFCC),0.01722108843537415,0.012442931573530876
baseline,Boruta,10,std_10th_delta_delta (MFCC),0.015857298474945537,0.01348602832212693
baseline,Boruta,10,std_7th_delta (MFCC),0.015601437258153675,0.012832325892698648
baseline,Boruta,10,std_11th_delta (MFCC),0.01548474945533769,0.014067030420032873
baseline,Boruta,10,std_9th_delta (MFCC),0.011245,0.009580453641307605
baseline_male,Boruta,10,tqwt_energy_dec_26 (TQWT),0.04289999999999999,0.03589279949454425
baseline_male,Boruta,10,std_delta_delta_log_energy (MFCC),0.041438461538461535,0.04398419715596843
baseline_male,Boruta,10,tqwt_TKEO_std_dec_12 (TQWT),0.034741545893719805,0.06036343859608809
baseline_male,Boruta,10,tqwt_entropy_log_dec_35 (TQWT),0.03368055555555554,0.02644344290984908
baseline_male,Boruta,10,std_6th_delta_delta (MFCC),0.03186666666666666,0.023417793643423453
baseline_male,Boruta,10,tqwt_energy_dec_27 (TQWT),0.03184761904761906,0.03549613342887488
baseline_male,Boruta,10,tqwt_TKEO_std_dec_11 (TQWT),0.03058101851851852,0.043292315301982
baseline_male,Boruta,10,std_11th_delta_delta (MFCC),0.027197777777777776,0.015378719876017799
baseline_male,Boruta,10,std_8th_delta_delta (MFCC),0.026999999999999996,0.01737269767460155
baseline_male,Boruta,10,std_delta_log_energy (MFCC),0.026684615384615383,0.0259084273251791
baseline_male,Boruta,10,tqwt_entropy_shannon_dec_12 (TQWT),0.02646825396825397,0.026338881832268356
baseline_male,Boruta,10,std_9th_delta_delta (MFCC),0.025667714884696016,0.02141598896958793
baseline_male,Boruta,10,tqwt_stdValue_dec_12 (TQWT),0.02427142857142857,0.024170592708755653
baseline_male,Boruta,10,std_6th_delta (MFCC),0.023496031746031744,0.020911444892824427
baseline_male,Boruta,10,std_7th_delta_delta (MFCC),0.023076608187134497,0.016444049592948432
baseline_male,Boruta,10,tqwt_entropy_log_dec_34 (TQWT),0.022275462962962966,0.022185643677503485
baseline_male,Boruta,10,tqwt_TKEO_mean_dec_12 (TQWT),0.022274904214559382,0.03259093206326713
baseline_male,Boruta,10,apq11Shimmer (Baseline),0.02161333333333333,0.014489541635842616
baseline_male,Boruta,10,std_7th_delta (MFCC),0.01615087719298246,0.013705295952244931
baseline_male,Boruta,10,std_8th_delta (MFCC),0.013739130434782608,0.009846181298393868
baseline_male,Boruta,10,std_9th_delta (MFCC),0.013230324074074075,0.00899453767865529
baseline_male,Boruta,10,std_11th_delta (MFCC),0.011988888888888887,0.009739718276834916
baseline_male,Boruta,10,mean_MFCC_2nd_coef (MFCC),0.011363425925925924,0.025148608799711872
baseline_male,Boruta,10,std_10th_delta_delta (MFCC),0.009646031746031744,0.009821121688327215
baseline_female,Boruta,10,tqwt_TKEO_std_dec_12 (TQWT),0.07185119047619049,0.05335338489691096
baseline_female,Boruta,10,std_delta_delta_log_energy (MFCC),0.06067440801457193,0.04526425556485353
baseline_female,Boruta,10,tqwt_energy_dec_26 (TQWT),0.05607986111111111,0.043646413872756265
baseline_female,Boruta,10,tqwt_TKEO_mean_dec_12 (TQWT),0.05237373737373737,0.034793155427988755
baseline_female,Boruta,10,tqwt_TKEO_std_dec_11 (TQWT),0.04248290598290598,0.03128540810468613
baseline_female,Boruta,10,mean_MFCC_2nd_coef (MFCC),0.04226923076923077,0.031462341845116266
baseline_female,Boruta,10,tqwt_entropy_shannon_dec_12 (TQWT),0.03861458333333332,0.034510528017269344
baseline_female,Boruta,10,std_delta_log_energy (MFCC),0.036458105646630226,0.030029023092301904
baseline_female,Boruta,10,tqwt_energy_dec_27 (TQWT),0.03531944444444445,0.02208068252077223
baseline_female,Boruta,10,tqwt_stdValue_dec_12 (TQWT),0.035128472222222214,0.027947608862209504
baseline_female,Boruta,10,std_9th_delta_delta (MFCC),0.034006944444444444,0.026932896316356536
baseline_female,Boruta,10,tqwt_entropy_log_dec_35 (TQWT),0.03289316239316239,0.03658303108434516
baseline_female,Boruta,10,std_6th_delta_delta (MFCC),0.032790528233151185,0.02736742758624277
baseline_female,Boruta,10,std_8th_delta_delta (MFCC),0.029364197530864194,0.02287759776982306
baseline_female,Boruta,10,apq11Shimmer (Baseline),0.027405982905982913,0.01742345845625674
baseline_female,Boruta,10,tqwt_entropy_log_dec_34 (TQWT),0.027164529914529913,0.028722681274863937
baseline_female,Boruta,10,std_7th_delta_delta (MFCC),0.02663417190775682,0.01595063887348348
baseline_female,Boruta,10,std_6th_delta (MFCC),0.024714583333333328,0.017737801717645947
baseline_female,Boruta,10,std_11th_delta_delta (MFCC),0.02059401709401709,0.022545506166414812
baseline_female,Boruta,10,std_10th_delta_delta (MFCC),0.017881944444444443,0.01047517375366274
baseline_female,Boruta,10,std_8th_delta (MFCC),0.017138888888888888,0.011744281610773415
baseline_female,Boruta,10,std_11th_delta (MFCC),0.017061965811965805,0.016159270164429217
baseline_female,Boruta,10,std_7th_delta (MFCC),0.01524475890985325,0.012734870839174139
baseline_female,Boruta,10,std_9th_delta (MFCC),0.013668803418803414,0.00965887686094351
baseline,Boruta,20,tqwt_energy_dec_26 (TQWT),0.041555555555555554,0.03085948233968328
baseline,Boruta,20,std_delta_delta_log_energy (MFCC),0.03602557319223986,0.03244578327203804
baseline,Boruta,20,mean_MFCC_2nd_coef (MFCC),0.02833305693753455,0.02574095493024338
baseline,Boruta,20,tqwt_entropy_log_dec_12 (TQWT),0.027622004357298478,0.017274537802709766
baseline,Boruta,20,std_6th_delta_delta (MFCC),0.02492791005291005,0.018181696356391486
baseline,Boruta,20,std_delta_log_energy (MFCC),0.023615740740740743,0.022694286198801077
baseline,Boruta,20,tqwt_kurtosisValue_dec_18 (TQWT),0.023589324618736383,0.014102836285982101
baseline,Boruta,20,tqwt_entropy_log_dec_33 (TQWT),0.021393333333333334,0.017336960556633967
baseline,Boruta,20,tqwt_entropy_log_dec_35 (TQWT),0.021048888888888884,0.02157365638374399
baseline,Boruta,20,std_7th_delta_delta (MFCC),0.01978395061728395,0.012696029678461718
baseline,Boruta,20,tqwt_entropy_shannon_dec_12 (TQWT),0.019005446623093683,0.015486452370740157
baseline,Boruta,20,tqwt_TKEO_std_dec_12 (TQWT),0.01819098949695964,0.0175975543274294
baseline,Boruta,20,tqwt_energy_dec_12 (TQWT),0.01715873015873016,0.018984024900441914
baseline,Boruta,20,std_6th_delta (MFCC),0.016907131011608626,0.013977508524794251
baseline,Boruta,20,tqwt_maxValue_dec_12 (TQWT),0.016604575163398694,0.010202480104131438
baseline,Boruta,20,std_9th_delta_delta (MFCC),0.01605489417989418,0.013668495796530818
baseline,Boruta,20,std_11th_delta_delta (MFCC),0.015258169934640518,0.011205450147276367
baseline,Boruta,20,tqwt_entropy_log_dec_34 (TQWT),0.014993333333333334,0.01415714089530809
baseline,Boruta,20,tqwt_TKEO_mean_dec_13 (TQWT),0.014687363834422658,0.011597292489111883
baseline,Boruta,20,std_7th_delta (MFCC),0.014464344941956881,0.009973098280972648
baseline,Boruta,20,apq11Shimmer (Baseline),0.0140239651416122,0.008086529895645156
baseline,Boruta,20,tqwt_entropy_log_dec_11 (TQWT),0.013849629629629628,0.010300831665350268
baseline,Boruta,20,tqwt_energy_dec_11 (TQWT),0.01312185185185185,0.01577359390923451
baseline,Boruta,20,tqwt_TKEO_mean_dec_12 (TQWT),0.012373436350257542,0.012380859886660546
baseline,Boruta,20,tqwt_TKEO_std_dec_13 (TQWT),0.012199346405228757,0.010994367557574927
baseline,Boruta,20,tqwt_stdValue_dec_11 (TQWT),0.01191638608305275,0.011389872257783864
baseline,Boruta,20,tqwt_energy_dec_27 (TQWT),0.011598039215686274,0.011985272538659159
baseline,Boruta,20,std_8th_delta_delta (MFCC),0.011289021164021161,0.008194628347723559
baseline,Boruta,20,std_12th_delta (MFCC),0.011137254901960785,0.007222779046302246
baseline,Boruta,20,std_12th_delta_delta (MFCC),0.011126361655773421,0.01037250333067928
baseline,Boruta,20,tqwt_stdValue_dec_12 (TQWT),0.010836276674025017,0.009347761507524224
baseline,Boruta,20,tqwt_entropy_shannon_dec_13 (TQWT),0.009945533769063182,0.008517457778715007
baseline,Boruta,20,tqwt_entropy_shannon_dec_11 (TQWT),0.009893378226711559,0.010473898861232865
baseline,Boruta,20,std_9th_delta (MFCC),0.009848544973544975,0.0073119915780963055
baseline,Boruta,20,std_11th_delta (MFCC),0.008407407407407409,0.006752027226686481
baseline,Boruta,20,std_10th_delta_delta (MFCC),0.008231299927378359,0.007086922079488724
baseline,Boruta,20,std_8th_delta (MFCC),0.00816372332597498,0.008695019210206401
baseline,Boruta,20,tqwt_TKEO_std_dec_11 (TQWT),0.0076638608305274955,0.010389599589889116
baseline,Boruta,20,std_Log_energy (MFCC),0.006855335533553359,0.0062103097323159
baseline,Boruta,20,tqwt_stdValue_dec_13 (TQWT),0.0057440087145969486,0.004468416869715826
baseline_male,Boruta,20,std_delta_delta_log_energy (MFCC),0.02873547008547008,0.029907097578471663
baseline_male,Boruta,20,tqwt_kurtosisValue_dec_18 (TQWT),0.024652777777777777,0.018308675435801794
baseline_male,Boruta,20,std_6th_delta_delta (MFCC),0.022649145299145294,0.016955750604418535
baseline_male,Boruta,20,tqwt_entropy_log_dec_35 (TQWT),0.02246990740740741,0.016109108767427844
baseline_male,Boruta,20,std_delta_log_energy (MFCC),0.02077222222222222,0.022128985191896062
baseline_male,Boruta,20,tqwt_energy_dec_26 (TQWT),0.02025925925925926,0.025149091265945618
baseline_male,Boruta,20,tqwt_entropy_log_dec_33 (TQWT),0.016858796296296295,0.013953299589083189
baseline_male,Boruta,20,mean_MFCC_2nd_coef (MFCC),0.01658538011695906,0.017401396722249843
baseline_male,Boruta,20,std_6th_delta (MFCC),0.016390058479532163,0.01451487279563839
baseline_male,Boruta,20,std_7th_delta_delta (MFCC),0.01578076923076923,0.011181304937170525
baseline_male,Boruta,20,tqwt_entropy_log_dec_12 (TQWT),0.015164750957854408,0.016598260276953686
baseline_male,Boruta,20,tqwt_entropy_log_dec_34 (TQWT),0.014974537037037034,0.012886669232742102
baseline_male,Boruta,20,tqwt_entropy_shannon_dec_12 (TQWT),0.014462643678160924,0.019383001522269808
baseline_male,Boruta,20,std_11th_delta_delta (MFCC),0.014004444444444448,0.007508752317220309
baseline_male,Boruta,20,tqwt_energy_dec_11 (TQWT),0.013630158730158728,0.016092188246756525
baseline_male,Boruta,20,std_7th_delta (MFCC),0.01331578947368421,0.01001717442500628
baseline_male,Boruta,20,tqwt_energy_dec_12 (TQWT),0.013256038647342996,0.020006852986660772
baseline_male,Boruta,20,tqwt_entropy_log_dec_11 (TQWT),0.013251587301587302,0.010145227224017764
baseline_male,Boruta,20,tqwt_TKEO_std_dec_12 (TQWT),0.012813756613756616,0.01679828247855482
baseline_male,Boruta,20,tqwt_TKEO_mean_dec_13 (TQWT),0.012579365079365077,0.012299635514153815
baseline_male,Boruta,20,tqwt_maxValue_dec_12 (TQWT),0.012342995169082122,0.011829186102104048
baseline_male,Boruta,20,apq11Shimmer (Baseline),0.012211111111111112,0.010194774810334628
baseline_male,Boruta,20,std_9th_delta_delta (MFCC),0.012109829059829057,0.010912107781217902
baseline_male,Boruta,20,std_8th_delta_delta (MFCC),0.010481623931623926,0.0069831286614379685
baseline_male,Boruta,20,tqwt_TKEO_std_dec_13 (TQWT),0.01047301587301587,0.01069013153761039
baseline_male,Boruta,20,tqwt_energy_dec_27 (TQWT),0.010120634920634919,0.011001250298943666
baseline_male,Boruta,20,tqwt_stdValue_dec_11 (TQWT),0.009864066193853428,0.009759338280100161
baseline_male,Boruta,20,tqwt_TKEO_std_dec_11 (TQWT),0.009340425531914888,0.01251172263558031
baseline_male,Boruta,20,tqwt_entropy_shannon_dec_11 (TQWT),0.00904373522458629,0.010225273027558893
baseline_male,Boruta,20,tqwt_TKEO_mean_dec_12 (TQWT),0.00889506172839506,0.011181482845153754
baseline_male,Boruta,20,std_12th_delta (MFCC),0.008733333333333333,0.007152930477392773
baseline_male,Boruta,20,tqwt_entropy_shannon_dec_13 (TQWT),0.00835873015873016,0.008277724102717867
baseline_male,Boruta,20,std_9th_delta (MFCC),0.007905982905982906,0.00664144703553264
baseline_male,Boruta,20,std_Log_energy (MFCC),0.007826530612244897,0.008111942207268026
baseline_male,Boruta,20,std_11th_delta (MFCC),0.007753333333333333,0.006720467594199431
baseline_male,Boruta,20,std_12th_delta_delta (MFCC),0.007648888888888887,0.00836370920295724
baseline_male,Boruta,20,tqwt_stdValue_dec_12 (TQWT),0.007648148148148147,0.009917960074922173
baseline_male,Boruta,20,std_8th_delta (MFCC),0.007371674491392801,0.0075444153726400825
baseline_male,Boruta,20,tqwt_stdValue_dec_13 (TQWT),0.006188888888888888,0.004758599203732793
baseline_male,Boruta,20,std_10th_delta_delta (MFCC),0.006110441767068274,0.0060040650679266646
baseline_female,Boruta,20,tqwt_energy_dec_26 (TQWT),0.05027116402116401,0.030779543958263246
baseline_female,Boruta,20,std_delta_delta_log_energy (MFCC),0.04676958105646631,0.031702849369571316
baseline_female,Boruta,20,mean_MFCC_2nd_coef (MFCC),0.035834381551362676,0.027733026322156046
baseline_female,Boruta,20,tqwt_entropy_log_dec_12 (TQWT),0.03116540404040404,0.01745116166181941
baseline_female,Boruta,20,std_delta_log_energy (MFCC),0.028476320582877957,0.02322559702309693
baseline_female,Boruta,20,tqwt_kurtosisValue_dec_18 (TQWT),0.02765873015873015,0.015763894853505617
baseline_female,Boruta,20,tqwt_entropy_log_dec_33 (TQWT),0.02408119658119658,0.018075054832769034
baseline_female,Boruta,20,std_6th_delta_delta (MFCC),0.023705828779599272,0.020088960810598213
baseline_female,Boruta,20,std_7th_delta_delta (MFCC),0.021924863387978142,0.012977508393605291
baseline_female,Boruta,20,tqwt_entropy_shannon_dec_12 (TQWT),0.021459595959595956,0.017645951670366006
baseline_female,Boruta,20,tqwt_TKEO_std_dec_12 (TQWT),0.01970138888888889,0.018604029167833082
baseline_female,Boruta,20,tqwt_maxValue_dec_12 (TQWT),0.01966666666666667,0.011618978842568
baseline_female,Boruta,20,tqwt_TKEO_std_dec_13 (TQWT),0.018503472222222227,0.013724298549138262
baseline_female,Boruta,20,tqwt_entropy_log_dec_35 (TQWT),0.018329059829059823,0.02062030434297591
baseline_female,Boruta,20,tqwt_energy_dec_12 (TQWT),0.01821367521367521,0.0182705911320488
baseline_female,Boruta,20,std_9th_delta_delta (MFCC),0.018152094717668484,0.01682090097025048
baseline_female,Boruta,20,std_6th_delta (MFCC),0.017338574423480083,0.011609902788407548
baseline_female,Boruta,20,tqwt_entropy_log_dec_34 (TQWT),0.016391025641025642,0.015070249806736094
baseline_female,Boruta,20,tqwt_energy_dec_27 (TQWT),0.01610763888888889,0.00920892834208269
baseline_female,Boruta,20,tqwt_TKEO_mean_dec_13 (TQWT),0.015569444444444447,0.009914041510410069
baseline_female,Boruta,20,tqwt_TKEO_mean_dec_12 (TQWT),0.015416666666666665,0.014429909517257412
baseline_female,Boruta,20,std_7th_delta (MFCC),0.014789832285115306,0.010258639748601504
baseline_female,Boruta,20,apq11Shimmer (Baseline),0.014297008547008544,0.009570489131662092
baseline_female,Boruta,20,tqwt_entropy_log_dec_11 (TQWT),0.014172222222222223,0.011349472333008214
baseline_female,Boruta,20,tqwt_stdValue_dec_11 (TQWT),0.014067307692307697,0.010869423405950884
baseline_female,Boruta,20,tqwt_energy_dec_11 (TQWT),0.013832638888888886,0.01574689757816464
baseline_female,Boruta,20,std_12th_delta_delta (MFCC),0.013696581196581192,0.012963422389566734
baseline_female,Boruta,20,std_11th_delta_delta (MFCC),0.012205128205128205,0.012113339309743999
baseline_female,Boruta,20,std_8th_delta_delta (MFCC),0.012027322404371585,0.00956642309497903
baseline_female,Boruta,20,tqwt_stdValue_dec_12 (TQWT),0.01196825396825397,0.009918476715194956
baseline_female,Boruta,20,std_9th_delta (MFCC),0.01160063752276867,0.010983291428904094
baseline_female,Boruta,20,tqwt_entropy_shannon_dec_11 (TQWT),0.011349358974358974,0.01159838356748688
baseline_female,Boruta,20,std_12th_delta (MFCC),0.011226495726495728,0.008379223186631396
baseline_female,Boruta,20,std_8th_delta (MFCC),0.010454166666666672,0.009477774105720722
baseline_female,Boruta,20,tqwt_entropy_shannon_dec_13 (TQWT),0.009524305555555557,0.006506042797899573
baseline_female,Boruta,20,std_11th_delta (MFCC),0.008854700854700855,0.009160637882663325
baseline_female,Boruta,20,std_10th_delta_delta (MFCC),0.00875079365079365,0.006881994004092694
baseline_female,Boruta,20,tqwt_stdValue_dec_13 (TQWT),0.007274305555555555,0.00672329579620577
baseline_female,Boruta,20,tqwt_TKEO_std_dec_11 (TQWT),0.006867521367521368,0.00783333831957558
baseline_female,Boruta,20,std_Log_energy (MFCC),0.005571581196581197,0.0048163071331934265
baseline,Boruta,30,std_delta_delta_log_energy (MFCC),0.026856040564373903,0.02610810643730025
baseline,Boruta,30,tqwt_energy_dec_26 (TQWT),0.026349521707137606,0.019562624345421324
baseline,Boruta,30,tqwt_kurtosisValue_dec_26 (TQWT),0.023887799564270156,0.016255046787890838
baseline,Boruta,30,tqwt_TKEO_std_dec_19 (TQWT),0.02170043572984749,0.01866099106500479
baseline,Boruta,30,tqwt_kurtosisValue_dec_20 (TQWT),0.020287581699346403,0.01631327352240671
baseline,Boruta,30,std_delta_log_energy (MFCC),0.01909193121693122,0.01809401596763983
baseline,Boruta,30,std_6th_delta_delta (MFCC),0.019081569664903,0.01486365172428088
baseline,Boruta,30,tqwt_entropy_log_dec_33 (TQWT),0.018435555555555552,0.013079516273957759
baseline,Boruta,30,tqwt_entropy_log_dec_12 (TQWT),0.017163073521282476,0.014601111169541865
baseline,Boruta,30,tqwt_entropy_log_dec_27 (TQWT),0.016690749863163653,0.01602708565526665
baseline,Boruta,30,std_7th_delta_delta (MFCC),0.016623897707231036,0.008967282155794707
baseline,Boruta,30,mean_MFCC_2nd_coef (MFCC),0.01643276014109347,0.015526515987639654
baseline,Boruta,30,tqwt_kurtosisValue_dec_18 (TQWT),0.01583188090050835,0.011546143856866892
baseline,Boruta,30,tqwt_entropy_log_dec_35 (TQWT),0.015820132013201323,0.018502103223050275
baseline,Boruta,30,DFA (Baseline),0.014672113289760345,0.009781763717534659
baseline,Boruta,30,tqwt_entropy_log_dec_26 (TQWT),0.014343137254901961,0.013675118205307646
baseline,Boruta,30,std_6th_delta (MFCC),0.014164179104477618,0.012115741786764106
baseline,Boruta,30,std_9th_delta_delta (MFCC),0.014059082892416227,0.012585315904091407
baseline,Boruta,30,std_4th_delta_delta (MFCC),0.01348111111111111,0.013205871977478733
baseline,Boruta,30,locAbsJitter (Baseline),0.013311546840958605,0.007918990720976373
baseline,Boruta,30,tqwt_entropy_log_dec_34 (TQWT),0.013051111111111109,0.015996200456141446
baseline,Boruta,30,std_7th_delta (MFCC),0.01286622443338861,0.007950908101236017
baseline,Boruta,30,tqwt_TKEO_std_dec_12 (TQWT),0.011941137566137567,0.011756526692929573
baseline,Boruta,30,tqwt_energy_dec_11 (TQWT),0.011464814814814815,0.012537404921891895
baseline,Boruta,30,GQ_std_cycle_open (Vocal Fold),0.010795206971677558,0.008833964242861843
baseline,Boruta,30,tqwt_entropy_log_dec_11 (TQWT),0.01031288004422333,0.00876303258394896
baseline,Boruta,30,tqwt_TKEO_mean_dec_12 (TQWT),0.009906301824212276,0.009409754805898323
baseline,Boruta,30,tqwt_stdValue_dec_12 (TQWT),0.009867882808181313,0.009720145269646147
baseline,Boruta,30,tqwt_TKEO_std_dec_13 (TQWT),0.009787581699346402,0.009169342418367683
baseline,Boruta,30,std_11th_delta_delta (MFCC),0.009373068432671085,0.00791952770711194
baseline,Boruta,30,tqwt_stdValue_dec_11 (TQWT),0.009369541182974018,0.008210896063593579
baseline,Boruta,30,tqwt_TKEO_mean_dec_13 (TQWT),0.008763616557734201,0.006811572496523585
baseline,Boruta,30,tqwt_energy_dec_27 (TQWT),0.008751089324618735,0.008875040659893543
baseline,Boruta,30,std_8th_delta_delta (MFCC),0.008730379188712523,0.006651358037366143
baseline,Boruta,30,tqwt_maxValue_dec_11 (TQWT),0.008382352941176471,0.007539512931612891
baseline,Boruta,30,std_4th_delta (MFCC),0.008378987898789879,0.00594135448859613
baseline,Boruta,30,tqwt_stdValue_dec_13 (TQWT),0.008281045751633988,0.0056591949770349575
baseline,Boruta,30,tqwt_entropy_shannon_dec_12 (TQWT),0.00788253178551686,0.006865875622560039
baseline,Boruta,30,std_9th_delta (MFCC),0.007870370370370371,0.005907848469151999
baseline,Boruta,30,tqwt_energy_dec_12 (TQWT),0.00730169242089772,0.009374290118286466
baseline,Boruta,30,minIntensity (Intensity),0.007290555555555555,0.006413295866183915
baseline,Boruta,30,tqwt_maxValue_dec_12 (TQWT),0.007228333333333333,0.0056750538789663765
baseline,Boruta,30,tqwt_entropy_shannon_dec_11 (TQWT),0.007207070707070707,0.0048491561587368425
baseline,Boruta,30,std_8th_delta (MFCC),0.006800442233278055,0.006540400032393152
baseline,Boruta,30,tqwt_TKEO_std_dec_11 (TQWT),0.006705387205387205,0.00900594653448892
baseline,Boruta,30,tqwt_TKEO_mean_dec_11 (TQWT),0.00669888888888889,0.007285554559869974
baseline,Boruta,30,apq11Shimmer (Baseline),0.006697167755991285,0.006024876485245342
baseline,Boruta,30,std_12th_delta_delta (MFCC),0.006643246187363835,0.006358756548064544
baseline,Boruta,30,std_10th_delta_delta (MFCC),0.006442901234567902,0.005558526217048133
baseline,Boruta,30,tqwt_entropy_log_dec_13 (TQWT),0.005749455337690631,0.0048599585837030964
baseline,Boruta,30,std_Log_energy (MFCC),0.005379767827529022,0.006870658110907371
baseline,Boruta,30,tqwt_entropy_shannon_dec_13 (TQWT),0.005336601307189542,0.004255520605561088
baseline,Boruta,30,tqwt_minValue_dec_12 (TQWT),0.00501692420897719,0.005280640144126023
baseline,Boruta,30,std_12th_delta (MFCC),0.004801742919389978,0.004719653432318315
baseline,Boruta,30,std_11th_delta (MFCC),0.004501089324618735,0.00417282425413023
baseline,Boruta,30,tqwt_entropy_log_dec_28 (TQWT),0.00430718954248366,0.004055315516125534
baseline,Boruta,30,std_MFCC_8th_coef (MFCC),0.004058956916099773,0.0027704410300844174
baseline_male,Boruta,30,tqwt_TKEO_std_dec_19 (TQWT),0.029480676328502417,0.024160775756518416
baseline_male,Boruta,30,tqwt_kurtosisValue_dec_20 (TQWT),0.022733333333333335,0.016623222223564754
baseline_male,Boruta,30,std_delta_delta_log_energy (MFCC),0.02231239316239316,0.02639130922803764
baseline_male,Boruta,30,std_delta_log_energy (MFCC),0.017686324786324786,0.017282852332421446
baseline_male,Boruta,30,std_6th_delta_delta (MFCC),0.017552564102564103,0.013641501397915819
baseline_male,Boruta,30,tqwt_energy_dec_26 (TQWT),0.015923694779116464,0.016771871610914146
baseline_male,Boruta,30,tqwt_entropy_log_dec_35 (TQWT),0.015666666666666662,0.01847552469150099
baseline_male,Boruta,30,tqwt_kurtosisValue_dec_18 (TQWT),0.015410977242302542,0.012817054155388058
baseline_male,Boruta,30,std_6th_delta (MFCC),0.014787719298245608,0.013056533557117212
baseline_male,Boruta,30,tqwt_entropy_log_dec_34 (TQWT),0.013861111111111109,0.012806065171016397
baseline_male,Boruta,30,std_7th_delta_delta (MFCC),0.013354273504273501,0.008763380203434973
baseline_male,Boruta,30,mean_MFCC_2nd_coef (MFCC),0.012653418803418802,0.015380298904581653
baseline_male,Boruta,30,tqwt_kurtosisValue_dec_26 (TQWT),0.011962222222222221,0.012922080334070057
baseline_male,Boruta,30,DFA (Baseline),0.01192753623188406,0.009874104503984772
baseline_male,Boruta,30,std_4th_delta_delta (MFCC),0.011615740740740739,0.011871990645417874
baseline_male,Boruta,30,tqwt_energy_dec_11 (TQWT),0.01152142857142857,0.015188543594936203
baseline_male,Boruta,30,tqwt_entropy_log_dec_33 (TQWT),0.01112962962962963,0.009986345224390451
baseline_male,Boruta,30,apq11Shimmer (Baseline),0.011008888888888891,0.008218483039068917
baseline_male,Boruta,30,tqwt_entropy_log_dec_12 (TQWT),0.010605820105820106,0.012715380875805172
baseline_male,Boruta,30,std_9th_delta_delta (MFCC),0.01058846153846154,0.009169292024019022
baseline_male,Boruta,30,std_7th_delta (MFCC),0.010573684210526315,0.008132198837701866
baseline_male,Boruta,30,GQ_std_cycle_open (Vocal Fold),0.009442857142857142,0.00882906369270636
baseline_male,Boruta,30,tqwt_entropy_log_dec_27 (TQWT),0.009157840083073725,0.013303097552331437
baseline_male,Boruta,30,tqwt_TKEO_std_dec_12 (TQWT),0.008567948717948718,0.010520169339590846
baseline_male,Boruta,30,tqwt_entropy_log_dec_11 (TQWT),0.008257894736842105,0.008089040205865244
baseline_male,Boruta,30,tqwt_TKEO_mean_dec_13 (TQWT),0.00817142857142857,0.006451969865119887
baseline_male,Boruta,30,std_8th_delta_delta (MFCC),0.008011111111111113,0.005665181182043804
baseline_male,Boruta,30,std_4th_delta (MFCC),0.007870748299319727,0.005395534680593322
baseline_male,Boruta,30,tqwt_TKEO_mean_dec_11 (TQWT),0.007599537037037034,0.005523152274765935
baseline_male,Boruta,30,tqwt_TKEO_std_dec_13 (TQWT),0.007596825396825395,0.0063649170703293
baseline_male,Boruta,30,std_11th_delta_delta (MFCC),0.00748929049531459,0.005442812949296061
baseline_male,Boruta,30,tqwt_stdValue_dec_12 (TQWT),0.00722169312169312,0.008429139627478262
baseline_male,Boruta,30,tqwt_maxValue_dec_11 (TQWT),0.007113526570048307,0.009274477098591947
baseline_male,Boruta,30,tqwt_stdValue_dec_13 (TQWT),0.006941269841269842,0.0055405932521412895
baseline_male,Boruta,30,std_9th_delta (MFCC),0.0068128205128205116,0.005253296270104312
baseline_male,Boruta,30,tqwt_TKEO_std_dec_11 (TQWT),0.0066903073286052,0.010598621907278602
baseline_male,Boruta,30,tqwt_stdValue_dec_11 (TQWT),0.006628654970760234,0.00799205013496538
baseline_male,Boruta,30,tqwt_energy_dec_27 (TQWT),0.0065490740740740735,0.007585529225979025
baseline_male,Boruta,30,tqwt_entropy_shannon_dec_13 (TQWT),0.006442857142857142,0.005346729398661883
baseline_male,Boruta,30,tqwt_entropy_log_dec_13 (TQWT),0.006120634920634922,0.00595897186994919
baseline_male,Boruta,30,tqwt_maxValue_dec_12 (TQWT),0.006094202898550726,0.005894000018773788
baseline_male,Boruta,30,std_Log_energy (MFCC),0.0058871345029239755,0.007641110585861611
baseline_male,Boruta,30,tqwt_TKEO_mean_dec_12 (TQWT),0.005797883597883599,0.007490526862358944
baseline_male,Boruta,30,std_8th_delta (MFCC),0.005746783625730994,0.006957823024353853
baseline_male,Boruta,30,tqwt_energy_dec_12 (TQWT),0.005588477366255145,0.009329191072874976
baseline_male,Boruta,30,minIntensity (Intensity),0.005339120370370369,0.004853943405810193
baseline_male,Boruta,30,tqwt_entropy_shannon_dec_11 (TQWT),0.0052257683215130015,0.004508507599473812
baseline_male,Boruta,30,tqwt_entropy_shannon_dec_12 (TQWT),0.0052227513227513225,0.0058662879431560355
baseline_male,Boruta,30,std_12th_delta_delta (MFCC),0.005074074074074074,0.00495868161373945
baseline_male,Boruta,30,std_10th_delta_delta (MFCC),0.004851282051282051,0.004897882340631556
baseline_male,Boruta,30,std_12th_delta (MFCC),0.004686666666666667,0.004598109678184353
baseline_male,Boruta,30,tqwt_entropy_log_dec_26 (TQWT),0.004456521739130434,0.005649097054194301
baseline_male,Boruta,30,locAbsJitter (Baseline),0.004199999999999999,0.0062067724321118786
baseline_male,Boruta,30,std_11th_delta (MFCC),0.004022222222222222,0.0036206503710119694
baseline_male,Boruta,30,tqwt_minValue_dec_12 (TQWT),0.003877229080932784,0.004382549815707535
baseline_male,Boruta,30,std_MFCC_8th_coef (MFCC),0.003504830917874397,0.0025627693568767295
baseline_male,Boruta,30,tqwt_entropy_log_dec_28 (TQWT),0.002611111111111111,0.002422419888895837
baseline_female,Boruta,30,tqwt_energy_dec_26 (TQWT),0.034813725490196075,0.023248641680018025
baseline_female,Boruta,30,std_delta_delta_log_energy (MFCC),0.03336885245901639,0.025258790499395004
baseline_female,Boruta,30,tqwt_kurtosisValue_dec_26 (TQWT),0.028514957264957265,0.016299576077345702
baseline_female,Boruta,30,std_delta_log_energy (MFCC),0.022914845173041896,0.01739016293312109
baseline_female,Boruta,30,tqwt_entropy_log_dec_27 (TQWT),0.020921296296296292,0.01563306556143175
baseline_female,Boruta,30,tqwt_kurtosisValue_dec_20 (TQWT),0.020295138888888887,0.011871068570732472
baseline_female,Boruta,30,tqwt_entropy_log_dec_12 (TQWT),0.020109374999999995,0.01288256229258822
baseline_female,Boruta,30,tqwt_entropy_log_dec_33 (TQWT),0.0198076923076923,0.01301093104986445
baseline_female,Boruta,30,mean_MFCC_2nd_coef (MFCC),0.019265482695810562,0.01569407478552566
baseline_female,Boruta,30,std_6th_delta_delta (MFCC),0.019091074681238614,0.016955772691876293
baseline_female,Boruta,30,tqwt_entropy_log_dec_26 (TQWT),0.01816468253968254,0.014742059193641209
baseline_female,Boruta,30,std_7th_delta_delta (MFCC),0.017723132969034612,0.009881535711958704
baseline_female,Boruta,30,tqwt_entropy_log_dec_34 (TQWT),0.01713675213675214,0.01897651285426382
baseline_female,Boruta,30,tqwt_entropy_log_dec_35 (TQWT),0.017009259259259255,0.016907727431963775
baseline_female,Boruta,30,DFA (Baseline),0.01673611111111111,0.009174064496891662
baseline_female,Boruta,30,std_9th_delta_delta (MFCC),0.01657058287795993,0.015470198576036485
baseline_female,Boruta,30,std_4th_delta_delta (MFCC),0.015467948717948708,0.013070545014043868
baseline_female,Boruta,30,std_6th_delta (MFCC),0.015268343815513629,0.00978460474382484
baseline_female,Boruta,30,locAbsJitter (Baseline),0.015087606837606838,0.008201851248063687
baseline_female,Boruta,30,tqwt_kurtosisValue_dec_18 (TQWT),0.01502063492063492,0.011875085164094181
baseline_female,Boruta,30,tqwt_TKEO_std_dec_12 (TQWT),0.01357969034608379,0.01229875235018281
baseline_female,Boruta,30,tqwt_TKEO_std_dec_13 (TQWT),0.01345138888888889,0.011261503618566442
baseline_female,Boruta,30,GQ_std_cycle_open (Vocal Fold),0.01282291666666667,0.008699569719122455
baseline_female,Boruta,30,std_7th_delta (MFCC),0.012782494758909857,0.007525767233023067
baseline_female,Boruta,30,tqwt_entropy_log_dec_11 (TQWT),0.011980083857442349,0.009483172041744117
baseline_female,Boruta,30,tqwt_stdValue_dec_12 (TQWT),0.011882523148148149,0.009078250147727797
baseline_female,Boruta,30,tqwt_energy_dec_27 (TQWT),0.011592592592592588,0.009126896893993064
baseline_female,Boruta,30,tqwt_TKEO_mean_dec_12 (TQWT),0.011304976851851854,0.009420576276141894
baseline_female,Boruta,30,tqwt_maxValue_dec_11 (TQWT),0.011277777777777779,0.007539336083272078
baseline_female,Boruta,30,tqwt_stdValue_dec_11 (TQWT),0.010781446540880502,0.008994264340731665
baseline_female,Boruta,30,tqwt_TKEO_mean_dec_11 (TQWT),0.010173076923076924,0.007418214114926896
baseline_female,Boruta,30,tqwt_energy_dec_11 (TQWT),0.009703472222222226,0.011055265084117962
baseline_female,Boruta,30,minIntensity (Intensity),0.009448717948717949,0.008371110403355506
baseline_female,Boruta,30,tqwt_energy_dec_12 (TQWT),0.009219047619047618,0.0104614254160778
baseline_female,Boruta,30,std_9th_delta (MFCC),0.00907103825136612,0.00799352624384344
baseline_female,Boruta,30,std_8th_delta_delta (MFCC),0.009061475409836064,0.007433260667366183
baseline_female,Boruta,30,std_11th_delta_delta (MFCC),0.008827614379084968,0.00884839129080133
baseline_female,Boruta,30,std_12th_delta_delta (MFCC),0.008641534391534391,0.008139316582294102
baseline_female,Boruta,30,tqwt_entropy_shannon_dec_12 (TQWT),0.008551504629629631,0.007677575789824268
baseline_female,Boruta,30,tqwt_stdValue_dec_13 (TQWT),0.008315972222222225,0.005761845603251892
baseline_female,Boruta,30,std_4th_delta (MFCC),0.00826923076923077,0.00486382526930652
baseline_female,Boruta,30,tqwt_TKEO_std_dec_19 (TQWT),0.008218253968253968,0.009760415649358575
baseline_female,Boruta,30,std_8th_delta (MFCC),0.007896750524109018,0.00649163606992176
baseline_female,Boruta,30,tqwt_TKEO_mean_dec_13 (TQWT),0.007836805555555555,0.007886419603641226
baseline_female,Boruta,30,tqwt_minValue_dec_12 (TQWT),0.007664285714285714,0.006539994296971531
baseline_female,Boruta,30,tqwt_maxValue_dec_12 (TQWT),0.007657407407407409,0.00587138579489706
baseline_female,Boruta,30,std_10th_delta_delta (MFCC),0.006962659380692169,0.005429047167952159
baseline_female,Boruta,30,tqwt_TKEO_std_dec_11 (TQWT),0.00694230769230769,0.0075360460870314205
baseline_female,Boruta,30,tqwt_entropy_log_dec_28 (TQWT),0.006643162393162392,0.004405061069901645
baseline_female,Boruta,30,tqwt_entropy_shannon_dec_11 (TQWT),0.006550213675213674,0.004619400412294012
baseline_female,Boruta,30,tqwt_entropy_shannon_dec_13 (TQWT),0.006152777777777778,0.00447105655630841
baseline_female,Boruta,30,apq11Shimmer (Baseline),0.006004273504273504,0.005625325025656885
baseline_female,Boruta,30,std_MFCC_8th_coef (MFCC),0.005818376068376067,0.0034518106900577614
baseline_female,Boruta,30,std_12th_delta (MFCC),0.0057029914529914535,0.004987332252666048
baseline_female,Boruta,30,std_Log_energy (MFCC),0.005372117400419287,0.005905634105205073
baseline_female,Boruta,30,tqwt_entropy_log_dec_13 (TQWT),0.00529513888888889,0.0038545112778018103
baseline_female,Boruta,30,std_11th_delta (MFCC),0.004737179487179489,0.004749384347644616
baseline,Boruta,40,tqwt_entropy_log_dec_33 (TQWT),0.023360836083608356,0.019767634123175063
baseline,Boruta,40,std_delta_delta_log_energy (MFCC),0.023029982363315698,0.0205691313888653
baseline,Boruta,40,tqwt_kurtosisValue_dec_26 (TQWT),0.01778722222222222,0.013518062694557874
baseline,Boruta,40,std_6th_delta_delta (MFCC),0.017242283950617283,0.013185462287430278
baseline,Boruta,40,std_delta_log_energy (MFCC),0.01701521164021164,0.017252051634273718
baseline,Boruta,40,tqwt_energy_dec_26 (TQWT),0.016438557763061072,0.01253536647508214
baseline,Boruta,40,tqwt_entropy_log_dec_27 (TQWT),0.01583884479717813,0.015618005040032454
baseline,Boruta,40,tqwt_TKEO_std_dec_19 (TQWT),0.01482135076252723,0.012067868273007664
baseline,Boruta,40,DFA (Baseline),0.01457843137254902,0.011871919062678702
baseline,Boruta,40,tqwt_entropy_log_dec_34 (TQWT),0.013905555555555556,0.017265726187176988
baseline,Boruta,40,mean_MFCC_2nd_coef (MFCC),0.013384700176366844,0.01446756692089246
baseline,Boruta,40,tqwt_entropy_log_dec_26 (TQWT),0.012849049707602339,0.011220214797238982
baseline,Boruta,40,std_7th_delta_delta (MFCC),0.012599867724867726,0.008570650759089585
baseline,Boruta,40,tqwt_kurtosisValue_dec_18 (TQWT),0.011920116194625999,0.007990846266351062
baseline,Boruta,40,tqwt_entropy_log_dec_35 (TQWT),0.011891376451077943,0.013540379001171613
baseline,Boruta,40,std_4th_delta_delta (MFCC),0.011815555555555551,0.009751845399206874
baseline,Boruta,40,locAbsJitter (Baseline),0.011644114411441144,0.011538277517177056
baseline,Boruta,40,std_6th_delta (MFCC),0.011283289241622575,0.008788879437337718
baseline,Boruta,40,tqwt_kurtosisValue_dec_36 (TQWT),0.01126470588235294,0.008645740381471806
baseline,Boruta,40,tqwt_entropy_log_dec_12 (TQWT),0.01120194003527337,0.009005353933574895
baseline,Boruta,40,std_7th_delta (MFCC),0.01104298941798942,0.0077568614796202145
baseline,Boruta,40,tqwt_stdValue_dec_19 (TQWT),0.010745098039215688,0.010669203008887648
baseline,Boruta,40,tqwt_kurtosisValue_dec_20 (TQWT),0.010676296296296298,0.01160577624197445
baseline,Boruta,40,tqwt_TKEO_mean_dec_13 (TQWT),0.010546840958605664,0.006337990482892455
baseline,Boruta,40,std_9th_delta_delta (MFCC),0.010399029982363316,0.008295504723422102
baseline,Boruta,40,tqwt_kurtosisValue_dec_17 (TQWT),0.009977324263038548,0.006010601980699522
baseline,Boruta,40,std_11th_delta (MFCC),0.009700435729847494,0.007754793826677182
baseline,Boruta,40,std_8th_delta_delta (MFCC),0.009352733686067021,0.007392670227395095
baseline,Boruta,40,apq11Shimmer (Baseline),0.009306100217864925,0.005662067842239637
baseline,Boruta,40,tqwt_energy_dec_27 (TQWT),0.008859823399558498,0.007855553420103401
baseline,Boruta,40,tqwt_TKEO_mean_dec_12 (TQWT),0.008126102292768961,0.007711924238305659
baseline,Boruta,40,tqwt_energy_dec_11 (TQWT),0.008055185185185186,0.010305449075663999
baseline,Boruta,40,tqwt_entropy_log_dec_13 (TQWT),0.008006535947712421,0.004618797498665354
baseline,Boruta,40,tqwt_TKEO_std_dec_12 (TQWT),0.007916005291005291,0.007850111166789336
baseline,Boruta,40,std_11th_delta_delta (MFCC),0.00773707370737074,0.005696791804062826
baseline,Boruta,40,tqwt_entropy_log_dec_11 (TQWT),0.007575617283950617,0.006337245740639152
baseline,Boruta,40,tqwt_entropy_shannon_dec_12 (TQWT),0.007389165284687672,0.007173778733269198
baseline,Boruta,40,tqwt_energy_dec_12 (TQWT),0.0069969135802469135,0.007840729073498252
baseline,Boruta,40,std_4th_delta (MFCC),0.006844884488448843,0.0054113664385607675
baseline,Boruta,40,std_9th_delta (MFCC),0.0067742504409171065,0.005642041660184163
baseline,Boruta,40,tqwt_TKEO_std_dec_11 (TQWT),0.006689883913764512,0.008250692942999257
baseline,Boruta,40,tqwt_entropy_shannon_dec_34 (TQWT),0.006678888888888888,0.007565993442605674
baseline,Boruta,40,tqwt_maxValue_dec_13 (TQWT),0.006452222222222223,0.004522347855385339
baseline,Boruta,40,tqwt_kurtosisValue_dec_27 (TQWT),0.006305010893246188,0.006969828220803733
baseline,Boruta,40,tqwt_stdValue_dec_12 (TQWT),0.006153439153439154,0.005977931078062926
baseline,Boruta,40,tqwt_stdValue_dec_11 (TQWT),0.006122166943062467,0.006522705088787569
baseline,Boruta,40,std_12th_delta (MFCC),0.00607843137254902,0.004696025242561562
baseline,Boruta,40,tqwt_TKEO_std_dec_13 (TQWT),0.006014161220043573,0.005848744598141312
baseline,Boruta,40,std_8th_delta (MFCC),0.005923438363736871,0.006137534652104465
baseline,Boruta,40,minIntensity (Intensity),0.005897964796479647,0.004834648199781954
baseline,Boruta,40,tqwt_maxValue_dec_12 (TQWT),0.005869817578772803,0.0060493735145615716
baseline,Boruta,40,tqwt_maxValue_dec_11 (TQWT),0.005727222222222221,0.004606127031535861
baseline,Boruta,40,tqwt_entropy_shannon_dec_11 (TQWT),0.005403880070546737,0.005437316049562609
baseline,Boruta,40,std_10th_delta_delta (MFCC),0.0051776895943562605,0.004505530462732904
baseline,Boruta,40,GQ_std_cycle_open (Vocal Fold),0.005108910891089109,0.005686989704617183
baseline,Boruta,40,std_Log_energy (MFCC),0.005038142620232173,0.0053926929986173894
baseline,Boruta,40,tqwt_minValue_dec_13 (TQWT),0.004659041394335511,0.0030655807019130815
baseline,Boruta,40,tqwt_stdValue_dec_13 (TQWT),0.004577342047930284,0.0036304041258353893
baseline,Boruta,40,std_5th_delta (MFCC),0.004563333333333334,0.002504855091731695
baseline,Boruta,40,std_MFCC_8th_coef (MFCC),0.004473922902494332,0.003337993356797979
baseline,Boruta,40,tqwt_minValue_dec_12 (TQWT),0.004467385295743506,0.004439104961627346
baseline,Boruta,40,meanIntensity (Intensity),0.004455337690631808,0.003328889940629307
baseline,Boruta,40,tqwt_entropy_shannon_dec_13 (TQWT),0.004145969498910673,0.0033239627202678165
baseline,Boruta,40,std_12th_delta_delta (MFCC),0.004083877995642702,0.0034695723521935965
baseline,Boruta,40,tqwt_TKEO_mean_dec_11 (TQWT),0.003982962962962963,0.003365153409879389
baseline,Boruta,40,tqwt_entropy_log_dec_28 (TQWT),0.003640522875816993,0.0031566738481005187
baseline,Boruta,40,std_5th_delta_delta (MFCC),0.0034877777777777776,0.0029373965570608208
baseline,Boruta,40,std_10th_delta (MFCC),0.0033644444444444438,0.0030578399622499955
baseline_male,Boruta,40,std_delta_delta_log_energy (MFCC),0.020128205128205123,0.021378826330721502
baseline_male,Boruta,40,tqwt_stdValue_dec_19 (TQWT),0.01891062801932367,0.018646842145130432
baseline_male,Boruta,40,tqwt_TKEO_std_dec_19 (TQWT),0.017801932367149758,0.01753959748315723
baseline_male,Boruta,40,DFA (Baseline),0.016653256704980843,0.01513669715508661
baseline_male,Boruta,40,tqwt_entropy_log_dec_33 (TQWT),0.015888888888888886,0.01750916625927333
baseline_male,Boruta,40,std_6th_delta_delta (MFCC),0.015567948717948714,0.010550087878801481
baseline_male,Boruta,40,std_delta_log_energy (MFCC),0.014688888888888888,0.016452777210539147
baseline_male,Boruta,40,tqwt_energy_dec_26 (TQWT),0.013022757697456495,0.012945559765157202
baseline_male,Boruta,40,tqwt_entropy_log_dec_34 (TQWT),0.012636574074074073,0.013213496869558125
baseline_male,Boruta,40,tqwt_kurtosisValue_dec_18 (TQWT),0.012549531459170008,0.00869455041924802
baseline_male,Boruta,40,tqwt_kurtosisValue_dec_20 (TQWT),0.011367886178861787,0.011340496070032804
baseline_male,Boruta,40,std_6th_delta (MFCC),0.011366239316239314,0.00996677498714504
baseline_male,Boruta,40,tqwt_entropy_log_dec_35 (TQWT),0.011147089947089949,0.011241079871525358
baseline_male,Boruta,40,std_7th_delta_delta (MFCC),0.010515811965811967,0.008110576709833565
baseline_male,Boruta,40,mean_MFCC_2nd_coef (MFCC),0.009417094017094018,0.012062644426592514
baseline_male,Boruta,40,std_4th_delta_delta (MFCC),0.009152777777777779,0.008246199390134016
baseline_male,Boruta,40,std_7th_delta (MFCC),0.009150427350427351,0.007193664386144119
baseline_male,Boruta,40,tqwt_kurtosisValue_dec_17 (TQWT),0.0089975845410628,0.006436053775210752
baseline_male,Boruta,40,apq11Shimmer (Baseline),0.008951111111111108,0.007735092867035382
baseline_male,Boruta,40,tqwt_entropy_log_dec_27 (TQWT),0.008848717948717949,0.013065171482390064
baseline_male,Boruta,40,tqwt_energy_dec_11 (TQWT),0.008681746031746032,0.011125840535076852
baseline_male,Boruta,40,std_8th_delta_delta (MFCC),0.008679059829059829,0.0055270674844663465
baseline_male,Boruta,40,tqwt_kurtosisValue_dec_36 (TQWT),0.008315972222222221,0.006314587603984254
baseline_male,Boruta,40,std_9th_delta_delta (MFCC),0.008164102564102564,0.006724682797922128
baseline_male,Boruta,40,tqwt_entropy_log_dec_13 (TQWT),0.007974603174603174,0.005702600103869106
baseline_male,Boruta,40,std_11th_delta_delta (MFCC),0.007375786163522012,0.00511060943235862
baseline_male,Boruta,40,tqwt_entropy_log_dec_12 (TQWT),0.007312393162393163,0.008844392696832756
baseline_male,Boruta,40,tqwt_TKEO_mean_dec_13 (TQWT),0.007038095238095238,0.006584439096638241
baseline_male,Boruta,40,std_4th_delta (MFCC),0.006716553287981859,0.004020183806859894
baseline_male,Boruta,40,tqwt_kurtosisValue_dec_26 (TQWT),0.006660879629629629,0.007645364476441895
baseline_male,Boruta,40,tqwt_entropy_shannon_dec_34 (TQWT),0.006321759259259259,0.006853275971431591
baseline_male,Boruta,40,tqwt_entropy_log_dec_11 (TQWT),0.006276068376068376,0.006393682385630844
baseline_male,Boruta,40,tqwt_kurtosisValue_dec_27 (TQWT),0.006236507936507938,0.00465777432040901
baseline_male,Boruta,40,tqwt_TKEO_std_dec_12 (TQWT),0.006195726495726497,0.006893610168353272
baseline_male,Boruta,40,tqwt_entropy_log_dec_26 (TQWT),0.0058757716049382715,0.007291645030934639
baseline_male,Boruta,40,tqwt_energy_dec_27 (TQWT),0.005815930388219545,0.00808922912371279
baseline_male,Boruta,40,tqwt_TKEO_std_dec_13 (TQWT),0.005624521072796935,0.005287357128275877
baseline_male,Boruta,40,std_9th_delta (MFCC),0.005547435897435896,0.005178693521301332
baseline_male,Boruta,40,std_11th_delta (MFCC),0.0055288888888888905,0.003985086060665556
baseline_male,Boruta,40,std_Log_energy (MFCC),0.005466081871345029,0.006739248352591387
baseline_male,Boruta,40,tqwt_energy_dec_12 (TQWT),0.005381196581196582,0.0072554672424012855
baseline_male,Boruta,40,tqwt_TKEO_std_dec_11 (TQWT),0.005311111111111111,0.009681685219560823
baseline_male,Boruta,40,std_8th_delta (MFCC),0.005176608187134503,0.004855522020226031
baseline_male,Boruta,40,tqwt_maxValue_dec_11 (TQWT),0.005037439613526568,0.00518247789140166
baseline_male,Boruta,40,tqwt_entropy_shannon_dec_13 (TQWT),0.004966666666666666,0.003751951059400529
baseline_male,Boruta,40,std_12th_delta (MFCC),0.004897777777777777,0.004589687923512363
baseline_male,Boruta,40,tqwt_maxValue_dec_12 (TQWT),0.004884126984126983,0.005139428431072807
baseline_male,Boruta,40,tqwt_stdValue_dec_11 (TQWT),0.004819298245614036,0.005985277801950938
baseline_male,Boruta,40,tqwt_minValue_dec_13 (TQWT),0.0048190476190476195,0.0033386267493429943
baseline_male,Boruta,40,locAbsJitter (Baseline),0.004764172335600906,0.006432291169326215
baseline_male,Boruta,40,minIntensity (Intensity),0.004719601677148845,0.004559888141376813
baseline_male,Boruta,40,tqwt_stdValue_dec_12 (TQWT),0.00471025641025641,0.005310155580635499
baseline_male,Boruta,40,tqwt_maxValue_dec_13 (TQWT),0.004706521739130436,0.004122837821978523
baseline_male,Boruta,40,tqwt_minValue_dec_12 (TQWT),0.004703174603174602,0.004446344882334025
baseline_male,Boruta,40,tqwt_entropy_shannon_dec_12 (TQWT),0.004585714285714285,0.0059313026245489614
baseline_male,Boruta,40,std_5th_delta_delta (MFCC),0.004449074074074074,0.0027862897751634993
baseline_male,Boruta,40,tqwt_TKEO_mean_dec_12 (TQWT),0.00444017094017094,0.006153664838509794
baseline_male,Boruta,40,std_10th_delta_delta (MFCC),0.004373504273504274,0.004354369738275016
baseline_male,Boruta,40,std_MFCC_8th_coef (MFCC),0.004345410628019325,0.0032430567915802517
baseline_male,Boruta,40,GQ_std_cycle_open (Vocal Fold),0.0043135593220338985,0.005206386128044625
baseline_male,Boruta,40,std_5th_delta (MFCC),0.0042361111111111115,0.002286715736069961
baseline_male,Boruta,40,tqwt_TKEO_mean_dec_11 (TQWT),0.00408968253968254,0.004374485543354615
baseline_male,Boruta,40,tqwt_entropy_shannon_dec_11 (TQWT),0.004028632478632479,0.005658580157765362
baseline_male,Boruta,40,tqwt_stdValue_dec_13 (TQWT),0.003863492063492064,0.0027534730353888986
baseline_male,Boruta,40,tqwt_entropy_log_dec_28 (TQWT),0.003666666666666667,0.0031082811023798044
baseline_male,Boruta,40,meanIntensity (Intensity),0.0034031746031746037,0.004150016794862327
baseline_male,Boruta,40,std_12th_delta_delta (MFCC),0.002978703703703704,0.0025159966523078765
baseline_male,Boruta,40,std_10th_delta (MFCC),0.002217592592592592,0.0018660752661410968
baseline_female,Boruta,40,tqwt_entropy_log_dec_33 (TQWT),0.029677350427350424,0.019316127674734895
baseline_female,Boruta,40,std_delta_delta_log_energy (MFCC),0.02839708561020036,0.019142767406894887
baseline_female,Boruta,40,tqwt_kurtosisValue_dec_26 (TQWT),0.021842948717948712,0.01440430342387657
baseline_female,Boruta,40,std_delta_log_energy (MFCC),0.020773224043715843,0.017125151275187867
baseline_female,Boruta,40,tqwt_entropy_log_dec_27 (TQWT),0.0202891621129326,0.015090123203322616
baseline_female,Boruta,40,tqwt_energy_dec_26 (TQWT),0.01962581699346406,0.013245357052802227
baseline_female,Boruta,40,mean_MFCC_2nd_coef (MFCC),0.018262295081967212,0.01615866324558047
baseline_female,Boruta,40,std_6th_delta_delta (MFCC),0.017079234972677597,0.014093040691873775
baseline_female,Boruta,40,tqwt_entropy_log_dec_34 (TQWT),0.015923076923076922,0.01870768322046884
baseline_female,Boruta,40,tqwt_entropy_log_dec_26 (TQWT),0.014762499999999996,0.011983090179736405
baseline_female,Boruta,40,DFA (Baseline),0.01431818181818182,0.01052019453345903
baseline_female,Boruta,40,tqwt_entropy_log_dec_35 (TQWT),0.013972222222222223,0.01374696672275943
baseline_female,Boruta,40,std_7th_delta_delta (MFCC),0.013874772313296905,0.00835466846187412
baseline_female,Boruta,40,std_4th_delta_delta (MFCC),0.01378846153846154,0.008563600992588455
baseline_female,Boruta,40,std_7th_delta (MFCC),0.013116575591985424,0.0094176594211033
baseline_female,Boruta,40,std_9th_delta_delta (MFCC),0.013046448087431698,0.010362029582092456
baseline_female,Boruta,40,tqwt_entropy_log_dec_12 (TQWT),0.012841074681238615,0.00916957699911272
baseline_female,Boruta,40,locAbsJitter (Baseline),0.012635683760683759,0.01249118405226914
baseline_female,Boruta,40,std_6th_delta (MFCC),0.012056010928961752,0.00866935181416755
baseline_female,Boruta,40,tqwt_TKEO_mean_dec_13 (TQWT),0.011583333333333334,0.006325583163951461
baseline_female,Boruta,40,tqwt_kurtosisValue_dec_36 (TQWT),0.010737654320987654,0.009895534499017256
baseline_female,Boruta,40,tqwt_energy_dec_27 (TQWT),0.010591503267973852,0.006592117145274547
baseline_female,Boruta,40,tqwt_kurtosisValue_dec_18 (TQWT),0.010328571428571428,0.007573859502482717
baseline_female,Boruta,40,tqwt_kurtosisValue_dec_17 (TQWT),0.01013247863247863,0.006848302629064291
baseline_female,Boruta,40,apq11Shimmer (Baseline),0.009912393162393162,0.0066418219065854395
baseline_female,Boruta,40,std_11th_delta (MFCC),0.00986111111111111,0.009956848334881311
baseline_female,Boruta,40,std_8th_delta_delta (MFCC),0.00956147540983606,0.008696966724488017
baseline_female,Boruta,40,tqwt_TKEO_mean_dec_12 (TQWT),0.009433970856102003,0.007923893863549167
baseline_female,Boruta,40,tqwt_entropy_log_dec_13 (TQWT),0.009385416666666669,0.00487323420769267
baseline_female,Boruta,40,tqwt_TKEO_std_dec_12 (TQWT),0.009349726775956285,0.008043302038820943
baseline_female,Boruta,40,tqwt_kurtosisValue_dec_20 (TQWT),0.009153594771241828,0.008157544460351456
baseline_female,Boruta,40,tqwt_entropy_log_dec_11 (TQWT),0.008342896174863387,0.006849700829394269
baseline_female,Boruta,40,std_11th_delta_delta (MFCC),0.00824363425925926,0.005888774039185317
baseline_female,Boruta,40,std_12th_delta (MFCC),0.007995726495726496,0.004964954697756583
baseline_female,Boruta,40,tqwt_energy_dec_12 (TQWT),0.007970400728597447,0.00807979353969838
baseline_female,Boruta,40,std_9th_delta (MFCC),0.00781967213114754,0.006415411079098587
baseline_female,Boruta,40,tqwt_stdValue_dec_11 (TQWT),0.007749475890985326,0.006768928470901197
baseline_female,Boruta,40,tqwt_energy_dec_11 (TQWT),0.007447916666666664,0.00930951560062448
baseline_female,Boruta,40,tqwt_kurtosisValue_dec_27 (TQWT),0.007399305555555555,0.007532023012835173
baseline_female,Boruta,40,tqwt_maxValue_dec_11 (TQWT),0.007356995884773662,0.005300327062709205
baseline_female,Boruta,40,tqwt_entropy_shannon_dec_12 (TQWT),0.0073032407407407395,0.007100780324357346
baseline_female,Boruta,40,tqwt_maxValue_dec_12 (TQWT),0.00719212962962963,0.007200500032224888
baseline_female,Boruta,40,tqwt_entropy_shannon_dec_34 (TQWT),0.007153846153846156,0.0079579418085858
baseline_female,Boruta,40,tqwt_maxValue_dec_13 (TQWT),0.007117283950617284,0.004830169196644733
baseline_female,Boruta,40,std_MFCC_8th_coef (MFCC),0.007106837606837607,0.0034512659867412293
baseline_female,Boruta,40,tqwt_TKEO_std_dec_11 (TQWT),0.007019392033542979,0.007866173275401862
baseline_female,Boruta,40,std_8th_delta (MFCC),0.006672431865828093,0.006740954523241291
baseline_female,Boruta,40,tqwt_stdValue_dec_12 (TQWT),0.006642531876138436,0.006641982413082215
baseline_female,Boruta,40,GQ_std_cycle_open (Vocal Fold),0.00647222222222222,0.00625760870194571
baseline_female,Boruta,40,std_4th_delta (MFCC),0.006297008547008545,0.004787352471005963
baseline_female,Boruta,40,tqwt_TKEO_std_dec_19 (TQWT),0.006001984126984128,0.006085925015827293
baseline_female,Boruta,40,tqwt_stdValue_dec_13 (TQWT),0.005996527777777777,0.003817882766915063
baseline_female,Boruta,40,minIntensity (Intensity),0.0058564814814814825,0.005293152616266665
baseline_female,Boruta,40,meanIntensity (Intensity),0.005822916666666665,0.003331099650535344
baseline_female,Boruta,40,tqwt_entropy_shannon_dec_11 (TQWT),0.005810109289617485,0.006041371152858623
baseline_female,Boruta,40,std_12th_delta_delta (MFCC),0.005785714285714288,0.004887346798638166
baseline_female,Boruta,40,std_10th_delta_delta (MFCC),0.005607468123861568,0.0043290620426013685
baseline_female,Boruta,40,tqwt_TKEO_std_dec_13 (TQWT),0.005607323232323232,0.006088168024654023
baseline_female,Boruta,40,tqwt_minValue_dec_12 (TQWT),0.005421875,0.004938096457845284
baseline_female,Boruta,40,tqwt_minValue_dec_13 (TQWT),0.00528125,0.003330522973082709
baseline_female,Boruta,40,tqwt_stdValue_dec_19 (TQWT),0.004865079365079365,0.004489723219233612
baseline_female,Boruta,40,tqwt_entropy_log_dec_28 (TQWT),0.004801282051282052,0.003535131627274382
baseline_female,Boruta,40,tqwt_TKEO_mean_dec_11 (TQWT),0.004756249999999999,0.0035591838517898275
baseline_female,Boruta,40,std_10th_delta (MFCC),0.004685897435897437,0.0037894856205382
baseline_female,Boruta,40,std_Log_energy (MFCC),0.0046823899371069184,0.0045553146050145675
baseline_female,Boruta,40,tqwt_entropy_shannon_dec_13 (TQWT),0.0046145833333333325,0.0036409732043376107
baseline_female,Boruta,40,std_5th_delta_delta (MFCC),0.004042735042735043,0.00253652053686471
baseline_female,Boruta,40,std_5th_delta (MFCC),0.002955128205128205,0.002319170542144756
baseline,Boruta,50,std_delta_delta_log_energy (MFCC),0.018726190476190473,0.017246782096791504
baseline,Boruta,50,tqwt_energy_dec_25 (TQWT),0.01760997732426304,0.01623723590257748
baseline,Boruta,50,tqwt_energy_dec_26 (TQWT),0.01692438271604938,0.013384580570306741
baseline,Boruta,50,tqwt_entropy_log_dec_33 (TQWT),0.016724972497249725,0.014949845379963588
baseline,Boruta,50,std_delta_log_energy (MFCC),0.01611507936507936,0.014377732419617381
baseline,Boruta,50,tqwt_entropy_log_dec_27 (TQWT),0.01609898589065256,0.013625783263240805
baseline,Boruta,50,tqwt_TKEO_std_dec_19 (TQWT),0.014775599128540306,0.009780435332858817
baseline,Boruta,50,std_6th_delta_delta (MFCC),0.014755731922398586,0.012166538306831596
baseline,Boruta,50,tqwt_energy_dec_6 (TQWT),0.013733115468409588,0.008155052156989358
baseline,Boruta,50,tqwt_kurtosisValue_dec_26 (TQWT),0.013490555555555558,0.011102952378975182
baseline,Boruta,50,tqwt_entropy_log_dec_19 (TQWT),0.012868191721132897,0.011593294555606688
baseline,Boruta,50,mean_MFCC_2nd_coef (MFCC),0.011951940035273367,0.013170676084382512
baseline,Boruta,50,std_7th_delta_delta (MFCC),0.01175683421516755,0.007472962618869182
baseline,Boruta,50,locAbsJitter (Baseline),0.011067656765676566,0.008804448323133941
baseline,Boruta,50,tqwt_entropy_shannon_dec_13 (TQWT),0.011032679738562088,0.007632601158661208
baseline,Boruta,50,tqwt_entropy_log_dec_26 (TQWT),0.010953216374269006,0.010172955090494885
baseline,Boruta,50,std_9th_delta_delta (MFCC),0.010923059964726633,0.010499255181484823
baseline,Boruta,50,std_6th_delta (MFCC),0.010307980599647265,0.009125386696602891
baseline,Boruta,50,std_8th_delta_delta (MFCC),0.010074294532627865,0.007251588282179249
baseline,Boruta,50,tqwt_kurtosisValue_dec_17 (TQWT),0.009721666666666665,0.006911208441233101
baseline,Boruta,50,tqwt_meanValue_dec_36 (TQWT),0.009420634920634921,0.006784835509944703
baseline,Boruta,50,DFA (Baseline),0.009347494553376906,0.0069951309558959765
baseline,Boruta,50,tqwt_kurtosisValue_dec_18 (TQWT),0.009279152915291529,0.0061820519814146276
baseline,Boruta,50,std_7th_delta (MFCC),0.009071208112874778,0.005887743716695071
baseline,Boruta,50,tqwt_entropy_log_dec_12 (TQWT),0.009029761904761903,0.007629617970604971
baseline,Boruta,50,tqwt_TKEO_std_dec_7 (TQWT),0.008956666666666665,0.007327952825820432
baseline,Boruta,50,tqwt_energy_dec_27 (TQWT),0.008812431243124315,0.008452461100312114
baseline,Boruta,50,tqwt_TKEO_mean_dec_13 (TQWT),0.008495642701525053,0.006382493922819953
baseline,Boruta,50,tqwt_entropy_log_dec_35 (TQWT),0.0080685461580984,0.009567145322674523
baseline,Boruta,50,tqwt_TKEO_std_dec_13 (TQWT),0.008065904139433552,0.005632176891636652
baseline,Boruta,50,rapJitter (Baseline),0.0080239651416122,0.0038357838420572435
baseline,Boruta,50,det_LT_TKEO_mean_1_coef (Wavelet),0.00799222222222222,0.008770190015658904
baseline,Boruta,50,apq11Shimmer (Baseline),0.00783111111111111,0.007362110019656967
baseline,Boruta,50,std_11th_delta_delta (MFCC),0.007739823982398241,0.00670384002768627
baseline,Boruta,50,std_12th_delta (MFCC),0.007589324618736384,0.00556004655939261
baseline,Boruta,50,tqwt_TKEO_mean_dec_12 (TQWT),0.007419532627865962,0.007164550682169402
baseline,Boruta,50,tqwt_kurtosisValue_dec_36 (TQWT),0.0074002192982456135,0.005409018602970864
baseline,Boruta,50,tqwt_stdValue_dec_19 (TQWT),0.007344226579520697,0.006414435508732814
baseline,Boruta,50,tqwt_energy_dec_11 (TQWT),0.007256771697070203,0.009532181495364188
baseline,Boruta,50,tqwt_kurtosisValue_dec_16 (TQWT),0.007098039215686275,0.004685914621248802
baseline,Boruta,50,tqwt_entropy_log_dec_34 (TQWT),0.00707865786578658,0.00847256486355248
baseline,Boruta,50,tqwt_kurtosisValue_dec_20 (TQWT),0.006895061728395061,0.007037491045602481
baseline,Boruta,50,tqwt_kurtosisValue_dec_27 (TQWT),0.006640522875816994,0.008004364618205273
baseline,Boruta,50,std_9th_delta (MFCC),0.006375661375661375,0.004489695659136791
baseline,Boruta,50,minIntensity (Intensity),0.006143289328932893,0.00527128627800562
baseline,Boruta,50,std_MFCC_6th_coef (MFCC),0.006130000000000002,0.00348983129190164
baseline,Boruta,50,std_4th_delta_delta (MFCC),0.00600718629076838,0.0050205506010680585
baseline,Boruta,50,tqwt_entropy_shannon_dec_34 (TQWT),0.0059900000000000005,0.006181695514440901
baseline,Boruta,50,tqwt_energy_dec_12 (TQWT),0.005924162257495592,0.007436093862970412
baseline,Boruta,50,tqwt_stdValue_dec_35 (TQWT),0.005783224400871458,0.013137196157025766
baseline,Boruta,50,tqwt_kurtosisValue_dec_35 (TQWT),0.005649444444444443,0.00675169987450142
baseline,Boruta,50,tqwt_TKEO_std_dec_12 (TQWT),0.005590167548500881,0.005889233041272997
baseline,Boruta,50,tqwt_entropy_shannon_dec_12 (TQWT),0.005488977072310407,0.004901234595115163
baseline,Boruta,50,std_11th_delta (MFCC),0.005431372549019608,0.004495796014338904
baseline,Boruta,50,tqwt_stdValue_dec_13 (TQWT),0.005270152505446622,0.004430836527157174
baseline,Boruta,50,std_4th_delta (MFCC),0.005246345029239768,0.003922476640805537
baseline,Boruta,50,std_10th_delta_delta (MFCC),0.005165564373897708,0.00457118887501895
baseline,Boruta,50,tqwt_entropy_shannon_dec_6 (TQWT),0.005153333333333333,0.004311358841871729
baseline,Boruta,50,std_8th_delta (MFCC),0.005149530127142067,0.004873177623654206
baseline,Boruta,50,tqwt_maxValue_dec_12 (TQWT),0.0051252072968490875,0.005095311064081829
baseline,Boruta,50,tqwt_stdValue_dec_11 (TQWT),0.005106922398589066,0.005281675375195986
baseline,Boruta,50,tqwt_entropy_log_dec_11 (TQWT),0.005053571428571429,0.00511167016958569
baseline,Boruta,50,tqwt_maxValue_dec_11 (TQWT),0.004980740740740741,0.005487550819895418
baseline,Boruta,50,tqwt_entropy_shannon_dec_11 (TQWT),0.00496031746031746,0.0042787062081821045
baseline,Boruta,50,std_5th_delta (MFCC),0.00495111111111111,0.003978060013566745
baseline,Boruta,50,tqwt_TKEO_mean_dec_6 (TQWT),0.0049277777777777775,0.004420497332784217
baseline,Boruta,50,tqwt_entropy_log_dec_13 (TQWT),0.00491503267973856,0.003899651246170773
baseline,Boruta,50,std_Log_energy (MFCC),0.004852681039248203,0.005298891567489945
baseline,Boruta,50,tqwt_maxValue_dec_13 (TQWT),0.004649006622516557,0.0037228937898239898
baseline,Boruta,50,GQ_std_cycle_open (Vocal Fold),0.004640814081408139,0.004299255860484972
baseline,Boruta,50,tqwt_stdValue_dec_12 (TQWT),0.004632936507936509,0.004885992486652826
baseline,Boruta,50,tqwt_TKEO_std_dec_11 (TQWT),0.004565255731922398,0.005487560706720033
baseline,Boruta,50,tqwt_stdValue_dec_6 (TQWT),0.004414741474147415,0.0043260010726565
baseline,Boruta,50,tqwt_minValue_dec_12 (TQWT),0.004311221669430625,0.0042787331667280045
baseline,Boruta,50,tqwt_TKEO_mean_dec_11 (TQWT),0.004123272526257601,0.0037416581434698017
baseline,Boruta,50,std_12th_delta_delta (MFCC),0.0038779956427015248,0.0038830351927554916
baseline,Boruta,50,meanIntensity (Intensity),0.003861666666666667,0.002982176865218438
baseline,Boruta,50,tqwt_entropy_log_dec_8 (TQWT),0.0038453159041394332,0.003953637777061633
baseline,Boruta,50,tqwt_minValue_dec_13 (TQWT),0.0037251655629139072,0.003371856962261899
baseline,Boruta,50,tqwt_energy_dec_28 (TQWT),0.0034333333333333334,0.0032105305641215564
baseline,Boruta,50,ddpJitter (Baseline),0.003371459694989107,0.003461753050938508
baseline,Boruta,50,std_5th_delta_delta (MFCC),0.002974444444444444,0.002371589286632342
baseline,Boruta,50,std_10th_delta (MFCC),0.0029685185185185188,0.0027192402951931277
baseline,Boruta,50,tqwt_TKEO_mean_dec_28 (TQWT),0.0029313725490196074,0.002293880861092127
baseline,Boruta,50,maxIntensity (Intensity),0.002924036281179139,0.0027869717075209885
baseline,Boruta,50,std_MFCC_8th_coef (MFCC),0.0029149659863945583,0.002359714477457241
baseline,Boruta,50,tqwt_kurtosisValue_dec_28 (TQWT),0.0027080610021786495,0.0029787429796718466
baseline,Boruta,50,tqwt_entropy_log_dec_28 (TQWT),0.0022254901960784314,0.0017173723839216581
baseline,Boruta,50,tqwt_energy_dec_13 (TQWT),0.0017984749455337687,0.001545325624144831
baseline_male,Boruta,50,tqwt_entropy_log_dec_19 (TQWT),0.02083333333333333,0.013742466742068641
baseline_male,Boruta,50,tqwt_TKEO_std_dec_19 (TQWT),0.019152173913043476,0.014807278812311146
baseline_male,Boruta,50,std_delta_delta_log_energy (MFCC),0.017479487179487177,0.01728401644668436
baseline_male,Boruta,50,tqwt_energy_dec_25 (TQWT),0.01721014492753623,0.016604483314911
baseline_male,Boruta,50,tqwt_energy_dec_6 (TQWT),0.014082125603864737,0.007783824730908833
baseline_male,Boruta,50,std_delta_log_energy (MFCC),0.014061538461538462,0.013280408109615026
baseline_male,Boruta,50,std_6th_delta_delta (MFCC),0.01393547008547008,0.010356259416621355
baseline_male,Boruta,50,tqwt_stdValue_dec_19 (TQWT),0.012954106280193233,0.009752990326499858
baseline_male,Boruta,50,tqwt_kurtosisValue_dec_17 (TQWT),0.012098659003831414,0.008363087812201743
baseline_male,Boruta,50,tqwt_entropy_log_dec_33 (TQWT),0.011080498866213153,0.012367091799076269
baseline_male,Boruta,50,tqwt_entropy_shannon_dec_13 (TQWT),0.010869841269841269,0.007713415890303381
baseline_male,Boruta,50,tqwt_energy_dec_26 (TQWT),0.010509401709401709,0.010425285239965585
baseline_male,Boruta,50,det_LT_TKEO_mean_1_coef (Wavelet),0.009798611111111112,0.012459290124516955
baseline_male,Boruta,50,apq11Shimmer (Baseline),0.009215277777777777,0.010487345299069322
baseline_male,Boruta,50,tqwt_meanValue_dec_36 (TQWT),0.009166666666666667,0.007304645312214338
baseline_male,Boruta,50,mean_MFCC_2nd_coef (MFCC),0.00913076923076923,0.011817593680642627
baseline_male,Boruta,50,std_7th_delta_delta (MFCC),0.009102564102564104,0.0066095037934062765
baseline_male,Boruta,50,std_6th_delta (MFCC),0.009055555555555556,0.00861428151088508
baseline_male,Boruta,50,tqwt_kurtosisValue_dec_18 (TQWT),0.009053459119496855,0.006982987708301201
baseline_male,Boruta,50,tqwt_kurtosisValue_dec_16 (TQWT),0.008984126984126985,0.006422388549797862
baseline_male,Boruta,50,tqwt_TKEO_std_dec_7 (TQWT),0.0089212962962963,0.008025339964826074
baseline_male,Boruta,50,tqwt_entropy_log_dec_34 (TQWT),0.008731638418079096,0.008328238041663834
baseline_male,Boruta,50,tqwt_entropy_log_dec_27 (TQWT),0.008603846153846151,0.013197653687726489
baseline_male,Boruta,50,DFA (Baseline),0.008603448275862069,0.007073439940217767
baseline_male,Boruta,50,std_8th_delta_delta (MFCC),0.008582478632478635,0.006162464638333287
baseline_male,Boruta,50,std_9th_delta_delta (MFCC),0.008416239316239317,0.00796001637647742
baseline_male,Boruta,50,tqwt_stdValue_dec_13 (TQWT),0.007926984126984126,0.005364488519676138
baseline_male,Boruta,50,tqwt_kurtosisValue_dec_20 (TQWT),0.007832478632478632,0.009087517568626559
baseline_male,Boruta,50,tqwt_entropy_log_dec_35 (TQWT),0.007487830687830688,0.007885432970656973
baseline_male,Boruta,50,std_7th_delta (MFCC),0.007461965811965813,0.005677850057261983
baseline_male,Boruta,50,tqwt_energy_dec_11 (TQWT),0.007380116959064325,0.011664375797297342
baseline_male,Boruta,50,tqwt_stdValue_dec_35 (TQWT),0.007185714285714287,0.015154516024006044
baseline_male,Boruta,50,tqwt_kurtosisValue_dec_36 (TQWT),0.006493827160493827,0.0050405295816025935
baseline_male,Boruta,50,std_11th_delta_delta (MFCC),0.006150943396226414,0.004652686452014649
baseline_male,Boruta,50,tqwt_entropy_shannon_dec_34 (TQWT),0.0059953703703703705,0.006618900015831876
baseline_male,Boruta,50,std_MFCC_6th_coef (MFCC),0.005784722222222223,0.003303675278275387
baseline_male,Boruta,50,tqwt_entropy_log_dec_12 (TQWT),0.005707264957264957,0.007771055736997427
baseline_male,Boruta,50,tqwt_kurtosisValue_dec_35 (TQWT),0.005652777777777777,0.006715974415847067
baseline_male,Boruta,50,tqwt_TKEO_mean_dec_13 (TQWT),0.005577586206896553,0.006039387060514215
baseline_male,Boruta,50,std_Log_energy (MFCC),0.005506432748538011,0.006425467833379683
baseline_male,Boruta,50,tqwt_TKEO_std_dec_13 (TQWT),0.005410919540229884,0.005529643549810907
baseline_male,Boruta,50,std_4th_delta_delta (MFCC),0.005357309941520467,0.004280751557397896
baseline_male,Boruta,50,tqwt_kurtosisValue_dec_26 (TQWT),0.005307870370370371,0.00836277594702789
baseline_male,Boruta,50,tqwt_energy_dec_27 (TQWT),0.00529769392033543,0.008411637674263107
baseline_male,Boruta,50,minIntensity (Intensity),0.005156708595387842,0.005111222341993299
baseline_male,Boruta,50,std_12th_delta (MFCC),0.0051,0.006740135712983041
baseline_male,Boruta,50,tqwt_TKEO_mean_dec_6 (TQWT),0.005043981481481481,0.004050733917500353
baseline_male,Boruta,50,tqwt_kurtosisValue_dec_27 (TQWT),0.004949206349206349,0.006364889494273901
baseline_male,Boruta,50,tqwt_maxValue_dec_11 (TQWT),0.004863492063492063,0.006094780405700982
baseline_male,Boruta,50,std_9th_delta (MFCC),0.004838034188034188,0.004448896484553931
baseline_male,Boruta,50,tqwt_entropy_log_dec_26 (TQWT),0.004745370370370371,0.004938351644843744
baseline_male,Boruta,50,tqwt_entropy_log_dec_11 (TQWT),0.004624786324786324,0.004993750552874183
baseline_male,Boruta,50,tqwt_maxValue_dec_12 (TQWT),0.00458042328042328,0.0041232199183917325
baseline_male,Boruta,50,tqwt_TKEO_mean_dec_12 (TQWT),0.004535042735042735,0.005989975195292059
baseline_male,Boruta,50,std_10th_delta_delta (MFCC),0.004498290598290598,0.004359832290548671
baseline_male,Boruta,50,tqwt_entropy_log_dec_8 (TQWT),0.004415458937198067,0.005205548132817199
baseline_male,Boruta,50,tqwt_stdValue_dec_11 (TQWT),0.0044047008547008545,0.005524978268891347
baseline_male,Boruta,50,tqwt_entropy_log_dec_13 (TQWT),0.004292063492063493,0.0038624023894659413
baseline_male,Boruta,50,tqwt_stdValue_dec_6 (TQWT),0.004262711864406781,0.004315947427850084
baseline_male,Boruta,50,tqwt_TKEO_std_dec_12 (TQWT),0.004261111111111111,0.005118949055846475
baseline_male,Boruta,50,std_5th_delta (MFCC),0.004247685185185184,0.003470194243452256
baseline_male,Boruta,50,tqwt_entropy_shannon_dec_11 (TQWT),0.004156837606837606,0.0037672543503987966
baseline_male,Boruta,50,std_4th_delta (MFCC),0.004152777777777776,0.002834416117771377
baseline_male,Boruta,50,tqwt_TKEO_mean_dec_11 (TQWT),0.004132804232804232,0.003919065724414697
baseline_male,Boruta,50,GQ_std_cycle_open (Vocal Fold),0.004121468926553672,0.004668035903207176
baseline_male,Boruta,50,std_8th_delta (MFCC),0.004083040935672513,0.0039201394194042635
baseline_male,Boruta,50,tqwt_entropy_shannon_dec_6 (TQWT),0.003960648148148148,0.004606715267094104
baseline_male,Boruta,50,tqwt_TKEO_std_dec_11 (TQWT),0.0038931623931623923,0.006115017637090181
baseline_male,Boruta,50,tqwt_kurtosisValue_dec_28 (TQWT),0.0038022222222222207,0.004557498303981122
baseline_male,Boruta,50,tqwt_maxValue_dec_13 (TQWT),0.003763374485596708,0.003401695432645508
baseline_male,Boruta,50,std_11th_delta (MFCC),0.0037266666666666676,0.0035742489078483685
baseline_male,Boruta,50,tqwt_energy_dec_12 (TQWT),0.0036974358974358975,0.006405781827653902
baseline_male,Boruta,50,tqwt_entropy_shannon_dec_12 (TQWT),0.0036957264957264944,0.004494451684386384
baseline_male,Boruta,50,std_5th_delta_delta (MFCC),0.0036875000000000002,0.0028017345259102665
baseline_male,Boruta,50,tqwt_stdValue_dec_12 (TQWT),0.0036760683760683754,0.005070220694145724
baseline_male,Boruta,50,maxIntensity (Intensity),0.0035120772946859898,0.0027859824836431457
baseline_male,Boruta,50,tqwt_minValue_dec_12 (TQWT),0.0034576719576719576,0.004646392897948818
baseline_male,Boruta,50,tqwt_minValue_dec_13 (TQWT),0.003284636488340192,0.00302401345659683
baseline_male,Boruta,50,std_12th_delta_delta (MFCC),0.0032583333333333336,0.0032817836572034682
baseline_male,Boruta,50,tqwt_energy_dec_28 (TQWT),0.00307638888888889,0.00306526235962492
baseline_male,Boruta,50,meanIntensity (Intensity),0.0030584291187739465,0.0025916599273350886
baseline_male,Boruta,50,std_MFCC_8th_coef (MFCC),0.0029033816425120765,0.002191487877054984
baseline_male,Boruta,50,locAbsJitter (Baseline),0.0028083900226757367,0.004221932736979248
baseline_male,Boruta,50,rapJitter (Baseline),0.002768888888888889,0.002774142365825134
baseline_male,Boruta,50,std_10th_delta (MFCC),0.002577932098765432,0.0025509731929259654
baseline_male,Boruta,50,ddpJitter (Baseline),0.002311111111111111,0.0018964035294067418
baseline_male,Boruta,50,tqwt_entropy_log_dec_28 (TQWT),0.002124444444444445,0.0023643519535297953
baseline_male,Boruta,50,tqwt_energy_dec_13 (TQWT),0.0021095238095238094,0.0018518627390807358
baseline_male,Boruta,50,tqwt_TKEO_mean_dec_28 (TQWT),0.002106666666666667,0.00215357095724006
baseline_female,Boruta,50,std_delta_delta_log_energy (MFCC),0.023427140255009114,0.01696862099662204
baseline_female,Boruta,50,tqwt_entropy_log_dec_33 (TQWT),0.02103952991452991,0.015616484629359694
baseline_female,Boruta,50,tqwt_entropy_log_dec_27 (TQWT),0.019949908925318765,0.013221773414679502
baseline_female,Boruta,50,tqwt_energy_dec_25 (TQWT),0.01939957264957265,0.014621717321149981
baseline_female,Boruta,50,std_delta_log_energy (MFCC),0.019350637522768672,0.015022570676466713
baseline_female,Boruta,50,tqwt_energy_dec_26 (TQWT),0.019276867030965393,0.01378621835456939
baseline_female,Boruta,50,std_6th_delta_delta (MFCC),0.016242714025500912,0.012867563317665408
baseline_female,Boruta,50,mean_MFCC_2nd_coef (MFCC),0.015410291438979961,0.013468461848791972
baseline_female,Boruta,50,tqwt_kurtosisValue_dec_26 (TQWT),0.015113247863247867,0.009253789055964553
baseline_female,Boruta,50,std_7th_delta_delta (MFCC),0.01362021857923497,0.007471037807333509
baseline_female,Boruta,50,std_9th_delta_delta (MFCC),0.013307832422586522,0.014606063646934257
baseline_female,Boruta,50,tqwt_energy_dec_6 (TQWT),0.012539682539682542,0.009862868958953339
baseline_female,Boruta,50,tqwt_entropy_log_dec_26 (TQWT),0.012371527777777778,0.01160549011134253
baseline_female,Boruta,50,std_6th_delta (MFCC),0.011987704918032787,0.0090067242265715
baseline_female,Boruta,50,tqwt_entropy_log_dec_12 (TQWT),0.01118624772313297,0.008805958046386595
baseline_female,Boruta,50,DFA (Baseline),0.01102651515151515,0.007280862174612696
baseline_female,Boruta,50,tqwt_energy_dec_27 (TQWT),0.010998263888888887,0.00726286601018902
baseline_female,Boruta,50,tqwt_entropy_shannon_dec_13 (TQWT),0.010760416666666668,0.006972328474885714
baseline_female,Boruta,50,tqwt_TKEO_std_dec_13 (TQWT),0.010439393939393938,0.006302532331883184
baseline_female,Boruta,50,std_8th_delta_delta (MFCC),0.010252276867030966,0.008440207062524855
baseline_female,Boruta,50,tqwt_entropy_log_dec_35 (TQWT),0.010091435185185184,0.011314552483167503
baseline_female,Boruta,50,std_12th_delta (MFCC),0.009750000000000003,0.00617953787201667
baseline_female,Boruta,50,locAbsJitter (Baseline),0.009689102564102563,0.010380279872375277
baseline_female,Boruta,50,tqwt_kurtosisValue_dec_27 (TQWT),0.009572916666666667,0.007712314478919374
baseline_female,Boruta,50,tqwt_meanValue_dec_36 (TQWT),0.009104700854700854,0.007219407714269068
baseline_female,Boruta,50,tqwt_TKEO_mean_dec_12 (TQWT),0.009069216757741349,0.00769606668954172
baseline_female,Boruta,50,std_7th_delta (MFCC),0.008762750455373407,0.006042740703925498
baseline_female,Boruta,50,tqwt_kurtosisValue_dec_18 (TQWT),0.008665509259259262,0.006521117206409947
baseline_female,Boruta,50,tqwt_kurtosisValue_dec_17 (TQWT),0.008268518518518517,0.005893535902333909
baseline_female,Boruta,50,tqwt_energy_dec_12 (TQWT),0.00795992714025501,0.008497357640727697
baseline_female,Boruta,50,apq11Shimmer (Baseline),0.007806623931623933,0.0059527559592769085
baseline_female,Boruta,50,tqwt_entropy_shannon_dec_34 (TQWT),0.007705128205128206,0.006160370195869804
baseline_female,Boruta,50,tqwt_kurtosisValue_dec_36 (TQWT),0.007649305555555555,0.006102643601747938
baseline_female,Boruta,50,tqwt_TKEO_mean_dec_13 (TQWT),0.0076376262626262625,0.006928983521626323
baseline_female,Boruta,50,tqwt_entropy_log_dec_34 (TQWT),0.007338624338624338,0.007254299461022685
baseline_female,Boruta,50,std_9th_delta (MFCC),0.007298724954462658,0.00572734248553981
baseline_female,Boruta,50,tqwt_TKEO_std_dec_7 (TQWT),0.007292735042735044,0.005728223453876772
baseline_female,Boruta,50,std_4th_delta_delta (MFCC),0.0071954926624737915,0.005428029313443422
baseline_female,Boruta,50,std_11th_delta_delta (MFCC),0.007120370370370371,0.007890288763595215
baseline_female,Boruta,50,rapJitter (Baseline),0.007044871794871792,0.005010859280972749
baseline_female,Boruta,50,tqwt_energy_dec_11 (TQWT),0.007034591194968554,0.0069183074326605995
baseline_female,Boruta,50,tqwt_TKEO_std_dec_12 (TQWT),0.006862932604735884,0.006276174756985717
baseline_female,Boruta,50,tqwt_maxValue_dec_12 (TQWT),0.006644675925925925,0.0057904511931655845
baseline_female,Boruta,50,tqwt_stdValue_dec_11 (TQWT),0.006559653916211293,0.005852058088204637
baseline_female,Boruta,50,tqwt_entropy_shannon_dec_12 (TQWT),0.006371129326047356,0.0049270954144822075
baseline_female,Boruta,50,minIntensity (Intensity),0.00620775462962963,0.004780848607480056
baseline_female,Boruta,50,tqwt_entropy_log_dec_11 (TQWT),0.006199453551912568,0.005482099249516605
baseline_female,Boruta,50,tqwt_stdValue_dec_13 (TQWT),0.006076388888888889,0.004261954170224473
baseline_female,Boruta,50,tqwt_kurtosisValue_dec_20 (TQWT),0.005949908925318761,0.004671889933125374
baseline_female,Boruta,50,tqwt_entropy_log_dec_13 (TQWT),0.0058194444444444465,0.0036204099224126786
baseline_female,Boruta,50,std_8th_delta (MFCC),0.0057437106918239,0.005314149969912163
baseline_female,Boruta,50,tqwt_maxValue_dec_11 (TQWT),0.005683333333333334,0.005201155863382892
baseline_female,Boruta,50,std_10th_delta_delta (MFCC),0.005554644808743169,0.004665595569657989
baseline_female,Boruta,50,std_4th_delta (MFCC),0.005503472222222222,0.004357017347519882
baseline_female,Boruta,50,GQ_std_cycle_open (Vocal Fold),0.00538756613756614,0.004697461695903409
baseline_female,Boruta,50,std_MFCC_6th_coef (MFCC),0.0053611111111111125,0.0037693623907887695
baseline_female,Boruta,50,std_12th_delta_delta (MFCC),0.00533994708994709,0.004971313298142579
baseline_female,Boruta,50,tqwt_entropy_shannon_dec_11 (TQWT),0.0052085610200364296,0.004796330363478634
baseline_female,Boruta,50,std_5th_delta (MFCC),0.005173076923076922,0.003328832709243167
baseline_female,Boruta,50,tqwt_entropy_shannon_dec_6 (TQWT),0.005130341880341879,0.0037071405918701495
baseline_female,Boruta,50,tqwt_kurtosisValue_dec_35 (TQWT),0.005120726495726496,0.0055114274805912805
baseline_female,Boruta,50,std_Log_energy (MFCC),0.005047169811320753,0.004890319345421153
baseline_female,Boruta,50,tqwt_TKEO_std_dec_11 (TQWT),0.005025956284153006,0.005657944690796393
baseline_female,Boruta,50,tqwt_stdValue_dec_12 (TQWT),0.004985428051001822,0.004902172368028219
baseline_female,Boruta,50,meanIntensity (Intensity),0.0049550264550264535,0.004137708045036671
baseline_female,Boruta,50,tqwt_minValue_dec_12 (TQWT),0.004909722222222221,0.004412476372196415
baseline_female,Boruta,50,tqwt_stdValue_dec_19 (TQWT),0.0048333333333333344,0.004717026041058223
baseline_female,Boruta,50,tqwt_maxValue_dec_13 (TQWT),0.0047793650793650794,0.00397877778233454
baseline_female,Boruta,50,std_11th_delta (MFCC),0.004777777777777778,0.004999831646997376
baseline_female,Boruta,50,tqwt_TKEO_std_dec_19 (TQWT),0.004462301587301587,0.005230519489512631
baseline_female,Boruta,50,tqwt_stdValue_dec_35 (TQWT),0.004447916666666666,0.0038249455333812703
baseline_female,Boruta,50,tqwt_kurtosisValue_dec_16 (TQWT),0.0043611111111111125,0.002469275344100025
baseline_female,Boruta,50,tqwt_TKEO_mean_dec_11 (TQWT),0.004295138888888888,0.003767729735485191
baseline_female,Boruta,50,ddpJitter (Baseline),0.004091880341880343,0.003587058612845557
baseline_female,Boruta,50,tqwt_stdValue_dec_6 (TQWT),0.00405026455026455,0.003895882147502801
baseline_female,Boruta,50,tqwt_TKEO_mean_dec_6 (TQWT),0.0039829059829059816,0.004129277243166236
baseline_female,Boruta,50,tqwt_minValue_dec_13 (TQWT),0.003937301587301587,0.0038168336561878926
baseline_female,Boruta,50,std_10th_delta (MFCC),0.003915954415954416,0.0032308733567585806
baseline_female,Boruta,50,tqwt_entropy_log_dec_19 (TQWT),0.003595238095238095,0.004605761896448575
baseline_female,Boruta,50,maxIntensity (Intensity),0.0035918803418803426,0.0030217641794254486
baseline_female,Boruta,50,tqwt_energy_dec_28 (TQWT),0.0033450854700854704,0.002960801994634071
baseline_female,Boruta,50,tqwt_entropy_log_dec_28 (TQWT),0.003032051282051282,0.002128630112552707
baseline_female,Boruta,50,det_LT_TKEO_mean_1_coef (Wavelet),0.002982905982905983,0.006296233885630452
baseline_female,Boruta,50,tqwt_entropy_log_dec_8 (TQWT),0.0026448412698412698,0.0020685669075005526
baseline_female,Boruta,50,tqwt_TKEO_mean_dec_28 (TQWT),0.0025982905982905985,0.002045202724145991
baseline_female,Boruta,50,std_5th_delta_delta (MFCC),0.002512820512820512,0.002014516085385037
baseline_female,Boruta,50,tqwt_kurtosisValue_dec_28 (TQWT),0.0023675213675213684,0.0019509421585929463
baseline_female,Boruta,50,tqwt_energy_dec_13 (TQWT),0.002149305555555555,0.0016053396359430338
baseline_female,Boruta,50,std_MFCC_8th_coef (MFCC),0.0020213675213675217,0.0018866430662481067
baseline,Boruta,60,std_delta_delta_log_energy (MFCC),0.019842151675485007,0.01734543418196624
baseline,Boruta,60,tqwt_energy_dec_25 (TQWT),0.019227891156462583,0.015452670923597752
baseline,Boruta,60,tqwt_energy_dec_6 (TQWT),0.016057734204793023,0.010910560101707963
baseline,Boruta,60,std_6th_delta_delta (MFCC),0.014555776014109345,0.012527691669771773
baseline,Boruta,60,tqwt_entropy_log_dec_33 (TQWT),0.013149064906490652,0.010333825650799907
baseline,Boruta,60,std_delta_log_energy (MFCC),0.012404761904761905,0.012758337306204104
baseline,Boruta,60,std_7th_delta_delta (MFCC),0.012310626102292771,0.007854810552784395
baseline,Boruta,60,tqwt_kurtosisValue_dec_26 (TQWT),0.01202777777777778,0.009441687030526403
baseline,Boruta,60,tqwt_energy_dec_26 (TQWT),0.01159215167548501,0.009682420145923666
baseline,Boruta,60,tqwt_TKEO_std_dec_19 (TQWT),0.011313725490196082,0.009007366648403323
baseline,Boruta,60,tqwt_entropy_log_dec_27 (TQWT),0.011296296296296297,0.00995036738696813
baseline,Boruta,60,mean_MFCC_2nd_coef (MFCC),0.011134700176366842,0.011710006521272114
baseline,Boruta,60,tqwt_entropy_log_dec_26 (TQWT),0.011042763157894734,0.008675731312885362
baseline,Boruta,60,tqwt_TKEO_mean_dec_13 (TQWT),0.010683006535947713,0.011033295605335298
baseline,Boruta,60,tqwt_meanValue_dec_5 (TQWT),0.010554421768707481,0.007418100863468245
baseline,Boruta,60,tqwt_kurtosisValue_dec_23 (TQWT),0.009811546840958606,0.005061561544324052
baseline,Boruta,60,tqwt_entropy_log_dec_19 (TQWT),0.009805010893246188,0.00983594952652416
baseline,Boruta,60,tqwt_kurtosisValue_dec_18 (TQWT),0.009549229922992297,0.006710517378200893
baseline,Boruta,60,std_9th_delta_delta (MFCC),0.00940520282186949,0.007325280103689806
baseline,Boruta,60,std_7th_delta (MFCC),0.008886463844797179,0.006068071585136485
baseline,Boruta,60,tqwt_medianValue_dec_36 (TQWT),0.008691721132897604,0.004783537010526649
baseline,Boruta,60,tqwt_entropy_log_dec_12 (TQWT),0.008615961199294534,0.007668163848568956
baseline,Boruta,60,DFA (Baseline),0.00832516339869281,0.006889237301220009
baseline,Boruta,60,tqwt_TKEO_std_dec_7 (TQWT),0.00832111111111111,0.006397942455270252
baseline,Boruta,60,std_8th_delta_delta (MFCC),0.008193562610229277,0.006589515810957521
baseline,Boruta,60,std_6th_delta (MFCC),0.008071428571428571,0.007077291002523885
baseline,Boruta,60,b1 (Bandwidth),0.00784640522875817,0.005526171431600223
baseline,Boruta,60,mean_MFCC_5th_coef (MFCC),0.007799019607843137,0.0066206748909760265
baseline,Boruta,60,tqwt_energy_dec_27 (TQWT),0.007605885588558858,0.007213898445050483
baseline,Boruta,60,tqwt_TKEO_std_dec_13 (TQWT),0.007546434494195687,0.007213524715174843
baseline,Boruta,60,tqwt_entropy_shannon_dec_13 (TQWT),0.00753267973856209,0.004441796220401234
baseline,Boruta,60,tqwt_entropy_log_dec_35 (TQWT),0.007417328042328044,0.007799824973261344
baseline,Boruta,60,tqwt_TKEO_std_dec_12 (TQWT),0.007376763668430336,0.007393595625083388
baseline,Boruta,60,tqwt_kurtosisValue_dec_20 (TQWT),0.007141975308641976,0.0075867303295770044
baseline,Boruta,60,ppq5Jitter (Baseline),0.007030501089324621,0.005952247778908955
baseline,Boruta,60,tqwt_TKEO_mean_dec_12 (TQWT),0.007027998236331572,0.0066472113063291635
baseline,Boruta,60,tqwt_kurtosisValue_dec_17 (TQWT),0.006592134213421342,0.00512939909625488
baseline,Boruta,60,ddpJitter (Baseline),0.006514161220043574,0.004375091799889784
baseline,Boruta,60,locAbsJitter (Baseline),0.006494883040935673,0.007398889342514459
baseline,Boruta,60,std_11th_delta (MFCC),0.006337690631808279,0.005746405808803546
baseline,Boruta,60,tqwt_entropy_shannon_dec_35 (TQWT),0.006225555555555556,0.007063553424084393
baseline,Boruta,60,std_4th_delta_delta (MFCC),0.006144278606965174,0.005762095145613245
baseline,Boruta,60,tqwt_meanValue_dec_36 (TQWT),0.006141111111111112,0.004702807840591834
baseline,Boruta,60,tqwt_energy_dec_11 (TQWT),0.00608457711442786,0.006848923132967614
baseline,Boruta,60,tqwt_entropy_log_dec_28 (TQWT),0.0060833333333333356,0.006072666309417715
baseline,Boruta,60,std_9th_delta (MFCC),0.005984347442680775,0.004680758965059394
baseline,Boruta,60,det_TKEO_mean_1_coef (Wavelet),0.005754444444444444,0.006595783590541293
baseline,Boruta,60,tqwt_stdValue_dec_12 (TQWT),0.0056347001763668424,0.004721084441721632
baseline,Boruta,60,apq11Shimmer (Baseline),0.005595555555555557,0.006327443916232546
baseline,Boruta,60,tqwt_stdValue_dec_11 (TQWT),0.00554320987654321,0.006595021159230536
baseline,Boruta,60,tqwt_stdValue_dec_19 (TQWT),0.005542483660130719,0.004654806726620849
baseline,Boruta,60,tqwt_energy_dec_12 (TQWT),0.005473104056437391,0.0062105215625051285
baseline,Boruta,60,std_MFCC_8th_coef (MFCC),0.005433106575963719,0.003410112315755534
baseline,Boruta,60,tqwt_entropy_log_dec_34 (TQWT),0.0054292592592592595,0.00724690041649305
baseline,Boruta,60,tqwt_entropy_shannon_dec_12 (TQWT),0.005420855379188713,0.004881722916608346
baseline,Boruta,60,std_4th_delta (MFCC),0.0053883360972913205,0.004294373624571975
baseline,Boruta,60,tqwt_kurtosisValue_dec_16 (TQWT),0.005222222222222222,0.0033810185668977934
baseline,Boruta,60,std_11th_delta_delta (MFCC),0.005093253968253968,0.004787286639754954
baseline,Boruta,60,std_12th_delta (MFCC),0.0049896514161220035,0.004283549889929105
baseline,Boruta,60,tqwt_entropy_shannon_dec_34 (TQWT),0.004981111111111111,0.005389059285266246
baseline,Boruta,60,GQ_std_cycle_open (Vocal Fold),0.004863586358635864,0.0045606756485613645
baseline,Boruta,60,tqwt_entropy_log_dec_11 (TQWT),0.004861331569664903,0.0038268140424347562
baseline,Boruta,60,std_10th_delta_delta (MFCC),0.00485758377425044,0.004307829493935719
baseline,Boruta,60,std_MFCC_6th_coef (MFCC),0.004791111111111111,0.00307676982447847
baseline,Boruta,60,tqwt_TKEO_mean_dec_6 (TQWT),0.004782728272827284,0.005009153376597287
baseline,Boruta,60,tqwt_kurtosisValue_dec_34 (TQWT),0.004771666666666666,0.006721236595115617
baseline,Boruta,60,mean_delta_log_energy (MFCC),0.00468627450980392,0.0032981665326026494
baseline,Boruta,60,minIntensity (Intensity),0.004653465346534655,0.003658983924778944
baseline,Boruta,60,tqwt_kurtosisValue_dec_35 (TQWT),0.00453111111111111,0.004696725405059772
baseline,Boruta,60,tqwt_entropy_shannon_dec_11 (TQWT),0.0045310846560846565,0.004445900387642701
baseline,Boruta,60,tqwt_kurtosisValue_dec_36 (TQWT),0.004525584795321638,0.004200174820377324
baseline,Boruta,60,std_8th_delta (MFCC),0.0044133597883597876,0.004716708602770507
baseline,Boruta,60,tqwt_TKEO_std_dec_6 (TQWT),0.004284444444444443,0.003585617692689887
baseline,Boruta,60,tqwt_maxValue_dec_12 (TQWT),0.004255666113875069,0.0040938377839403765
baseline,Boruta,60,tqwt_TKEO_std_dec_11 (TQWT),0.0042202380952380955,0.00542953690161937
baseline,Boruta,60,tqwt_entropy_shannon_dec_6 (TQWT),0.004202222222222222,0.0034822221698748465
baseline,Boruta,60,tqwt_kurtosisValue_dec_27 (TQWT),0.00411437908496732,0.004084786287698276
baseline,Boruta,60,tqwt_minValue_dec_13 (TQWT),0.0040684326710816775,0.003689204242937522
baseline,Boruta,60,tqwt_stdValue_dec_35 (TQWT),0.003995642701525055,0.008619514691710939
baseline,Boruta,60,tqwt_entropy_shannon_dec_18 (TQWT),0.003934640522875817,0.0032836336187221106
baseline,Boruta,60,std_5th_delta (MFCC),0.0038707370737073696,0.0028216995814173947
baseline,Boruta,60,tqwt_entropy_shannon_dec_17 (TQWT),0.0038638344226579516,0.0033408598092110123
baseline,Boruta,60,tqwt_stdValue_dec_7 (TQWT),0.0038600000000000006,0.0032449168646689506
baseline,Boruta,60,tqwt_stdValue_dec_6 (TQWT),0.003718921892189219,0.003336108316794359
baseline,Boruta,60,Ed_1_coef (Wavelet),0.0037020202020202017,0.005653681767363417
baseline,Boruta,60,tqwt_TKEO_mean_dec_11 (TQWT),0.003697899391929243,0.003044412732189584
baseline,Boruta,60,std_Log_energy (MFCC),0.0036594803758982853,0.004105772519698398
baseline,Boruta,60,tqwt_maxValue_dec_13 (TQWT),0.0036409124356144218,0.00331876594914531
baseline,Boruta,60,tqwt_minValue_dec_12 (TQWT),0.00356522940851299,0.00408725902981186
baseline,Boruta,60,tqwt_entropy_log_dec_13 (TQWT),0.0035261111111111122,0.0028309819849537923
baseline,Boruta,60,meanIntensity (Intensity),0.0035199999999999993,0.0032608290843517303
baseline,Boruta,60,tqwt_TKEO_mean_dec_7 (TQWT),0.0033822222222222227,0.0035513463153085028
baseline,Boruta,60,tqwt_stdValue_dec_13 (TQWT),0.003380718954248366,0.0027517880377869435
baseline,Boruta,60,tqwt_energy_dec_1 (TQWT),0.0033442265795206967,0.0026704792648286043
baseline,Boruta,60,rapJitter (Baseline),0.003301742919389977,0.0024696810376295154
baseline,Boruta,60,det_LT_TKEO_mean_1_coef (Wavelet),0.0032944444444444436,0.004371472868896692
baseline,Boruta,60,std_12th_delta_delta (MFCC),0.0032538126361655773,0.0034967111775399845
baseline,Boruta,60,tqwt_maxValue_dec_11 (TQWT),0.0032485185185185186,0.0033084115166424487
baseline,Boruta,60,det_LT_TKEO_std_1_coef (Wavelet),0.0032278911564625847,0.003181776115849456
baseline,Boruta,60,std_10th_delta (MFCC),0.0031580687830687834,0.0027222206400688764
baseline,Boruta,60,tqwt_entropy_log_dec_16 (TQWT),0.002964052287581699,0.0023014695578918686
baseline,Boruta,60,maxIntensity (Intensity),0.0028356009070294786,0.002624088331544797
baseline,Boruta,60,tqwt_entropy_shannon_dec_16 (TQWT),0.00283115468409586,0.0023810892183064656
baseline,Boruta,60,tqwt_energy_dec_28 (TQWT),0.0027622222222222215,0.0028967008403875338
baseline,Boruta,60,std_MFCC_7th_coef (MFCC),0.0027500000000000007,0.0023544704175364867
baseline,Boruta,60,tqwt_entropy_log_dec_8 (TQWT),0.0024858387799564278,0.0027255658053360614
baseline,Boruta,60,Ed2_1_coef (Wavelet),0.0024716553287981863,0.005091640197887239
baseline,Boruta,60,tqwt_minValue_dec_11 (TQWT),0.002360566448801743,0.0022032552933219343
baseline,Boruta,60,tqwt_TKEO_mean_dec_28 (TQWT),0.002359477124183007,0.002527127501534643
baseline,Boruta,60,tqwt_entropy_log_dec_17 (TQWT),0.002284313725490196,0.0018233261923892748
baseline,Boruta,60,tqwt_entropy_log_dec_6 (TQWT),0.002264444444444445,0.002238666598269006
baseline,Boruta,60,f2 (Formant Frequency),0.0021808278867102397,0.002219657963254046
baseline,Boruta,60,tqwt_kurtosisValue_dec_28 (TQWT),0.0019923747276688456,0.0019549326454200507
baseline,Boruta,60,tqwt_stdValue_dec_28 (TQWT),0.0019444444444444444,0.0016831422507492674
baseline,Boruta,60,std_5th_delta_delta (MFCC),0.0019177777777777778,0.0015245623406732356
baseline,Boruta,60,tqwt_energy_dec_13 (TQWT),0.0019019607843137258,0.0016649694660904192
baseline,Boruta,60,tqwt_entropy_log_dec_9 (TQWT),0.00175599128540305,0.0017403688759814568
baseline_male,Boruta,60,tqwt_entropy_log_dec_19 (TQWT),0.01657971014492754,0.013665668563973346
baseline_male,Boruta,60,tqwt_energy_dec_25 (TQWT),0.015794685990338165,0.01462237476934051
baseline_male,Boruta,60,std_delta_delta_log_energy (MFCC),0.015373504273504276,0.017275667340555488
baseline_male,Boruta,60,tqwt_TKEO_std_dec_19 (TQWT),0.01467391304347826,0.012662939169764813
baseline_male,Boruta,60,std_6th_delta_delta (MFCC),0.013737179487179486,0.010697013895350766
baseline_male,Boruta,60,tqwt_meanValue_dec_5 (TQWT),0.013490338164251207,0.008199956363364834
baseline_male,Boruta,60,tqwt_energy_dec_6 (TQWT),0.012816425120772945,0.009097427674913096
baseline_male,Boruta,60,std_delta_log_energy (MFCC),0.01164059829059829,0.012348347293264039
baseline_male,Boruta,60,std_7th_delta_delta (MFCC),0.011442735042735042,0.007650890771929497
baseline_male,Boruta,60,tqwt_kurtosisValue_dec_23 (TQWT),0.011414285714285714,0.005029459914639644
baseline_male,Boruta,60,tqwt_entropy_log_dec_33 (TQWT),0.01049092970521542,0.011145071845927454
baseline_male,Boruta,60,DFA (Baseline),0.009136973180076629,0.0073306997045682635
baseline_male,Boruta,60,tqwt_TKEO_mean_dec_13 (TQWT),0.009028735632183907,0.009570252256720228
baseline_male,Boruta,60,tqwt_TKEO_std_dec_7 (TQWT),0.008898148148148148,0.007121050125845268
baseline_male,Boruta,60,tqwt_entropy_shannon_dec_13 (TQWT),0.008560317460317463,0.00448198696597917
baseline_male,Boruta,60,tqwt_stdValue_dec_19 (TQWT),0.008548309178743961,0.005694862196086444
baseline_male,Boruta,60,tqwt_kurtosisValue_dec_18 (TQWT),0.008332285115303985,0.006720523698761146
baseline_male,Boruta,60,mean_MFCC_5th_coef (MFCC),0.00822509578544061,0.0067824437944644135
baseline_male,Boruta,60,tqwt_energy_dec_26 (TQWT),0.008208547008547009,0.008013223568181176
baseline_male,Boruta,60,b1 (Bandwidth),0.00807936507936508,0.005531625047070315
baseline_male,Boruta,60,std_9th_delta_delta (MFCC),0.008034188034188035,0.006419984006238579
baseline_male,Boruta,60,tqwt_medianValue_dec_36 (TQWT),0.00788888888888889,0.006028979897013971
baseline_male,Boruta,60,tqwt_kurtosisValue_dec_17 (TQWT),0.007827568134171905,0.005550161748485773
baseline_male,Boruta,60,std_8th_delta_delta (MFCC),0.007661111111111111,0.005383152643314548
baseline_male,Boruta,60,tqwt_kurtosisValue_dec_20 (TQWT),0.007632905982905983,0.008125115064928638
baseline_male,Boruta,60,std_7th_delta (MFCC),0.0073427350427350425,0.006204829681839073
baseline_male,Boruta,60,mean_MFCC_2nd_coef (MFCC),0.00722008547008547,0.008960061404030585
baseline_male,Boruta,60,std_6th_delta (MFCC),0.00720982905982906,0.00645618260946268
baseline_male,Boruta,60,tqwt_kurtosisValue_dec_16 (TQWT),0.006984126984126983,0.005083518481786032
baseline_male,Boruta,60,tqwt_entropy_log_dec_35 (TQWT),0.0069166666666666664,0.006242753582645273
baseline_male,Boruta,60,tqwt_energy_dec_11 (TQWT),0.006277192982456139,0.00787804182228225
baseline_male,Boruta,60,tqwt_entropy_log_dec_34 (TQWT),0.006231707317073172,0.00672857763442377
baseline_male,Boruta,60,apq11Shimmer (Baseline),0.005935185185185186,0.008716195909841505
baseline_male,Boruta,60,tqwt_kurtosisValue_dec_34 (TQWT),0.005666666666666665,0.007654698269324897
baseline_male,Boruta,60,tqwt_entropy_log_dec_27 (TQWT),0.005575213675213675,0.00791360525463435
baseline_male,Boruta,60,tqwt_entropy_log_dec_26 (TQWT),0.005537808641975308,0.006423711367562713
baseline_male,Boruta,60,tqwt_entropy_shannon_dec_18 (TQWT),0.0054533333333333335,0.0031327678232250518
baseline_male,Boruta,60,det_TKEO_mean_1_coef (Wavelet),0.0054513888888888876,0.011106661618871756
baseline_male,Boruta,60,tqwt_kurtosisValue_dec_35 (TQWT),0.005321759259259259,0.0058637287614180834
baseline_male,Boruta,60,tqwt_entropy_log_dec_12 (TQWT),0.005320085470085469,0.007914579555746013
baseline_male,Boruta,60,std_4th_delta (MFCC),0.005302923976608187,0.0035668568721043494
baseline_male,Boruta,60,std_4th_delta_delta (MFCC),0.005242105263157894,0.005313955871820916
baseline_male,Boruta,60,tqwt_energy_dec_27 (TQWT),0.005234276729559747,0.006514393119791234
baseline_male,Boruta,60,std_9th_delta (MFCC),0.005223931623931624,0.004443590705249655
baseline_male,Boruta,60,tqwt_entropy_shannon_dec_35 (TQWT),0.005083333333333335,0.005781696335813723
baseline_male,Boruta,60,tqwt_stdValue_dec_35 (TQWT),0.005066666666666667,0.00946463841580228
baseline_male,Boruta,60,tqwt_TKEO_std_dec_12 (TQWT),0.004961965811965811,0.006513935415296802
baseline_male,Boruta,60,tqwt_TKEO_std_dec_13 (TQWT),0.004900000000000001,0.005760153655456221
baseline_male,Boruta,60,tqwt_TKEO_mean_dec_6 (TQWT),0.004868173258003767,0.004830969666568614
baseline_male,Boruta,60,tqwt_entropy_shannon_dec_34 (TQWT),0.004865740740740741,0.005813523633181461
baseline_male,Boruta,60,std_11th_delta_delta (MFCC),0.0047581196581196585,0.0038229767174942568
baseline_male,Boruta,60,std_MFCC_8th_coef (MFCC),0.004673913043478261,0.0025069241991013177
baseline_male,Boruta,60,tqwt_TKEO_mean_dec_12 (TQWT),0.0045790598290598285,0.005238398612373654
baseline_male,Boruta,60,tqwt_entropy_log_dec_11 (TQWT),0.00453034188034188,0.0036796730676149966
baseline_male,Boruta,60,Ed_1_coef (Wavelet),0.004523640661938533,0.007975074800870376
baseline_male,Boruta,60,tqwt_stdValue_dec_11 (TQWT),0.004435897435897436,0.005844409289547776
baseline_male,Boruta,60,det_LT_TKEO_mean_1_coef (Wavelet),0.004421296296296296,0.005103542313809466
baseline_male,Boruta,60,minIntensity (Intensity),0.0043789308176100635,0.004157615807195997
baseline_male,Boruta,60,tqwt_meanValue_dec_36 (TQWT),0.004328703703703705,0.0036373026608514875
baseline_male,Boruta,60,ppq5Jitter (Baseline),0.004326666666666667,0.004042607162793916
baseline_male,Boruta,60,std_11th_delta (MFCC),0.004226666666666665,0.0034948095361111878
baseline_male,Boruta,60,std_12th_delta (MFCC),0.0042106481481481465,0.003740046937154366
baseline_male,Boruta,60,std_5th_delta (MFCC),0.004131205673758864,0.0030147658119739486
baseline_male,Boruta,60,std_MFCC_6th_coef (MFCC),0.00412962962962963,0.0027660786498580415
baseline_male,Boruta,60,tqwt_stdValue_dec_12 (TQWT),0.004055555555555555,0.0048670606673000575
baseline_male,Boruta,60,GQ_std_cycle_open (Vocal Fold),0.004051789077212806,0.004223586772872801
baseline_male,Boruta,60,Ed2_1_coef (Wavelet),0.004019323671497583,0.006597344003602212
baseline_male,Boruta,60,tqwt_kurtosisValue_dec_26 (TQWT),0.004004629629629628,0.004868190538171837
baseline_male,Boruta,60,tqwt_stdValue_dec_6 (TQWT),0.004,0.003729700952076345
baseline_male,Boruta,60,std_Log_energy (MFCC),0.003921637426900585,0.004520568932698251
baseline_male,Boruta,60,tqwt_TKEO_std_dec_6 (TQWT),0.0038958333333333336,0.0031142106388254145
baseline_male,Boruta,60,tqwt_stdValue_dec_13 (TQWT),0.003889846743295018,0.003601741582875251
baseline_male,Boruta,60,tqwt_kurtosisValue_dec_36 (TQWT),0.0038726851851851847,0.003810819601857107
baseline_male,Boruta,60,tqwt_entropy_shannon_dec_11 (TQWT),0.003844871794871794,0.0044449015911379635
baseline_male,Boruta,60,mean_delta_log_energy (MFCC),0.003804444444444445,0.0032740646755217745
baseline_male,Boruta,60,std_8th_delta (MFCC),0.0037739316239316246,0.004201180610429416
baseline_male,Boruta,60,tqwt_entropy_shannon_dec_17 (TQWT),0.0037729468599033813,0.003021839219207806
baseline_male,Boruta,60,det_LT_TKEO_std_1_coef (Wavelet),0.003606280193236714,0.003866646701107678
baseline_male,Boruta,60,tqwt_energy_dec_1 (TQWT),0.003584444444444445,0.0026467972222169824
baseline_male,Boruta,60,tqwt_maxValue_dec_11 (TQWT),0.0035841269841269843,0.0038453714183126816
baseline_male,Boruta,60,tqwt_TKEO_mean_dec_7 (TQWT),0.0035486111111111118,0.00340135266059736
baseline_male,Boruta,60,tqwt_entropy_shannon_dec_12 (TQWT),0.0035089743589743587,0.004079682183034001
baseline_male,Boruta,60,tqwt_entropy_log_dec_8 (TQWT),0.0034685990338164255,0.003455160411029677
baseline_male,Boruta,60,tqwt_TKEO_std_dec_11 (TQWT),0.0034452991452991457,0.006058436686161991
baseline_male,Boruta,60,tqwt_minValue_dec_13 (TQWT),0.0034259259259259256,0.0037133578645123498
baseline_male,Boruta,60,tqwt_kurtosisValue_dec_27 (TQWT),0.003425396825396825,0.0030574084181290255
baseline_male,Boruta,60,tqwt_energy_dec_12 (TQWT),0.0033790598290598293,0.004936136298647154
baseline_male,Boruta,60,meanIntensity (Intensity),0.003328544061302682,0.003244204761518027
baseline_male,Boruta,60,tqwt_TKEO_mean_dec_11 (TQWT),0.003306349206349206,0.0028942915308892035
baseline_male,Boruta,60,tqwt_entropy_shannon_dec_6 (TQWT),0.0032847222222222223,0.003459969775167179
baseline_male,Boruta,60,tqwt_entropy_log_dec_13 (TQWT),0.003207854406130269,0.0026951862927694923
baseline_male,Boruta,60,std_MFCC_7th_coef (MFCC),0.003201388888888888,0.0026288303896461985
baseline_male,Boruta,60,tqwt_maxValue_dec_12 (TQWT),0.0031518518518518514,0.0035476674043591655
baseline_male,Boruta,60,tqwt_entropy_log_dec_28 (TQWT),0.003085648148148148,0.004480423883782074
baseline_male,Boruta,60,tqwt_minValue_dec_12 (TQWT),0.003082010582010582,0.003872557675626716
baseline_male,Boruta,60,tqwt_entropy_shannon_dec_16 (TQWT),0.0030428571428571423,0.002486075384631532
baseline_male,Boruta,60,std_10th_delta_delta (MFCC),0.003015384615384615,0.00291795695444512
baseline_male,Boruta,60,tqwt_stdValue_dec_7 (TQWT),0.0029814814814814825,0.002830025071577198
baseline_male,Boruta,60,tqwt_entropy_log_dec_16 (TQWT),0.0027682539682539684,0.002001000716267704
baseline_male,Boruta,60,maxIntensity (Intensity),0.0027632850241545897,0.002343013149460953
baseline_male,Boruta,60,tqwt_energy_dec_28 (TQWT),0.002739583333333334,0.0025493359397083656
baseline_male,Boruta,60,tqwt_maxValue_dec_13 (TQWT),0.002625514403292181,0.0029844097736580573
baseline_male,Boruta,60,std_10th_delta (MFCC),0.002592307692307693,0.0025187722686120136
baseline_male,Boruta,60,locAbsJitter (Baseline),0.002416005291005292,0.0037473466491937703
baseline_male,Boruta,60,tqwt_kurtosisValue_dec_28 (TQWT),0.0023733333333333345,0.0027122843668182153
baseline_male,Boruta,60,std_12th_delta_delta (MFCC),0.0023,0.0029493657852276284
baseline_male,Boruta,60,tqwt_entropy_log_dec_6 (TQWT),0.0022268518518518514,0.0015439075974451287
baseline_male,Boruta,60,tqwt_minValue_dec_11 (TQWT),0.0022028985507246378,0.0019796492322363447
baseline_male,Boruta,60,tqwt_entropy_log_dec_9 (TQWT),0.002091787439613526,0.002020632187661518
baseline_male,Boruta,60,f2 (Formant Frequency),0.0020666666666666663,0.001783051739090457
baseline_male,Boruta,60,rapJitter (Baseline),0.0019577777777777783,0.0020484179300172163
baseline_male,Boruta,60,tqwt_entropy_log_dec_17 (TQWT),0.0019541062801932373,0.002045815923405618
baseline_male,Boruta,60,std_5th_delta_delta (MFCC),0.0019513888888888899,0.0014062896664549915
baseline_male,Boruta,60,tqwt_stdValue_dec_28 (TQWT),0.001624444444444445,0.0014190079575476609
baseline_male,Boruta,60,tqwt_energy_dec_13 (TQWT),0.0016142857142857144,0.0016855206475981988
baseline_male,Boruta,60,ddpJitter (Baseline),0.001528888888888889,0.0018511365986081916
baseline_male,Boruta,60,tqwt_TKEO_mean_dec_28 (TQWT),0.0013933333333333334,0.0019880725420447897
baseline_female,Boruta,60,std_delta_delta_log_energy (MFCC),0.025097449908925318,0.017887835195163376
baseline_female,Boruta,60,tqwt_energy_dec_25 (TQWT),0.02319230769230769,0.01493608501537922
baseline_female,Boruta,60,std_6th_delta_delta (MFCC),0.015682604735883423,0.013758234432091622
baseline_female,Boruta,60,tqwt_entropy_log_dec_33 (TQWT),0.0155982905982906,0.010557554698735875
baseline_female,Boruta,60,tqwt_energy_dec_6 (TQWT),0.015593253968253966,0.012831999387994508
baseline_female,Boruta,60,std_delta_log_energy (MFCC),0.015117030965391619,0.012339689027098377
baseline_female,Boruta,60,tqwt_kurtosisValue_dec_26 (TQWT),0.014942307692307696,0.010295084497924724
baseline_female,Boruta,60,tqwt_entropy_log_dec_27 (TQWT),0.014329690346083786,0.009721838403482416
baseline_female,Boruta,60,tqwt_energy_dec_26 (TQWT),0.013598816029143895,0.009702423011444236
baseline_female,Boruta,60,std_7th_delta_delta (MFCC),0.013352459016393444,0.008416847189744812
baseline_female,Boruta,60,mean_MFCC_2nd_coef (MFCC),0.01320947176684882,0.013439145943012425
baseline_female,Boruta,60,tqwt_entropy_log_dec_26 (TQWT),0.011475,0.009007877899327147
baseline_female,Boruta,60,std_9th_delta_delta (MFCC),0.011330145719489978,0.009602562071388656
baseline_female,Boruta,60,DFA (Baseline),0.010616161616161615,0.007803512056857348
baseline_female,Boruta,60,tqwt_medianValue_dec_36 (TQWT),0.010514957264957263,0.004947355313834311
baseline_female,Boruta,60,tqwt_entropy_log_dec_12 (TQWT),0.010264571948998177,0.007299583515286036
baseline_female,Boruta,60,tqwt_energy_dec_27 (TQWT),0.009861689814814814,0.0065589782602382225
baseline_female,Boruta,60,std_6th_delta (MFCC),0.009846083788706739,0.007508158210919991
baseline_female,Boruta,60,tqwt_entropy_log_dec_35 (TQWT),0.009506830601092895,0.008936050433781775
baseline_female,Boruta,60,std_7th_delta (MFCC),0.00923816029143898,0.006044266268028974
baseline_female,Boruta,60,tqwt_TKEO_mean_dec_12 (TQWT),0.008942622950819675,0.006483209920946399
baseline_female,Boruta,60,tqwt_TKEO_mean_dec_13 (TQWT),0.008767676767676768,0.01144442554199757
baseline_female,Boruta,60,tqwt_kurtosisValue_dec_18 (TQWT),0.008662615740740738,0.006463234941567756
baseline_female,Boruta,60,tqwt_TKEO_std_dec_12 (TQWT),0.008544626593806922,0.007673531567975829
baseline_female,Boruta,60,mean_MFCC_5th_coef (MFCC),0.008390151515151515,0.006197958210730125
baseline_female,Boruta,60,tqwt_meanValue_dec_5 (TQWT),0.00833119658119658,0.0060890158236872475
baseline_female,Boruta,60,tqwt_TKEO_std_dec_13 (TQWT),0.00831712962962963,0.00711781609891551
baseline_female,Boruta,60,std_8th_delta_delta (MFCC),0.007990437158469943,0.007205252370748517
baseline_female,Boruta,60,tqwt_entropy_log_dec_28 (TQWT),0.007960470085470085,0.0056056203292590085
baseline_female,Boruta,60,locAbsJitter (Baseline),0.007838235294117646,0.00905459799619297
baseline_female,Boruta,60,tqwt_meanValue_dec_36 (TQWT),0.007657051282051284,0.005613451598395804
baseline_female,Boruta,60,tqwt_kurtosisValue_dec_23 (TQWT),0.007552083333333333,0.005181704978996943
baseline_female,Boruta,60,tqwt_entropy_shannon_dec_35 (TQWT),0.007412393162393165,0.007305028233240272
baseline_female,Boruta,60,ppq5Jitter (Baseline),0.007258547008547009,0.006611604180402049
baseline_female,Boruta,60,tqwt_stdValue_dec_11 (TQWT),0.00725,0.007679280372011656
baseline_female,Boruta,60,ddpJitter (Baseline),0.007224358974358975,0.00495759994380317
baseline_female,Boruta,60,std_9th_delta (MFCC),0.00712887067395264,0.006542939643443877
baseline_female,Boruta,60,tqwt_kurtosisValue_dec_20 (TQWT),0.007101548269581057,0.006505980906107218
baseline_female,Boruta,60,std_11th_delta (MFCC),0.006732905982905981,0.007120248332954148
baseline_female,Boruta,60,std_4th_delta_delta (MFCC),0.006695492662473796,0.006252356635416834
baseline_female,Boruta,60,tqwt_stdValue_dec_12 (TQWT),0.006598360655737707,0.00436893109913891
baseline_female,Boruta,60,tqwt_entropy_shannon_dec_12 (TQWT),0.006586520947176685,0.004776172516319766
baseline_female,Boruta,60,tqwt_TKEO_std_dec_7 (TQWT),0.0065833333333333325,0.004909994371997257
baseline_female,Boruta,60,b1 (Bandwidth),0.0064826388888888885,0.004433543905751221
baseline_female,Boruta,60,tqwt_energy_dec_12 (TQWT),0.006379781420765027,0.006664563445463378
baseline_female,Boruta,60,GQ_std_cycle_open (Vocal Fold),0.006133597883597884,0.0045013094312788505
baseline_female,Boruta,60,std_12th_delta (MFCC),0.006115226337448559,0.004878272695987513
baseline_female,Boruta,60,tqwt_entropy_shannon_dec_13 (TQWT),0.006048611111111112,0.0035943806835155826
baseline_female,Boruta,60,apq11Shimmer (Baseline),0.005867521367521369,0.0065661704399788716
baseline_female,Boruta,60,std_4th_delta (MFCC),0.005774109014675052,0.0045397806058025975
baseline_female,Boruta,60,std_8th_delta (MFCC),0.005758196721311475,0.004735472977347201
baseline_female,Boruta,60,std_MFCC_6th_coef (MFCC),0.005711538461538461,0.003687824931453867
baseline_female,Boruta,60,tqwt_energy_dec_11 (TQWT),0.005575471698113206,0.005521623621216271
baseline_female,Boruta,60,std_10th_delta_delta (MFCC),0.0055255009107468105,0.00560420471422972
baseline_female,Boruta,60,tqwt_entropy_shannon_dec_34 (TQWT),0.005393162393162392,0.006010030958362204
baseline_female,Boruta,60,std_12th_delta_delta (MFCC),0.005306878306878308,0.0049051180843601265
baseline_female,Boruta,60,tqwt_kurtosisValue_dec_17 (TQWT),0.00527662037037037,0.004706120066869921
baseline_female,Boruta,60,tqwt_entropy_log_dec_11 (TQWT),0.005221766848816029,0.0043784879313843615
baseline_female,Boruta,60,tqwt_maxValue_dec_12 (TQWT),0.005144675925925925,0.004346056837853636
baseline_female,Boruta,60,std_11th_delta_delta (MFCC),0.004961293260473589,0.005088645398441892
baseline_female,Boruta,60,tqwt_stdValue_dec_7 (TQWT),0.004938034188034187,0.0028175789365607958
baseline_female,Boruta,60,tqwt_entropy_log_dec_19 (TQWT),0.0048789682539682536,0.0038961889860191033
baseline_female,Boruta,60,tqwt_entropy_log_dec_34 (TQWT),0.004859477124183006,0.006554067376668379
baseline_female,Boruta,60,mean_delta_log_energy (MFCC),0.004844017094017093,0.0027609600228725236
baseline_female,Boruta,60,tqwt_TKEO_mean_dec_6 (TQWT),0.00483862433862434,0.004552847046162387
baseline_female,Boruta,60,tqwt_entropy_shannon_dec_11 (TQWT),0.004734061930783242,0.004529962426936559
baseline_female,Boruta,60,tqwt_kurtosisValue_dec_36 (TQWT),0.004710416666666666,0.004521790602042683
baseline_female,Boruta,60,tqwt_TKEO_std_dec_11 (TQWT),0.0045928961748633885,0.004983261900512504
baseline_female,Boruta,60,tqwt_kurtosisValue_dec_34 (TQWT),0.004576923076923076,0.005642814589632499
baseline_female,Boruta,60,minIntensity (Intensity),0.004454282407407407,0.003677411795891408
baseline_female,Boruta,60,tqwt_minValue_dec_12 (TQWT),0.0044537037037037045,0.004167140249251012
baseline_female,Boruta,60,tqwt_kurtosisValue_dec_16 (TQWT),0.004420138888888889,0.002019113626930262
baseline_female,Boruta,60,tqwt_kurtosisValue_dec_27 (TQWT),0.004263888888888889,0.004548898151122192
baseline_female,Boruta,60,tqwt_TKEO_std_dec_19 (TQWT),0.004261904761904762,0.003879224666378506
baseline_female,Boruta,60,tqwt_maxValue_dec_13 (TQWT),0.004257142857142858,0.003958015210681949
baseline_female,Boruta,60,tqwt_minValue_dec_13 (TQWT),0.004246031746031746,0.00357676470299825
baseline_female,Boruta,60,std_MFCC_8th_coef (MFCC),0.004202991452991453,0.0032717964224034213
baseline_female,Boruta,60,tqwt_TKEO_mean_dec_11 (TQWT),0.00414814814814815,0.003464973851358281
baseline_female,Boruta,60,std_5th_delta (MFCC),0.0041337448559670776,0.0028149041066800645
baseline_female,Boruta,60,std_10th_delta (MFCC),0.004042805100182149,0.0032308663789865793
baseline_female,Boruta,60,meanIntensity (Intensity),0.0037896825396825395,0.0034054974230518353
baseline_female,Boruta,60,tqwt_TKEO_std_dec_6 (TQWT),0.003681623931623933,0.002715354488487644
baseline_female,Boruta,60,tqwt_energy_dec_1 (TQWT),0.003664529914529915,0.002814810037667826
baseline_female,Boruta,60,std_Log_energy (MFCC),0.0036158280922431864,0.004098436220780848
baseline_female,Boruta,60,tqwt_stdValue_dec_6 (TQWT),0.00359920634920635,0.0038316331633407564
baseline_female,Boruta,60,tqwt_entropy_log_dec_13 (TQWT),0.003453703703703704,0.002895869770620748
baseline_female,Boruta,60,tqwt_kurtosisValue_dec_35 (TQWT),0.003441239316239316,0.003418524513885436
baseline_female,Boruta,60,tqwt_maxValue_dec_11 (TQWT),0.003438888888888889,0.0030535232665016817
baseline_female,Boruta,60,tqwt_energy_dec_28 (TQWT),0.0033782051282051275,0.0036011421004872673
baseline_female,Boruta,60,tqwt_entropy_shannon_dec_6 (TQWT),0.0033418803418803424,0.00261791163973526
baseline_female,Boruta,60,tqwt_entropy_shannon_dec_16 (TQWT),0.0033125,0.0026067345495505165
baseline_female,Boruta,60,rapJitter (Baseline),0.0032799145299145295,0.002423950597792063
baseline_female,Boruta,60,tqwt_stdValue_dec_13 (TQWT),0.0032411616161616163,0.002669076073884864
baseline_female,Boruta,60,tqwt_stdValue_dec_35 (TQWT),0.0032152777777777783,0.0027149786630940496
baseline_female,Boruta,60,tqwt_entropy_shannon_dec_18 (TQWT),0.0031965811965811958,0.002864136554579442
baseline_female,Boruta,60,tqwt_TKEO_mean_dec_7 (TQWT),0.0031773504273504274,0.0034611156589056074
baseline_female,Boruta,60,tqwt_entropy_log_dec_16 (TQWT),0.003166666666666668,0.0025732760071518665
baseline_female,Boruta,60,tqwt_TKEO_mean_dec_28 (TQWT),0.0031581196581196578,0.0028617618156794047
baseline_female,Boruta,60,tqwt_stdValue_dec_19 (TQWT),0.003015873015873016,0.002856170549162457
baseline_female,Boruta,60,tqwt_entropy_log_dec_17 (TQWT),0.0027123015873015874,0.002339113779492375
baseline_female,Boruta,60,det_LT_TKEO_std_1_coef (Wavelet),0.002681623931623932,0.0025454293555725736
baseline_female,Boruta,60,f2 (Formant Frequency),0.002673611111111111,0.0026812452413252385
baseline_female,Boruta,60,tqwt_energy_dec_13 (TQWT),0.0026354166666666665,0.0015270052312809338
baseline_female,Boruta,60,tqwt_entropy_log_dec_6 (TQWT),0.0025705128205128205,0.002915045217914917
baseline_female,Boruta,60,tqwt_entropy_shannon_dec_17 (TQWT),0.0025436507936507933,0.0026040745346104423
baseline_female,Boruta,60,tqwt_entropy_log_dec_8 (TQWT),0.0024186507936507944,0.0021979505556296458
baseline_female,Boruta,60,maxIntensity (Intensity),0.002378205128205129,0.002660663301533888
baseline_female,Boruta,60,Ed2_1_coef (Wavelet),0.0022841880341880347,0.0022795453102157936
baseline_female,Boruta,60,Ed_1_coef (Wavelet),0.002278846153846154,0.0021386663399916
baseline_female,Boruta,60,std_MFCC_7th_coef (MFCC),0.0022777777777777783,0.002617742033236535
baseline_female,Boruta,60,tqwt_kurtosisValue_dec_28 (TQWT),0.0020662393162393156,0.0023718739955542016
baseline_female,Boruta,60,tqwt_stdValue_dec_28 (TQWT),0.0019978632478632485,0.0018117568566071187
baseline_female,Boruta,60,tqwt_minValue_dec_11 (TQWT),0.0019940476190476192,0.002302208710238121
baseline_female,Boruta,60,std_5th_delta_delta (MFCC),0.0019273504273504272,0.0014973737817018976
baseline_female,Boruta,60,tqwt_entropy_log_dec_9 (TQWT),0.0017559523809523808,0.0014961902598116235
baseline_female,Boruta,60,det_TKEO_mean_1_coef (Wavelet),0.001405982905982906,0.0012861201942684648
baseline_female,Boruta,60,det_LT_TKEO_mean_1_coef (Wavelet),0.0013846153846153845,0.0022533136881984672
baseline,Boruta,70,std_delta_delta_log_energy (MFCC),0.020510361552028216,0.018038116863246117
baseline,Boruta,70,tqwt_kurtosisValue_dec_26 (TQWT),0.01429555555555556,0.012047921572629874
baseline,Boruta,70,std_6th_delta_delta (MFCC),0.01371119929453263,0.010972260874568934
baseline,Boruta,70,tqwt_energy_dec_25 (TQWT),0.011826666666666662,0.011433526232564455
baseline,Boruta,70,std_delta_log_energy (MFCC),0.011591710758377423,0.010669486192524722
baseline,Boruta,70,tqwt_medianValue_dec_36 (TQWT),0.011062091503267974,0.005511712752691332
baseline,Boruta,70,tqwt_entropy_log_dec_27 (TQWT),0.01050088183421517,0.009901635386505538
baseline,Boruta,70,tqwt_energy_dec_26 (TQWT),0.010093253968253968,0.007871171871514818
baseline,Boruta,70,tqwt_kurtosisValue_dec_18 (TQWT),0.009933168316831682,0.007517428661009517
baseline,Boruta,70,tqwt_energy_dec_6 (TQWT),0.009809130913091312,0.007942001465931959
baseline,Boruta,70,tqwt_meanValue_dec_5 (TQWT),0.009534013605442176,0.008783718220352201
baseline,Boruta,70,tqwt_kurtosisValue_dec_33 (TQWT),0.009445533769063182,0.004767390068457203
baseline,Boruta,70,std_7th_delta_delta (MFCC),0.00933641975308642,0.005664977480803526
baseline,Boruta,70,tqwt_entropy_log_dec_33 (TQWT),0.009013543394140407,0.008967140442066196
baseline,Boruta,70,tqwt_TKEO_std_dec_7 (TQWT),0.009003333333333334,0.007406299342303155
baseline,Boruta,70,std_6th_delta (MFCC),0.008839506172839507,0.0072847249213946735
baseline,Boruta,70,mean_MFCC_2nd_coef (MFCC),0.008814153439153441,0.010317478736570738
baseline,Boruta,70,std_11th_delta (MFCC),0.008476034858387799,0.005665099702745906
baseline,Boruta,70,std_9th_delta_delta (MFCC),0.00821362433862434,0.006917491740717916
baseline,Boruta,70,tqwt_entropy_log_dec_12 (TQWT),0.008177910052910053,0.007853317609815646
baseline,Boruta,70,tqwt_energy_dec_27 (TQWT),0.007880363036303632,0.00694694820896433
baseline,Boruta,70,tqwt_entropy_log_dec_26 (TQWT),0.007843459222769562,0.005923036600891478
baseline,Boruta,70,std_MFCC_6th_coef (MFCC),0.007602222222222225,0.004044024447384868
baseline,Boruta,70,std_7th_delta (MFCC),0.007576278659611992,0.005428089146697725
baseline,Boruta,70,locAbsJitter (Baseline),0.007413211719181867,0.007936848411180293
baseline,Boruta,70,b1 (Bandwidth),0.007343137254901962,0.004550690588220799
baseline,Boruta,70,tqwt_entropy_shannon_dec_12 (TQWT),0.007156305114638447,0.006387551353218596
baseline,Boruta,70,tqwt_TKEO_mean_dec_12 (TQWT),0.007091490299823633,0.006650120717791584
baseline,Boruta,70,tqwt_kurtosisValue_dec_23 (TQWT),0.007015250544662307,0.004436827515847516
baseline,Boruta,70,std_11th_delta_delta (MFCC),0.007011904761904761,0.007053047559009654
baseline,Boruta,70,tqwt_meanValue_dec_36 (TQWT),0.006845,0.004913630943097445
baseline,Boruta,70,tqwt_kurtosisValue_dec_36 (TQWT),0.006771564327485381,0.00555686754718885
baseline,Boruta,70,tqwt_TKEO_std_dec_12 (TQWT),0.006764329805996473,0.007643003628523541
baseline,Boruta,70,tqwt_entropy_log_dec_35 (TQWT),0.006649911816578484,0.0070527246985020555
baseline,Boruta,70,DFA (Baseline),0.006612926652142338,0.005368596344893566
baseline,Boruta,70,tqwt_stdValue_dec_19 (TQWT),0.00656644880174292,0.0058936214116649425
baseline,Boruta,70,tqwt_TKEO_std_dec_6 (TQWT),0.006543333333333332,0.004212894785745824
baseline,Boruta,70,tqwt_stdValue_dec_12 (TQWT),0.006372354497354498,0.006419237206293486
baseline,Boruta,70,tqwt_entropy_log_dec_19 (TQWT),0.006336601307189542,0.0056171882270021345
baseline,Boruta,70,tqwt_kurtosisValue_dec_20 (TQWT),0.0063070987654320985,0.006160928266517143
baseline,Boruta,70,tqwt_TKEO_std_dec_19 (TQWT),0.006129629629629629,0.0050826582174002
baseline,Boruta,70,std_4th_delta_delta (MFCC),0.006107794361525706,0.005884508011105309
baseline,Boruta,70,ddpJitter (Baseline),0.005910675381263617,0.0035467855754263192
baseline,Boruta,70,std_8th_delta_delta (MFCC),0.005846119929453263,0.004773707539658502
baseline,Boruta,70,GNE_NSR_SEO (Vocal Fold),0.005806100217864924,0.0050203335638411015
baseline,Boruta,70,locPctJitter (Baseline),0.005705555555555556,0.004716856129835522
baseline,Boruta,70,std_9th_delta (MFCC),0.005700176366843033,0.004795591546038157
baseline,Boruta,70,tqwt_stdValue_dec_35 (TQWT),0.0054520697167755984,0.007532645161535921
baseline,Boruta,70,tqwt_entropy_log_dec_34 (TQWT),0.005314074074074075,0.005525413106454163
baseline,Boruta,70,tqwt_TKEO_mean_dec_26 (TQWT),0.005306100217864922,0.004083130030578925
baseline,Boruta,70,tqwt_entropy_log_dec_28 (TQWT),0.005257222222222222,0.004903665393063636
baseline,Boruta,70,mean_MFCC_5th_coef (MFCC),0.005255446623093683,0.005660267788649055
baseline,Boruta,70,tqwt_entropy_log_dec_13 (TQWT),0.005216417910447762,0.003796577774634916
baseline,Boruta,70,std_4th_delta (MFCC),0.00515975677169707,0.0041861998596836834
baseline,Boruta,70,std_10th_delta_delta (MFCC),0.005111331569664904,0.00510524145000383
baseline,Boruta,70,apq11Shimmer (Baseline),0.0051088888888888885,0.005693622945192217
baseline,Boruta,70,tqwt_energy_dec_11 (TQWT),0.005015754560530679,0.005501818602403496
baseline,Boruta,70,tqwt_stdValue_dec_11 (TQWT),0.004877645502645503,0.005307441148972736
baseline,Boruta,70,det_LT_TKEO_std_4_coef (Wavelet),0.004863945578231292,0.00297465322334367
baseline,Boruta,70,tqwt_TKEO_std_dec_13 (TQWT),0.004794637921503593,0.00441746579543125
baseline,Boruta,70,tqwt_TKEO_mean_dec_13 (TQWT),0.004733995584988963,0.0049452327045790955
baseline,Boruta,70,std_5th_delta_delta (MFCC),0.004683168316831683,0.00441574535043692
baseline,Boruta,70,tqwt_entropy_shannon_dec_19 (TQWT),0.004668845315904139,0.004058372821600124
baseline,Boruta,70,tqwt_entropy_log_dec_11 (TQWT),0.004657186948853616,0.004352650754241994
baseline,Boruta,70,mean_delta_log_energy (MFCC),0.004651416122004356,0.003262983483316945
baseline,Boruta,70,tqwt_kurtosisValue_dec_17 (TQWT),0.004646314631463146,0.004202577828959874
baseline,Boruta,70,tqwt_skewnessValue_dec_23 (TQWT),0.004589324618736383,0.002696382278486569
baseline,Boruta,70,tqwt_TKEO_mean_dec_5 (TQWT),0.0045729847494553385,0.0037830333593767977
baseline,Boruta,70,tqwt_energy_dec_12 (TQWT),0.00453505291005291,0.005333069666232915
baseline,Boruta,70,det_LT_TKEO_mean_1_coef (Wavelet),0.004454444444444445,0.006270437031162168
baseline,Boruta,70,std_8th_delta (MFCC),0.0044292328042328044,0.004856031434656196
baseline,Boruta,70,det_TKEO_mean_1_coef (Wavelet),0.004374444444444444,0.0060801242391181525
baseline,Boruta,70,minIntensity (Intensity),0.004358910891089109,0.0035279074179233477
baseline,Boruta,70,GQ_std_cycle_open (Vocal Fold),0.00424092409240924,0.003557770510430453
baseline,Boruta,70,ppq5Jitter (Baseline),0.004181917211328976,0.003550613543324113
baseline,Boruta,70,tqwt_kurtosisValue_dec_16 (TQWT),0.004169977924944813,0.0037521611372782994
baseline,Boruta,70,tqwt_maxValue_dec_11 (TQWT),0.004103703703703704,0.005703870283843095
baseline,Boruta,70,tqwt_entropy_shannon_dec_34 (TQWT),0.004022222222222221,0.005279957554496118
baseline,Boruta,70,tqwt_kurtosisValue_dec_27 (TQWT),0.004012792397660819,0.004554260531233888
baseline,Boruta,70,tqwt_maxValue_dec_13 (TQWT),0.004006080707573245,0.003322443433457011
baseline,Boruta,70,tqwt_TKEO_std_dec_11 (TQWT),0.0039757495590828935,0.004484483898044978
baseline,Boruta,70,std_Log_energy (MFCC),0.0039693562610229275,0.004521111638300741
baseline,Boruta,70,std_MFCC_4th_coef (MFCC),0.003911111111111111,0.0026294003043899248
baseline,Boruta,70,tqwt_energy_dec_1 (TQWT),0.0038888888888888888,0.0031707614338160853
baseline,Boruta,70,tqwt_TKEO_mean_dec_6 (TQWT),0.0038679867986798687,0.0036708021655295587
baseline,Boruta,70,det_TKEO_std_1_coef (Wavelet),0.0038211111111111115,0.004945191650216413
baseline,Boruta,70,tqwt_kurtosisValue_dec_35 (TQWT),0.003751111111111111,0.004429712298411588
baseline,Boruta,70,tqwt_entropy_shannon_dec_11 (TQWT),0.0037281746031746035,0.004095260257323442
baseline,Boruta,70,tqwt_stdValue_dec_27 (TQWT),0.003726757369614513,0.0028889218927695714
baseline,Boruta,70,tqwt_maxValue_dec_12 (TQWT),0.003609788359788361,0.003476293901973398
baseline,Boruta,70,tqwt_minValue_dec_12 (TQWT),0.003553344389165286,0.004901235837541819
baseline,Boruta,70,meanIntensity (Intensity),0.003549444444444445,0.003148241837779312
baseline,Boruta,70,tqwt_meanValue_dec_11 (TQWT),0.0035403050108932465,0.003783525873442823
baseline,Boruta,70,tqwt_entropy_log_dec_16 (TQWT),0.0034596949891067545,0.002979531028964957
baseline,Boruta,70,tqwt_kurtosisValue_dec_34 (TQWT),0.003355,0.004391280611692677
baseline,Boruta,70,std_12th_delta_delta (MFCC),0.003298111837327524,0.003261902969601991
baseline,Boruta,70,std_12th_delta (MFCC),0.0032913943355119837,0.003438446828476376
baseline,Boruta,70,tqwt_entropy_log_dec_17 (TQWT),0.0032042483660130712,0.002754123273741489
baseline,Boruta,70,maxIntensity (Intensity),0.0031746031746031746,0.002688929141678907
baseline,Boruta,70,tqwt_entropy_shannon_dec_35 (TQWT),0.0031705948372615037,0.003290873079967798
baseline,Boruta,70,tqwt_entropy_shannon_dec_13 (TQWT),0.0031622222222222217,0.0030715756518457705
baseline,Boruta,70,tqwt_energy_dec_7 (TQWT),0.0031477777777777767,0.0031848083108927433
baseline,Boruta,70,tqwt_stdValue_dec_13 (TQWT),0.0031320824135393673,0.0027595424686459942
baseline,Boruta,70,std_MFCC_7th_coef (MFCC),0.003078888888888889,0.0025348206415469177
baseline,Boruta,70,tqwt_minValue_dec_13 (TQWT),0.0030658572479764527,0.002362521158927704
baseline,Boruta,70,tqwt_TKEO_mean_dec_36 (TQWT),0.0030633333333333337,0.003013310640171128
baseline,Boruta,70,rapJitter (Baseline),0.0030359477124183008,0.002325719185164489
baseline,Boruta,70,tqwt_stdValue_dec_28 (TQWT),0.002959694989106754,0.0028923185563665883
baseline,Boruta,70,tqwt_entropy_log_dec_18 (TQWT),0.002869281045751634,0.002964577742315164
baseline,Boruta,70,tqwt_minValue_dec_11 (TQWT),0.0028246187363834426,0.0025570101190940876
baseline,Boruta,70,tqwt_entropy_log_dec_8 (TQWT),0.0027701525054466226,0.0036009362886548876
baseline,Boruta,70,tqwt_energy_dec_28 (TQWT),0.002752222222222222,0.003002893233051568
baseline,Boruta,70,tqwt_entropy_log_dec_6 (TQWT),0.00273982398239824,0.00227449912133366
baseline,Boruta,70,tqwt_TKEO_mean_dec_11 (TQWT),0.0026984521835268097,0.0026176371364949776
baseline,Boruta,70,std_10th_delta (MFCC),0.002614858906525573,0.0026145145257259186
baseline,Boruta,70,tqwt_entropy_log_dec_9 (TQWT),0.0026023965141612204,0.004352316894205902
baseline,Boruta,70,tqwt_TKEO_mean_dec_16 (TQWT),0.002447712418300653,0.0021213608836367303
baseline,Boruta,70,locDbShimmer (Baseline),0.0024095860566448793,0.002055337059204354
baseline,Boruta,70,tqwt_stdValue_dec_6 (TQWT),0.0023503850385038507,0.0021759824433372917
baseline,Boruta,70,tqwt_entropy_shannon_dec_16 (TQWT),0.002337690631808279,0.0020850823984533613
baseline,Boruta,70,tqwt_kurtosisValue_dec_28 (TQWT),0.0022026143790849673,0.002344112100798012
baseline,Boruta,70,tqwt_TKEO_mean_dec_28 (TQWT),0.002172113289760349,0.0018796402912546575
baseline,Boruta,70,tqwt_energy_dec_13 (TQWT),0.0021427015250544664,0.0019663115108856043
baseline,Boruta,70,tqwt_stdValue_dec_17 (TQWT),0.0021350762527233115,0.0025745998123414583
baseline,Boruta,70,Ed_1_coef (Wavelet),0.0021346801346801354,0.004015314861284659
baseline,Boruta,70,tqwt_entropy_shannon_dec_18 (TQWT),0.0021198257080610027,0.0013856851594916254
baseline,Boruta,70,std_MFCC_8th_coef (MFCC),0.0020600907029478463,0.00222916068818652
baseline,Boruta,70,tqwt_stdValue_dec_16 (TQWT),0.001986928104575163,0.001636406146835003
baseline,Boruta,70,Ed2_1_coef (Wavelet),0.0019852607709750568,0.002851201058711019
baseline,Boruta,70,tqwt_stdValue_dec_7 (TQWT),0.0019400000000000003,0.001673618610761677
baseline,Boruta,70,f2 (Formant Frequency),0.0019204793028322438,0.002610152591781395
baseline,Boruta,70,tqwt_energy_dec_17 (TQWT),0.0019161220043572983,0.0021036834327001317
baseline,Boruta,70,tqwt_entropy_shannon_dec_6 (TQWT),0.0018074807480748074,0.0017952524457320808
baseline,Boruta,70,std_5th_delta (MFCC),0.0018047304730473043,0.001608278456657696
baseline,Boruta,70,det_LT_TKEO_std_1_coef (Wavelet),0.0016417233560090704,0.0020284650289015666
baseline,Boruta,70,tqwt_TKEO_mean_dec_7 (TQWT),0.0016377777777777777,0.0015212571171584028
baseline,Boruta,70,tqwt_energy_dec_15 (TQWT),0.0013594771241830068,0.0014981857506716752
baseline,Boruta,70,tqwt_entropy_shannon_dec_17 (TQWT),0.001250544662309368,0.0014818744283083903
baseline_male,Boruta,70,std_delta_delta_log_energy (MFCC),0.016475213675213676,0.016113053387152437
baseline_male,Boruta,70,std_6th_delta_delta (MFCC),0.012880769230769229,0.008717664402979797
baseline_male,Boruta,70,tqwt_meanValue_dec_5 (TQWT),0.012661835748792268,0.010679601953615005
baseline_male,Boruta,70,tqwt_entropy_log_dec_19 (TQWT),0.011625603864734302,0.00790922797048708
baseline_male,Boruta,70,tqwt_stdValue_dec_19 (TQWT),0.011584541062801934,0.008697654968513753
baseline_male,Boruta,70,tqwt_energy_dec_25 (TQWT),0.01111111111111111,0.009331360466780467
baseline_male,Boruta,70,tqwt_TKEO_std_dec_7 (TQWT),0.010046296296296296,0.00618236311068929
baseline_male,Boruta,70,std_delta_log_energy (MFCC),0.010028205128205129,0.00979286631703484
baseline_male,Boruta,70,tqwt_kurtosisValue_dec_18 (TQWT),0.00985377358490566,0.007999530179099533
baseline_male,Boruta,70,tqwt_medianValue_dec_36 (TQWT),0.008857777777777775,0.00452252398813132
baseline_male,Boruta,70,tqwt_kurtosisValue_dec_33 (TQWT),0.008559999999999998,0.007478228660846356
baseline_male,Boruta,70,tqwt_energy_dec_6 (TQWT),0.00851654846335697,0.006495062378714196
baseline_male,Boruta,70,tqwt_TKEO_std_dec_19 (TQWT),0.008246376811594203,0.008388572247956916
baseline_male,Boruta,70,std_6th_delta (MFCC),0.007628205128205127,0.006404859437910925
baseline_male,Boruta,70,tqwt_kurtosisValue_dec_23 (TQWT),0.007507936507936508,0.0040880650862940215
baseline_male,Boruta,70,std_7th_delta_delta (MFCC),0.007416666666666668,0.005197248272208148
baseline_male,Boruta,70,tqwt_entropy_log_dec_33 (TQWT),0.007195742471443406,0.007580735764651857
baseline_male,Boruta,70,std_9th_delta_delta (MFCC),0.006967948717948718,0.0059119055087177436
baseline_male,Boruta,70,tqwt_entropy_shannon_dec_19 (TQWT),0.0069057971014492734,0.006535816246191321
baseline_male,Boruta,70,b1 (Bandwidth),0.00674126984126984,0.004967844301553442
baseline_male,Boruta,70,GNE_NSR_SEO (Vocal Fold),0.006708888888888888,0.005824258922128375
baseline_male,Boruta,70,std_11th_delta_delta (MFCC),0.006704273504273505,0.005574033319137512
baseline_male,Boruta,70,tqwt_kurtosisValue_dec_20 (TQWT),0.0063978632478632474,0.006376541241057166
baseline_male,Boruta,70,mean_MFCC_5th_coef (MFCC),0.006359195402298851,0.005808947242898798
baseline_male,Boruta,70,std_7th_delta (MFCC),0.006273931623931625,0.00469292297637099
baseline_male,Boruta,70,det_LT_TKEO_mean_1_coef (Wavelet),0.006238425925925926,0.007654707266792679
baseline_male,Boruta,70,tqwt_entropy_log_dec_35 (TQWT),0.006229487179487179,0.005726345307844097
baseline_male,Boruta,70,DFA (Baseline),0.006174029451137883,0.004900174111549699
baseline_male,Boruta,70,tqwt_entropy_log_dec_26 (TQWT),0.006133956386292832,0.00637911519896788
baseline_male,Boruta,70,std_11th_delta (MFCC),0.0060955555555555554,0.0043350804978596336
baseline_male,Boruta,70,std_4th_delta_delta (MFCC),0.005798830409356724,0.005443844655813637
baseline_male,Boruta,70,std_MFCC_6th_coef (MFCC),0.005745370370370371,0.0037073049132825167
baseline_male,Boruta,70,tqwt_TKEO_std_dec_6 (TQWT),0.005673611111111112,0.003637252645543301
baseline_male,Boruta,70,tqwt_energy_dec_26 (TQWT),0.005640598290598292,0.005742781436724586
baseline_male,Boruta,70,mean_MFCC_2nd_coef (MFCC),0.00561752136752137,0.008472863961953219
baseline_male,Boruta,70,tqwt_TKEO_std_dec_12 (TQWT),0.005611111111111113,0.007844044831724156
baseline_male,Boruta,70,tqwt_stdValue_dec_35 (TQWT),0.005596825396825396,0.008514623574258265
baseline_male,Boruta,70,tqwt_kurtosisValue_dec_26 (TQWT),0.005453703703703703,0.007454692061990248
baseline_male,Boruta,70,tqwt_kurtosisValue_dec_17 (TQWT),0.005423480083857441,0.004726584773775037
baseline_male,Boruta,70,locPctJitter (Baseline),0.005319444444444445,0.00379753251861971
baseline_male,Boruta,70,tqwt_entropy_log_dec_12 (TQWT),0.005264529914529914,0.007105071668100392
baseline_male,Boruta,70,std_4th_delta (MFCC),0.005257894736842104,0.003928829513043073
baseline_male,Boruta,70,tqwt_skewnessValue_dec_23 (TQWT),0.0052560386473429945,0.002958396120590945
baseline_male,Boruta,70,det_LT_TKEO_std_4_coef (Wavelet),0.005241545893719808,0.0029055862682076357
baseline_male,Boruta,70,tqwt_entropy_log_dec_34 (TQWT),0.005202574525745258,0.005353719343137147
baseline_male,Boruta,70,tqwt_kurtosisValue_dec_36 (TQWT),0.005188271604938272,0.004891383162952773
baseline_male,Boruta,70,tqwt_meanValue_dec_36 (TQWT),0.004983796296296295,0.004094708215587776
baseline_male,Boruta,70,tqwt_energy_dec_11 (TQWT),0.004960818713450292,0.005855484845017327
baseline_male,Boruta,70,det_TKEO_mean_1_coef (Wavelet),0.004953703703703703,0.009291161525342338
baseline_male,Boruta,70,std_8th_delta_delta (MFCC),0.004927350427350427,0.003706316522479257
baseline_male,Boruta,70,tqwt_entropy_log_dec_9 (TQWT),0.004823671497584541,0.005713823684111503
baseline_male,Boruta,70,tqwt_entropy_log_dec_27 (TQWT),0.00480042735042735,0.006702984822417224
baseline_male,Boruta,70,tqwt_kurtosisValue_dec_16 (TQWT),0.004722222222222222,0.004404584805570012
baseline_male,Boruta,70,tqwt_stdValue_dec_12 (TQWT),0.004703846153846153,0.006609381085323064
baseline_male,Boruta,70,tqwt_energy_dec_27 (TQWT),0.004696540880503144,0.006502465108730827
baseline_male,Boruta,70,tqwt_entropy_log_dec_11 (TQWT),0.004631623931623931,0.004809471569630988
baseline_male,Boruta,70,std_5th_delta_delta (MFCC),0.004624716553287982,0.003806429489119344
baseline_male,Boruta,70,apq11Shimmer (Baseline),0.0045601851851851845,0.006319873838948366
baseline_male,Boruta,70,tqwt_entropy_log_dec_13 (TQWT),0.004386243386243387,0.0034795715367393213
baseline_male,Boruta,70,std_9th_delta (MFCC),0.004258547008547008,0.0039077522973745395
baseline_male,Boruta,70,tqwt_entropy_shannon_dec_12 (TQWT),0.004173931623931624,0.005485044055957827
baseline_male,Boruta,70,mean_delta_log_energy (MFCC),0.004166666666666667,0.0030507469670651246
baseline_male,Boruta,70,GQ_std_cycle_open (Vocal Fold),0.004131826741996233,0.004293509929564115
baseline_male,Boruta,70,std_Log_energy (MFCC),0.004084188034188034,0.005075645216170959
baseline_male,Boruta,70,tqwt_TKEO_mean_dec_26 (TQWT),0.004050793650793651,0.003672425824534981
baseline_male,Boruta,70,tqwt_stdValue_dec_13 (TQWT),0.004029492455418381,0.0041559834246761036
baseline_male,Boruta,70,std_10th_delta_delta (MFCC),0.0039589743589743594,0.004108204855114796
baseline_male,Boruta,70,tqwt_entropy_log_dec_18 (TQWT),0.00394927536231884,0.0037408171169508258
baseline_male,Boruta,70,tqwt_TKEO_std_dec_13 (TQWT),0.003937037037037037,0.004013446573826458
baseline_male,Boruta,70,det_TKEO_std_1_coef (Wavelet),0.0039259259259259265,0.008014213160948176
baseline_male,Boruta,70,tqwt_entropy_log_dec_8 (TQWT),0.0038864734299516907,0.00432526518451283
baseline_male,Boruta,70,tqwt_entropy_log_dec_16 (TQWT),0.0038429118773946357,0.0031727055613806733
baseline_male,Boruta,70,tqwt_stdValue_dec_11 (TQWT),0.003797008547008547,0.0052096744587567185
baseline_male,Boruta,70,tqwt_maxValue_dec_11 (TQWT),0.003792857142857142,0.005779905867763469
baseline_male,Boruta,70,tqwt_TKEO_mean_dec_12 (TQWT),0.0037876068376068374,0.00540310009972445
baseline_male,Boruta,70,tqwt_TKEO_mean_dec_5 (TQWT),0.003659420289855071,0.003157291951887177
baseline_male,Boruta,70,tqwt_entropy_log_dec_17 (TQWT),0.003642361111111112,0.0034985827272562956
baseline_male,Boruta,70,tqwt_maxValue_dec_13 (TQWT),0.003636507936507938,0.0033848289514588348
baseline_male,Boruta,70,tqwt_meanValue_dec_11 (TQWT),0.003606666666666667,0.0034297584817656254
baseline_male,Boruta,70,std_8th_delta (MFCC),0.0036059829059829056,0.004533479329992389
baseline_male,Boruta,70,tqwt_entropy_shannon_dec_34 (TQWT),0.0035833333333333325,0.005042697194178456
baseline_male,Boruta,70,std_MFCC_4th_coef (MFCC),0.003560185185185185,0.002217145021553752
baseline_male,Boruta,70,tqwt_TKEO_mean_dec_13 (TQWT),0.0034780521262002743,0.0045039747012279065
baseline_male,Boruta,70,tqwt_entropy_shannon_dec_35 (TQWT),0.0034432624113475184,0.002934052251406195
baseline_male,Boruta,70,tqwt_TKEO_std_dec_11 (TQWT),0.003358119658119658,0.004631919963137739
baseline_male,Boruta,70,minIntensity (Intensity),0.0033149895178197068,0.0032012904288715224
baseline_male,Boruta,70,tqwt_TKEO_mean_dec_6 (TQWT),0.003295668549905838,0.0038959996409968964
baseline_male,Boruta,70,tqwt_entropy_shannon_dec_13 (TQWT),0.003211685823754787,0.003020756300199151
baseline_male,Boruta,70,tqwt_TKEO_mean_dec_36 (TQWT),0.0032106481481481482,0.003000390305277428
baseline_male,Boruta,70,tqwt_kurtosisValue_dec_35 (TQWT),0.003175925925925927,0.005074647812283832
baseline_male,Boruta,70,tqwt_kurtosisValue_dec_27 (TQWT),0.003132275132275132,0.004680368684485966
baseline_male,Boruta,70,tqwt_entropy_shannon_dec_11 (TQWT),0.0031106837606837616,0.004346636010077884
baseline_male,Boruta,70,tqwt_minValue_dec_12 (TQWT),0.003103174603174602,0.004035277532704392
baseline_male,Boruta,70,std_MFCC_7th_coef (MFCC),0.0030717592592592598,0.002395520465611808
baseline_male,Boruta,70,tqwt_stdValue_dec_17 (TQWT),0.0030314009661835746,0.0030714896220932447
baseline_male,Boruta,70,tqwt_minValue_dec_11 (TQWT),0.0030169082125603873,0.003226238543083261
baseline_male,Boruta,70,tqwt_energy_dec_7 (TQWT),0.003016203703703704,0.0027915532836931736
baseline_male,Boruta,70,tqwt_entropy_log_dec_28 (TQWT),0.002987268518518518,0.003594872452417417
baseline_male,Boruta,70,std_12th_delta_delta (MFCC),0.0029464524765729578,0.00289396497685631
baseline_male,Boruta,70,tqwt_stdValue_dec_27 (TQWT),0.002891304347826087,0.002067651980282413
baseline_male,Boruta,70,tqwt_kurtosisValue_dec_34 (TQWT),0.0028807870370370376,0.004570252076006935
baseline_male,Boruta,70,tqwt_energy_dec_12 (TQWT),0.002873076923076923,0.004277095550650545
baseline_male,Boruta,70,Ed_1_coef (Wavelet),0.0028628841607565014,0.006406819397860603
baseline_male,Boruta,70,tqwt_energy_dec_1 (TQWT),0.002831111111111111,0.0038083294727968807
baseline_male,Boruta,70,std_12th_delta (MFCC),0.0027407407407407406,0.0036172650927563236
baseline_male,Boruta,70,tqwt_energy_dec_28 (TQWT),0.002733796296296296,0.002949873862713874
baseline_male,Boruta,70,tqwt_stdValue_dec_6 (TQWT),0.0027241054613935975,0.0023063913106200324
baseline_male,Boruta,70,ppq5Jitter (Baseline),0.002720000000000001,0.002762653118336114
baseline_male,Boruta,70,tqwt_entropy_log_dec_6 (TQWT),0.002693973634651601,0.0023920589039164502
baseline_male,Boruta,70,tqwt_maxValue_dec_12 (TQWT),0.0026841880341880336,0.00289441801602651
baseline_male,Boruta,70,tqwt_energy_dec_13 (TQWT),0.002622222222222222,0.00220954449934526
baseline_male,Boruta,70,meanIntensity (Intensity),0.0025814176245210724,0.0026386253564908042
baseline_male,Boruta,70,tqwt_minValue_dec_13 (TQWT),0.002574074074074074,0.0022598625798278425
baseline_male,Boruta,70,tqwt_TKEO_mean_dec_11 (TQWT),0.002542857142857143,0.0024135837907965064
baseline_male,Boruta,70,locAbsJitter (Baseline),0.002530633437175493,0.004181163902153338
baseline_male,Boruta,70,maxIntensity (Intensity),0.0024492753623188393,0.001794213727110213
baseline_male,Boruta,70,tqwt_kurtosisValue_dec_28 (TQWT),0.002448888888888889,0.002801486806738224
baseline_male,Boruta,70,tqwt_stdValue_dec_28 (TQWT),0.002406666666666667,0.0024113781836835016
baseline_male,Boruta,70,locDbShimmer (Baseline),0.0024044444444444447,0.0021909884596753196
baseline_male,Boruta,70,Ed2_1_coef (Wavelet),0.0023043478260869575,0.003572882219491994
baseline_male,Boruta,70,std_MFCC_8th_coef (MFCC),0.0022826086956521732,0.001959413416756763
baseline_male,Boruta,70,tqwt_stdValue_dec_7 (TQWT),0.0022499999999999985,0.0014025463094795628
baseline_male,Boruta,70,tqwt_energy_dec_17 (TQWT),0.0022367149758454113,0.002280996692821931
baseline_male,Boruta,70,tqwt_entropy_shannon_dec_16 (TQWT),0.002201587301587301,0.0019441583602555963
baseline_male,Boruta,70,tqwt_entropy_shannon_dec_6 (TQWT),0.0020621468926553667,0.0015233551026284018
baseline_male,Boruta,70,det_LT_TKEO_std_1_coef (Wavelet),0.0020410628019323675,0.0021714513152786474
baseline_male,Boruta,70,tqwt_TKEO_mean_dec_16 (TQWT),0.0020126984126984126,0.002157982502683579
baseline_male,Boruta,70,std_10th_delta (MFCC),0.001973076923076923,0.002077525290057513
baseline_male,Boruta,70,tqwt_stdValue_dec_16 (TQWT),0.0018238095238095242,0.0016711204228431493
baseline_male,Boruta,70,std_5th_delta (MFCC),0.0016501182033096923,0.00152288168835331
baseline_male,Boruta,70,f2 (Formant Frequency),0.0016333333333333336,0.001676796141200623
baseline_male,Boruta,70,tqwt_energy_dec_15 (TQWT),0.0016285714285714284,0.0019240739173847865
baseline_male,Boruta,70,tqwt_entropy_shannon_dec_17 (TQWT),0.001618357487922705,0.002003082071547665
baseline_male,Boruta,70,ddpJitter (Baseline),0.0015977777777777785,0.0015218857171733153
baseline_male,Boruta,70,tqwt_TKEO_mean_dec_7 (TQWT),0.0015879629629629627,0.0018739571376772473
baseline_male,Boruta,70,tqwt_TKEO_mean_dec_28 (TQWT),0.0015866666666666674,0.0012327975461485106
baseline_male,Boruta,70,tqwt_entropy_shannon_dec_18 (TQWT),0.0014066666666666667,0.0012571835627745499
baseline_male,Boruta,70,rapJitter (Baseline),0.0011666666666666668,0.0012704779077631042
baseline_female,Boruta,70,std_delta_delta_log_energy (MFCC),0.026265938069216753,0.021157117094006153
baseline_female,Boruta,70,tqwt_kurtosisValue_dec_26 (TQWT),0.0194551282051282,0.012696912758758682
baseline_female,Boruta,70,std_6th_delta_delta (MFCC),0.015119763205828779,0.012083625452810316
baseline_female,Boruta,70,tqwt_medianValue_dec_36 (TQWT),0.013786324786324786,0.005550561080533059
baseline_female,Boruta,70,tqwt_energy_dec_25 (TQWT),0.01369047619047619,0.011869395084945977
baseline_female,Boruta,70,std_delta_log_energy (MFCC),0.013640710382513663,0.011164987002928265
baseline_female,Boruta,70,tqwt_entropy_log_dec_27 (TQWT),0.013513661202185794,0.010864726347850124
baseline_female,Boruta,70,tqwt_energy_dec_26 (TQWT),0.012076958105646627,0.00799358077924678
baseline_female,Boruta,70,mean_MFCC_2nd_coef (MFCC),0.01133788706739526,0.01079803426067307
baseline_female,Boruta,70,tqwt_entropy_log_dec_33 (TQWT),0.011150709219858158,0.009294851692242574
baseline_female,Boruta,70,std_7th_delta_delta (MFCC),0.010366120218579236,0.00640810129895385
baseline_female,Boruta,70,std_6th_delta (MFCC),0.010051457194899818,0.007722105059280436
baseline_female,Boruta,70,tqwt_energy_dec_27 (TQWT),0.009867476851851851,0.006307153798918327
baseline_female,Boruta,70,tqwt_energy_dec_6 (TQWT),0.009860082304526748,0.00954767040733626
baseline_female,Boruta,70,tqwt_entropy_log_dec_12 (TQWT),0.009571493624772314,0.00836270464597726
baseline_female,Boruta,70,tqwt_TKEO_std_dec_7 (TQWT),0.00945940170940171,0.0056400690984578766
baseline_female,Boruta,70,tqwt_kurtosisValue_dec_18 (TQWT),0.009280671296296297,0.007495180065151052
baseline_female,Boruta,70,std_7th_delta (MFCC),0.008944444444444446,0.006545818685451864
baseline_female,Boruta,70,std_9th_delta_delta (MFCC),0.008839708561020038,0.008174539418789976
baseline_female,Boruta,70,tqwt_kurtosisValue_dec_33 (TQWT),0.008700854700854703,0.005361287601258185
baseline_female,Boruta,70,locAbsJitter (Baseline),0.00858628841607565,0.009338375668037245
baseline_female,Boruta,70,tqwt_entropy_log_dec_35 (TQWT),0.008352459016393443,0.007727420489543211
baseline_female,Boruta,70,tqwt_TKEO_mean_dec_12 (TQWT),0.008125227686703098,0.0069112573022196205
baseline_female,Boruta,70,tqwt_entropy_log_dec_26 (TQWT),0.008046875,0.005677810818448344
baseline_female,Boruta,70,tqwt_meanValue_dec_36 (TQWT),0.007918803418803416,0.005875423790998445
baseline_female,Boruta,70,tqwt_TKEO_std_dec_12 (TQWT),0.007874772313296904,0.00777846016187482
baseline_female,Boruta,70,tqwt_meanValue_dec_5 (TQWT),0.0076666666666666645,0.006393990685254154
baseline_female,Boruta,70,tqwt_entropy_shannon_dec_12 (TQWT),0.007632058287795993,0.006409837251483453
baseline_female,Boruta,70,std_MFCC_6th_coef (MFCC),0.00760042735042735,0.003929146989258109
baseline_female,Boruta,70,std_11th_delta_delta (MFCC),0.007397085610200364,0.008110849453040084
baseline_female,Boruta,70,DFA (Baseline),0.007303968253968253,0.005159838583153291
baseline_female,Boruta,70,std_4th_delta_delta (MFCC),0.007174004192872116,0.006268941739516799
baseline_female,Boruta,70,tqwt_entropy_log_dec_28 (TQWT),0.007011752136752136,0.004583714047902037
baseline_female,Boruta,70,ddpJitter (Baseline),0.00697222222222222,0.004318106502976018
baseline_female,Boruta,70,b1 (Bandwidth),0.0068090277777777776,0.004432977320442983
baseline_female,Boruta,70,tqwt_stdValue_dec_12 (TQWT),0.006684426229508194,0.005495860101418191
baseline_female,Boruta,70,std_9th_delta (MFCC),0.006538706739526411,0.006794455947740557
baseline_female,Boruta,70,std_8th_delta_delta (MFCC),0.006520947176684883,0.0056961910060241774
baseline_female,Boruta,70,std_11th_delta (MFCC),0.0063888888888888875,0.007688171733772902
baseline_female,Boruta,70,tqwt_kurtosisValue_dec_36 (TQWT),0.006349305555555555,0.006475078245735181
baseline_female,Boruta,70,det_LT_TKEO_std_4_coef (Wavelet),0.006230769230769231,0.004386308782986526
baseline_female,Boruta,70,tqwt_stdValue_dec_11 (TQWT),0.006193989071038252,0.005864633338574787
baseline_female,Boruta,70,apq11Shimmer (Baseline),0.006061965811965811,0.005419333599496492
baseline_female,Boruta,70,tqwt_kurtosisValue_dec_20 (TQWT),0.006008196721311477,0.0054876859156511035
baseline_female,Boruta,70,tqwt_entropy_log_dec_34 (TQWT),0.005899509803921569,0.005534150807066022
baseline_female,Boruta,70,tqwt_maxValue_dec_11 (TQWT),0.005761805555555555,0.005698071111571934
baseline_female,Boruta,70,std_10th_delta_delta (MFCC),0.005693533697632057,0.005306593132615036
baseline_female,Boruta,70,locPctJitter (Baseline),0.005520655270655269,0.004526157299806066
baseline_female,Boruta,70,tqwt_entropy_shannon_dec_34 (TQWT),0.005467948717948718,0.0046284815056172645
baseline_female,Boruta,70,mean_MFCC_5th_coef (MFCC),0.0054431818181818175,0.005012699290336614
baseline_female,Boruta,70,GNE_NSR_SEO (Vocal Fold),0.005431623931623932,0.004971305534150834
baseline_female,Boruta,70,std_4th_delta (MFCC),0.005365303983228512,0.005068418144801038
baseline_female,Boruta,70,tqwt_energy_dec_12 (TQWT),0.005362932604735884,0.00574714181020596
baseline_female,Boruta,70,tqwt_TKEO_std_dec_6 (TQWT),0.005356837606837607,0.004260859511873606
baseline_female,Boruta,70,tqwt_minValue_dec_12 (TQWT),0.005095486111111113,0.005539413462184684
baseline_female,Boruta,70,tqwt_kurtosisValue_dec_27 (TQWT),0.00505718954248366,0.0052383785987416345
baseline_female,Boruta,70,GQ_std_cycle_open (Vocal Fold),0.005056878306878307,0.003652588896076176
baseline_female,Boruta,70,tqwt_TKEO_mean_dec_13 (TQWT),0.00505079365079365,0.005155354896538458
baseline_female,Boruta,70,tqwt_TKEO_std_dec_13 (TQWT),0.0049033564814814825,0.0049276233081221215
baseline_female,Boruta,70,tqwt_entropy_log_dec_13 (TQWT),0.004903356481481481,0.0035344135704685597
baseline_female,Boruta,70,minIntensity (Intensity),0.004887731481481482,0.0040815501266975186
baseline_female,Boruta,70,tqwt_energy_dec_11 (TQWT),0.004854297693920336,0.005580552523703087
baseline_female,Boruta,70,tqwt_entropy_log_dec_11 (TQWT),0.0048224043715846985,0.004380342367490396
baseline_female,Boruta,70,tqwt_kurtosisValue_dec_23 (TQWT),0.00478125,0.0032766738183799644
baseline_female,Boruta,70,tqwt_stdValue_dec_35 (TQWT),0.004652777777777777,0.004096188814661571
baseline_female,Boruta,70,tqwt_maxValue_dec_12 (TQWT),0.004642987249544627,0.003265504080022047
baseline_female,Boruta,70,tqwt_TKEO_mean_dec_26 (TQWT),0.004625,0.0036797799039947985
baseline_female,Boruta,70,std_8th_delta (MFCC),0.004614754098360655,0.004550783061083783
baseline_female,Boruta,70,tqwt_TKEO_std_dec_11 (TQWT),0.0045787795992714014,0.00444128982506147
baseline_female,Boruta,70,tqwt_TKEO_mean_dec_5 (TQWT),0.004543650793650793,0.0037835619101570586
baseline_female,Boruta,70,tqwt_skewnessValue_dec_23 (TQWT),0.0045297619047619045,0.0032864331802706743
baseline_female,Boruta,70,mean_delta_log_energy (MFCC),0.0044401709401709405,0.003026336342628105
baseline_female,Boruta,70,tqwt_entropy_shannon_dec_35 (TQWT),0.004412393162393163,0.003843602361115921
baseline_female,Boruta,70,tqwt_energy_dec_1 (TQWT),0.004346153846153847,0.00365797565338889
baseline_female,Boruta,70,meanIntensity (Intensity),0.0043108465608465586,0.004270381360779187
baseline_female,Boruta,70,tqwt_maxValue_dec_13 (TQWT),0.004269097222222222,0.0037524055873049806
baseline_female,Boruta,70,std_Log_energy (MFCC),0.004260018214936248,0.004387492406734148
baseline_female,Boruta,70,ppq5Jitter (Baseline),0.004209401709401708,0.004114122011559687
baseline_female,Boruta,70,tqwt_entropy_shannon_dec_11 (TQWT),0.004129781420765026,0.003946108363363877
baseline_female,Boruta,70,tqwt_stdValue_dec_27 (TQWT),0.004128205128205129,0.0027235442749647776
baseline_female,Boruta,70,std_MFCC_4th_coef (MFCC),0.004072649572649575,0.002410084294896406
baseline_female,Boruta,70,std_5th_delta_delta (MFCC),0.003875000000000001,0.004251528293630565
baseline_female,Boruta,70,tqwt_meanValue_dec_11 (TQWT),0.003829059829059828,0.003930031481444831
baseline_female,Boruta,70,tqwt_kurtosisValue_dec_34 (TQWT),0.0038279914529914536,0.0036796164222620054
baseline_female,Boruta,70,tqwt_TKEO_mean_dec_36 (TQWT),0.0038162393162393146,0.0028754307969593475
baseline_female,Boruta,70,std_12th_delta (MFCC),0.003805555555555556,0.003957906972788143
baseline_female,Boruta,70,tqwt_kurtosisValue_dec_17 (TQWT),0.00378761574074074,0.003880265269521846
baseline_female,Boruta,70,tqwt_stdValue_dec_28 (TQWT),0.0036581196581196586,0.0037232836130008766
baseline_female,Boruta,70,tqwt_kurtosisValue_dec_35 (TQWT),0.003570512820512821,0.003333012805102069
baseline_female,Boruta,70,tqwt_TKEO_std_dec_19 (TQWT),0.003561507936507937,0.003308115428056366
baseline_female,Boruta,70,rapJitter (Baseline),0.0035598290598290606,0.00255360627758177
baseline_female,Boruta,70,tqwt_energy_dec_7 (TQWT),0.0034273504273504276,0.0032060762278718164
baseline_female,Boruta,70,tqwt_kurtosisValue_dec_16 (TQWT),0.003365873015873016,0.002858412210751451
baseline_female,Boruta,70,tqwt_minValue_dec_13 (TQWT),0.0033087301587301585,0.002730847077161508
baseline_female,Boruta,70,std_10th_delta (MFCC),0.0032267759562841537,0.0031109664308927826
baseline_female,Boruta,70,tqwt_energy_dec_13 (TQWT),0.0031388888888888885,0.0026220409040970494
baseline_female,Boruta,70,tqwt_energy_dec_28 (TQWT),0.003132478632478632,0.0036369133959608785
baseline_female,Boruta,70,std_12th_delta_delta (MFCC),0.0031000000000000003,0.0032573558028186444
baseline_female,Boruta,70,tqwt_minValue_dec_11 (TQWT),0.003003968253968254,0.002291065264712644
baseline_female,Boruta,70,tqwt_entropy_log_dec_17 (TQWT),0.0030030864197530868,0.002597011622200829
baseline_female,Boruta,70,tqwt_TKEO_mean_dec_11 (TQWT),0.0029976851851851853,0.002804715493876626
baseline_female,Boruta,70,tqwt_entropy_shannon_dec_16 (TQWT),0.00298611111111111,0.0022434125615226896
baseline_female,Boruta,70,locDbShimmer (Baseline),0.0029508547008547004,0.0021289777259394134
baseline_female,Boruta,70,tqwt_stdValue_dec_13 (TQWT),0.0029388888888888885,0.0022003203655710122
baseline_female,Boruta,70,tqwt_entropy_log_dec_16 (TQWT),0.0029229797979797977,0.0021905035713532263
baseline_female,Boruta,70,tqwt_entropy_log_dec_19 (TQWT),0.0029087301587301592,0.002968870708040475
baseline_female,Boruta,70,tqwt_entropy_shannon_dec_13 (TQWT),0.002855820105820106,0.002788018266686785
baseline_female,Boruta,70,tqwt_stdValue_dec_19 (TQWT),0.002775793650793651,0.0028348677687228974
baseline_female,Boruta,70,tqwt_TKEO_mean_dec_6 (TQWT),0.002747354497354497,0.0028794084366977673
baseline_female,Boruta,70,tqwt_entropy_shannon_dec_19 (TQWT),0.0027321428571428575,0.003435874391782436
baseline_female,Boruta,70,tqwt_TKEO_mean_dec_16 (TQWT),0.0026249999999999993,0.002073273584690162
baseline_female,Boruta,70,maxIntensity (Intensity),0.0025747863247863245,0.002788691790392387
baseline_female,Boruta,70,std_MFCC_7th_coef (MFCC),0.002542735042735043,0.002440110336468098
baseline_female,Boruta,70,tqwt_entropy_shannon_dec_18 (TQWT),0.0024316239316239316,0.0018458713138355305
baseline_female,Boruta,70,tqwt_entropy_log_dec_8 (TQWT),0.0023511904761904763,0.0033110720363978955
baseline_female,Boruta,70,std_MFCC_8th_coef (MFCC),0.0023504273504273508,0.0025301343643332275
baseline_female,Boruta,70,tqwt_entropy_log_dec_9 (TQWT),0.0023273809523809523,0.0026892177028137376
baseline_female,Boruta,70,tqwt_entropy_log_dec_6 (TQWT),0.002310846560846561,0.0020649835269295237
baseline_female,Boruta,70,tqwt_stdValue_dec_17 (TQWT),0.0023095238095238095,0.0022294942212736668
baseline_female,Boruta,70,tqwt_TKEO_mean_dec_28 (TQWT),0.0022628205128205126,0.0022074122853850834
baseline_female,Boruta,70,tqwt_kurtosisValue_dec_28 (TQWT),0.0021431623931623934,0.0018420149342551536
baseline_female,Boruta,70,tqwt_entropy_shannon_dec_6 (TQWT),0.002072751322751323,0.0021354672693707556
baseline_female,Boruta,70,tqwt_stdValue_dec_6 (TQWT),0.0020568783068783073,0.0020827506063337063
baseline_female,Boruta,70,tqwt_entropy_log_dec_18 (TQWT),0.0020218253968253964,0.0016897556840235611
baseline_female,Boruta,70,std_5th_delta (MFCC),0.0019135802469135803,0.0016717543693899129
baseline_female,Boruta,70,tqwt_energy_dec_15 (TQWT),0.0018472222222222215,0.0018965046027974288
baseline_female,Boruta,70,det_LT_TKEO_std_1_coef (Wavelet),0.0018397435897435904,0.001837449591477545
baseline_female,Boruta,70,f2 (Formant Frequency),0.0018055555555555553,0.002418001180403317
baseline_female,Boruta,70,tqwt_energy_dec_17 (TQWT),0.001795634920634921,0.0015703816482207122
baseline_female,Boruta,70,det_LT_TKEO_mean_1_coef (Wavelet),0.0017649572649572644,0.0035329244941769518
baseline_female,Boruta,70,tqwt_stdValue_dec_16 (TQWT),0.001715277777777778,0.001784474127506905
baseline_female,Boruta,70,tqwt_stdValue_dec_7 (TQWT),0.0016645299145299146,0.0017061330651183203
baseline_female,Boruta,70,tqwt_TKEO_mean_dec_7 (TQWT),0.0015170940170940175,0.0011102921835033932
baseline_female,Boruta,70,Ed_1_coef (Wavelet),0.0014391025641025642,0.0014344814779423578
baseline_female,Boruta,70,det_TKEO_mean_1_coef (Wavelet),0.0014166666666666668,0.0012396032274950568
baseline_female,Boruta,70,Ed2_1_coef (Wavelet),0.0013311965811965802,0.0011798860187030849
baseline_female,Boruta,70,det_TKEO_std_1_coef (Wavelet),0.0012927350427350424,0.001207894276834104
baseline_female,Boruta,70,tqwt_entropy_shannon_dec_17 (TQWT),0.001238095238095238,0.0011272117079154458
baseline,Boruta,80,std_delta_delta_log_energy (MFCC),0.018277116402116402,0.015471206834501941
baseline,Boruta,80,std_delta_log_energy (MFCC),0.012763888888888889,0.011647644141819059
baseline,Boruta,80,tqwt_energy_dec_25 (TQWT),0.012015555555555559,0.010818222832313882
baseline,Boruta,80,std_6th_delta_delta (MFCC),0.011648809523809523,0.008995543662951895
baseline,Boruta,80,std_7th_delta_delta (MFCC),0.010621913580246915,0.006621342870643634
baseline,Boruta,80,mean_MFCC_2nd_coef (MFCC),0.009806216931216931,0.01012703161077291
baseline,Boruta,80,tqwt_entropy_log_dec_27 (TQWT),0.009651014109347444,0.008365932555347599
baseline,Boruta,80,tqwt_energy_dec_26 (TQWT),0.009416446208112874,0.007904742381763459
baseline,Boruta,80,tqwt_meanValue_dec_5 (TQWT),0.009348072562358277,0.00553668151061173
baseline,Boruta,80,tqwt_entropy_log_dec_12 (TQWT),0.009008377425044092,0.008699276588860877
baseline,Boruta,80,tqwt_entropy_log_dec_33 (TQWT),0.00895789241622575,0.008842653554244325
baseline,Boruta,80,tqwt_medianValue_dec_36 (TQWT),0.008595860566448805,0.004645341816122632
baseline,Boruta,80,tqwt_entropy_log_dec_19 (TQWT),0.008332244008714598,0.006237487379190848
baseline,Boruta,80,std_9th_delta_delta (MFCC),0.008049382716049384,0.006319974378533018
baseline,Boruta,80,std_6th_delta (MFCC),0.007840388007054673,0.005932557696352692
baseline,Boruta,80,GNE_NSR_SEO (Vocal Fold),0.007747276688453162,0.006811746620587561
baseline,Boruta,80,std_11th_delta (MFCC),0.007714596949891068,0.006479941869984827
baseline,Boruta,80,std_9th_delta (MFCC),0.007419532627865962,0.0052034571927701495
baseline,Boruta,80,std_7th_delta (MFCC),0.007326719576719579,0.005328139059721329
baseline,Boruta,80,tqwt_TKEO_mean_dec_19 (TQWT),0.007163398692810456,0.003853184231745247
baseline,Boruta,80,b1 (Bandwidth),0.007015250544662307,0.00545269259485959
baseline,Boruta,80,std_8th_delta_delta (MFCC),0.006882936507936507,0.005490817928143787
baseline,Boruta,80,tqwt_TKEO_mean_dec_12 (TQWT),0.006842592592592593,0.0063502436803714955
baseline,Boruta,80,tqwt_kurtosisValue_dec_26 (TQWT),0.00681383370125092,0.00735777469891358
baseline,Boruta,80,locAbsJitter (Baseline),0.006769762299613046,0.007062913606614555
baseline,Boruta,80,std_4th_delta_delta (MFCC),0.006768656716417911,0.006204558668142308
baseline,Boruta,80,tqwt_energy_dec_6 (TQWT),0.006727172717271726,0.005719401951555964
baseline,Boruta,80,tqwt_kurtosisValue_dec_18 (TQWT),0.0065497799779978,0.005686470575841618
baseline,Boruta,80,tqwt_entropy_log_dec_35 (TQWT),0.006525793650793653,0.008750752922209656
baseline,Boruta,80,mean_MFCC_5th_coef (MFCC),0.006501633986928105,0.005765538682664133
baseline,Boruta,80,tqwt_stdValue_dec_27 (TQWT),0.0064682539682539685,0.006512204130573204
baseline,Boruta,80,tqwt_TKEO_std_dec_7 (TQWT),0.006450495049504949,0.005075309116815449
baseline,Boruta,80,tqwt_entropy_log_dec_26 (TQWT),0.006375478927203064,0.006038001979419613
baseline,Boruta,80,DFA (Baseline),0.006338779956427014,0.005028488164403776
baseline,Boruta,80,tqwt_TKEO_std_dec_12 (TQWT),0.006281305114638448,0.006672007595801835
baseline,Boruta,80,tqwt_entropy_log_dec_13 (TQWT),0.006056661138750691,0.0049563399577721556
baseline,Boruta,80,tqwt_meanValue_dec_36 (TQWT),0.0060116086235489224,0.004844600009673797
baseline,Boruta,80,tqwt_TKEO_std_dec_19 (TQWT),0.005910675381263617,0.004649208656795959
baseline,Boruta,80,tqwt_energy_dec_27 (TQWT),0.00578905390539054,0.00518639805613897
baseline,Boruta,80,tqwt_kurtosisValue_dec_36 (TQWT),0.005766447368421052,0.0043245159603406405
baseline,Boruta,80,tqwt_TKEO_std_dec_13 (TQWT),0.005584853510226645,0.004835970849434288
baseline,Boruta,80,tqwt_stdValue_dec_12 (TQWT),0.005523589065255733,0.005018354302466213
baseline,Boruta,80,tqwt_stdValue_dec_26 (TQWT),0.005509803921568628,0.005121628661994032
baseline,Boruta,80,tqwt_entropy_log_dec_28 (TQWT),0.005447222222222222,0.0049239187174177045
baseline,Boruta,80,tqwt_kurtosisValue_dec_20 (TQWT),0.0053692680776014105,0.0051420436401214435
baseline,Boruta,80,tqwt_kurtosisValue_dec_23 (TQWT),0.005274509803921569,0.0036612035950908104
baseline,Boruta,80,tqwt_energy_dec_11 (TQWT),0.005108623548922057,0.006094921250168604
baseline,Boruta,80,tqwt_kurtosisValue_dec_33 (TQWT),0.0051013071895424835,0.004624979662280147
baseline,Boruta,80,tqwt_skewnessValue_dec_26 (TQWT),0.005090413943355119,0.0038202478280701204
baseline,Boruta,80,std_10th_delta_delta (MFCC),0.00508752204585538,0.004308122120632495
baseline,Boruta,80,tqwt_minValue_dec_11 (TQWT),0.00502915291529153,0.004804872907610645
baseline,Boruta,80,tqwt_kurtosisValue_dec_17 (TQWT),0.005000550055005501,0.004142757813924988
baseline,Boruta,80,tqwt_TKEO_mean_dec_26 (TQWT),0.004964596949891067,0.00460671080153367
baseline,Boruta,80,locPctJitter (Baseline),0.00488037037037037,0.005655832462376846
baseline,Boruta,80,tqwt_energy_dec_7 (TQWT),0.004877777777777778,0.003636989246344612
baseline,Boruta,80,tqwt_stdValue_dec_13 (TQWT),0.00487674760853569,0.004073465461206269
baseline,Boruta,80,tqwt_energy_dec_12 (TQWT),0.004819223985890653,0.006734512884930789
baseline,Boruta,80,tqwt_entropy_log_dec_11 (TQWT),0.004746252204585538,0.0038565265234127666
baseline,Boruta,80,tqwt_entropy_shannon_dec_19 (TQWT),0.004720043572984748,0.006153187425648996
baseline,Boruta,80,std_8th_delta (MFCC),0.004697971781305115,0.004904013643700284
baseline,Boruta,80,tqwt_entropy_log_dec_34 (TQWT),0.0045986733001658385,0.005315661656813381
baseline,Boruta,80,det_TKEO_mean_1_coef (Wavelet),0.004597777777777779,0.005625067293214735
baseline,Boruta,80,apq11Shimmer (Baseline),0.004592222222222222,0.004256988518858216
baseline,Boruta,80,tqwt_TKEO_std_dec_14 (TQWT),0.004514739229024943,0.0034184300589244175
baseline,Boruta,80,std_11th_delta_delta (MFCC),0.004512345679012345,0.004667824879340358
baseline,Boruta,80,tqwt_entropy_shannon_dec_12 (TQWT),0.004477513227513227,0.004662479350092416
baseline,Boruta,80,tqwt_TKEO_std_dec_6 (TQWT),0.004447744774477449,0.0035486632555839464
baseline,Boruta,80,std_MFCC_6th_coef (MFCC),0.004371111111111111,0.003182443136987538
baseline,Boruta,80,tqwt_entropy_shannon_dec_11 (TQWT),0.004269620811287478,0.003430206695271793
baseline,Boruta,80,tqwt_maxValue_dec_13 (TQWT),0.004200110558319514,0.003621734152991824
baseline,Boruta,80,tqwt_TKEO_mean_dec_13 (TQWT),0.004173657100809419,0.00432565551874173
baseline,Boruta,80,rapJitter (Baseline),0.004057734204793029,0.0022171349147171253
baseline,Boruta,80,tqwt_stdValue_dec_19 (TQWT),0.004027233115468409,0.00406149987762799
baseline,Boruta,80,tqwt_meanValue_dec_11 (TQWT),0.004010893246187364,0.0056506699262114605
baseline,Boruta,80,tqwt_kurtosisValue_dec_27 (TQWT),0.00391812865497076,0.004291414355912502
baseline,Boruta,80,meanIntensity (Intensity),0.0038849999999999983,0.0032197217485737135
baseline,Boruta,80,std_4th_delta (MFCC),0.003816196793808733,0.0032313840952830834
baseline,Boruta,80,GQ_std_cycle_open (Vocal Fold),0.0038118811881188105,0.0037231745975313964
baseline,Boruta,80,RPDE (Baseline),0.003803854875283446,0.0037469267305353104
baseline,Boruta,80,minIntensity (Intensity),0.003797579757975797,0.003166471736868441
baseline,Boruta,80,tqwt_stdValue_dec_11 (TQWT),0.003743606701940035,0.004071346272388122
baseline,Boruta,80,tqwt_minValue_dec_13 (TQWT),0.0037005150846210447,0.0031817035055497706
baseline,Boruta,80,tqwt_kurtosisValue_dec_34 (TQWT),0.0036549999999999994,0.0039703884669165185
baseline,Boruta,80,tqwt_stdValue_dec_6 (TQWT),0.0036501650165016507,0.003659045733898434
baseline,Boruta,80,std_MFCC_4th_coef (MFCC),0.003622112211221122,0.0027917238558712297
baseline,Boruta,80,tqwt_skewnessValue_dec_23 (TQWT),0.003620915032679738,0.003209215263502768
baseline,Boruta,80,tqwt_kurtosisValue_dec_16 (TQWT),0.003605960264900662,0.0030474260608346847
baseline,Boruta,80,std_Log_energy (MFCC),0.00359347442680776,0.0039055450149504496
baseline,Boruta,80,tqwt_minValue_dec_12 (TQWT),0.003582451499118166,0.00399698644223686
baseline,Boruta,80,tqwt_maxValue_dec_12 (TQWT),0.003512566137566138,0.0030789148723304855
baseline,Boruta,80,tqwt_energy_dec_34 (TQWT),0.0034900000000000005,0.0035447617085595192
baseline,Boruta,80,meanHarmToNoiseHarmonicity (Baseline),0.0034291938997821347,0.0021222413130831033
baseline,Boruta,80,ppq5Jitter (Baseline),0.0034130913091309123,0.0027390092524779254
baseline,Boruta,80,mean_2nd_delta (MFCC),0.0034033333333333337,0.003575606621874426
baseline,Boruta,80,tqwt_entropy_shannon_dec_13 (TQWT),0.0033983333333333344,0.0024605276660488997
baseline,Boruta,80,det_LT_TKEO_std_4_coef (Wavelet),0.003384353741496598,0.0025546993321451444
baseline,Boruta,80,tqwt_energy_dec_10 (TQWT),0.003371111111111112,0.002966073808158891
baseline,Boruta,80,tqwt_stdValue_dec_33 (TQWT),0.0032936507936507935,0.0036145809345370337
baseline,Boruta,80,tqwt_entropy_shannon_dec_36 (TQWT),0.003283224400871459,0.003142805122460386
baseline,Boruta,80,tqwt_TKEO_std_dec_11 (TQWT),0.003225529100529101,0.0034311728472152174
baseline,Boruta,80,std_5th_delta_delta (MFCC),0.003195135433941404,0.0028527395980653203
baseline,Boruta,80,std_10th_delta (MFCC),0.0031876102292768965,0.0031683860916333004
baseline,Boruta,80,tqwt_TKEO_mean_dec_16 (TQWT),0.003160130718954248,0.0025522237145738
baseline,Boruta,80,std_12th_delta_delta (MFCC),0.0031463326071169205,0.003518089109142009
baseline,Boruta,80,f2 (Formant Frequency),0.0031318082788671024,0.0023419057437712534
baseline,Boruta,80,tqwt_TKEO_mean_dec_5 (TQWT),0.003112200435729847,0.0027572227096613585
baseline,Boruta,80,tqwt_stdValue_dec_34 (TQWT),0.0030963718820861677,0.0026101987341067994
baseline,Boruta,80,tqwt_TKEO_mean_dec_11 (TQWT),0.003096119929453263,0.003014903807630077
baseline,Boruta,80,std_MFCC_7th_coef (MFCC),0.0030822222222222227,0.002198208431479529
baseline,Boruta,80,tqwt_entropy_shannon_dec_34 (TQWT),0.0030774074074074076,0.005259052194747348
baseline,Boruta,80,std_12th_delta (MFCC),0.0030610021786492375,0.0028820256203941938
baseline,Boruta,80,Ed_1_coef (Wavelet),0.002941638608305274,0.004876165280877207
baseline,Boruta,80,det_TKEO_std_1_coef (Wavelet),0.002902222222222223,0.0030447315573015363
baseline,Boruta,80,GNE_std (Vocal Fold),0.0028671023965141616,0.0032974693178948115
baseline,Boruta,80,tqwt_entropy_log_dec_8 (TQWT),0.002857298474945534,0.0027624266218095567
baseline,Boruta,80,std_5th_delta (MFCC),0.0028503850385038503,0.002600054981568258
baseline,Boruta,80,tqwt_entropy_shannon_dec_18 (TQWT),0.0028398692810457514,0.0023670714344486087
baseline,Boruta,80,tqwt_stdValue_dec_35 (TQWT),0.0028294444444444443,0.004842088682005912
baseline,Boruta,80,tqwt_entropy_shannon_dec_35 (TQWT),0.0028107407407407404,0.004624736936218096
baseline,Boruta,80,tqwt_maxValue_dec_11 (TQWT),0.002789662797125483,0.0029802986069247433
baseline,Boruta,80,tqwt_stdValue_dec_14 (TQWT),0.0027888888888888894,0.001798858974942877
baseline,Boruta,80,std_MFCC_8th_coef (MFCC),0.002781456953642384,0.002015047751281537
baseline,Boruta,80,ddpJitter (Baseline),0.002772222222222222,0.0023716331661207376
baseline,Boruta,80,tqwt_kurtosisValue_dec_28 (TQWT),0.0027026143790849677,0.002514791125840225
baseline,Boruta,80,tqwt_TKEO_mean_dec_6 (TQWT),0.0026864686468646864,0.0028220741549579136
baseline,Boruta,80,tqwt_TKEO_mean_dec_35 (TQWT),0.0026258503401360546,0.0022252863818514883
baseline,Boruta,80,tqwt_energy_dec_1 (TQWT),0.002622004357298476,0.0024942922076091954
baseline,Boruta,80,tqwt_kurtosisValue_dec_35 (TQWT),0.002563888888888889,0.003980266689041387
baseline,Boruta,80,tqwt_entropy_shannon_dec_16 (TQWT),0.002521786492374728,0.0020258465859455165
baseline,Boruta,80,tqwt_entropy_log_dec_6 (TQWT),0.002466996699669967,0.002207130202724151
baseline,Boruta,80,tqwt_entropy_shannon_dec_7 (TQWT),0.0024566666666666673,0.002488559205686857
baseline,Boruta,80,tqwt_entropy_log_dec_16 (TQWT),0.002444989106753813,0.0021099483198527055
baseline,Boruta,80,det_LT_TKEO_mean_1_coef (Wavelet),0.002398239823982398,0.002928351651749548
baseline,Boruta,80,tqwt_stdValue_dec_28 (TQWT),0.00234640522875817,0.0016943457538353063
baseline,Boruta,80,tqwt_entropy_log_dec_18 (TQWT),0.0023404139433551197,0.0022628392571862528
baseline,Boruta,80,mean_delta_log_energy (MFCC),0.0022657952069716773,0.0018288859442199175
baseline,Boruta,80,tqwt_TKEO_mean_dec_17 (TQWT),0.002228758169934641,0.0021339365197960876
baseline,Boruta,80,Ed2_1_coef (Wavelet),0.002226757369614513,0.0037104046382080286
baseline,Boruta,80,tqwt_energy_dec_13 (TQWT),0.0021454248366013073,0.002660033235404705
baseline,Boruta,80,tqwt_TKEO_mean_dec_28 (TQWT),0.0020773420479302837,0.0019179082690729827
baseline,Boruta,80,tqwt_TKEO_mean_dec_7 (TQWT),0.0020433333333333336,0.0018583738371003532
baseline,Boruta,80,tqwt_entropy_shannon_dec_6 (TQWT),0.0020357535753575354,0.0020666563435620057
baseline,Boruta,80,tqwt_entropy_log_dec_17 (TQWT),0.001997821350762527,0.0020306832975742926
baseline,Boruta,80,tqwt_stdValue_dec_17 (TQWT),0.001966230936819172,0.0019403908801977879
baseline,Boruta,80,tqwt_entropy_log_dec_5 (TQWT),0.001895555555555556,0.0020678774928363317
baseline,Boruta,80,mean_MFCC_1st_coef (MFCC),0.0018469387755102042,0.001584925923884626
baseline,Boruta,80,tqwt_energy_dec_17 (TQWT),0.0018191721132897606,0.0015370601772399745
baseline,Boruta,80,maxIntensity (Intensity),0.0018072562358276644,0.0014157868178684128
baseline,Boruta,80,tqwt_energy_dec_15 (TQWT),0.0017886710239651416,0.0016392488803698337
baseline,Boruta,80,tqwt_stdValue_dec_16 (TQWT),0.0017854030501089325,0.0017441080013157995
baseline,Boruta,80,locDbShimmer (Baseline),0.0017592592592592588,0.0019311891551467622
baseline,Boruta,80,tqwt_entropy_log_dec_9 (TQWT),0.0017549019607843136,0.001865650062256789
baseline,Boruta,80,tqwt_stdValue_dec_7 (TQWT),0.0017522222222222227,0.001502637088665675
baseline,Boruta,80,tqwt_energy_dec_28 (TQWT),0.0017338888888888885,0.0019537146171211854
baseline,Boruta,80,tqwt_entropy_shannon_dec_17 (TQWT),0.0016889978213507626,0.0017309858666867245
baseline,Boruta,80,tqwt_kurtosisValue_dec_22 (TQWT),0.0016023965141612202,0.002138747599638286
baseline,Boruta,80,det_LT_TKEO_std_1_coef (Wavelet),0.001572562358276644,0.0016296188341452097
baseline,Boruta,80,tqwt_stdValue_dec_36 (TQWT),0.0015011111111111113,0.0012765446502556992
baseline,Boruta,80,tqwt_TKEO_mean_dec_36 (TQWT),0.0014944444444444447,0.001593753731602617
baseline,Boruta,80,tqwt_energy_dec_16 (TQWT),0.0013660130718954246,0.001434238140507932
baseline_male,Boruta,80,std_delta_delta_log_energy (MFCC),0.01384102564102564,0.014635164153287972
baseline_male,Boruta,80,tqwt_entropy_log_dec_19 (TQWT),0.013282608695652174,0.009022679501246335
baseline_male,Boruta,80,std_delta_log_energy (MFCC),0.011376923076923078,0.010765240895157499
baseline_male,Boruta,80,std_6th_delta_delta (MFCC),0.011286324786324789,0.008521387035868357
baseline_male,Boruta,80,tqwt_meanValue_dec_5 (TQWT),0.011147342995169078,0.007106998313356284
baseline_male,Boruta,80,tqwt_energy_dec_25 (TQWT),0.010080459770114942,0.008856664286976585
baseline_male,Boruta,80,tqwt_TKEO_mean_dec_19 (TQWT),0.009408212560386476,0.005401035986913197
baseline_male,Boruta,80,GNE_NSR_SEO (Vocal Fold),0.008915555555555557,0.008699020229482912
baseline_male,Boruta,80,std_7th_delta_delta (MFCC),0.008416666666666668,0.005517088692219635
baseline_male,Boruta,80,tqwt_entropy_shannon_dec_19 (TQWT),0.008089371980676328,0.008833961303526854
baseline_male,Boruta,80,tqwt_TKEO_std_dec_19 (TQWT),0.007898550724637682,0.006545418082041261
baseline_male,Boruta,80,std_6th_delta (MFCC),0.0074858974358974345,0.0056536357032169315
baseline_male,Boruta,80,tqwt_kurtosisValue_dec_18 (TQWT),0.007412473794549268,0.006543668853397789
baseline_male,Boruta,80,std_9th_delta_delta (MFCC),0.006938034188034189,0.005883260992632038
baseline_male,Boruta,80,b1 (Bandwidth),0.006904761904761905,0.0053375812981887325
baseline_male,Boruta,80,mean_MFCC_5th_coef (MFCC),0.0068975095785440595,0.006072501391138563
baseline_male,Boruta,80,tqwt_energy_dec_6 (TQWT),0.006574468085106384,0.00528333804761375
baseline_male,Boruta,80,tqwt_entropy_log_dec_33 (TQWT),0.006457692307692308,0.007911607634578608
baseline_male,Boruta,80,std_8th_delta_delta (MFCC),0.006393162393162392,0.004726916607708897
baseline_male,Boruta,80,tqwt_kurtosisValue_dec_23 (TQWT),0.006338095238095239,0.004391830091279893
baseline_male,Boruta,80,std_4th_delta_delta (MFCC),0.006228654970760234,0.0049147921094117464
baseline_male,Boruta,80,std_9th_delta (MFCC),0.006036752136752136,0.004484135575320783
baseline_male,Boruta,80,tqwt_entropy_log_dec_35 (TQWT),0.006025213675213675,0.007921467557782001
baseline_male,Boruta,80,std_7th_delta (MFCC),0.005997008547008548,0.004483099068803789
baseline_male,Boruta,80,tqwt_kurtosisValue_dec_33 (TQWT),0.005662222222222221,0.005800226083750756
baseline_male,Boruta,80,tqwt_entropy_log_dec_12 (TQWT),0.005648290598290599,0.007310278958232962
baseline_male,Boruta,80,tqwt_stdValue_dec_19 (TQWT),0.00563768115942029,0.005250969138820536
baseline_male,Boruta,80,tqwt_entropy_log_dec_13 (TQWT),0.005595238095238094,0.005097242142998657
baseline_male,Boruta,80,tqwt_energy_dec_26 (TQWT),0.005516239316239317,0.0054426346584023726
baseline_male,Boruta,80,mean_MFCC_2nd_coef (MFCC),0.005489316239316238,0.008747682589582327
baseline_male,Boruta,80,DFA (Baseline),0.005429049531459168,0.004194168318426124
baseline_male,Boruta,80,tqwt_TKEO_std_dec_7 (TQWT),0.005412529550827422,0.004111519896249492
baseline_male,Boruta,80,tqwt_meanValue_dec_36 (TQWT),0.00535497076023392,0.0042530505080408355
baseline_male,Boruta,80,tqwt_stdValue_dec_26 (TQWT),0.005247619047619048,0.004882383422844615
baseline_male,Boruta,80,tqwt_kurtosisValue_dec_20 (TQWT),0.0052000000000000015,0.005472545796780302
baseline_male,Boruta,80,tqwt_entropy_log_dec_34 (TQWT),0.005026479750778817,0.005130695490374894
baseline_male,Boruta,80,tqwt_energy_dec_7 (TQWT),0.005,0.003394393794652711
baseline_male,Boruta,80,tqwt_kurtosisValue_dec_17 (TQWT),0.004997379454926626,0.003914111650500971
baseline_male,Boruta,80,tqwt_energy_dec_11 (TQWT),0.00497251461988304,0.006081679056076506
baseline_male,Boruta,80,tqwt_minValue_dec_11 (TQWT),0.004937352245862886,0.005291485336491674
baseline_male,Boruta,80,tqwt_TKEO_std_dec_13 (TQWT),0.004884656084656084,0.005511754233219924
baseline_male,Boruta,80,det_LT_TKEO_std_4_coef (Wavelet),0.004857487922705314,0.0028407163557207147
baseline_male,Boruta,80,tqwt_energy_dec_34 (TQWT),0.004793981481481481,0.0032314830695940842
baseline_male,Boruta,80,tqwt_TKEO_std_dec_12 (TQWT),0.004653418803418803,0.007022012843500169
baseline_male,Boruta,80,tqwt_TKEO_std_dec_6 (TQWT),0.0045941619585687385,0.0036938024557637405
baseline_male,Boruta,80,tqwt_entropy_log_dec_11 (TQWT),0.004593589743589745,0.004167378029052174
baseline_male,Boruta,80,tqwt_meanValue_dec_11 (TQWT),0.004551111111111111,0.008872468692573715
baseline_male,Boruta,80,tqwt_medianValue_dec_36 (TQWT),0.004535555555555555,0.0034064385835978054
baseline_male,Boruta,80,std_11th_delta (MFCC),0.0045288888888888905,0.003934368978535092
baseline_male,Boruta,80,Ed_1_coef (Wavelet),0.004459810874704492,0.006866842944721264
baseline_male,Boruta,80,std_MFCC_6th_coef (MFCC),0.004442129629629629,0.0035841286072647157
baseline_male,Boruta,80,tqwt_kurtosisValue_dec_36 (TQWT),0.004378086419753086,0.0033782712336189653
baseline_male,Boruta,80,tqwt_entropy_log_dec_27 (TQWT),0.004287606837606837,0.006517009381745459
baseline_male,Boruta,80,tqwt_TKEO_std_dec_14 (TQWT),0.004169082125603865,0.0038979520299087726
baseline_male,Boruta,80,apq11Shimmer (Baseline),0.004138888888888888,0.004408032367622221
baseline_male,Boruta,80,std_Log_energy (MFCC),0.004138034188034188,0.004430760682697082
baseline_male,Boruta,80,tqwt_kurtosisValue_dec_16 (TQWT),0.004085048010973936,0.00344604090516803
baseline_male,Boruta,80,tqwt_stdValue_dec_13 (TQWT),0.004052126200274349,0.004201237170380346
baseline_male,Boruta,80,tqwt_TKEO_mean_dec_12 (TQWT),0.004048717948717948,0.006125826905709269
baseline_male,Boruta,80,std_8th_delta (MFCC),0.003982905982905982,0.0040631959552480225
baseline_male,Boruta,80,tqwt_stdValue_dec_6 (TQWT),0.003974576271186441,0.00396048349408677
baseline_male,Boruta,80,tqwt_entropy_shannon_dec_36 (TQWT),0.003887301587301588,0.0033483232854323993
baseline_male,Boruta,80,det_TKEO_mean_1_coef (Wavelet),0.003868055555555557,0.008807626581193155
baseline_male,Boruta,80,tqwt_entropy_shannon_dec_34 (TQWT),0.003864498644986449,0.006009869041230594
baseline_male,Boruta,80,tqwt_skewnessValue_dec_26 (TQWT),0.003855072463768117,0.0025756389275662576
baseline_male,Boruta,80,tqwt_maxValue_dec_13 (TQWT),0.003842857142857142,0.003510788289704302
baseline_male,Boruta,80,tqwt_entropy_log_dec_8 (TQWT),0.0038164251207729464,0.0034045270860076395
baseline_male,Boruta,80,tqwt_stdValue_dec_27 (TQWT),0.0037850241545893727,0.0034778831375836977
baseline_male,Boruta,80,std_11th_delta_delta (MFCC),0.003783333333333333,0.0031549064539116607
baseline_male,Boruta,80,std_10th_delta_delta (MFCC),0.003767521367521367,0.0032184707496365483
baseline_male,Boruta,80,tqwt_skewnessValue_dec_23 (TQWT),0.0036521739130434775,0.0024004253317341556
baseline_male,Boruta,80,minIntensity (Intensity),0.00361320754716981,0.0034485767575257965
baseline_male,Boruta,80,tqwt_stdValue_dec_12 (TQWT),0.003611111111111111,0.0046689052858887
baseline_male,Boruta,80,GQ_std_cycle_open (Vocal Fold),0.003583804143126176,0.003813069145040053
baseline_male,Boruta,80,tqwt_energy_dec_10 (TQWT),0.0035601851851851853,0.0036705384546934067
baseline_male,Boruta,80,tqwt_energy_dec_12 (TQWT),0.003508974358974359,0.006325920600112647
baseline_male,Boruta,80,tqwt_stdValue_dec_33 (TQWT),0.003495169082125604,0.00336649812897072
baseline_male,Boruta,80,locPctJitter (Baseline),0.003429783950617284,0.0029550172382187823
baseline_male,Boruta,80,tqwt_entropy_log_dec_18 (TQWT),0.0034247685185185184,0.003203886884072662
baseline_male,Boruta,80,tqwt_entropy_shannon_dec_11 (TQWT),0.0033773504273504284,0.003306142282919538
baseline_male,Boruta,80,tqwt_energy_dec_27 (TQWT),0.0033674004192872117,0.004250994335718783
baseline_male,Boruta,80,std_MFCC_7th_coef (MFCC),0.003363425925925927,0.002259448322172989
baseline_male,Boruta,80,meanHarmToNoiseHarmonicity (Baseline),0.003311111111111112,0.002438944125733193
baseline_male,Boruta,80,std_MFCC_4th_coef (MFCC),0.0032358276643990927,0.002723135247725121
baseline_male,Boruta,80,tqwt_kurtosisValue_dec_26 (TQWT),0.003231593038821954,0.004934281513648874
baseline_male,Boruta,80,tqwt_entropy_shannon_dec_13 (TQWT),0.003207854406130267,0.002081603272528975
baseline_male,Boruta,80,std_4th_delta (MFCC),0.0032023391812865485,0.002631887786286821
baseline_male,Boruta,80,tqwt_stdValue_dec_11 (TQWT),0.00315,0.003821374924354079
baseline_male,Boruta,80,std_5th_delta_delta (MFCC),0.003147368421052631,0.0029095852826066786
baseline_male,Boruta,80,meanIntensity (Intensity),0.003146551724137931,0.003600079958730805
baseline_male,Boruta,80,tqwt_kurtosisValue_dec_34 (TQWT),0.003101851851851853,0.00411122135974308
baseline_male,Boruta,80,Ed2_1_coef (Wavelet),0.0030942028985507246,0.004961739089098914
baseline_male,Boruta,80,tqwt_energy_dec_1 (TQWT),0.003062222222222222,0.002321037961175391
baseline_male,Boruta,80,GNE_std (Vocal Fold),0.003017777777777778,0.0029424629289233357
baseline_male,Boruta,80,tqwt_TKEO_mean_dec_6 (TQWT),0.0030150659133709977,0.0031013639898070907
baseline_male,Boruta,80,tqwt_TKEO_mean_dec_5 (TQWT),0.0030048309178743967,0.002968512729010607
baseline_male,Boruta,80,tqwt_entropy_shannon_dec_18 (TQWT),0.0029577777777777775,0.001996636310537439
baseline_male,Boruta,80,tqwt_stdValue_dec_35 (TQWT),0.0029559386973180076,0.006023901215248247
baseline_male,Boruta,80,std_12th_delta (MFCC),0.0029457831325301206,0.002543366050132233
baseline_male,Boruta,80,tqwt_entropy_log_dec_28 (TQWT),0.0029398148148148157,0.0036801305629050205
baseline_male,Boruta,80,tqwt_TKEO_mean_dec_11 (TQWT),0.0029388888888888893,0.0026220638789037705
baseline_male,Boruta,80,ppq5Jitter (Baseline),0.002935374149659864,0.0023878536641951673
baseline_male,Boruta,80,tqwt_TKEO_mean_dec_13 (TQWT),0.002930041152263374,0.003749000252182104
baseline_male,Boruta,80,tqwt_kurtosisValue_dec_28 (TQWT),0.0029177777777777774,0.003201371390323025
baseline_male,Boruta,80,tqwt_entropy_log_dec_26 (TQWT),0.0028961578400830737,0.0035669123431754735
baseline_male,Boruta,80,tqwt_stdValue_dec_14 (TQWT),0.0028888888888888883,0.00198527442787908
baseline_male,Boruta,80,mean_delta_log_energy (MFCC),0.0028755555555555552,0.0016235627354543327
baseline_male,Boruta,80,tqwt_kurtosisValue_dec_27 (TQWT),0.0028201058201058195,0.0031158182989069
baseline_male,Boruta,80,tqwt_stdValue_dec_34 (TQWT),0.0027826086956521732,0.0021606826013506665
baseline_male,Boruta,80,tqwt_kurtosisValue_dec_35 (TQWT),0.0027766203703703703,0.004091663554442413
baseline_male,Boruta,80,tqwt_entropy_shannon_dec_12 (TQWT),0.002775641025641025,0.003879359957298332
baseline_male,Boruta,80,det_TKEO_std_1_coef (Wavelet),0.0027384259259259263,0.004519461168743637
baseline_male,Boruta,80,mean_2nd_delta (MFCC),0.002706018518518519,0.002342285485466467
baseline_male,Boruta,80,locAbsJitter (Baseline),0.002701453790238837,0.0037097260443776266
baseline_male,Boruta,80,det_LT_TKEO_mean_1_coef (Wavelet),0.002692671394799055,0.0038063378479420216
baseline_male,Boruta,80,tqwt_entropy_log_dec_6 (TQWT),0.002662900188323917,0.0023649745072421543
baseline_male,Boruta,80,tqwt_TKEO_std_dec_11 (TQWT),0.0026602564102564093,0.003155636577256778
baseline_male,Boruta,80,std_12th_delta_delta (MFCC),0.002651271753681392,0.003013427155879369
baseline_male,Boruta,80,std_MFCC_8th_coef (MFCC),0.0026268861454046633,0.0019522583629309163
baseline_male,Boruta,80,tqwt_minValue_dec_12 (TQWT),0.002612820512820513,0.0035190680274811816
baseline_male,Boruta,80,tqwt_entropy_shannon_dec_35 (TQWT),0.002607723577235773,0.004105251209750831
baseline_male,Boruta,80,tqwt_TKEO_mean_dec_26 (TQWT),0.0025898148148148148,0.003713571829400834
baseline_male,Boruta,80,tqwt_minValue_dec_13 (TQWT),0.002584362139917695,0.003256531558167558
baseline_male,Boruta,80,f2 (Formant Frequency),0.0025333333333333336,0.00186273051117572
baseline_male,Boruta,80,RPDE (Baseline),0.002524154589371981,0.0030028955746012618
baseline_male,Boruta,80,det_LT_TKEO_std_1_coef (Wavelet),0.002512077294685991,0.0019274671908272388
baseline_male,Boruta,80,tqwt_maxValue_dec_12 (TQWT),0.002489316239316239,0.0027801911494482784
baseline_male,Boruta,80,std_10th_delta (MFCC),0.00245982905982906,0.0025106932632114618
baseline_male,Boruta,80,tqwt_entropy_shannon_dec_16 (TQWT),0.0024396825396825394,0.0019972101013283976
baseline_male,Boruta,80,std_5th_delta (MFCC),0.00242080378250591,0.0021936580270851503
baseline_male,Boruta,80,tqwt_entropy_shannon_dec_7 (TQWT),0.002402777777777777,0.002052470933462239
baseline_male,Boruta,80,tqwt_entropy_log_dec_16 (TQWT),0.0023457854406130274,0.0018402841058321883
baseline_male,Boruta,80,tqwt_maxValue_dec_11 (TQWT),0.00228187134502924,0.0032977091100680673
baseline_male,Boruta,80,tqwt_TKEO_mean_dec_16 (TQWT),0.0022269841269841268,0.0022022623140669005
baseline_male,Boruta,80,tqwt_stdValue_dec_17 (TQWT),0.0021594202898550727,0.0018911201989049906
baseline_male,Boruta,80,tqwt_entropy_shannon_dec_6 (TQWT),0.002055555555555556,0.001921245080652819
baseline_male,Boruta,80,tqwt_entropy_log_dec_9 (TQWT),0.0020338164251207736,0.002498623756835547
baseline_male,Boruta,80,tqwt_TKEO_mean_dec_35 (TQWT),0.002,0.002169869427715256
baseline_male,Boruta,80,ddpJitter (Baseline),0.001998842592592592,0.0021964066620832976
baseline_male,Boruta,80,mean_MFCC_1st_coef (MFCC),0.001946859903381642,0.0014859067657019452
baseline_male,Boruta,80,tqwt_entropy_log_dec_5 (TQWT),0.0019398148148148144,0.0018968521728211795
baseline_male,Boruta,80,tqwt_entropy_log_dec_17 (TQWT),0.0019097222222222215,0.0019444375069251306
baseline_male,Boruta,80,tqwt_TKEO_mean_dec_17 (TQWT),0.0018502415458937192,0.0018127509804901948
baseline_male,Boruta,80,tqwt_TKEO_mean_dec_7 (TQWT),0.0017754629629629628,0.0013025074296305345
baseline_male,Boruta,80,tqwt_stdValue_dec_16 (TQWT),0.0017238095238095237,0.0017141985885470797
baseline_male,Boruta,80,tqwt_stdValue_dec_7 (TQWT),0.0016458333333333333,0.0015493795769766772
baseline_male,Boruta,80,tqwt_entropy_shannon_dec_17 (TQWT),0.0016379310344827583,0.001724284758879944
baseline_male,Boruta,80,tqwt_kurtosisValue_dec_22 (TQWT),0.001606666666666667,0.0026778537863186075
baseline_male,Boruta,80,tqwt_stdValue_dec_28 (TQWT),0.0015400000000000001,0.0018139516036599266
baseline_male,Boruta,80,maxIntensity (Intensity),0.0014734299516908217,0.0011818421937465973
baseline_male,Boruta,80,tqwt_energy_dec_17 (TQWT),0.0014323671497584538,0.001434950877236382
baseline_male,Boruta,80,tqwt_energy_dec_15 (TQWT),0.0014285714285714284,0.0013282871543257365
baseline_male,Boruta,80,tqwt_TKEO_mean_dec_28 (TQWT),0.001395555555555556,0.0011601404768069798
baseline_male,Boruta,80,locDbShimmer (Baseline),0.0013622222222222223,0.0015162714397755702
baseline_male,Boruta,80,tqwt_energy_dec_28 (TQWT),0.0013020833333333333,0.001213586763345675
baseline_male,Boruta,80,rapJitter (Baseline),0.001293333333333333,0.0014487853460671731
baseline_male,Boruta,80,tqwt_TKEO_mean_dec_36 (TQWT),0.0012615740740740742,0.0012744713804554693
baseline_male,Boruta,80,tqwt_energy_dec_16 (TQWT),0.0012190476190476185,0.0013003357319834813
baseline_male,Boruta,80,tqwt_energy_dec_13 (TQWT),0.001207854406130268,0.001192083012223231
baseline_male,Boruta,80,tqwt_stdValue_dec_36 (TQWT),0.0011597222222222226,0.0009788201114819955
baseline_female,Boruta,80,std_delta_delta_log_energy (MFCC),0.022799180327868852,0.01570388959745828
baseline_female,Boruta,80,tqwt_energy_dec_25 (TQWT),0.016305555555555556,0.012446610426582455
baseline_female,Boruta,80,std_delta_log_energy (MFCC),0.015406193078324228,0.012995140335810071
baseline_female,Boruta,80,tqwt_entropy_log_dec_27 (TQWT),0.012968123861566485,0.008414873275285041
baseline_female,Boruta,80,std_6th_delta_delta (MFCC),0.01270537340619308,0.010061036178117303
baseline_female,Boruta,80,mean_MFCC_2nd_coef (MFCC),0.012173952641165756,0.010641305826425184
baseline_female,Boruta,80,std_7th_delta_delta (MFCC),0.011785063752276868,0.007373320310470388
baseline_female,Boruta,80,tqwt_entropy_log_dec_12 (TQWT),0.01142622950819672,0.008835837049679598
baseline_female,Boruta,80,tqwt_stdValue_dec_27 (TQWT),0.011305555555555557,0.005776652057611658
baseline_female,Boruta,80,tqwt_energy_dec_26 (TQWT),0.011177140255009104,0.008839261191142424
baseline_female,Boruta,80,tqwt_medianValue_dec_36 (TQWT),0.010985042735042734,0.005384306326329755
baseline_female,Boruta,80,tqwt_entropy_log_dec_33 (TQWT),0.010590619307832424,0.010185728819229248
baseline_female,Boruta,80,std_6th_delta (MFCC),0.00984653916211293,0.0061785378897875
baseline_female,Boruta,80,std_9th_delta_delta (MFCC),0.009470856102003643,0.007326391529391936
baseline_female,Boruta,80,std_7th_delta (MFCC),0.009127049180327867,0.00656385517817159
baseline_female,Boruta,80,tqwt_kurtosisValue_dec_26 (TQWT),0.009026143790849674,0.006918112994884021
baseline_female,Boruta,80,std_9th_delta (MFCC),0.008320127504553734,0.0073332954657894895
baseline_female,Boruta,80,locAbsJitter (Baseline),0.008240543735224587,0.008183188266530023
baseline_female,Boruta,80,std_11th_delta (MFCC),0.00822435897435897,0.010323302872413566
baseline_female,Boruta,80,tqwt_TKEO_std_dec_12 (TQWT),0.007982695810564665,0.007136151742564603
baseline_female,Boruta,80,tqwt_entropy_log_dec_26 (TQWT),0.007697916666666667,0.006775247265817642
baseline_female,Boruta,80,tqwt_meanValue_dec_5 (TQWT),0.007692307692307689,0.004396646771177192
baseline_female,Boruta,80,tqwt_entropy_log_dec_35 (TQWT),0.0076775956284153,0.008822149490394084
baseline_female,Boruta,80,std_4th_delta_delta (MFCC),0.007468029350104824,0.007300431032834404
baseline_female,Boruta,80,tqwt_skewnessValue_dec_26 (TQWT),0.007416666666666667,0.003943841045915576
baseline_female,Boruta,80,mean_MFCC_5th_coef (MFCC),0.007347222222222222,0.005571192476415924
baseline_female,Boruta,80,tqwt_TKEO_mean_dec_12 (TQWT),0.007240892531876139,0.007119882375850967
baseline_female,Boruta,80,tqwt_energy_dec_27 (TQWT),0.0071504629629629635,0.005049822213896698
baseline_female,Boruta,80,std_8th_delta_delta (MFCC),0.007114298724954461,0.0065539609256024785
baseline_female,Boruta,80,GNE_NSR_SEO (Vocal Fold),0.007094017094017093,0.006406593247931153
baseline_female,Boruta,80,tqwt_TKEO_std_dec_7 (TQWT),0.006909465020576131,0.004716719844217054
baseline_female,Boruta,80,DFA (Baseline),0.006894444444444444,0.0052219831236904385
baseline_female,Boruta,80,tqwt_entropy_log_dec_28 (TQWT),0.006590811965811967,0.004665373974135075
baseline_female,Boruta,80,tqwt_meanValue_dec_36 (TQWT),0.006525681341719076,0.005257540523800594
baseline_female,Boruta,80,tqwt_energy_dec_6 (TQWT),0.006440329218106997,0.0066607794213318534
baseline_female,Boruta,80,b1 (Bandwidth),0.006371527777777775,0.004966345315813459
baseline_female,Boruta,80,tqwt_stdValue_dec_12 (TQWT),0.006323770491803281,0.005150813763506628
baseline_female,Boruta,80,tqwt_stdValue_dec_26 (TQWT),0.005937500000000001,0.005801649007452428
baseline_female,Boruta,80,tqwt_entropy_shannon_dec_12 (TQWT),0.00585200364298725,0.004918749323656055
baseline_female,Boruta,80,locPctJitter (Baseline),0.005767806267806267,0.005827043707701418
baseline_female,Boruta,80,tqwt_entropy_log_dec_13 (TQWT),0.005665509259259261,0.004328684924286226
baseline_female,Boruta,80,tqwt_TKEO_mean_dec_26 (TQWT),0.005597883597883597,0.005168462906739503
baseline_female,Boruta,80,tqwt_minValue_dec_11 (TQWT),0.005588477366255145,0.004855403059274744
baseline_female,Boruta,80,tqwt_kurtosisValue_dec_33 (TQWT),0.005476495726495726,0.003937711661685392
baseline_female,Boruta,80,tqwt_kurtosisValue_dec_36 (TQWT),0.005452083333333333,0.005116644547901255
baseline_female,Boruta,80,tqwt_energy_dec_12 (TQWT),0.005424863387978141,0.006993564201466798
baseline_female,Boruta,80,std_10th_delta_delta (MFCC),0.005410746812386157,0.0041066920017469085
baseline_female,Boruta,80,tqwt_TKEO_mean_dec_13 (TQWT),0.005405555555555557,0.004601180514832325
baseline_female,Boruta,80,tqwt_kurtosisValue_dec_18 (TQWT),0.005337384259259258,0.004390170780649275
baseline_female,Boruta,80,tqwt_energy_dec_7 (TQWT),0.0053119658119658115,0.003943354225788313
baseline_female,Boruta,80,tqwt_kurtosisValue_dec_20 (TQWT),0.005277322404371584,0.004119630991720885
baseline_female,Boruta,80,tqwt_entropy_log_dec_34 (TQWT),0.005221631205673758,0.005550518642006205
baseline_female,Boruta,80,tqwt_TKEO_std_dec_13 (TQWT),0.005221064814814814,0.004860932052451323
baseline_female,Boruta,80,std_MFCC_6th_coef (MFCC),0.0051730769230769235,0.0038501365493384065
baseline_female,Boruta,80,std_8th_delta (MFCC),0.005010928961748634,0.005577831926266644
baseline_female,Boruta,80,tqwt_energy_dec_11 (TQWT),0.005003668763102726,0.005982528349552782
baseline_female,Boruta,80,apq11Shimmer (Baseline),0.004928774928774929,0.004688296299647011
baseline_female,Boruta,80,tqwt_kurtosisValue_dec_23 (TQWT),0.004920138888888887,0.003251111754442459
baseline_female,Boruta,80,tqwt_entropy_log_dec_11 (TQWT),0.004895719489981787,0.00434371533431617
baseline_female,Boruta,80,tqwt_TKEO_std_dec_14 (TQWT),0.004867521367521366,0.0037608293824418102
baseline_female,Boruta,80,tqwt_stdValue_dec_11 (TQWT),0.004799635701275044,0.004566846963838809
baseline_female,Boruta,80,std_11th_delta_delta (MFCC),0.004763205828779597,0.0054251598478634745
baseline_female,Boruta,80,tqwt_stdValue_dec_13 (TQWT),0.004732539682539683,0.0038557901811516267
baseline_female,Boruta,80,mean_2nd_delta (MFCC),0.004673076923076924,0.0047305798273980645
baseline_female,Boruta,80,tqwt_stdValue_dec_33 (TQWT),0.004643162393162395,0.00385306650229677
baseline_female,Boruta,80,tqwt_entropy_shannon_dec_11 (TQWT),0.004551457194899817,0.0038412179387279
baseline_female,Boruta,80,tqwt_minValue_dec_12 (TQWT),0.0044927140255009105,0.004147465351169471
baseline_female,Boruta,80,tqwt_TKEO_std_dec_6 (TQWT),0.004437830687830689,0.0037019354773766134
baseline_female,Boruta,80,tqwt_maxValue_dec_12 (TQWT),0.004420765027322404,0.003468177562921871
baseline_female,Boruta,80,tqwt_maxValue_dec_13 (TQWT),0.004323495370370372,0.0039415492812257934
baseline_female,Boruta,80,GQ_std_cycle_open (Vocal Fold),0.00429100529100529,0.0028347005726991103
baseline_female,Boruta,80,tqwt_kurtosisValue_dec_27 (TQWT),0.004279411764705882,0.004903120649026345
baseline_female,Boruta,80,RPDE (Baseline),0.0041965811965811945,0.002877707469705752
baseline_female,Boruta,80,std_10th_delta (MFCC),0.004192622950819673,0.003662389815287103
baseline_female,Boruta,80,tqwt_entropy_shannon_dec_36 (TQWT),0.004114583333333333,0.00390809855787459
baseline_female,Boruta,80,tqwt_kurtosisValue_dec_17 (TQWT),0.004093749999999999,0.004467814903897192
baseline_female,Boruta,80,tqwt_minValue_dec_13 (TQWT),0.0040920634920634915,0.00324118900941921
baseline_female,Boruta,80,std_4th_delta (MFCC),0.004078616352201257,0.0036854414330132284
baseline_female,Boruta,80,tqwt_TKEO_mean_dec_11 (TQWT),0.004067395264116576,0.003516498978943263
baseline_female,Boruta,80,det_LT_TKEO_std_4_coef (Wavelet),0.003995726495726497,0.002692243998633436
baseline_female,Boruta,80,meanIntensity (Intensity),0.003908730158730159,0.0030566944486456198
baseline_female,Boruta,80,std_MFCC_4th_coef (MFCC),0.003899572649572649,0.002941952116107492
baseline_female,Boruta,80,tqwt_maxValue_dec_11 (TQWT),0.0038852201257861623,0.003047413894527108
baseline_female,Boruta,80,tqwt_energy_dec_13 (TQWT),0.0037815656565656566,0.0028436149757863423
baseline_female,Boruta,80,tqwt_skewnessValue_dec_23 (TQWT),0.00367063492063492,0.003168090589865316
baseline_female,Boruta,80,tqwt_TKEO_std_dec_11 (TQWT),0.003665300546448087,0.0035125018664022307
baseline_female,Boruta,80,tqwt_entropy_log_dec_19 (TQWT),0.0036369047619047618,0.003309266604252756
baseline_female,Boruta,80,tqwt_kurtosisValue_dec_34 (TQWT),0.003604700854700854,0.0033276951213007796
baseline_female,Boruta,80,ppq5Jitter (Baseline),0.003601495726495727,0.003079448218853194
baseline_female,Boruta,80,std_12th_delta (MFCC),0.003596825396825397,0.0037079939329931143
baseline_female,Boruta,80,std_Log_energy (MFCC),0.003592896174863389,0.004032669999813371
baseline_female,Boruta,80,tqwt_kurtosisValue_dec_16 (TQWT),0.003585714285714286,0.0029817907665171113
baseline_female,Boruta,80,minIntensity (Intensity),0.0034930555555555557,0.003037281256213477
baseline_female,Boruta,80,tqwt_meanValue_dec_11 (TQWT),0.003418803418803418,0.0033530524515671895
baseline_female,Boruta,80,rapJitter (Baseline),0.0034102564102564095,0.002423235929923533
baseline_female,Boruta,80,std_5th_delta_delta (MFCC),0.0033286163522012577,0.0024413690057150618
baseline_female,Boruta,80,tqwt_stdValue_dec_6 (TQWT),0.0033227513227513227,0.0031601509128342466
baseline_female,Boruta,80,tqwt_energy_dec_34 (TQWT),0.0032350427350427346,0.0037004968171418136
baseline_female,Boruta,80,tqwt_entropy_shannon_dec_6 (TQWT),0.0032261904761904762,0.002479557692252057
baseline_female,Boruta,80,tqwt_energy_dec_1 (TQWT),0.003202991452991453,0.002693271965233716
baseline_female,Boruta,80,tqwt_kurtosisValue_dec_35 (TQWT),0.003131410256410257,0.003065182530970469
baseline_female,Boruta,80,ddpJitter (Baseline),0.0031164529914529918,0.00239738656032767
baseline_female,Boruta,80,tqwt_entropy_shannon_dec_35 (TQWT),0.0031143790849673205,0.0041640208605995075
baseline_female,Boruta,80,tqwt_entropy_shannon_dec_18 (TQWT),0.0030854700854700853,0.002230210970702317
baseline_female,Boruta,80,std_12th_delta_delta (MFCC),0.003020634920634921,0.0036735613905024282
baseline_female,Boruta,80,tqwt_TKEO_mean_dec_35 (TQWT),0.0029465811965811964,0.002303534768843838
baseline_female,Boruta,80,tqwt_stdValue_dec_19 (TQWT),0.002946428571428571,0.0027858843748182673
baseline_female,Boruta,80,tqwt_entropy_shannon_dec_13 (TQWT),0.0029259259259259264,0.002406801063242389
baseline_female,Boruta,80,tqwt_TKEO_mean_dec_28 (TQWT),0.002912393162393163,0.0024670592233226206
baseline_female,Boruta,80,tqwt_entropy_log_dec_5 (TQWT),0.002848290598290598,0.00225713329682824
baseline_female,Boruta,80,tqwt_TKEO_mean_dec_16 (TQWT),0.0028437500000000012,0.002962613026641595
baseline_female,Boruta,80,std_MFCC_8th_coef (MFCC),0.0028293650793650795,0.00221393300014497
baseline_female,Boruta,80,tqwt_entropy_shannon_dec_16 (TQWT),0.0026909722222222213,0.0020395004670851016
baseline_female,Boruta,80,tqwt_stdValue_dec_28 (TQWT),0.002681623931623932,0.0018458224541002127
baseline_female,Boruta,80,tqwt_stdValue_dec_34 (TQWT),0.002679487179487181,0.0026004729882195972
baseline_female,Boruta,80,tqwt_entropy_shannon_dec_34 (TQWT),0.002663398692810458,0.002437615773249549
baseline_female,Boruta,80,tqwt_entropy_log_dec_16 (TQWT),0.0026199494949494953,0.0022578028299971376
baseline_female,Boruta,80,meanHarmToNoiseHarmonicity (Baseline),0.0026004273504273492,0.0022557190013980494
baseline_female,Boruta,80,std_5th_delta (MFCC),0.0025905349794238686,0.002703491771570292
baseline_female,Boruta,80,tqwt_TKEO_mean_dec_5 (TQWT),0.0025734126984126985,0.0021460014170495575
baseline_female,Boruta,80,tqwt_entropy_shannon_dec_7 (TQWT),0.0025641025641025637,0.0022915603311387533
baseline_female,Boruta,80,tqwt_TKEO_mean_dec_6 (TQWT),0.0025582010582010585,0.002420956418931022
baseline_female,Boruta,80,tqwt_entropy_log_dec_8 (TQWT),0.0025119047619047625,0.0020599751942017934
baseline_female,Boruta,80,tqwt_stdValue_dec_35 (TQWT),0.0024920634920634925,0.0025912551349882894
baseline_female,Boruta,80,tqwt_entropy_shannon_dec_17 (TQWT),0.0024785353535353534,0.0020710866818397376
baseline_female,Boruta,80,GNE_std (Vocal Fold),0.0024465811965811964,0.00328739926568008
baseline_female,Boruta,80,tqwt_TKEO_std_dec_19 (TQWT),0.0024126984126984128,0.0019259164251399783
baseline_female,Boruta,80,tqwt_entropy_log_dec_17 (TQWT),0.002393004115226337,0.002412486016504786
baseline_female,Boruta,80,mean_delta_log_energy (MFCC),0.002378205128205128,0.0019752569520546
baseline_female,Boruta,80,maxIntensity (Intensity),0.0023696581196581204,0.0019134685224381888
baseline_female,Boruta,80,tqwt_stdValue_dec_17 (TQWT),0.0023253968253968255,0.0022201319295049723
baseline_female,Boruta,80,tqwt_TKEO_mean_dec_17 (TQWT),0.002323412698412698,0.0017423289877412803
baseline_female,Boruta,80,std_MFCC_7th_coef (MFCC),0.0023205128205128216,0.0019869286469034178
baseline_female,Boruta,80,tqwt_entropy_shannon_dec_19 (TQWT),0.0023095238095238104,0.0034263275949496658
baseline_female,Boruta,80,locDbShimmer (Baseline),0.002267094017094018,0.002162139750304845
baseline_female,Boruta,80,tqwt_stdValue_dec_14 (TQWT),0.0022542735042735042,0.0016544409515527785
baseline_female,Boruta,80,tqwt_TKEO_mean_dec_19 (TQWT),0.0022261904761904767,0.0017764340996888645
baseline_female,Boruta,80,tqwt_TKEO_mean_dec_7 (TQWT),0.002217948717948718,0.0017822087914349922
baseline_female,Boruta,80,tqwt_kurtosisValue_dec_28 (TQWT),0.0022136752136752143,0.0018615300065521281
baseline_female,Boruta,80,tqwt_energy_dec_16 (TQWT),0.0021701388888888886,0.0022812032781791055
baseline_female,Boruta,80,tqwt_entropy_log_dec_18 (TQWT),0.0020082304526748973,0.0017410723147201033
baseline_female,Boruta,80,tqwt_stdValue_dec_7 (TQWT),0.001995726495726496,0.0014284206454632123
baseline_female,Boruta,80,f2 (Formant Frequency),0.001972222222222221,0.002059784162455447
baseline_female,Boruta,80,tqwt_stdValue_dec_16 (TQWT),0.0019687500000000004,0.001908874462595168
baseline_female,Boruta,80,Ed_1_coef (Wavelet),0.001965811965811966,0.0020281811995073577
baseline_female,Boruta,80,tqwt_entropy_log_dec_6 (TQWT),0.0018902116402116401,0.0017746564861231527
baseline_female,Boruta,80,tqwt_energy_dec_17 (TQWT),0.0018869047619047622,0.0017419081833823734
baseline_female,Boruta,80,tqwt_energy_dec_10 (TQWT),0.0018098290598290597,0.00174175533836175
baseline_female,Boruta,80,tqwt_energy_dec_15 (TQWT),0.0017361111111111108,0.0016573617323148047
baseline_female,Boruta,80,tqwt_stdValue_dec_36 (TQWT),0.0017051282051282056,0.0016149828507354524
baseline_female,Boruta,80,mean_MFCC_1st_coef (MFCC),0.0016410256410256412,0.0013534939349497774
baseline_female,Boruta,80,tqwt_energy_dec_28 (TQWT),0.0016100427350427353,0.0016772242809131148
baseline_female,Boruta,80,tqwt_kurtosisValue_dec_22 (TQWT),0.0016068376068376071,0.0012598742347088006
baseline_female,Boruta,80,det_LT_TKEO_mean_1_coef (Wavelet),0.001525720164609054,0.0024923326860517947
baseline_female,Boruta,80,tqwt_entropy_log_dec_9 (TQWT),0.00151984126984127,0.001427733706057081
baseline_female,Boruta,80,tqwt_TKEO_mean_dec_36 (TQWT),0.001482905982905983,0.00135868478538046
baseline_female,Boruta,80,Ed2_1_coef (Wavelet),0.001470085470085471,0.001416442200129785
baseline_female,Boruta,80,det_TKEO_std_1_coef (Wavelet),0.0014529914529914528,0.0014887498837535523
baseline_female,Boruta,80,det_LT_TKEO_std_1_coef (Wavelet),0.001371794871794872,0.0010690190095604675
baseline_female,Boruta,80,det_TKEO_mean_1_coef (Wavelet),0.0005876068376068376,0.0006123573303076399
baseline,Boruta,90,std_delta_delta_log_energy (MFCC),0.01589021164021164,0.014339187100229888
baseline,Boruta,90,std_7th_delta_delta (MFCC),0.011975088183421516,0.007387030253074413
baseline,Boruta,90,std_6th_delta_delta (MFCC),0.010554673721340387,0.008243021990405804
baseline,Boruta,90,tqwt_entropy_log_dec_27 (TQWT),0.010489197530864197,0.010076308964963206
baseline,Boruta,90,std_delta_log_energy (MFCC),0.010274911816578483,0.0088425690186844
baseline,Boruta,90,tqwt_energy_dec_26 (TQWT),0.009874779541446208,0.007542319282380421
baseline,Boruta,90,std_9th_delta_delta (MFCC),0.009262125220458555,0.007077160662429628
baseline,Boruta,90,std_6th_delta (MFCC),0.008998015873015873,0.006432816015233176
baseline,Boruta,90,tqwt_entropy_log_dec_12 (TQWT),0.008851410934744269,0.008310806430509028
baseline,Boruta,90,tqwt_energy_dec_25 (TQWT),0.00853222222222222,0.008198920374374835
baseline,Boruta,90,b1 (Bandwidth),0.008257080610021788,0.005729240013186146
baseline,Boruta,90,tqwt_entropy_log_dec_33 (TQWT),0.00784347442680776,0.006923202186543037
baseline,Boruta,90,tqwt_energy_dec_27 (TQWT),0.007682343234323435,0.007833387956593623
baseline,Boruta,90,tqwt_medianValue_dec_36 (TQWT),0.007532679738562092,0.005064281915966903
baseline,Boruta,90,mean_MFCC_5th_coef (MFCC),0.007296296296296296,0.00703581061757257
baseline,Boruta,90,std_7th_delta (MFCC),0.007137566137566136,0.0043729676342423
baseline,Boruta,90,tqwt_kurtosisValue_dec_18 (TQWT),0.007030253025302532,0.005961485018628532
baseline,Boruta,90,app_LT_TKEO_std_2_coef (Wavelet),0.0067392290249433115,0.005551957024220062
baseline,Boruta,90,locAbsJitter (Baseline),0.006682421227197346,0.006917697664091325
baseline,Boruta,90,mean_MFCC_2nd_coef (MFCC),0.006490740740740742,0.007355919629341285
baseline,Boruta,90,std_9th_delta (MFCC),0.00646516754850088,0.006166660637297866
baseline,Boruta,90,tqwt_skewnessValue_dec_25 (TQWT),0.006426303854875284,0.005818053348718236
baseline,Boruta,90,tqwt_stdValue_dec_12 (TQWT),0.006399250440917107,0.006678435375857091
baseline,Boruta,90,tqwt_TKEO_mean_dec_12 (TQWT),0.006320326278659613,0.006090368019749823
baseline,Boruta,90,tqwt_TKEO_std_dec_12 (TQWT),0.006128747795414463,0.005769565897428567
baseline,Boruta,90,tqwt_entropy_log_dec_28 (TQWT),0.0059788888888888895,0.00622293610201136
baseline,Boruta,90,tqwt_TKEO_std_dec_19 (TQWT),0.005976034858387797,0.004996432144462236
baseline,Boruta,90,tqwt_TKEO_mean_dec_26 (TQWT),0.005957516339869281,0.005264567936672621
baseline,Boruta,90,tqwt_stdValue_dec_7 (TQWT),0.005743333333333333,0.0033917493215307637
baseline,Boruta,90,tqwt_kurtosisValue_dec_34 (TQWT),0.005717407407407408,0.004960118670743563
baseline,Boruta,90,tqwt_kurtosisValue_dec_20 (TQWT),0.005681216931216931,0.0050693651975448955
baseline,Boruta,90,tqwt_entropy_shannon_dec_19 (TQWT),0.005652505446623093,0.007177163561984255
baseline,Boruta,90,tqwt_skewnessValue_dec_26 (TQWT),0.005613289760348583,0.005450355881761757
baseline,Boruta,90,tqwt_meanValue_dec_36 (TQWT),0.00561166390270868,0.004845867805338281
baseline,Boruta,90,tqwt_energy_dec_6 (TQWT),0.005558855885588559,0.004832812015364451
baseline,Boruta,90,tqwt_kurtosisValue_dec_17 (TQWT),0.005549504950495048,0.003923104635883335
baseline,Boruta,90,app_det_TKEO_mean_3_coef (Wavelet),0.005536281179138322,0.004254441541922839
baseline,Boruta,90,GNE_NSR_SEO (Vocal Fold),0.005532679738562092,0.004730301522522644
baseline,Boruta,90,tqwt_entropy_log_dec_35 (TQWT),0.005470017636684302,0.00720712573148791
baseline,Boruta,90,DFA (Baseline),0.005466957153231661,0.004296372426142596
baseline,Boruta,90,std_8th_delta_delta (MFCC),0.005458333333333333,0.005143266635618121
baseline,Boruta,90,mean_delta_log_energy (MFCC),0.005450980392156863,0.003260547569141784
baseline,Boruta,90,std_4th_delta_delta (MFCC),0.005438492063492063,0.005857518566506141
baseline,Boruta,90,tqwt_energy_dec_11 (TQWT),0.005428689883913765,0.005803656562161785
baseline,Boruta,90,rapJitter (Baseline),0.005297385620915033,0.0040727100073864285
baseline,Boruta,90,tqwt_kurtosisValue_dec_26 (TQWT),0.0052517965726920956,0.005849584544841874
baseline,Boruta,90,std_4th_delta (MFCC),0.005222222222222222,0.003826670988302127
baseline,Boruta,90,tqwt_entropy_log_dec_11 (TQWT),0.004914902998236331,0.003976924404215839
baseline,Boruta,90,std_10th_delta_delta (MFCC),0.004871913580246913,0.003698698589517386
baseline,Boruta,90,tqwt_entropy_shannon_dec_26 (TQWT),0.0047625272331154695,0.0035782651229851457
baseline,Boruta,90,tqwt_entropy_log_dec_1 (TQWT),0.0046143790849673206,0.00441618958811283
baseline,Boruta,90,std_8th_delta (MFCC),0.0045577601410934756,0.0044614083948918875
baseline,Boruta,90,tqwt_minValue_dec_7 (TQWT),0.004508888888888889,0.003138951283918535
baseline,Boruta,90,std_11th_delta_delta (MFCC),0.0044907407407407405,0.0042434023007018986
baseline,Boruta,90,tqwt_stdValue_dec_19 (TQWT),0.004485838779956427,0.0037533585210165307
baseline,Boruta,90,tqwt_stdValue_dec_11 (TQWT),0.004463624338624338,0.004354951121157252
baseline,Boruta,90,ppq5Jitter (Baseline),0.004418591859185919,0.004446039295044019
baseline,Boruta,90,tqwt_meanValue_dec_5 (TQWT),0.004386621315192743,0.004167031326260057
baseline,Boruta,90,tqwt_maxValue_dec_12 (TQWT),0.004340828924162258,0.004621224951007019
baseline,Boruta,90,std_MFCC_6th_coef (MFCC),0.004319999999999999,0.0036368792089253106
baseline,Boruta,90,tqwt_entropy_log_dec_34 (TQWT),0.004267857142857143,0.005967554910109489
baseline,Boruta,90,tqwt_entropy_log_dec_13 (TQWT),0.004261470425649529,0.0038695619021418695
baseline,Boruta,90,std_MFCC_4th_coef (MFCC),0.004239273927392741,0.0029192671322683704
baseline,Boruta,90,tqwt_entropy_shannon_dec_12 (TQWT),0.004225749559082893,0.004333762055158963
baseline,Boruta,90,tqwt_energy_dec_19 (TQWT),0.004137254901960784,0.003843432427429602
baseline,Boruta,90,std_11th_delta (MFCC),0.004109477124183007,0.0049524420443793
baseline,Boruta,90,tqwt_kurtosisValue_dec_33 (TQWT),0.004095555555555555,0.004497401977917071
baseline,Boruta,90,det_LT_TKEO_std_1_coef (Wavelet),0.004065759637188208,0.004776096215747075
baseline,Boruta,90,apq11Shimmer (Baseline),0.004059629629629629,0.004168836834827921
baseline,Boruta,90,tqwt_TKEO_std_dec_13 (TQWT),0.004059425096738529,0.003401194213174159
baseline,Boruta,90,std_12th_delta_delta (MFCC),0.004046840958605664,0.003670888342264785
baseline,Boruta,90,tqwt_minValue_dec_13 (TQWT),0.004021707137601177,0.004008267295904612
baseline,Boruta,90,tqwt_maxValue_dec_13 (TQWT),0.004018518518518519,0.0034937424652656856
baseline,Boruta,90,tqwt_stdValue_dec_26 (TQWT),0.0039989106753812636,0.003281648300354966
baseline,Boruta,90,tqwt_entropy_log_dec_26 (TQWT),0.003987411056376574,0.00402230466587124
baseline,Boruta,90,tqwt_entropy_shannon_dec_36 (TQWT),0.00387953795379538,0.0031637420105205113
baseline,Boruta,90,det_LT_TKEO_std_4_coef (Wavelet),0.003878684807256236,0.0027737186507282487
baseline,Boruta,90,locPctJitter (Baseline),0.003874814814814815,0.004182221333352173
baseline,Boruta,90,tqwt_kurtosisValue_dec_27 (TQWT),0.003874634502923976,0.0043169951068498065
baseline,Boruta,90,tqwt_minValue_dec_12 (TQWT),0.0038727954144620815,0.004690073032738764
baseline,Boruta,90,tqwt_energy_dec_7 (TQWT),0.003826666666666668,0.003297338089845687
baseline,Boruta,90,tqwt_stdValue_dec_13 (TQWT),0.003809418690213392,0.003384831480299063
baseline,Boruta,90,tqwt_energy_dec_12 (TQWT),0.003780864197530864,0.0049964412429953295
baseline,Boruta,90,tqwt_entropy_shannon_dec_11 (TQWT),0.0036673280423280418,0.003732516211109757
baseline,Boruta,90,tqwt_TKEO_mean_dec_13 (TQWT),0.003640132669983418,0.004482054350877789
baseline,Boruta,90,tqwt_kurtosisValue_dec_23 (TQWT),0.003631808278867103,0.002374915633679384
baseline,Boruta,90,det_TKEO_std_1_coef (Wavelet),0.003629999999999999,0.0047143168904386365
baseline,Boruta,90,GQ_std_cycle_open (Vocal Fold),0.0036232123212321245,0.0032452830239961166
baseline,Boruta,90,tqwt_maxValue_dec_11 (TQWT),0.003616639027086788,0.004571085871218677
baseline,Boruta,90,std_Log_energy (MFCC),0.0035941358024691363,0.003653920370217969
baseline,Boruta,90,tqwt_TKEO_mean_dec_7 (TQWT),0.0035811111111111117,0.0028589600813418922
baseline,Boruta,90,tqwt_TKEO_mean_dec_19 (TQWT),0.0035751633986928107,0.0035701481807252394
baseline,Boruta,90,tqwt_TKEO_mean_dec_16 (TQWT),0.0035566448801742923,0.002708158793208003
baseline,Boruta,90,tqwt_maxValue_dec_7 (TQWT),0.003554444444444444,0.0029130128386535776
baseline,Boruta,90,tqwt_energy_dec_10 (TQWT),0.003522222222222222,0.002981653237356739
baseline,Boruta,90,tqwt_TKEO_std_dec_6 (TQWT),0.0034823982398239813,0.0031810209760627824
baseline,Boruta,90,tqwt_meanValue_dec_11 (TQWT),0.0034122222222222223,0.0045363922014499515
baseline,Boruta,90,mean_2nd_delta (MFCC),0.0033777777777777773,0.002856998593708857
baseline,Boruta,90,det_TKEO_mean_1_coef (Wavelet),0.003338888888888889,0.005767604011011843
baseline,Boruta,90,tqwt_TKEO_mean_dec_36 (TQWT),0.0032970297029702965,0.0033563447401801956
baseline,Boruta,90,tqwt_entropy_shannon_dec_34 (TQWT),0.0032907407407407408,0.004839707359884369
baseline,Boruta,90,tqwt_energy_dec_34 (TQWT),0.0032400000000000003,0.0028593345700433843
baseline,Boruta,90,std_5th_delta_delta (MFCC),0.0032332780541735767,0.0025205200667825626
baseline,Boruta,90,tqwt_kurtosisValue_dec_36 (TQWT),0.003189327485380117,0.002742395080935879
baseline,Boruta,90,tqwt_entropy_log_dec_16 (TQWT),0.003182461873638344,0.0022833094337624204
baseline,Boruta,90,det_LT_entropy_shannon_3_coef (Wavelet),0.0031689342403628117,0.002275120750015897
baseline,Boruta,90,tqwt_kurtosisValue_dec_35 (TQWT),0.0031431199411331863,0.002794996561772792
baseline,Boruta,90,tqwt_entropy_shannon_dec_33 (TQWT),0.003069444444444444,0.005328078137161583
baseline,Boruta,90,det_LT_TKEO_mean_1_coef (Wavelet),0.003049504950495049,0.0037064030287079276
baseline,Boruta,90,meanIntensity (Intensity),0.0030099999999999992,0.0027360150805497965
baseline,Boruta,90,tqwt_stdValue_dec_27 (TQWT),0.0029838888888888884,0.0036583237997283827
baseline,Boruta,90,std_5th_delta (MFCC),0.002982948294829483,0.002732759664649444
baseline,Boruta,90,maxIntensity (Intensity),0.0029261111111111115,0.002490152225722586
baseline,Boruta,90,minIntensity (Intensity),0.00291089108910891,0.002426010456385468
baseline,Boruta,90,tqwt_stdValue_dec_6 (TQWT),0.002884137426900586,0.0024023877695909445
baseline,Boruta,90,tqwt_minValue_dec_11 (TQWT),0.0028833333333333332,0.0035184009171227893
baseline,Boruta,90,det_LT_entropy_shannon_4_coef (Wavelet),0.0028718820861678004,0.0019536162490904866
baseline,Boruta,90,locDbShimmer (Baseline),0.00279520697167756,0.0022894125063602153
baseline,Boruta,90,tqwt_stdValue_dec_14 (TQWT),0.0027788888888888898,0.0021730242868706856
baseline,Boruta,90,tqwt_kurtosisValue_dec_16 (TQWT),0.0027726269315673287,0.0024224564540504395
baseline,Boruta,90,tqwt_TKEO_mean_dec_5 (TQWT),0.002772331154684096,0.001969870980315408
baseline,Boruta,90,std_10th_delta (MFCC),0.0027645502645502655,0.0027333093608976626
baseline,Boruta,90,tqwt_entropy_shannon_dec_35 (TQWT),0.002762222222222222,0.004108013908533511
baseline,Boruta,90,tqwt_skewnessValue_dec_23 (TQWT),0.002748366013071896,0.0020048477110955944
baseline,Boruta,90,tqwt_entropy_log_dec_19 (TQWT),0.0027407407407407406,0.002609788765572739
baseline,Boruta,90,tqwt_TKEO_std_dec_7 (TQWT),0.0027337733773377336,0.002335675225889537
baseline,Boruta,90,tqwt_entropy_log_dec_18 (TQWT),0.002645102339181287,0.002796794849517052
baseline,Boruta,90,tqwt_energy_dec_1 (TQWT),0.0026307189542483667,0.0021605802820406283
baseline,Boruta,90,meanHarmToNoiseHarmonicity (Baseline),0.002622004357298475,0.0024394724390086157
baseline,Boruta,90,tqwt_TKEO_mean_dec_9 (TQWT),0.0025904139433551203,0.001707395648531124
baseline,Boruta,90,std_12th_delta (MFCC),0.0025551924473493095,0.0023534903994208317
baseline,Boruta,90,tqwt_stdValue_dec_33 (TQWT),0.0025299999999999997,0.005349702096680297
baseline,Boruta,90,ddpJitter (Baseline),0.002521111111111111,0.0027671064757176273
baseline,Boruta,90,Ed_1_coef (Wavelet),0.002474074074074074,0.0030315620017896425
baseline,Boruta,90,GNE_std (Vocal Fold),0.002470588235294118,0.0028108705576838046
baseline,Boruta,90,tqwt_TKEO_mean_dec_11 (TQWT),0.0024634038800705467,0.0027849164726341993
baseline,Boruta,90,tqwt_entropy_shannon_dec_17 (TQWT),0.002462418300653595,0.0019632655869000204
baseline,Boruta,90,RPDE (Baseline),0.0024217687074829927,0.0023780216796738525
baseline,Boruta,90,tqwt_entropy_shannon_dec_18 (TQWT),0.002401540154015402,0.0017833146139341778
baseline,Boruta,90,std_MFCC_8th_coef (MFCC),0.002393303899926416,0.002414928537618927
baseline,Boruta,90,Ed2_1_coef (Wavelet),0.0023599999999999997,0.0020868881600348155
baseline,Boruta,90,mean_MFCC_1st_coef (MFCC),0.002348072562358276,0.003169784884479816
baseline,Boruta,90,tqwt_entropy_shannon_dec_6 (TQWT),0.002336633663366336,0.0023156830297816192
baseline,Boruta,90,tqwt_energy_dec_13 (TQWT),0.0023300653594771244,0.0021553483769337447
baseline,Boruta,90,tqwt_TKEO_mean_dec_28 (TQWT),0.002311546840958606,0.0020084518792320145
baseline,Boruta,90,tqwt_TKEO_std_dec_11 (TQWT),0.0022980599647266313,0.0023677541384759444
baseline,Boruta,90,tqwt_entropy_log_dec_17 (TQWT),0.0022864923747276684,0.0024456085207978364
baseline,Boruta,90,f1 (Formant Frequency),0.002264705882352941,0.0019050495968053614
baseline,Boruta,90,tqwt_TKEO_std_dec_14 (TQWT),0.002261904761904762,0.0019313759576535404
baseline,Boruta,90,tqwt_stdValue_dec_8 (TQWT),0.002226579520697167,0.0014224102325098055
baseline,Boruta,90,tqwt_entropy_shannon_dec_13 (TQWT),0.002205,0.0018398114492280226
baseline,Boruta,90,std_MFCC_7th_coef (MFCC),0.0021555555555555555,0.0016836568748662432
baseline,Boruta,90,tqwt_entropy_shannon_dec_16 (TQWT),0.0021535947712418304,0.0020027876599212195
baseline,Boruta,90,tqwt_entropy_log_dec_9 (TQWT),0.0021437908496732033,0.002547721349152496
baseline,Boruta,90,tqwt_stdValue_dec_16 (TQWT),0.002137254901960784,0.0021324146225495215
baseline,Boruta,90,tqwt_entropy_shannon_dec_7 (TQWT),0.0021288888888888885,0.0016828239939402929
baseline,Boruta,90,tqwt_TKEO_mean_dec_34 (TQWT),0.0021167800453514734,0.002275992680375127
baseline,Boruta,90,tqwt_stdValue_dec_34 (TQWT),0.0021043083900226757,0.0017873233310266839
baseline,Boruta,90,tqwt_entropy_log_dec_8 (TQWT),0.0020708061002178645,0.002576936960305673
baseline,Boruta,90,tqwt_TKEO_std_dec_5 (TQWT),0.0020315904139433546,0.0018444392119487617
baseline,Boruta,90,tqwt_stdValue_dec_28 (TQWT),0.0019978213507625274,0.0015276433002078076
baseline,Boruta,90,tqwt_TKEO_mean_dec_17 (TQWT),0.0019618736383442267,0.0018844059137219813
baseline,Boruta,90,tqwt_energy_dec_17 (TQWT),0.0019324618736383443,0.001900815259504813
baseline,Boruta,90,tqwt_stdValue_dec_35 (TQWT),0.001899444444444444,0.0023989382922479734
baseline,Boruta,90,tqwt_entropy_log_dec_6 (TQWT),0.0018954895489548956,0.001980145612101767
baseline,Boruta,90,tqwt_entropy_shannon_dec_8 (TQWT),0.0018769063180827895,0.0015170535512225893
baseline,Boruta,90,tqwt_TKEO_mean_dec_6 (TQWT),0.0018536853685368537,0.0021467175057091133
baseline,Boruta,90,tqwt_kurtosisValue_dec_28 (TQWT),0.0017690631808278867,0.0013524025868604484
baseline,Boruta,90,tqwt_energy_dec_16 (TQWT),0.001747276688453159,0.0014563714341060763
baseline,Boruta,90,f2 (Formant Frequency),0.0017418300653594771,0.002471766093905128
baseline,Boruta,90,tqwt_entropy_log_dec_5 (TQWT),0.001677777777777778,0.0017647499909193693
baseline,Boruta,90,tqwt_energy_dec_28 (TQWT),0.0015633333333333332,0.001430629271154033
baseline,Boruta,90,tqwt_stdValue_dec_17 (TQWT),0.0015185185185185184,0.00123936345249544
baseline,Boruta,90,tqwt_entropy_shannon_dec_10 (TQWT),0.001471111111111111,0.002063111854574108
baseline,Boruta,90,tqwt_kurtosisValue_dec_22 (TQWT),0.0014270152505446625,0.001402643450638719
baseline,Boruta,90,tqwt_TKEO_mean_dec_35 (TQWT),0.0014138321995464855,0.0013832485727314882
baseline,Boruta,90,tqwt_stdValue_dec_36 (TQWT),0.0013188888888888885,0.0015196864578430735
baseline,Boruta,90,tqwt_energy_dec_15 (TQWT),0.0007995642701525056,0.0008865382683720307
baseline_male,Boruta,90,std_delta_delta_log_energy (MFCC),0.012933333333333333,0.013054320409281601
baseline_male,Boruta,90,std_7th_delta_delta (MFCC),0.010696153846153843,0.00643506661070284
baseline_male,Boruta,90,tqwt_entropy_shannon_dec_19 (TQWT),0.00990338164251208,0.011185687845605707
baseline_male,Boruta,90,std_6th_delta_delta (MFCC),0.009428205128205127,0.007215585176207571
baseline_male,Boruta,90,std_delta_log_energy (MFCC),0.008813675213675215,0.008094594688989588
baseline_male,Boruta,90,std_6th_delta (MFCC),0.008740170940170941,0.0061496508075634644
baseline_male,Boruta,90,mean_MFCC_5th_coef (MFCC),0.008663793103448275,0.0072780247920775
baseline_male,Boruta,90,GNE_NSR_SEO (Vocal Fold),0.008384444444444443,0.007292627264053225
baseline_male,Boruta,90,b1 (Bandwidth),0.008144444444444445,0.006772440801952749
baseline_male,Boruta,90,tqwt_kurtosisValue_dec_18 (TQWT),0.008023060796645703,0.0072136655663682814
baseline_male,Boruta,90,tqwt_TKEO_std_dec_19 (TQWT),0.007611111111111111,0.007495950250135433
baseline_male,Boruta,90,tqwt_energy_dec_25 (TQWT),0.007341954022988506,0.006490006824422195
baseline_male,Boruta,90,std_9th_delta_delta (MFCC),0.0069346153846153846,0.006338511936616367
baseline_male,Boruta,90,tqwt_kurtosisValue_dec_20 (TQWT),0.006792307692307691,0.007007648579925724
baseline_male,Boruta,90,tqwt_TKEO_mean_dec_19 (TQWT),0.006731884057971014,0.005945711462627266
baseline_male,Boruta,90,tqwt_energy_dec_26 (TQWT),0.006593589743589745,0.007142228430604552
baseline_male,Boruta,90,std_7th_delta (MFCC),0.006231623931623929,0.003976713484899982
baseline_male,Boruta,90,tqwt_stdValue_dec_7 (TQWT),0.006099537037037038,0.004916967820984753
baseline_male,Boruta,90,det_LT_TKEO_std_1_coef (Wavelet),0.006002415458937198,0.004865217078097585
baseline_male,Boruta,90,tqwt_entropy_log_dec_12 (TQWT),0.005934188034188034,0.0076227327567184025
baseline_male,Boruta,90,tqwt_kurtosisValue_dec_17 (TQWT),0.005920859538784066,0.003765926557176397
baseline_male,Boruta,90,tqwt_stdValue_dec_19 (TQWT),0.005905797101449276,0.005433682042586418
baseline_male,Boruta,90,tqwt_kurtosisValue_dec_34 (TQWT),0.005739197530864198,0.0057824814799726275
baseline_male,Boruta,90,tqwt_entropy_log_dec_33 (TQWT),0.005631623931623933,0.005706603303500409
baseline_male,Boruta,90,tqwt_energy_dec_6 (TQWT),0.005491725768321513,0.004531211261077305
baseline_male,Boruta,90,std_4th_delta (MFCC),0.0054842105263157885,0.0032645251751302795
baseline_male,Boruta,90,std_4th_delta_delta (MFCC),0.005457692307692308,0.005311140826892876
baseline_male,Boruta,90,std_8th_delta_delta (MFCC),0.005408547008547008,0.00457840214870735
baseline_male,Boruta,90,tqwt_medianValue_dec_36 (TQWT),0.005333333333333336,0.004013958378192513
baseline_male,Boruta,90,std_9th_delta (MFCC),0.005323076923076922,0.0050149058241778545
baseline_male,Boruta,90,tqwt_entropy_log_dec_1 (TQWT),0.00532063492063492,0.004743793473168548
baseline_male,Boruta,90,tqwt_kurtosisValue_dec_23 (TQWT),0.005295238095238096,0.003240721233733952
baseline_male,Boruta,90,tqwt_energy_dec_19 (TQWT),0.0050650793650793636,0.00355463276906548
baseline_male,Boruta,90,tqwt_entropy_log_dec_35 (TQWT),0.004988034188034188,0.005804427031222107
baseline_male,Boruta,90,tqwt_entropy_log_dec_27 (TQWT),0.004927777777777779,0.007386317156656779
baseline_male,Boruta,90,DFA (Baseline),0.004827309236947792,0.00414041021132629
baseline_male,Boruta,90,tqwt_meanValue_dec_5 (TQWT),0.004729468599033815,0.004715180380499753
baseline_male,Boruta,90,mean_delta_log_energy (MFCC),0.004728888888888888,0.0029716848606322487
baseline_male,Boruta,90,tqwt_energy_dec_11 (TQWT),0.004695321637426901,0.005896311406973043
baseline_male,Boruta,90,tqwt_meanValue_dec_36 (TQWT),0.004643274853801169,0.004010188339819559
baseline_male,Boruta,90,mean_MFCC_2nd_coef (MFCC),0.004573076923076923,0.005856600818029151
baseline_male,Boruta,90,tqwt_skewnessValue_dec_26 (TQWT),0.0045000000000000005,0.0027580837811406033
baseline_male,Boruta,90,tqwt_skewnessValue_dec_25 (TQWT),0.0045,0.003205769920676424
baseline_male,Boruta,90,tqwt_entropy_log_dec_19 (TQWT),0.004434782608695652,0.0031853444770291567
baseline_male,Boruta,90,mean_2nd_delta (MFCC),0.0043981481481481476,0.003390075217583364
baseline_male,Boruta,90,tqwt_kurtosisValue_dec_33 (TQWT),0.004384259259259258,0.0050259342093466886
baseline_male,Boruta,90,tqwt_energy_dec_27 (TQWT),0.004383647798742136,0.007028390045918615
baseline_male,Boruta,90,tqwt_entropy_log_dec_34 (TQWT),0.004338888888888889,0.006009148544402657
baseline_male,Boruta,90,det_LT_entropy_shannon_3_coef (Wavelet),0.004321256038647342,0.002897107928068757
baseline_male,Boruta,90,tqwt_entropy_shannon_dec_33 (TQWT),0.004243295019157087,0.006166955916650206
baseline_male,Boruta,90,tqwt_TKEO_mean_dec_12 (TQWT),0.0041598290598290595,0.005895096842307796
baseline_male,Boruta,90,tqwt_stdValue_dec_12 (TQWT),0.004130769230769231,0.005828379017999516
baseline_male,Boruta,90,tqwt_entropy_log_dec_11 (TQWT),0.004085470085470086,0.004279187090097735
baseline_male,Boruta,90,tqwt_TKEO_std_dec_6 (TQWT),0.0040376647834274955,0.0027989491301113317
baseline_male,Boruta,90,tqwt_TKEO_mean_dec_26 (TQWT),0.003982407407407406,0.0029628098934959676
baseline_male,Boruta,90,apq11Shimmer (Baseline),0.003815586419753086,0.004549505906754893
baseline_male,Boruta,90,std_12th_delta_delta (MFCC),0.003787817938420348,0.003496180547158975
baseline_male,Boruta,90,std_MFCC_6th_coef (MFCC),0.0037546296296296295,0.0033821510020695207
baseline_male,Boruta,90,tqwt_TKEO_std_dec_12 (TQWT),0.0037418803418803426,0.005178632620239444
baseline_male,Boruta,90,tqwt_energy_dec_10 (TQWT),0.0037337962962962967,0.003794883686315319
baseline_male,Boruta,90,tqwt_minValue_dec_7 (TQWT),0.0036851851851851863,0.0028553488169804904
baseline_male,Boruta,90,tqwt_stdValue_dec_33 (TQWT),0.0036465517241379315,0.006294430584032712
baseline_male,Boruta,90,tqwt_entropy_shannon_dec_36 (TQWT),0.0036412429378531066,0.0030027050450788235
baseline_male,Boruta,90,GQ_std_cycle_open (Vocal Fold),0.0036261770244821094,0.003599736804534273
baseline_male,Boruta,90,std_MFCC_4th_coef (MFCC),0.0036088435374149667,0.002649606749864714
baseline_male,Boruta,90,tqwt_meanValue_dec_11 (TQWT),0.0035462962962962952,0.005312256007265702
baseline_male,Boruta,90,tqwt_TKEO_mean_dec_16 (TQWT),0.0035269841269841263,0.0024286972662459208
baseline_male,Boruta,90,tqwt_entropy_shannon_dec_34 (TQWT),0.003523035230352303,0.005571747048416939
baseline_male,Boruta,90,std_8th_delta (MFCC),0.0035111111111111102,0.0037953039529913454
baseline_male,Boruta,90,tqwt_entropy_shannon_dec_11 (TQWT),0.003508119658119659,0.004009593557928777
baseline_male,Boruta,90,tqwt_kurtosisValue_dec_27 (TQWT),0.003505291005291005,0.004354806156064784
baseline_male,Boruta,90,tqwt_energy_dec_34 (TQWT),0.003493055555555555,0.002151252046544553
baseline_male,Boruta,90,tqwt_stdValue_dec_6 (TQWT),0.0034918699186991865,0.003097277984117819
baseline_male,Boruta,90,tqwt_entropy_log_dec_28 (TQWT),0.003481481481481483,0.00564379420417503
baseline_male,Boruta,90,std_11th_delta_delta (MFCC),0.0034709401709401714,0.0031721544428995746
baseline_male,Boruta,90,tqwt_TKEO_std_dec_7 (TQWT),0.003432624113475177,0.0024524023469227403
baseline_male,Boruta,90,tqwt_stdValue_dec_11 (TQWT),0.0034226495726495726,0.0038769545699920034
baseline_male,Boruta,90,tqwt_TKEO_std_dec_13 (TQWT),0.003417989417989417,0.0031536037721121564
baseline_male,Boruta,90,tqwt_TKEO_mean_dec_13 (TQWT),0.003413756613756614,0.005224342944091123
baseline_male,Boruta,90,tqwt_maxValue_dec_12 (TQWT),0.003413247863247862,0.004484599754060074
baseline_male,Boruta,90,tqwt_stdValue_dec_13 (TQWT),0.0033902606310013714,0.0030298986511582073
baseline_male,Boruta,90,det_LT_TKEO_mean_1_coef (Wavelet),0.003390070921985816,0.004790774442283722
baseline_male,Boruta,90,tqwt_maxValue_dec_7 (TQWT),0.003368055555555556,0.003145274606042825
baseline_male,Boruta,90,tqwt_TKEO_mean_dec_7 (TQWT),0.003351851851851852,0.0023695306937392526
baseline_male,Boruta,90,tqwt_entropy_log_dec_18 (TQWT),0.003348765432098765,0.0039229028062659575
baseline_male,Boruta,90,tqwt_TKEO_mean_dec_36 (TQWT),0.0033361581920903958,0.003211921182392834
baseline_male,Boruta,90,tqwt_kurtosisValue_dec_16 (TQWT),0.0033127572016460904,0.0032457200803911596
baseline_male,Boruta,90,det_TKEO_mean_1_coef (Wavelet),0.003293981481481481,0.00932937093352503
baseline_male,Boruta,90,tqwt_maxValue_dec_11 (TQWT),0.0032818713450292396,0.00496713404146632
baseline_male,Boruta,90,tqwt_maxValue_dec_13 (TQWT),0.0032280423280423277,0.0037110001091283577
baseline_male,Boruta,90,tqwt_entropy_log_dec_13 (TQWT),0.0032253968253968253,0.0029117092494289312
baseline_male,Boruta,90,std_10th_delta_delta (MFCC),0.0032051282051282046,0.0029777719650979496
baseline_male,Boruta,90,det_TKEO_std_1_coef (Wavelet),0.003178240740740741,0.007755876483196774
baseline_male,Boruta,90,tqwt_entropy_shannon_dec_12 (TQWT),0.0031713675213675212,0.004700032891274527
baseline_male,Boruta,90,tqwt_minValue_dec_11 (TQWT),0.003103174603174603,0.0031745583652947568
baseline_male,Boruta,90,mean_MFCC_1st_coef (MFCC),0.003009661835748792,0.003134496558430543
baseline_male,Boruta,90,tqwt_stdValue_dec_14 (TQWT),0.00300462962962963,0.0022139075670302615
baseline_male,Boruta,90,tqwt_entropy_log_dec_26 (TQWT),0.0029968847352024926,0.003149403160092005
baseline_male,Boruta,90,det_LT_TKEO_std_4_coef (Wavelet),0.0029927536231884057,0.002081555080803501
baseline_male,Boruta,90,tqwt_entropy_shannon_dec_35 (TQWT),0.0029837398373983733,0.004492670505329111
baseline_male,Boruta,90,std_Log_energy (MFCC),0.0029811965811965806,0.0035906571684803405
baseline_male,Boruta,90,tqwt_entropy_log_dec_9 (TQWT),0.002963768115942028,0.0041019353758673435
baseline_male,Boruta,90,tqwt_TKEO_std_dec_14 (TQWT),0.0029492753623188398,0.0019196065151641168
baseline_male,Boruta,90,rapJitter (Baseline),0.0029066666666666668,0.0026102190029273875
baseline_male,Boruta,90,tqwt_TKEO_mean_dec_5 (TQWT),0.0029033816425120783,0.0021918606484462155
baseline_male,Boruta,90,tqwt_skewnessValue_dec_23 (TQWT),0.0028864734299516915,0.0021631745526232934
baseline_male,Boruta,90,tqwt_entropy_shannon_dec_26 (TQWT),0.0028155555555555547,0.0032441415589419724
baseline_male,Boruta,90,tqwt_TKEO_mean_dec_9 (TQWT),0.0027608695652173916,0.0018343308918981512
baseline_male,Boruta,90,app_det_TKEO_mean_3_coef (Wavelet),0.002734299516908212,0.002774374869318547
baseline_male,Boruta,90,Ed_1_coef (Wavelet),0.002731746031746032,0.004319878217494029
baseline_male,Boruta,90,tqwt_energy_dec_12 (TQWT),0.0027209401709401703,0.004298485910055737
baseline_male,Boruta,90,std_5th_delta_delta (MFCC),0.0026953216374269004,0.0022907024313451765
baseline_male,Boruta,90,tqwt_kurtosisValue_dec_26 (TQWT),0.002692107995846313,0.003329131730224765
baseline_male,Boruta,90,locPctJitter (Baseline),0.002689043209876543,0.0023135123381328006
baseline_male,Boruta,90,tqwt_minValue_dec_13 (TQWT),0.0026570644718792867,0.003201260824981865
baseline_male,Boruta,90,locAbsJitter (Baseline),0.0026183800623052955,0.0033891685117347853
baseline_male,Boruta,90,meanIntensity (Intensity),0.0026139846743295026,0.0026352805824043763
baseline_male,Boruta,90,tqwt_energy_dec_17 (TQWT),0.002611111111111111,0.002343058630780862
baseline_male,Boruta,90,tqwt_energy_dec_7 (TQWT),0.0025763888888888898,0.0024082437805206256
baseline_male,Boruta,90,det_LT_entropy_shannon_4_coef (Wavelet),0.002502415458937198,0.00178329502286667
baseline_male,Boruta,90,minIntensity (Intensity),0.0024748427672955974,0.002359674708852189
baseline_male,Boruta,90,std_5th_delta (MFCC),0.002466903073286053,0.0020689714354856534
baseline_male,Boruta,90,tqwt_energy_dec_1 (TQWT),0.0024400000000000003,0.0020204732891855592
baseline_male,Boruta,90,std_11th_delta (MFCC),0.002428703703703704,0.002675325244360898
baseline_male,Boruta,90,tqwt_kurtosisValue_dec_36 (TQWT),0.002419753086419752,0.002135824790484778
baseline_male,Boruta,90,tqwt_stdValue_dec_26 (TQWT),0.002385185185185185,0.0027128958926620045
baseline_male,Boruta,90,tqwt_minValue_dec_12 (TQWT),0.0023628205128205125,0.003713985321532441
baseline_male,Boruta,90,tqwt_entropy_log_dec_16 (TQWT),0.002358237547892721,0.002100100730928486
baseline_male,Boruta,90,tqwt_kurtosisValue_dec_35 (TQWT),0.002351330203442879,0.002796339055104239
baseline_male,Boruta,90,tqwt_stdValue_dec_16 (TQWT),0.0023380952380952376,0.0021134309437713726
baseline_male,Boruta,90,tqwt_entropy_shannon_dec_16 (TQWT),0.0023253968253968255,0.0023420602544012904
baseline_male,Boruta,90,std_MFCC_8th_coef (MFCC),0.0023168724279835394,0.0020991720138894957
baseline_male,Boruta,90,maxIntensity (Intensity),0.002297892720306513,0.0022361086264588545
baseline_male,Boruta,90,tqwt_entropy_log_dec_8 (TQWT),0.0022898550724637676,0.003108292221500849
baseline_male,Boruta,90,tqwt_entropy_shannon_dec_18 (TQWT),0.0022732426303854877,0.0016977630526338534
baseline_male,Boruta,90,tqwt_entropy_shannon_dec_6 (TQWT),0.0022561205273069684,0.002314862337582148
baseline_male,Boruta,90,app_LT_TKEO_std_2_coef (Wavelet),0.002251207729468599,0.002889668206467446
baseline_male,Boruta,90,tqwt_TKEO_mean_dec_11 (TQWT),0.002189316239316239,0.0027103296305730573
baseline_male,Boruta,90,ppq5Jitter (Baseline),0.0021678004535147393,0.0021296000973949907
baseline_male,Boruta,90,tqwt_energy_dec_16 (TQWT),0.0021555555555555555,0.0016374468521854974
baseline_male,Boruta,90,std_12th_delta (MFCC),0.002137215528781794,0.0021416103110550675
baseline_male,Boruta,90,meanHarmToNoiseHarmonicity (Baseline),0.002135555555555556,0.0016858564921463837
baseline_male,Boruta,90,tqwt_stdValue_dec_27 (TQWT),0.0020919540229885065,0.0029728765969273844
baseline_male,Boruta,90,std_10th_delta (MFCC),0.0020760683760683765,0.002021251683290935
baseline_male,Boruta,90,GNE_std (Vocal Fold),0.0020688888888888883,0.0018077854098559618
baseline_male,Boruta,90,tqwt_stdValue_dec_35 (TQWT),0.002048850574712644,0.0025935314191743225
baseline_male,Boruta,90,tqwt_entropy_log_dec_6 (TQWT),0.002024482109227873,0.0020729354457410558
baseline_male,Boruta,90,tqwt_entropy_shannon_dec_13 (TQWT),0.0020076628352490417,0.00200375499234547
baseline_male,Boruta,90,tqwt_kurtosisValue_dec_22 (TQWT),0.0019733333333333334,0.0016309322303332964
baseline_male,Boruta,90,tqwt_TKEO_std_dec_11 (TQWT),0.001961111111111111,0.0022651591379444567
baseline_male,Boruta,90,tqwt_entropy_log_dec_5 (TQWT),0.0019421296296296305,0.0012702690688260253
baseline_male,Boruta,90,tqwt_TKEO_mean_dec_6 (TQWT),0.0019387947269303206,0.0023873327438738066
baseline_male,Boruta,90,tqwt_TKEO_mean_dec_34 (TQWT),0.0019299516908212555,0.0019336218929984432
baseline_male,Boruta,90,tqwt_entropy_shannon_dec_10 (TQWT),0.0019259259259259258,0.002332140689312876
baseline_male,Boruta,90,tqwt_entropy_shannon_dec_17 (TQWT),0.001859195402298851,0.001915055884457503
baseline_male,Boruta,90,Ed2_1_coef (Wavelet),0.0018538647342995166,0.0019592826966886843
baseline_male,Boruta,90,tqwt_entropy_shannon_dec_8 (TQWT),0.0018429951690821262,0.0016533497533308145
baseline_male,Boruta,90,tqwt_entropy_log_dec_17 (TQWT),0.0018386880856760377,0.002139399949263473
baseline_male,Boruta,90,tqwt_kurtosisValue_dec_28 (TQWT),0.0017711111111111115,0.001784941460108991
baseline_male,Boruta,90,std_MFCC_7th_coef (MFCC),0.0017685185185185189,0.001694729830504048
baseline_male,Boruta,90,tqwt_TKEO_mean_dec_28 (TQWT),0.0017666666666666664,0.001978487911111517
baseline_male,Boruta,90,tqwt_TKEO_mean_dec_17 (TQWT),0.0017512077294685995,0.002064844070693777
baseline_male,Boruta,90,tqwt_energy_dec_28 (TQWT),0.0017037037037037036,0.0016952610538134546
baseline_male,Boruta,90,tqwt_TKEO_std_dec_5 (TQWT),0.0016884057971014493,0.0018054730345975014
baseline_male,Boruta,90,tqwt_stdValue_dec_8 (TQWT),0.0016618357487922708,0.0012160322729947045
baseline_male,Boruta,90,tqwt_entropy_shannon_dec_7 (TQWT),0.0016550925925925926,0.0013192704357707185
baseline_male,Boruta,90,tqwt_stdValue_dec_34 (TQWT),0.0016425120772946857,0.001351673908468923
baseline_male,Boruta,90,f1 (Formant Frequency),0.0016352657004830913,0.0015190176140184805
baseline_male,Boruta,90,RPDE (Baseline),0.0015338164251207731,0.0018031335538066784
baseline_male,Boruta,90,tqwt_energy_dec_13 (TQWT),0.0015047892720306511,0.001505228327814963
baseline_male,Boruta,90,tqwt_stdValue_dec_28 (TQWT),0.0014955555555555562,0.0013481645105652158
baseline_male,Boruta,90,ddpJitter (Baseline),0.001395061728395062,0.0013841279295537853
baseline_male,Boruta,90,locDbShimmer (Baseline),0.0013911111111111112,0.0013859259687266099
baseline_male,Boruta,90,tqwt_stdValue_dec_36 (TQWT),0.0012638888888888886,0.0015207871077932132
baseline_male,Boruta,90,f2 (Formant Frequency),0.001226984126984127,0.0016738824262421716
baseline_male,Boruta,90,tqwt_TKEO_mean_dec_35 (TQWT),0.0011473429951690823,0.0010946006195161522
baseline_male,Boruta,90,tqwt_stdValue_dec_17 (TQWT),0.0010338164251207727,0.0012319214594058133
baseline_male,Boruta,90,tqwt_energy_dec_15 (TQWT),0.001019047619047619,0.0012988971089480876
baseline_female,Boruta,90,std_delta_delta_log_energy (MFCC),0.019676229508196714,0.014205637494038128
baseline_female,Boruta,90,std_7th_delta_delta (MFCC),0.014966302367941718,0.00863214514774295
baseline_female,Boruta,90,tqwt_entropy_log_dec_27 (TQWT),0.01341211293260474,0.010645245423904348
baseline_female,Boruta,90,std_delta_log_energy (MFCC),0.012697176684881607,0.010341677051837191
baseline_female,Boruta,90,std_6th_delta_delta (MFCC),0.011766393442622956,0.009662563918425354
baseline_female,Boruta,90,std_9th_delta_delta (MFCC),0.011579234972677594,0.00876678767338629
baseline_female,Boruta,90,tqwt_medianValue_dec_36 (TQWT),0.010754273504273503,0.005444308382659249
baseline_female,Boruta,90,tqwt_energy_dec_25 (TQWT),0.010611111111111111,0.008215270334363117
baseline_female,Boruta,90,tqwt_entropy_log_dec_12 (TQWT),0.010562841530054648,0.007963262141103903
baseline_female,Boruta,90,std_6th_delta (MFCC),0.010546903460837889,0.006767659765064839
baseline_female,Boruta,90,tqwt_energy_dec_26 (TQWT),0.010418488160291438,0.007700369914833831
baseline_female,Boruta,90,tqwt_entropy_log_dec_33 (TQWT),0.009901183970856103,0.007930224351146513
baseline_female,Boruta,90,tqwt_energy_dec_27 (TQWT),0.009171296296296295,0.007227095648700408
baseline_female,Boruta,90,mean_MFCC_2nd_coef (MFCC),0.008912112932604735,0.008083399127802449
baseline_female,Boruta,90,tqwt_skewnessValue_dec_25 (TQWT),0.008858974358974358,0.005522424240962433
baseline_female,Boruta,90,locAbsJitter (Baseline),0.008226359338061467,0.007841744974107596
baseline_female,Boruta,90,app_LT_TKEO_std_2_coef (Wavelet),0.008094017094017095,0.00518938516875732
baseline_female,Boruta,90,tqwt_stdValue_dec_12 (TQWT),0.007662112932604737,0.007314326379010419
baseline_female,Boruta,90,std_7th_delta (MFCC),0.007454007285974498,0.004477434784988839
baseline_female,Boruta,90,tqwt_skewnessValue_dec_26 (TQWT),0.007404761904761904,0.004809857523229303
baseline_female,Boruta,90,mean_MFCC_5th_coef (MFCC),0.007316919191919192,0.005817840562242108
baseline_female,Boruta,90,tqwt_kurtosisValue_dec_26 (TQWT),0.0072919621749409,0.006907015477240126
baseline_female,Boruta,90,tqwt_TKEO_std_dec_12 (TQWT),0.007188979963570126,0.0065369599004844086
baseline_female,Boruta,90,std_9th_delta (MFCC),0.0070733151183970866,0.007438628545772458
baseline_female,Boruta,90,tqwt_TKEO_mean_dec_12 (TQWT),0.006934426229508196,0.00634943485699466
baseline_female,Boruta,90,app_det_TKEO_mean_3_coef (Wavelet),0.006670940170940169,0.0045375596513376635
baseline_female,Boruta,90,tqwt_entropy_log_dec_35 (TQWT),0.006556466302367943,0.008113877419496665
baseline_female,Boruta,90,tqwt_TKEO_mean_dec_26 (TQWT),0.006525132275132274,0.005449120926466232
baseline_female,Boruta,90,b1 (Bandwidth),0.006423611111111112,0.003972267684773481
baseline_female,Boruta,90,tqwt_entropy_log_dec_28 (TQWT),0.006395299145299145,0.005249755684662328
baseline_female,Boruta,90,tqwt_meanValue_dec_36 (TQWT),0.006225366876310272,0.005319189261584303
baseline_female,Boruta,90,std_8th_delta_delta (MFCC),0.006183970856102003,0.00538147546043499
baseline_female,Boruta,90,tqwt_kurtosisValue_dec_18 (TQWT),0.006150462962962965,0.005414839571935306
baseline_female,Boruta,90,std_4th_delta_delta (MFCC),0.00603551912568306,0.006460236511739245
baseline_female,Boruta,90,DFA (Baseline),0.00590952380952381,0.004334837707916624
baseline_female,Boruta,90,tqwt_stdValue_dec_11 (TQWT),0.00585928961748634,0.005467171452852687
baseline_female,Boruta,90,rapJitter (Baseline),0.0057948717948717934,0.004307023281855991
baseline_female,Boruta,90,tqwt_kurtosisValue_dec_34 (TQWT),0.005761396011396012,0.004279257146309126
baseline_female,Boruta,90,tqwt_minValue_dec_12 (TQWT),0.005524134790528236,0.005334969249222822
baseline_female,Boruta,90,std_10th_delta_delta (MFCC),0.005476775956284152,0.003899790157905203
baseline_female,Boruta,90,mean_delta_log_energy (MFCC),0.0054465811965811965,0.003900872510324625
baseline_female,Boruta,90,std_4th_delta (MFCC),0.0053721174004192854,0.004280360310927246
baseline_female,Boruta,90,std_11th_delta (MFCC),0.005341269841269839,0.0073997254346317804
baseline_female,Boruta,90,tqwt_energy_dec_11 (TQWT),0.0052809224318658265,0.006249700683047396
baseline_female,Boruta,90,tqwt_minValue_dec_13 (TQWT),0.00526984126984127,0.004554553309515545
baseline_female,Boruta,90,std_8th_delta (MFCC),0.0051539162112932595,0.004816225888124559
baseline_female,Boruta,90,tqwt_entropy_log_dec_26 (TQWT),0.005135995370370368,0.004746876293506645
baseline_female,Boruta,90,tqwt_entropy_log_dec_13 (TQWT),0.005086226851851852,0.004511223080410421
baseline_female,Boruta,90,tqwt_stdValue_dec_7 (TQWT),0.005055555555555557,0.0026372384145212312
baseline_female,Boruta,90,tqwt_maxValue_dec_12 (TQWT),0.00503233151183971,0.004736907991435655
baseline_female,Boruta,90,tqwt_energy_dec_6 (TQWT),0.005020576131687242,0.005440491969952749
baseline_female,Boruta,90,tqwt_entropy_log_dec_11 (TQWT),0.004961748633879781,0.0038673468275927355
baseline_female,Boruta,90,tqwt_stdValue_dec_26 (TQWT),0.004947089947089945,0.003278797258728389
baseline_female,Boruta,90,locPctJitter (Baseline),0.0049059829059829065,0.004711484392060102
baseline_female,Boruta,90,GNE_NSR_SEO (Vocal Fold),0.004811965811965813,0.003924003809606446
baseline_female,Boruta,90,tqwt_kurtosisValue_dec_17 (TQWT),0.0047928240740740735,0.004473574776894515
baseline_female,Boruta,90,std_MFCC_6th_coef (MFCC),0.0047713675213675215,0.004098983523590444
baseline_female,Boruta,90,ppq5Jitter (Baseline),0.0047649572649572655,0.004763882629143494
baseline_female,Boruta,90,tqwt_entropy_shannon_dec_26 (TQWT),0.00472008547008547,0.0040163351149957284
baseline_female,Boruta,90,tqwt_kurtosisValue_dec_20 (TQWT),0.004710837887067393,0.0036622357240430514
baseline_female,Boruta,90,tqwt_energy_dec_7 (TQWT),0.004698717948717949,0.0037399270864623283
baseline_female,Boruta,90,apq11Shimmer (Baseline),0.004678062678062678,0.004845919998042968
baseline_female,Boruta,90,tqwt_energy_dec_19 (TQWT),0.004628472222222221,0.0038176892592949284
baseline_female,Boruta,90,tqwt_entropy_shannon_dec_12 (TQWT),0.004607468123861567,0.004450401664158518
baseline_female,Boruta,90,det_LT_TKEO_std_4_coef (Wavelet),0.004523504273504273,0.003256110291015067
baseline_female,Boruta,90,tqwt_meanValue_dec_5 (TQWT),0.004476495726495727,0.0034501944189917083
baseline_female,Boruta,90,tqwt_energy_dec_12 (TQWT),0.004457650273224044,0.0051327237440672415
baseline_female,Boruta,90,tqwt_TKEO_mean_dec_36 (TQWT),0.004443121693121692,0.0029087731433191095
baseline_female,Boruta,90,tqwt_TKEO_mean_dec_7 (TQWT),0.004410256410256409,0.0029075078595941833
baseline_female,Boruta,90,tqwt_entropy_log_dec_34 (TQWT),0.0043542805100182155,0.005312159872390442
baseline_female,Boruta,90,det_LT_entropy_shannon_4_coef (Wavelet),0.004258547008547008,0.002144937231192495
baseline_female,Boruta,90,std_11th_delta_delta (MFCC),0.004248178506375227,0.00482749179578462
baseline_female,Boruta,90,tqwt_kurtosisValue_dec_33 (TQWT),0.0042457264957264955,0.004344049970914517
baseline_female,Boruta,90,det_LT_TKEO_std_1_coef (Wavelet),0.004160256410256411,0.0035205480424585207
baseline_female,Boruta,90,tqwt_kurtosisValue_dec_27 (TQWT),0.004135620915032679,0.004996891775665187
baseline_female,Boruta,90,tqwt_stdValue_dec_27 (TQWT),0.004095238095238095,0.002878921755829859
baseline_female,Boruta,90,tqwt_maxValue_dec_13 (TQWT),0.003994791666666667,0.003493879371877945
baseline_female,Boruta,90,tqwt_entropy_shannon_dec_11 (TQWT),0.003987249544626595,0.0036223122395360025
baseline_female,Boruta,90,tqwt_maxValue_dec_11 (TQWT),0.003976415094339622,0.004101163693988435
baseline_female,Boruta,90,tqwt_entropy_shannon_dec_19 (TQWT),0.003958333333333334,0.004366483870602937
baseline_female,Boruta,90,tqwt_minValue_dec_7 (TQWT),0.003927350427350427,0.0032838963570696444
baseline_female,Boruta,90,tqwt_TKEO_mean_dec_13 (TQWT),0.003912037037037038,0.004562316164209628
baseline_female,Boruta,90,tqwt_entropy_log_dec_16 (TQWT),0.003892676767676767,0.00231939974391587
baseline_female,Boruta,90,meanIntensity (Intensity),0.0037579365079365074,0.0032088493709917713
baseline_female,Boruta,90,tqwt_entropy_shannon_dec_36 (TQWT),0.003711640211640212,0.002782597723024911
baseline_female,Boruta,90,std_MFCC_4th_coef (MFCC),0.0037115384615384606,0.0027627414929620375
baseline_female,Boruta,90,mean_2nd_delta (MFCC),0.003647435897435897,0.0028238293324866675
baseline_female,Boruta,90,tqwt_meanValue_dec_11 (TQWT),0.003646367521367522,0.005034979540974831
baseline_female,Boruta,90,meanHarmToNoiseHarmonicity (Baseline),0.003645299145299146,0.0029842490522311318
baseline_female,Boruta,90,tqwt_entropy_shannon_dec_34 (TQWT),0.0036102941176470596,0.004518278600453624
baseline_female,Boruta,90,tqwt_minValue_dec_11 (TQWT),0.0035972222222222213,0.0034274090967347302
baseline_female,Boruta,90,maxIntensity (Intensity),0.003566137566137567,0.002769362491026038
baseline_female,Boruta,90,tqwt_kurtosisValue_dec_36 (TQWT),0.0035493055555555547,0.0036976941913878436
baseline_female,Boruta,90,tqwt_TKEO_std_dec_13 (TQWT),0.003532407407407406,0.003142922644272596
baseline_female,Boruta,90,tqwt_kurtosisValue_dec_23 (TQWT),0.003524305555555556,0.002345457251849235
baseline_female,Boruta,90,std_12th_delta_delta (MFCC),0.00344047619047619,0.0034648729848866656
baseline_female,Boruta,90,std_5th_delta (MFCC),0.003431069958847737,0.0030130063733260475
baseline_female,Boruta,90,locDbShimmer (Baseline),0.0034059829059829064,0.0027195234685157437
baseline_female,Boruta,90,GQ_std_cycle_open (Vocal Fold),0.003384920634920635,0.0027915319796933714
baseline_female,Boruta,90,tqwt_entropy_log_dec_17 (TQWT),0.0033825396825396823,0.0030338269932807405
baseline_female,Boruta,90,std_10th_delta (MFCC),0.003376593806921676,0.0031163430048292903
baseline_female,Boruta,90,minIntensity (Intensity),0.003358217592592592,0.0026844388158082425
baseline_female,Boruta,90,std_5th_delta_delta (MFCC),0.0033296645702306084,0.0027368979524964106
baseline_female,Boruta,90,tqwt_stdValue_dec_13 (TQWT),0.003303968253968254,0.0029799186340303627
baseline_female,Boruta,90,tqwt_skewnessValue_dec_23 (TQWT),0.0032996031746031747,0.0025694867626623735
baseline_female,Boruta,90,tqwt_entropy_shannon_dec_33 (TQWT),0.003261904761904763,0.003362567046596564
baseline_female,Boruta,90,std_12th_delta (MFCC),0.0032563492063492063,0.002943744104224358
baseline_female,Boruta,90,tqwt_TKEO_mean_dec_16 (TQWT),0.0032465277777777787,0.0026215125619930093
baseline_female,Boruta,90,std_Log_energy (MFCC),0.0032008196721311465,0.0036627794998056354
baseline_female,Boruta,90,RPDE (Baseline),0.003170940170940171,0.002250056013247685
baseline_female,Boruta,90,tqwt_maxValue_dec_7 (TQWT),0.003104700854700853,0.00233613143519582
baseline_female,Boruta,90,det_LT_entropy_shannon_3_coef (Wavelet),0.003102564102564103,0.002414367583689532
baseline_female,Boruta,90,tqwt_stdValue_dec_6 (TQWT),0.0030999999999999995,0.003162580255993211
baseline_female,Boruta,90,tqwt_TKEO_mean_dec_11 (TQWT),0.0030569216757741356,0.0030352358520487925
baseline_female,Boruta,90,tqwt_TKEO_std_dec_6 (TQWT),0.0030423280423280416,0.003097090857773649
baseline_female,Boruta,90,tqwt_energy_dec_1 (TQWT),0.003004273504273504,0.0025267650038223546
baseline_female,Boruta,90,tqwt_stdValue_dec_19 (TQWT),0.002958333333333333,0.0024304068610091116
baseline_female,Boruta,90,tqwt_kurtosisValue_dec_35 (TQWT),0.002938888888888889,0.0027747393889489044
baseline_female,Boruta,90,ddpJitter (Baseline),0.0028696581196581195,0.00274100350536558
baseline_female,Boruta,90,tqwt_stdValue_dec_33 (TQWT),0.0027751322751322746,0.003645716967152763
baseline_female,Boruta,90,tqwt_stdValue_dec_34 (TQWT),0.002737179487179487,0.0022025040240653314
baseline_female,Boruta,90,tqwt_entropy_shannon_dec_35 (TQWT),0.0027369281045751628,0.0026659929644171475
baseline_female,Boruta,90,tqwt_TKEO_mean_dec_28 (TQWT),0.002713675213675214,0.0024559462599316037
baseline_female,Boruta,90,tqwt_TKEO_std_dec_7 (TQWT),0.0027109053497942387,0.001989603170573196
baseline_female,Boruta,90,GNE_std (Vocal Fold),0.0026474358974358982,0.0034969560840396405
baseline_female,Boruta,90,std_MFCC_8th_coef (MFCC),0.0026190476190476194,0.002464874374257
baseline_female,Boruta,90,f2 (Formant Frequency),0.0026145833333333333,0.0029084039496395544
baseline_female,Boruta,90,tqwt_TKEO_mean_dec_34 (TQWT),0.0026025641025641025,0.0027019087327870266
baseline_female,Boruta,90,tqwt_TKEO_mean_dec_5 (TQWT),0.002593253968253968,0.001984604599236846
baseline_female,Boruta,90,tqwt_TKEO_std_dec_19 (TQWT),0.0025357142857142852,0.0025404454474231377
baseline_female,Boruta,90,tqwt_entropy_log_dec_19 (TQWT),0.0025297619047619036,0.0021972906394331117
baseline_female,Boruta,90,tqwt_entropy_log_dec_1 (TQWT),0.0025243055555555552,0.002485415991679108
baseline_female,Boruta,90,tqwt_kurtosisValue_dec_16 (TQWT),0.002510317460317461,0.001872681811239617
baseline_female,Boruta,90,tqwt_energy_dec_10 (TQWT),0.0024893162393162397,0.002360286464807227
baseline_female,Boruta,90,tqwt_TKEO_std_dec_11 (TQWT),0.0024726775956284155,0.002604997011868479
baseline_female,Boruta,90,det_LT_TKEO_mean_1_coef (Wavelet),0.00245679012345679,0.0026187830554205943
baseline_female,Boruta,90,tqwt_energy_dec_34 (TQWT),0.00244017094017094,0.0028055004670883357
baseline_female,Boruta,90,tqwt_stdValue_dec_8 (TQWT),0.0024285714285714284,0.0019189197015005701
baseline_female,Boruta,90,tqwt_entropy_shannon_dec_17 (TQWT),0.0023611111111111107,0.002069935716516755
baseline_female,Boruta,90,tqwt_entropy_shannon_dec_18 (TQWT),0.0023493589743589748,0.0018233628043217772
baseline_female,Boruta,90,tqwt_entropy_shannon_dec_16 (TQWT),0.0023472222222222223,0.001868246967000999
baseline_female,Boruta,90,tqwt_stdValue_dec_28 (TQWT),0.0023226495726495723,0.0020697330525444356
baseline_female,Boruta,90,tqwt_TKEO_mean_dec_9 (TQWT),0.002317460317460318,0.001638235216192614
baseline_female,Boruta,90,tqwt_entropy_shannon_dec_6 (TQWT),0.002251322751322751,0.0021923854113469936
baseline_female,Boruta,90,tqwt_entropy_shannon_dec_7 (TQWT),0.0022008547008547014,0.0017503574102882712
baseline_female,Boruta,90,tqwt_TKEO_std_dec_5 (TQWT),0.002196428571428571,0.0021397244743568715
baseline_female,Boruta,90,Ed2_1_coef (Wavelet),0.002161522633744856,0.001700325024698412
baseline_female,Boruta,90,tqwt_stdValue_dec_35 (TQWT),0.0021428571428571425,0.0020433865447899405
baseline_female,Boruta,90,tqwt_TKEO_mean_dec_17 (TQWT),0.002126984126984127,0.001804838626660523
baseline_female,Boruta,90,f1 (Formant Frequency),0.002126984126984127,0.001615192895841175
baseline_female,Boruta,90,tqwt_stdValue_dec_14 (TQWT),0.0021196581196581197,0.0020438725932442996
baseline_female,Boruta,90,tqwt_energy_dec_13 (TQWT),0.0021060606060606057,0.0019474949359525827
baseline_female,Boruta,90,tqwt_entropy_log_dec_18 (TQWT),0.002052777777777778,0.0022042901550286377
baseline_female,Boruta,90,tqwt_energy_dec_17 (TQWT),0.0019960317460317465,0.0018647322504264745
baseline_female,Boruta,90,tqwt_entropy_log_dec_6 (TQWT),0.0019695767195767205,0.001964167993907151
baseline_female,Boruta,90,tqwt_kurtosisValue_dec_28 (TQWT),0.001897435897435897,0.001462427652465119
baseline_female,Boruta,90,mean_MFCC_1st_coef (MFCC),0.0018824786324786325,0.0023324223599498583
baseline_female,Boruta,90,std_MFCC_7th_coef (MFCC),0.001858974358974359,0.0017960749499631762
baseline_female,Boruta,90,tqwt_entropy_shannon_dec_13 (TQWT),0.0018518518518518521,0.0015411715921801864
baseline_female,Boruta,90,tqwt_TKEO_std_dec_14 (TQWT),0.001837606837606837,0.0016239047499981751
baseline_female,Boruta,90,tqwt_stdValue_dec_16 (TQWT),0.0018333333333333337,0.001532932417522151
baseline_female,Boruta,90,tqwt_entropy_shannon_dec_8 (TQWT),0.0018234126984126987,0.0017490389769879012
baseline_female,Boruta,90,tqwt_entropy_log_dec_5 (TQWT),0.0017158119658119654,0.0017459722716638931
baseline_female,Boruta,90,tqwt_stdValue_dec_36 (TQWT),0.0016837606837606833,0.0014674411924788168
baseline_female,Boruta,90,tqwt_TKEO_mean_dec_6 (TQWT),0.0016574074074074074,0.0017058468806569107
baseline_female,Boruta,90,tqwt_TKEO_mean_dec_35 (TQWT),0.00164957264957265,0.0016142380883142997
baseline_female,Boruta,90,tqwt_entropy_log_dec_8 (TQWT),0.0015952380952380953,0.0017648368401867634
baseline_female,Boruta,90,Ed_1_coef (Wavelet),0.0015847222222222226,0.0017772250782524886
baseline_female,Boruta,90,tqwt_stdValue_dec_17 (TQWT),0.0015238095238095232,0.0012332255616494196
baseline_female,Boruta,90,tqwt_energy_dec_28 (TQWT),0.0014999999999999996,0.0015183465823342243
baseline_female,Boruta,90,tqwt_energy_dec_16 (TQWT),0.0013923611111111107,0.0013762978329490674
baseline_female,Boruta,90,tqwt_TKEO_mean_dec_19 (TQWT),0.0013055555555555552,0.001516494172046487
baseline_female,Boruta,90,tqwt_kurtosisValue_dec_22 (TQWT),0.001224358974358974,0.0012465904215048648
baseline_female,Boruta,90,tqwt_entropy_shannon_dec_10 (TQWT),0.0011923076923076924,0.0015128303899167906
baseline_female,Boruta,90,tqwt_entropy_log_dec_9 (TQWT),0.001063492063492064,0.0011844329304510186
baseline_female,Boruta,90,tqwt_energy_dec_15 (TQWT),0.0010416666666666664,0.001316157096833846
baseline_female,Boruta,90,det_TKEO_mean_1_coef (Wavelet),0.001014957264957265,0.0010246549052816145
baseline_female,Boruta,90,det_TKEO_std_1_coef (Wavelet),0.0009380341880341883,0.0011934492236040245
baseline,Boruta,100,std_delta_delta_log_energy (MFCC),0.016531746031746033,0.01469639092544748
baseline,Boruta,100,std_6th_delta_delta (MFCC),0.01182231040564374,0.009800273105777102
baseline,Boruta,100,std_delta_log_energy (MFCC),0.010841710758377428,0.01037858086461352
baseline,Boruta,100,std_7th_delta_delta (MFCC),0.01048390652557319,0.0065772310865544505
baseline,Boruta,100,tqwt_entropy_log_dec_27 (TQWT),0.010055114638447972,0.01017259684471999
baseline,Boruta,100,tqwt_energy_dec_26 (TQWT),0.009723324514991182,0.008097641880961326
baseline,Boruta,100,tqwt_skewnessValue_dec_25 (TQWT),0.00927551020408163,0.01088170886960501
baseline,Boruta,100,std_9th_delta_delta (MFCC),0.00874404761904762,0.006586298227808418
baseline,Boruta,100,std_6th_delta (MFCC),0.008567460317460317,0.006591675751639999
baseline,Boruta,100,std_7th_delta (MFCC),0.007587081128747794,0.004839858645081832
baseline,Boruta,100,tqwt_kurtosisValue_dec_18 (TQWT),0.007339383938393842,0.005571627263523863
baseline,Boruta,100,mean_MFCC_2nd_coef (MFCC),0.007005731922398591,0.007924508387246976
baseline,Boruta,100,tqwt_entropy_log_dec_12 (TQWT),0.0068716931216931225,0.006973865732267196
baseline,Boruta,100,tqwt_energy_dec_6 (TQWT),0.006767909356725148,0.007313329087023998
baseline,Boruta,100,mean_MFCC_5th_coef (MFCC),0.006617365710080942,0.006483444435423864
baseline,Boruta,100,std_9th_delta (MFCC),0.0065811287477954145,0.00475426638392643
baseline,Boruta,100,tqwt_TKEO_mean_dec_19 (TQWT),0.006416122004357297,0.0050327191221838305
baseline,Boruta,100,tqwt_TKEO_std_dec_12 (TQWT),0.006310185185185185,0.006232727174392806
baseline,Boruta,100,tqwt_entropy_log_dec_33 (TQWT),0.006296957671957672,0.006470522359605367
baseline,Boruta,100,tqwt_energy_dec_25 (TQWT),0.0061955555555555574,0.006578295185391231
baseline,Boruta,100,tqwt_TKEO_mean_dec_12 (TQWT),0.006150132275132275,0.006014367026186017
baseline,Boruta,100,app_LT_TKEO_mean_2_coef (Wavelet),0.006105442176870749,0.005570363578164586
baseline,Boruta,100,tqwt_kurtosisValue_dec_26 (TQWT),0.006103924820342731,0.006197126091823226
baseline,Boruta,100,tqwt_TKEO_mean_dec_26 (TQWT),0.005930190058479533,0.0053376070205820815
baseline,Boruta,100,locAbsJitter (Baseline),0.005914317302377003,0.00610603906754837
baseline,Boruta,100,tqwt_energy_dec_27 (TQWT),0.005906305114638447,0.0060302770485202856
baseline,Boruta,100,tqwt_medianValue_dec_36 (TQWT),0.005887799564270153,0.004821677298700998
baseline,Boruta,100,tqwt_stdValue_dec_12 (TQWT),0.005674603174603176,0.006532536684192972
baseline,Boruta,100,b1 (Bandwidth),0.0056072984749455336,0.004397198284213879
baseline,Boruta,100,GNE_NSR_SEO (Vocal Fold),0.005532679738562092,0.004730301522522644
baseline,Boruta,100,mean_delta_log_energy (MFCC),0.005450980392156863,0.003260547569141784
baseline,Boruta,100,tqwt_entropy_log_dec_35 (TQWT),0.005375661375661377,0.006292833321933135
baseline,Boruta,100,DFA (Baseline),0.005336601307189542,0.004165231365084697
baseline,Boruta,100,tqwt_energy_dec_12 (TQWT),0.005318342151675486,0.007044758314206957
baseline,Boruta,100,rapJitter (Baseline),0.005297385620915033,0.0040727100073864285
baseline,Boruta,100,tqwt_kurtosisValue_dec_17 (TQWT),0.005297304730473046,0.0038825897650488
baseline,Boruta,100,std_8th_delta_delta (MFCC),0.005256834215167549,0.004619486068733105
baseline,Boruta,100,std_4th_delta_delta (MFCC),0.005224647266313933,0.005322351782755663
baseline,Boruta,100,tqwt_meanValue_dec_5 (TQWT),0.00520294784580499,0.0043151849066806235
baseline,Boruta,100,tqwt_kurtosisValue_dec_23 (TQWT),0.005136165577342047,0.0031784428948089766
baseline,Boruta,100,mean_2nd_delta (MFCC),0.005128888888888889,0.004337381806415698
baseline,Boruta,100,tqwt_entropy_log_dec_19 (TQWT),0.005010893246187363,0.004132742300105851
baseline,Boruta,100,tqwt_energy_dec_11 (TQWT),0.0049781647318960735,0.005090363990853859
baseline,Boruta,100,tqwt_energy_dec_21 (TQWT),0.004973333333333334,0.004787313896905222
baseline,Boruta,100,tqwt_energy_dec_19 (TQWT),0.0048703703703703695,0.003886512431781374
baseline,Boruta,100,tqwt_stdValue_dec_27 (TQWT),0.004868888888888888,0.0048944104153119585
baseline,Boruta,100,tqwt_TKEO_std_dec_19 (TQWT),0.004848333333333331,0.00450933803409768
baseline,Boruta,100,tqwt_kurtosisValue_dec_20 (TQWT),0.004841269841269842,0.004034820323716498
baseline,Boruta,100,tqwt_entropy_log_dec_11 (TQWT),0.004824955908289241,0.004355243006575423
baseline,Boruta,100,tqwt_entropy_shannon_dec_26 (TQWT),0.0047625272331154695,0.0035782651229851457
baseline,Boruta,100,tqwt_entropy_shannon_dec_12 (TQWT),0.0047495590828924164,0.004480646776693138
baseline,Boruta,100,std_10th_delta_delta (MFCC),0.004747134038800707,0.003741690703104388
baseline,Boruta,100,tqwt_TKEO_mean_dec_13 (TQWT),0.004595632946379217,0.00424299667266811
baseline,Boruta,100,tqwt_entropy_shannon_dec_11 (TQWT),0.004567901234567902,0.004789169926427608
baseline,Boruta,100,RPDE (Baseline),0.004520408163265304,0.004903633680459819
baseline,Boruta,100,std_11th_delta (MFCC),0.00451525054466231,0.0048865399858755605
baseline,Boruta,100,std_4th_delta (MFCC),0.004515201768933113,0.0038524367711948826
baseline,Boruta,100,tqwt_entropy_log_dec_34 (TQWT),0.004479056437389771,0.005884556127325831
baseline,Boruta,100,tqwt_kurtosisValue_dec_34 (TQWT),0.004473333333333334,0.0043371184428181025
baseline,Boruta,100,ppq5Jitter (Baseline),0.004459295929592961,0.003902343678358788
baseline,Boruta,100,tqwt_entropy_log_dec_26 (TQWT),0.004447454844006569,0.004459334757900318
baseline,Boruta,100,std_11th_delta_delta (MFCC),0.004409391534391534,0.004138876683742905
baseline,Boruta,100,tqwt_entropy_log_dec_1 (TQWT),0.004367102396514162,0.003494584337504441
baseline,Boruta,100,tqwt_entropy_log_dec_32 (TQWT),0.004285714285714285,0.004002900394430533
baseline,Boruta,100,tqwt_stdValue_dec_11 (TQWT),0.0042585978835978835,0.004359620505586622
baseline,Boruta,100,tqwt_meanValue_dec_36 (TQWT),0.004244610281923714,0.003597724195823131
baseline,Boruta,100,tqwt_kurtosisValue_dec_35 (TQWT),0.0040684326710816775,0.0036537687902840187
baseline,Boruta,100,tqwt_entropy_shannon_dec_19 (TQWT),0.004037037037037037,0.005395411137117496
baseline,Boruta,100,tqwt_minValue_dec_13 (TQWT),0.003984179543782193,0.0036832632429887363
baseline,Boruta,100,app_LT_TKEO_std_2_coef (Wavelet),0.003977324263038548,0.0034661682693947317
baseline,Boruta,100,tqwt_skewnessValue_dec_26 (TQWT),0.003968409586056645,0.0034896857020327533
baseline,Boruta,100,GQ_std_cycle_open (Vocal Fold),0.003954895489548954,0.0033506422646167114
baseline,Boruta,100,std_MFCC_6th_coef (MFCC),0.003911441144114411,0.003957944992513344
baseline,Boruta,100,det_LT_TKEO_std_4_coef (Wavelet),0.003894557823129251,0.002699292541669921
baseline,Boruta,100,tqwt_maxValue_dec_13 (TQWT),0.00388888888888889,0.003857200962060467
baseline,Boruta,100,std_Log_energy (MFCC),0.003881172839506172,0.0038465828846213704
baseline,Boruta,100,tqwt_maxValue_dec_12 (TQWT),0.003877645502645503,0.0040268943161996945
baseline,Boruta,100,tqwt_stdValue_dec_19 (TQWT),0.003858387799564268,0.0044645603849084005
baseline,Boruta,100,tqwt_entropy_log_dec_28 (TQWT),0.003847222222222222,0.0034588534909445997
baseline,Boruta,100,det_TKEO_mean_1_coef (Wavelet),0.003811111111111111,0.00505726589714856
baseline,Boruta,100,locPctJitter (Baseline),0.00379,0.003316089211928704
baseline,Boruta,100,tqwt_stdValue_dec_26 (TQWT),0.00371677559912854,0.0035909765970693185
baseline,Boruta,100,tqwt_kurtosisValue_dec_33 (TQWT),0.0036983333333333326,0.003664362430937941
baseline,Boruta,100,tqwt_minValue_dec_12 (TQWT),0.003680555555555557,0.004573058923476326
baseline,Boruta,100,tqwt_entropy_log_dec_13 (TQWT),0.003670812603648425,0.002783307196660391
baseline,Boruta,100,tqwt_TKEO_mean_dec_18 (TQWT),0.003577777777777777,0.004157491762817109
baseline,Boruta,100,tqwt_TKEO_std_dec_13 (TQWT),0.0035627418463239366,0.0030806312844314392
baseline,Boruta,100,tqwt_kurtosisValue_dec_36 (TQWT),0.0035617690058479534,0.0027768707872774805
baseline,Boruta,100,tqwt_stdValue_dec_13 (TQWT),0.0035610743193524655,0.003262909934781812
baseline,Boruta,100,tqwt_energy_dec_13 (TQWT),0.0035040470934510665,0.003552810706907218
baseline,Boruta,100,std_10th_delta (MFCC),0.0034043209876543214,0.003010912528625669
baseline,Boruta,100,tqwt_entropy_shannon_dec_13 (TQWT),0.0033826342899190586,0.0034061042760264626
baseline,Boruta,100,tqwt_energy_dec_34 (TQWT),0.003361111111111111,0.0032421773386264907
baseline,Boruta,100,tqwt_maxValue_dec_11 (TQWT),0.0033402432283029305,0.00381061181913449
baseline,Boruta,100,tqwt_minValue_dec_11 (TQWT),0.0033088888888888886,0.003920172261112115
baseline,Boruta,100,apq11Shimmer (Baseline),0.003298783858485351,0.0036691392039375085
baseline,Boruta,100,minIntensity (Intensity),0.003274477447744774,0.002904972060820242
baseline,Boruta,100,std_5th_delta_delta (MFCC),0.0032302377003869537,0.0030030766797958346
baseline,Boruta,100,tqwt_entropy_shannon_dec_33 (TQWT),0.003222777777777778,0.0033749492015757655
baseline,Boruta,100,tqwt_kurtosisValue_dec_27 (TQWT),0.0032072368421052636,0.0034988047868809036
baseline,Boruta,100,tqwt_TKEO_std_dec_6 (TQWT),0.003190789473684211,0.003316481646397672
baseline,Boruta,100,det_LT_entropy_shannon_3_coef (Wavelet),0.003151927437641723,0.0025723862301515045
baseline,Boruta,100,std_8th_delta (MFCC),0.0031395502645502637,0.003158977466657614
baseline,Boruta,100,std_12th_delta (MFCC),0.0031292665214233835,0.003122653283935622
baseline,Boruta,100,tqwt_energy_dec_7 (TQWT),0.0031122222222222224,0.0026054563771313616
baseline,Boruta,100,tqwt_entropy_shannon_dec_18 (TQWT),0.003041804180418041,0.002092000454746821
baseline,Boruta,100,tqwt_skewnessValue_dec_23 (TQWT),0.003037037037037037,0.0021761954957235665
baseline,Boruta,100,tqwt_TKEO_std_dec_11 (TQWT),0.00303615520282187,0.0035111219445929506
baseline,Boruta,100,tqwt_entropy_shannon_dec_35 (TQWT),0.003008888888888889,0.005109047925036689
baseline,Boruta,100,det_LT_TKEO_mean_1_coef (Wavelet),0.002995049504950495,0.004277174008760962
baseline,Boruta,100,tqwt_TKEO_std_dec_7 (TQWT),0.0029895489548954894,0.0024234757652692005
baseline,Boruta,100,tqwt_TKEO_mean_dec_9 (TQWT),0.002952069716775599,0.0018525382858043046
baseline,Boruta,100,tqwt_TKEO_mean_dec_6 (TQWT),0.00293201754385965,0.002254640196638291
baseline,Boruta,100,Ed_4_coef (Wavelet),0.002888888888888889,0.0023300966897234487
baseline,Boruta,100,tqwt_stdValue_dec_6 (TQWT),0.002851973684210526,0.0023851301668586294
baseline,Boruta,100,tqwt_energy_dec_35 (TQWT),0.0028322440087145966,0.0035030008403419558
baseline,Boruta,100,tqwt_TKEO_mean_dec_11 (TQWT),0.002822751322751323,0.002839727574929378
baseline,Boruta,100,tqwt_meanValue_dec_11 (TQWT),0.0027977777777777775,0.004052933234864325
baseline,Boruta,100,locDbShimmer (Baseline),0.00279520697167756,0.0022894125063602153
baseline,Boruta,100,std_5th_delta (MFCC),0.0027794279427942794,0.0022336871575335316
baseline,Boruta,100,std_MFCC_4th_coef (MFCC),0.002733223322332233,0.002849981601931031
baseline,Boruta,100,std_12th_delta_delta (MFCC),0.002717864923747277,0.0031581484131485865
baseline,Boruta,100,tqwt_entropy_shannon_dec_16 (TQWT),0.002707516339869281,0.002392813649818099
baseline,Boruta,100,app_det_TKEO_mean_3_coef (Wavelet),0.0026882086167800455,0.0023540560634982056
baseline,Boruta,100,tqwt_entropy_shannon_dec_6 (TQWT),0.0026798679867986795,0.002725281898217457
baseline,Boruta,100,tqwt_entropy_log_dec_16 (TQWT),0.0026770152505446623,0.001808596660876568
baseline,Boruta,100,tqwt_energy_dec_1 (TQWT),0.0026307189542483667,0.0021605802820406283
baseline,Boruta,100,meanHarmToNoiseHarmonicity (Baseline),0.002622004357298475,0.0024394724390086157
baseline,Boruta,100,tqwt_stdValue_dec_33 (TQWT),0.0025872222222222225,0.0035290485981951483
baseline,Boruta,100,maxIntensity (Intensity),0.002577777777777777,0.0025317872612116705
baseline,Boruta,100,tqwt_entropy_shannon_dec_36 (TQWT),0.0025412541254125416,0.0028332430131618206
baseline,Boruta,100,tqwt_TKEO_mean_dec_7 (TQWT),0.0025411111111111116,0.0021525470637238364
baseline,Boruta,100,tqwt_entropy_log_dec_17 (TQWT),0.0025232389251997086,0.002501080264576617
baseline,Boruta,100,tqwt_entropy_log_dec_8 (TQWT),0.0025000000000000005,0.0035835373258948857
baseline,Boruta,100,GNE_std (Vocal Fold),0.002470588235294118,0.0028108705576838046
baseline,Boruta,100,tqwt_stdValue_dec_7 (TQWT),0.0024477447744774465,0.002342170558494488
baseline,Boruta,100,std_MFCC_7th_coef (MFCC),0.002444444444444444,0.0017660172149162536
baseline,Boruta,100,tqwt_entropy_shannon_dec_5 (TQWT),0.0023764172335600906,0.002847205393411804
baseline,Boruta,100,det_TKEO_std_1_coef (Wavelet),0.002375137513751375,0.002067143212471132
baseline,Boruta,100,tqwt_stdValue_dec_14 (TQWT),0.00236,0.0019989818437477383
baseline,Boruta,100,tqwt_stdValue_dec_35 (TQWT),0.0023581481481481483,0.003350466588045947
baseline,Boruta,100,tqwt_maxValue_dec_7 (TQWT),0.0023544444444444446,0.002982192779782892
baseline,Boruta,100,tqwt_entropy_shannon_dec_34 (TQWT),0.0023370370370370368,0.004154583651416324
baseline,Boruta,100,tqwt_TKEO_mean_dec_28 (TQWT),0.002311546840958606,0.0020084518792320145
baseline,Boruta,100,tqwt_kurtosisValue_dec_16 (TQWT),0.0022711552612214862,0.0023070042049915056
baseline,Boruta,100,tqwt_entropy_log_dec_18 (TQWT),0.0022704678362573103,0.002606312460207536
baseline,Boruta,100,std_MFCC_8th_coef (MFCC),0.0021670345842531268,0.0019938603801093044
baseline,Boruta,100,tqwt_stdValue_dec_8 (TQWT),0.0021644880174291944,0.0016828150722196676
baseline,Boruta,100,tqwt_TKEO_std_dec_18 (TQWT),0.0021344444444444445,0.0020212053191308943
baseline,Boruta,100,tqwt_entropy_shannon_dec_17 (TQWT),0.0021269063180827884,0.0019474794547136819
baseline,Boruta,100,tqwt_entropy_shannon_dec_10 (TQWT),0.002115555555555556,0.002145521206566136
baseline,Boruta,100,tqwt_TKEO_mean_dec_16 (TQWT),0.0020991285403050117,0.001471020987047296
baseline,Boruta,100,tqwt_stdValue_dec_17 (TQWT),0.0020709064327485384,0.002301131336560381
baseline,Boruta,100,tqwt_energy_dec_10 (TQWT),0.002062222222222222,0.0024628141711385823
baseline,Boruta,100,meanIntensity (Intensity),0.002027777777777778,0.002096511645601733
baseline,Boruta,100,tqwt_entropy_log_dec_9 (TQWT),0.002022875816993464,0.0018954032039318692
baseline,Boruta,100,tqwt_stdValue_dec_16 (TQWT),0.0020141612200435728,0.0018169068439755109
baseline,Boruta,100,tqwt_stdValue_dec_28 (TQWT),0.0019978213507625274,0.0015276433002078076
baseline,Boruta,100,det_LT_TKEO_std_1_coef (Wavelet),0.001958333333333333,0.002387573311409336
baseline,Boruta,100,tqwt_energy_dec_28 (TQWT),0.001906666666666666,0.0016684472094353519
baseline,Boruta,100,tqwt_TKEO_mean_dec_36 (TQWT),0.0019004400440043993,0.002005026746966537
baseline,Boruta,100,tqwt_stdValue_dec_34 (TQWT),0.0018990929705215425,0.0024735709420083585
baseline,Boruta,100,ddpJitter (Baseline),0.0018896296296296298,0.002023076742531741
baseline,Boruta,100,tqwt_TKEO_mean_dec_5 (TQWT),0.0018681917211328975,0.001533215765273833
baseline,Boruta,100,det_LT_entropy_shannon_4_coef (Wavelet),0.0017800453514739232,0.001472862896567229
baseline,Boruta,100,tqwt_kurtosisValue_dec_28 (TQWT),0.0017690631808278867,0.0013524025868604484
baseline,Boruta,100,tqwt_TKEO_std_dec_16 (TQWT),0.0017396514161220039,0.0014886056097286474
baseline,Boruta,100,tqwt_minValue_dec_7 (TQWT),0.001734444444444444,0.0017474917218464718
baseline,Boruta,100,tqwt_entropy_log_dec_6 (TQWT),0.001733223322332234,0.0016484289091896586
baseline,Boruta,100,tqwt_energy_dec_17 (TQWT),0.0017331154684095856,0.0015797905735622586
baseline,Boruta,100,tqwt_TKEO_mean_dec_33 (TQWT),0.0017312925170068032,0.0018228685327857119
baseline,Boruta,100,Ed_1_coef (Wavelet),0.0017148148148148148,0.0022946259754077275
baseline,Boruta,100,tqwt_energy_dec_16 (TQWT),0.0016797385620915025,0.0018197793842177521
baseline,Boruta,100,tqwt_maxValue_dec_17 (TQWT),0.0016564625850340132,0.0016136811025836502
baseline,Boruta,100,tqwt_TKEO_mean_dec_34 (TQWT),0.0016394557823129251,0.0018593055298677245
baseline,Boruta,100,f1 (Formant Frequency),0.0016394335511982566,0.0015574356543291547
baseline,Boruta,100,mean_MFCC_1st_coef (MFCC),0.0016371882086167805,0.0013369956381682835
baseline,Boruta,100,tqwt_TKEO_mean_dec_14 (TQWT),0.0015634920634920635,0.0013236424844673732
baseline,Boruta,100,tqwt_stdValue_dec_36 (TQWT),0.0015555555555555557,0.0010963410549072394
baseline,Boruta,100,tqwt_TKEO_std_dec_5 (TQWT),0.0015392156862745103,0.0013265679107157032
baseline,Boruta,100,tqwt_TKEO_mean_dec_17 (TQWT),0.001525054466230937,0.0014880545901700217
baseline,Boruta,100,tqwt_TKEO_std_dec_4 (TQWT),0.0014782135076252725,0.0016433336903554552
baseline,Boruta,100,tqwt_entropy_log_dec_5 (TQWT),0.0014577777777777779,0.002170680043638825
baseline,Boruta,100,tqwt_TKEO_std_dec_14 (TQWT),0.001431972789115646,0.0017974651420402075
baseline,Boruta,100,Ed2_1_coef (Wavelet),0.0014305555555555556,0.0015540227424360377
baseline,Boruta,100,tqwt_kurtosisValue_dec_22 (TQWT),0.0014270152505446625,0.001402643450638719
baseline,Boruta,100,tqwt_entropy_shannon_dec_8 (TQWT),0.0013474945533769064,0.0011203114960162215
baseline,Boruta,100,tqwt_TKEO_mean_dec_35 (TQWT),0.0013412698412698413,0.0012891263624195788
baseline,Boruta,100,tqwt_energy_dec_15 (TQWT),0.0013159041394335512,0.0011741868218067694
baseline,Boruta,100,tqwt_entropy_shannon_dec_7 (TQWT),0.001115555555555556,0.0010362459252987372
baseline,Boruta,100,f2 (Formant Frequency),0.0008747276688453159,0.0011381671049662926
baseline_male,Boruta,100,std_delta_delta_log_energy (MFCC),0.013164957264957268,0.013291074739687466
baseline_male,Boruta,100,tqwt_TKEO_mean_dec_19 (TQWT),0.011014492753623185,0.007886746303985384
baseline_male,Boruta,100,std_6th_delta_delta (MFCC),0.010145299145299146,0.008197781822090567
baseline_male,Boruta,100,tqwt_stdValue_dec_19 (TQWT),0.009951690821256038,0.0065557626604282665
baseline_male,Boruta,100,std_7th_delta_delta (MFCC),0.009653846153846153,0.006463913915927199
baseline_male,Boruta,100,std_delta_log_energy (MFCC),0.008905982905982907,0.009141091132305271
baseline_male,Boruta,100,std_6th_delta (MFCC),0.008889743589743591,0.007007724769603169
baseline_male,Boruta,100,GNE_NSR_SEO (Vocal Fold),0.008384444444444443,0.007292627264053225
baseline_male,Boruta,100,tqwt_entropy_log_dec_19 (TQWT),0.008359903381642513,0.006842570465750639
baseline_male,Boruta,100,tqwt_kurtosisValue_dec_18 (TQWT),0.00795754716981132,0.006312506349398191
baseline_male,Boruta,100,tqwt_entropy_shannon_dec_19 (TQWT),0.007384057971014494,0.009406805714387002
baseline_male,Boruta,100,mean_MFCC_5th_coef (MFCC),0.007305898491083675,0.00672481028879802
baseline_male,Boruta,100,tqwt_energy_dec_26 (TQWT),0.006353846153846155,0.007355589097238638
baseline_male,Boruta,100,tqwt_TKEO_std_dec_19 (TQWT),0.00632367149758454,0.006157594040020492
baseline_male,Boruta,100,std_9th_delta_delta (MFCC),0.006115384615384616,0.004913788875912708
baseline_male,Boruta,100,std_7th_delta (MFCC),0.006072222222222221,0.004450349458392962
baseline_male,Boruta,100,tqwt_kurtosisValue_dec_23 (TQWT),0.005909523809523808,0.0034325793119170207
baseline_male,Boruta,100,tqwt_medianValue_dec_36 (TQWT),0.005725694444444442,0.003998614209734492
baseline_male,Boruta,100,tqwt_meanValue_dec_5 (TQWT),0.005642512077294687,0.0059843392678292145
baseline_male,Boruta,100,b1 (Bandwidth),0.005595785440613027,0.004268383278826989
baseline_male,Boruta,100,tqwt_energy_dec_6 (TQWT),0.005554878048780488,0.006463576031097936
baseline_male,Boruta,100,tqwt_entropy_log_dec_27 (TQWT),0.005443589743589744,0.008323401635568472
baseline_male,Boruta,100,tqwt_energy_dec_19 (TQWT),0.005404761904761904,0.0039055938093538346
baseline_male,Boruta,100,tqwt_TKEO_mean_dec_18 (TQWT),0.005277777777777778,0.00599973917012616
baseline_male,Boruta,100,std_4th_delta_delta (MFCC),0.0052217948717948725,0.004547084048956443
baseline_male,Boruta,100,std_8th_delta_delta (MFCC),0.005054273504273503,0.004013577032909201
baseline_male,Boruta,100,tqwt_entropy_log_dec_35 (TQWT),0.00502051282051282,0.005866237790005598
baseline_male,Boruta,100,tqwt_kurtosisValue_dec_17 (TQWT),0.004992662473794547,0.0036238947775221473
baseline_male,Boruta,100,std_4th_delta (MFCC),0.004978362573099416,0.0029882103448821934
baseline_male,Boruta,100,tqwt_kurtosisValue_dec_34 (TQWT),0.004972993827160494,0.004695967381875785
baseline_male,Boruta,100,DFA (Baseline),0.004961847389558233,0.004154012394640154
baseline_male,Boruta,100,mean_MFCC_2nd_coef (MFCC),0.004902564102564103,0.008245235732760866
baseline_male,Boruta,100,tqwt_energy_dec_25 (TQWT),0.00489367816091954,0.005465754154172648
baseline_male,Boruta,100,tqwt_entropy_log_dec_1 (TQWT),0.004760317460317461,0.003947703257510753
baseline_male,Boruta,100,mean_delta_log_energy (MFCC),0.004728888888888888,0.0029716848606322487
baseline_male,Boruta,100,tqwt_kurtosisValue_dec_20 (TQWT),0.004702136752136752,0.004967915739668542
baseline_male,Boruta,100,tqwt_skewnessValue_dec_25 (TQWT),0.00468840579710145,0.00616924383372597
baseline_male,Boruta,100,tqwt_entropy_log_dec_33 (TQWT),0.004673931623931623,0.005090780145128017
baseline_male,Boruta,100,tqwt_entropy_log_dec_11 (TQWT),0.004669230769230769,0.004308079365738467
baseline_male,Boruta,100,std_9th_delta (MFCC),0.004652564102564102,0.0037376494485047308
baseline_male,Boruta,100,tqwt_TKEO_std_dec_12 (TQWT),0.004409829059829059,0.005697135960645535
baseline_male,Boruta,100,tqwt_stdValue_dec_27 (TQWT),0.004374521072796934,0.005405882603700056
baseline_male,Boruta,100,tqwt_entropy_log_dec_12 (TQWT),0.004370512820512821,0.006589352418033072
baseline_male,Boruta,100,tqwt_TKEO_mean_dec_26 (TQWT),0.004353174603174604,0.003998733040988485
baseline_male,Boruta,100,mean_2nd_delta (MFCC),0.004231481481481482,0.004262471855496651
baseline_male,Boruta,100,tqwt_meanValue_dec_36 (TQWT),0.004198245614035087,0.0032643053471688626
baseline_male,Boruta,100,tqwt_entropy_log_dec_8 (TQWT),0.004159420289855073,0.004613531070670249
baseline_male,Boruta,100,tqwt_entropy_log_dec_34 (TQWT),0.0041303418803418784,0.005563956993063812
baseline_male,Boruta,100,tqwt_energy_dec_21 (TQWT),0.004037037037037038,0.00547195311652129
baseline_male,Boruta,100,tqwt_entropy_log_dec_13 (TQWT),0.0040232804232804235,0.003340303937295452
baseline_male,Boruta,100,tqwt_TKEO_mean_dec_12 (TQWT),0.0039991452991453,0.005716950083932996
baseline_male,Boruta,100,std_11th_delta_delta (MFCC),0.003991025641025641,0.0033236133908624375
baseline_male,Boruta,100,det_LT_TKEO_std_4_coef (Wavelet),0.003978260869565216,0.0027013542118732065
baseline_male,Boruta,100,std_Log_energy (MFCC),0.003947863247863247,0.0038744012621019152
baseline_male,Boruta,100,tqwt_energy_dec_7 (TQWT),0.00392361111111111,0.003139796737437897
baseline_male,Boruta,100,tqwt_TKEO_mean_dec_9 (TQWT),0.0039227053140096614,0.0020437573749432065
baseline_male,Boruta,100,tqwt_entropy_shannon_dec_11 (TQWT),0.003911965811965811,0.0042755289493348345
baseline_male,Boruta,100,tqwt_energy_dec_11 (TQWT),0.00388888888888889,0.004598357081131485
baseline_male,Boruta,100,tqwt_stdValue_dec_12 (TQWT),0.0038811965811965813,0.005986917064934567
baseline_male,Boruta,100,tqwt_TKEO_mean_dec_13 (TQWT),0.0038645502645502645,0.004206034290407446
baseline_male,Boruta,100,det_TKEO_mean_1_coef (Wavelet),0.0038171296296296287,0.007945292191874278
baseline_male,Boruta,100,tqwt_entropy_log_dec_32 (TQWT),0.0037995169082125618,0.0027373565128099376
baseline_male,Boruta,100,tqwt_maxValue_dec_13 (TQWT),0.0037724867724867727,0.004219212366846601
baseline_male,Boruta,100,tqwt_energy_dec_12 (TQWT),0.0036952991452991442,0.006644476188579005
baseline_male,Boruta,100,tqwt_entropy_shannon_dec_13 (TQWT),0.00366323731138546,0.003671592251348612
baseline_male,Boruta,100,tqwt_kurtosisValue_dec_33 (TQWT),0.0036261574074074082,0.003593151915349858
baseline_male,Boruta,100,GQ_std_cycle_open (Vocal Fold),0.003625235404896422,0.0036588040299733835
baseline_male,Boruta,100,tqwt_skewnessValue_dec_26 (TQWT),0.003611111111111111,0.002682956779489751
baseline_male,Boruta,100,tqwt_entropy_shannon_dec_5 (TQWT),0.0035458937198067633,0.003936991907042751
baseline_male,Boruta,100,tqwt_energy_dec_34 (TQWT),0.0035115740740740728,0.0028843550781167647
baseline_male,Boruta,100,tqwt_energy_dec_27 (TQWT),0.003498290598290598,0.005400471531022145
baseline_male,Boruta,100,std_10th_delta_delta (MFCC),0.003466666666666667,0.0029868367790335084
baseline_male,Boruta,100,det_LT_TKEO_mean_1_coef (Wavelet),0.0034184397163120562,0.005110626069080666
baseline_male,Boruta,100,tqwt_TKEO_std_dec_13 (TQWT),0.003413227513227512,0.003797914183771719
baseline_male,Boruta,100,tqwt_entropy_shannon_dec_12 (TQWT),0.003379487179487179,0.004731222693335026
baseline_male,Boruta,100,tqwt_stdValue_dec_11 (TQWT),0.0033435897435897437,0.0039889389615067215
baseline_male,Boruta,100,app_LT_TKEO_mean_2_coef (Wavelet),0.003246376811594203,0.004663304872410676
baseline_male,Boruta,100,std_11th_delta (MFCC),0.0031796296296296303,0.0027677229566654155
baseline_male,Boruta,100,tqwt_entropy_shannon_dec_33 (TQWT),0.003166666666666667,0.0031864053713787648
baseline_male,Boruta,100,std_5th_delta_delta (MFCC),0.003132163742690058,0.0027292535459940022
baseline_male,Boruta,100,tqwt_entropy_log_dec_9 (TQWT),0.00310727969348659,0.0025965587883005838
baseline_male,Boruta,100,tqwt_meanValue_dec_11 (TQWT),0.0030671296296296297,0.005242166592591011
baseline_male,Boruta,100,tqwt_TKEO_std_dec_6 (TQWT),0.00306639566395664,0.0037246643664645878
baseline_male,Boruta,100,tqwt_TKEO_mean_dec_6 (TQWT),0.00305691056910569,0.0025052171656055598
baseline_male,Boruta,100,tqwt_entropy_shannon_dec_35 (TQWT),0.0030528455284552845,0.0057487183654250625
baseline_male,Boruta,100,std_8th_delta (MFCC),0.0030286324786324786,0.0029451509067343704
baseline_male,Boruta,100,locPctJitter (Baseline),0.0030023148148148153,0.002718986699775723
baseline_male,Boruta,100,apq11Shimmer (Baseline),0.0029750778816199372,0.003977113589350456
baseline_male,Boruta,100,tqwt_maxValue_dec_7 (TQWT),0.002956018518518519,0.0035783203340111636
baseline_male,Boruta,100,tqwt_kurtosisValue_dec_26 (TQWT),0.0029553478712357226,0.0034023704908096686
baseline_male,Boruta,100,std_12th_delta (MFCC),0.0029524765729585004,0.0028773220913070703
baseline_male,Boruta,100,tqwt_entropy_log_dec_18 (TQWT),0.002942901234567901,0.0033381486178495983
baseline_male,Boruta,100,tqwt_TKEO_std_dec_18 (TQWT),0.0029259259259259256,0.00199135237052771
baseline_male,Boruta,100,tqwt_TKEO_std_dec_11 (TQWT),0.002915384615384615,0.0041465536575927015
baseline_male,Boruta,100,rapJitter (Baseline),0.0029066666666666668,0.0026102190029273875
baseline_male,Boruta,100,tqwt_kurtosisValue_dec_35 (TQWT),0.002896713615023474,0.0031913593128998865
baseline_male,Boruta,100,tqwt_minValue_dec_11 (TQWT),0.002834126984126984,0.004231143791321792
baseline_male,Boruta,100,std_MFCC_8th_coef (MFCC),0.0028326474622770914,0.002398274648726124
baseline_male,Boruta,100,tqwt_entropy_log_dec_26 (TQWT),0.0028307372793354105,0.0031014238738034934
baseline_male,Boruta,100,tqwt_entropy_shannon_dec_18 (TQWT),0.002828798185941043,0.0022535229968536565
baseline_male,Boruta,100,tqwt_entropy_shannon_dec_26 (TQWT),0.0028155555555555547,0.0032441415589419724
baseline_male,Boruta,100,tqwt_stdValue_dec_33 (TQWT),0.0027940613026819928,0.0037174910540237914
baseline_male,Boruta,100,tqwt_entropy_log_dec_28 (TQWT),0.0027708333333333335,0.003602957593256326
baseline_male,Boruta,100,tqwt_stdValue_dec_14 (TQWT),0.0027106481481481487,0.0017179875622739464
baseline_male,Boruta,100,tqwt_maxValue_dec_11 (TQWT),0.0026976608187134505,0.003526575052110191
baseline_male,Boruta,100,std_10th_delta (MFCC),0.002691452991452991,0.0023645448077557096
baseline_male,Boruta,100,tqwt_TKEO_std_dec_7 (TQWT),0.002682033096926714,0.0024275126656217285
baseline_male,Boruta,100,tqwt_energy_dec_35 (TQWT),0.0026730158730158726,0.0038180383137046384
baseline_male,Boruta,100,std_MFCC_4th_coef (MFCC),0.0026643990929705215,0.0023408218380914056
baseline_male,Boruta,100,std_MFCC_6th_coef (MFCC),0.0026629001883239174,0.0031980085147337092
baseline_male,Boruta,100,tqwt_stdValue_dec_35 (TQWT),0.0026565040650406505,0.0040790945007736605
baseline_male,Boruta,100,tqwt_stdValue_dec_7 (TQWT),0.00264420803782506,0.0024467519657308846
baseline_male,Boruta,100,tqwt_maxValue_dec_12 (TQWT),0.002641025641025642,0.0037859461515840635
baseline_male,Boruta,100,tqwt_entropy_shannon_dec_16 (TQWT),0.002620689655172414,0.0022935907536851727
baseline_male,Boruta,100,tqwt_kurtosisValue_dec_36 (TQWT),0.0026134259259259257,0.002351725913398178
baseline_male,Boruta,100,tqwt_TKEO_mean_dec_11 (TQWT),0.0026051282051282047,0.002709341889454429
baseline_male,Boruta,100,minIntensity (Intensity),0.00254559748427673,0.002505745205623897
baseline_male,Boruta,100,tqwt_stdValue_dec_26 (TQWT),0.0025435185185185183,0.004271633656270836
baseline_male,Boruta,100,tqwt_entropy_shannon_dec_34 (TQWT),0.0024857723577235776,0.0049369173334215125
baseline_male,Boruta,100,det_LT_entropy_shannon_3_coef (Wavelet),0.002473429951690821,0.001794286317514688
baseline_male,Boruta,100,tqwt_skewnessValue_dec_23 (TQWT),0.002454106280193237,0.0019320321978101224
baseline_male,Boruta,100,tqwt_stdValue_dec_16 (TQWT),0.002453968253968254,0.0019101750767321882
baseline_male,Boruta,100,tqwt_energy_dec_1 (TQWT),0.0024400000000000003,0.0020204732891855592
baseline_male,Boruta,100,tqwt_kurtosisValue_dec_27 (TQWT),0.0024305555555555547,0.0033036066585482907
baseline_male,Boruta,100,tqwt_stdValue_dec_13 (TQWT),0.0024135802469135805,0.003411323623522341
baseline_male,Boruta,100,tqwt_stdValue_dec_6 (TQWT),0.0024031165311653104,0.0020657523208791684
baseline_male,Boruta,100,tqwt_entropy_shannon_dec_6 (TQWT),0.002396421845574389,0.003068598041817685
baseline_male,Boruta,100,tqwt_minValue_dec_13 (TQWT),0.002350480109739369,0.0031549811211894568
baseline_male,Boruta,100,tqwt_minValue_dec_7 (TQWT),0.0023333333333333335,0.0022199127279156298
baseline_male,Boruta,100,locAbsJitter (Baseline),0.0022731048805815163,0.003026533142774569
baseline_male,Boruta,100,maxIntensity (Intensity),0.0022500000000000003,0.002191883052681997
baseline_male,Boruta,100,tqwt_stdValue_dec_17 (TQWT),0.0022378048780487807,0.0018852627804476453
baseline_male,Boruta,100,tqwt_energy_dec_13 (TQWT),0.002237311385459533,0.002932147847016157
baseline_male,Boruta,100,tqwt_entropy_shannon_dec_36 (TQWT),0.0022297551789077215,0.0028915487274568667
baseline_male,Boruta,100,std_5th_delta (MFCC),0.0022281323877068565,0.001609669608651096
baseline_male,Boruta,100,tqwt_kurtosisValue_dec_16 (TQWT),0.0022153635116598075,0.0024975252936237256
baseline_male,Boruta,100,tqwt_TKEO_mean_dec_7 (TQWT),0.0022152777777777783,0.001737111605299002
baseline_male,Boruta,100,std_12th_delta_delta (MFCC),0.002210174029451138,0.0029465069557360534
baseline_male,Boruta,100,tqwt_TKEO_mean_dec_14 (TQWT),0.0021642512077294693,0.0018220447362603306
baseline_male,Boruta,100,tqwt_energy_dec_10 (TQWT),0.002157407407407408,0.0025141055725876947
baseline_male,Boruta,100,tqwt_minValue_dec_12 (TQWT),0.0021499999999999996,0.0032606810401314516
baseline_male,Boruta,100,meanHarmToNoiseHarmonicity (Baseline),0.002135555555555556,0.0016858564921463837
baseline_male,Boruta,100,tqwt_entropy_log_dec_16 (TQWT),0.002132183908045977,0.0018045361260113219
baseline_male,Boruta,100,tqwt_TKEO_mean_dec_36 (TQWT),0.0021035781544256117,0.0021673818173656738
baseline_male,Boruta,100,meanIntensity (Intensity),0.002083333333333333,0.002269407132875524
baseline_male,Boruta,100,GNE_std (Vocal Fold),0.0020688888888888883,0.0018077854098559618
baseline_male,Boruta,100,std_MFCC_7th_coef (MFCC),0.0020648148148148145,0.0017429840482498648
baseline_male,Boruta,100,tqwt_entropy_log_dec_17 (TQWT),0.0020428380187416336,0.0024577876695484886
baseline_male,Boruta,100,ppq5Jitter (Baseline),0.0020419501133786848,0.002285871130554031
baseline_male,Boruta,100,tqwt_entropy_log_dec_6 (TQWT),0.0020338983050847454,0.002053140224145303
baseline_male,Boruta,100,Ed_4_coef (Wavelet),0.002026570048309179,0.0014721330807780518
baseline_male,Boruta,100,tqwt_entropy_shannon_dec_17 (TQWT),0.0020105363984674334,0.0017699366526198826
baseline_male,Boruta,100,tqwt_TKEO_mean_dec_16 (TQWT),0.0020047619047619037,0.0013036473207874654
baseline_male,Boruta,100,tqwt_entropy_shannon_dec_10 (TQWT),0.002,0.0017740081316978803
baseline_male,Boruta,100,tqwt_kurtosisValue_dec_22 (TQWT),0.0019733333333333334,0.0016309322303332964
baseline_male,Boruta,100,tqwt_energy_dec_17 (TQWT),0.001946859903381643,0.0017389926356793605
baseline_male,Boruta,100,f1 (Formant Frequency),0.00191304347826087,0.0018654952328451867
baseline_male,Boruta,100,tqwt_stdValue_dec_8 (TQWT),0.0018961352657004826,0.001381513523430389
baseline_male,Boruta,100,tqwt_energy_dec_28 (TQWT),0.0018553240740740741,0.0018624250977338419
baseline_male,Boruta,100,tqwt_TKEO_std_dec_16 (TQWT),0.0018349206349206352,0.0018447336740143089
baseline_male,Boruta,100,Ed_1_coef (Wavelet),0.001833333333333333,0.002770698048645445
baseline_male,Boruta,100,mean_MFCC_1st_coef (MFCC),0.0017995169082125602,0.0012132101417963914
baseline_male,Boruta,100,det_LT_TKEO_std_1_coef (Wavelet),0.001797101449275362,0.002168466324502348
baseline_male,Boruta,100,tqwt_TKEO_mean_dec_5 (TQWT),0.0017753623188405795,0.0014083742559771247
baseline_male,Boruta,100,tqwt_kurtosisValue_dec_28 (TQWT),0.0017711111111111115,0.001784941460108991
baseline_male,Boruta,100,tqwt_TKEO_mean_dec_28 (TQWT),0.0017666666666666664,0.001978487911111517
baseline_male,Boruta,100,app_LT_TKEO_std_2_coef (Wavelet),0.001690821256038647,0.0019865304932437577
baseline_male,Boruta,100,tqwt_energy_dec_16 (TQWT),0.0016380952380952388,0.001876595780026088
baseline_male,Boruta,100,tqwt_maxValue_dec_17 (TQWT),0.0016256038647343,0.0015033746888744154
baseline_male,Boruta,100,tqwt_stdValue_dec_36 (TQWT),0.0016226851851851851,0.0013885269481447677
baseline_male,Boruta,100,tqwt_TKEO_std_dec_5 (TQWT),0.0015652173913043481,0.001443720171664918
baseline_male,Boruta,100,det_TKEO_std_1_coef (Wavelet),0.0015366430260047284,0.002947631023420465
baseline_male,Boruta,100,tqwt_stdValue_dec_28 (TQWT),0.0014955555555555562,0.0013481645105652158
baseline_male,Boruta,100,RPDE (Baseline),0.001490338164251208,0.0020639062957626586
baseline_male,Boruta,100,det_LT_entropy_shannon_4_coef (Wavelet),0.0014855072463768116,0.001260491633788954
baseline_male,Boruta,100,tqwt_TKEO_std_dec_14 (TQWT),0.0014492753623188408,0.0016954148922079981
baseline_male,Boruta,100,tqwt_TKEO_mean_dec_34 (TQWT),0.0014202898550724637,0.0016865501915850113
baseline_male,Boruta,100,tqwt_TKEO_mean_dec_17 (TQWT),0.0014080459770114944,0.0017258766950543044
baseline_male,Boruta,100,Ed2_1_coef (Wavelet),0.0014057971014492755,0.0017779122097344288
baseline_male,Boruta,100,locDbShimmer (Baseline),0.0013911111111111112,0.0013859259687266099
baseline_male,Boruta,100,tqwt_energy_dec_15 (TQWT),0.0013809523809523805,0.0010658636514889338
baseline_male,Boruta,100,app_det_TKEO_mean_3_coef (Wavelet),0.0013357487922705316,0.0023740310637230953
baseline_male,Boruta,100,tqwt_entropy_shannon_dec_8 (TQWT),0.0012971014492753625,0.0015854911934552055
baseline_male,Boruta,100,tqwt_TKEO_mean_dec_33 (TQWT),0.0012777777777777779,0.0014239049991565775
baseline_male,Boruta,100,tqwt_stdValue_dec_34 (TQWT),0.0012487922705314016,0.0016850998274393451
baseline_male,Boruta,100,tqwt_entropy_shannon_dec_7 (TQWT),0.0012199074074074072,0.0009877284561269606
baseline_male,Boruta,100,ddpJitter (Baseline),0.0012106481481481484,0.001386067547849198
baseline_male,Boruta,100,tqwt_entropy_log_dec_5 (TQWT),0.0011898148148148152,0.0016775012986137991
baseline_male,Boruta,100,tqwt_TKEO_std_dec_4 (TQWT),0.0009541062801932366,0.001009709423179443
baseline_male,Boruta,100,tqwt_TKEO_mean_dec_35 (TQWT),0.0008478260869565217,0.0010769947029695625
baseline_male,Boruta,100,f2 (Formant Frequency),0.0008047619047619047,0.0013128346424949326
baseline_female,Boruta,100,std_delta_delta_log_energy (MFCC),0.02032695810564663,0.014598923732981344
baseline_female,Boruta,100,tqwt_skewnessValue_dec_25 (TQWT),0.01518162393162393,0.009564438776190117
baseline_female,Boruta,100,tqwt_entropy_log_dec_27 (TQWT),0.013681693989071039,0.01020961444608756
baseline_female,Boruta,100,std_delta_log_energy (MFCC),0.013147996357012756,0.011758200632902076
baseline_female,Boruta,100,std_6th_delta_delta (MFCC),0.012966757741347906,0.010433658068569952
baseline_female,Boruta,100,std_7th_delta_delta (MFCC),0.0119995446265938,0.006992467121375181
baseline_female,Boruta,100,std_9th_delta_delta (MFCC),0.010788706739526411,0.008228952486376824
baseline_female,Boruta,100,tqwt_energy_dec_26 (TQWT),0.010703551912568308,0.007938955999182944
baseline_female,Boruta,100,std_6th_delta (MFCC),0.010156193078324226,0.006915369877030051
baseline_female,Boruta,100,tqwt_entropy_log_dec_12 (TQWT),0.009617486338797816,0.0076580561690448
baseline_female,Boruta,100,mean_MFCC_2nd_coef (MFCC),0.008926684881602913,0.008054977462257452
baseline_female,Boruta,100,tqwt_entropy_log_dec_33 (TQWT),0.008263205828779596,0.0074888105378203606
baseline_female,Boruta,100,tqwt_kurtosisValue_dec_26 (TQWT),0.0080951536643026,0.007221028077543185
baseline_female,Boruta,100,tqwt_energy_dec_25 (TQWT),0.008082010582010584,0.006574521394722578
baseline_female,Boruta,100,std_7th_delta (MFCC),0.007728597449908924,0.00451629439973629
baseline_female,Boruta,100,tqwt_TKEO_std_dec_12 (TQWT),0.007546448087431694,0.006498293733259588
baseline_female,Boruta,100,tqwt_energy_dec_27 (TQWT),0.007450819672131146,0.005955543898878751
baseline_female,Boruta,100,app_LT_TKEO_mean_2_coef (Wavelet),0.007435897435897436,0.00519109785570422
baseline_female,Boruta,100,tqwt_TKEO_mean_dec_12 (TQWT),0.007347905282331511,0.00659077350907535
baseline_female,Boruta,100,locAbsJitter (Baseline),0.007225177304964538,0.006894263297672962
baseline_female,Boruta,100,tqwt_energy_dec_6 (TQWT),0.007165873015873014,0.009385017208904986
baseline_female,Boruta,100,tqwt_medianValue_dec_36 (TQWT),0.007095679012345679,0.005687084320897707
baseline_female,Boruta,100,tqwt_TKEO_mean_dec_26 (TQWT),0.00674264705882353,0.00491045435563905
baseline_female,Boruta,100,std_9th_delta (MFCC),0.0067017304189435365,0.005905578719409743
baseline_female,Boruta,100,tqwt_stdValue_dec_12 (TQWT),0.006484972677595629,0.006818220422168738
baseline_female,Boruta,100,tqwt_stdValue_dec_27 (TQWT),0.006149470899470899,0.003990534877269203
baseline_female,Boruta,100,std_4th_delta_delta (MFCC),0.006112477231329688,0.006190090701080883
baseline_female,Boruta,100,DFA (Baseline),0.006095238095238095,0.004582886429878425
baseline_female,Boruta,100,RPDE (Baseline),0.005959401709401709,0.005119508700487707
baseline_female,Boruta,100,tqwt_entropy_log_dec_35 (TQWT),0.005935336976320581,0.0063556259136072326
baseline_female,Boruta,100,std_8th_delta_delta (MFCC),0.005929872495446266,0.004927983664481516
baseline_female,Boruta,100,tqwt_energy_dec_12 (TQWT),0.005924408014571948,0.006986607706442556
baseline_female,Boruta,100,tqwt_kurtosisValue_dec_18 (TQWT),0.005880787037037036,0.004452361651073401
baseline_female,Boruta,100,tqwt_energy_dec_11 (TQWT),0.005840670859538785,0.005497405496833708
baseline_female,Boruta,100,rapJitter (Baseline),0.0057948717948717934,0.004307023281855991
baseline_female,Boruta,100,mean_MFCC_5th_coef (MFCC),0.005788888888888888,0.005411546060395136
baseline_female,Boruta,100,app_LT_TKEO_std_2_coef (Wavelet),0.005591880341880342,0.003362389318722912
baseline_female,Boruta,100,tqwt_entropy_log_dec_11 (TQWT),0.005591074681238616,0.004828226796838915
baseline_female,Boruta,100,std_10th_delta_delta (MFCC),0.0055724043715846975,0.003693137391460005
baseline_female,Boruta,100,mean_delta_log_energy (MFCC),0.0054465811965811965,0.003900872510324625
baseline_female,Boruta,100,b1 (Bandwidth),0.00543560606060606,0.005093262847356451
baseline_female,Boruta,100,tqwt_minValue_dec_12 (TQWT),0.0053948087431693985,0.00498232190617134
baseline_female,Boruta,100,std_11th_delta (MFCC),0.005362433862433862,0.007397749788958482
baseline_female,Boruta,100,tqwt_maxValue_dec_12 (TQWT),0.005275045537340619,0.004354822332470976
baseline_female,Boruta,100,tqwt_stdValue_dec_11 (TQWT),0.005244080145719489,0.005015114432799771
baseline_female,Boruta,100,tqwt_kurtosisValue_dec_23 (TQWT),0.005104166666666667,0.0029744032120889575
baseline_female,Boruta,100,std_MFCC_6th_coef (MFCC),0.005078042328042327,0.004426671009432433
baseline_female,Boruta,100,tqwt_entropy_log_dec_34 (TQWT),0.00501775956284153,0.00617007091191125
baseline_female,Boruta,100,tqwt_minValue_dec_13 (TQWT),0.005008730158730158,0.003843399580604913
baseline_female,Boruta,100,tqwt_entropy_log_dec_26 (TQWT),0.005008101851851852,0.00523995748243956
baseline_female,Boruta,100,tqwt_skewnessValue_dec_26 (TQWT),0.005007936507936506,0.002653822577281671
baseline_female,Boruta,100,tqwt_entropy_shannon_dec_11 (TQWT),0.0049744990892531885,0.0050881381715530295
baseline_female,Boruta,100,tqwt_entropy_shannon_dec_12 (TQWT),0.0049275956284153,0.004084737213047879
baseline_female,Boruta,100,GNE_NSR_SEO (Vocal Fold),0.004811965811965813,0.003924003809606446
baseline_female,Boruta,100,tqwt_entropy_log_dec_28 (TQWT),0.004797008547008547,0.0037393717905204477
baseline_female,Boruta,100,tqwt_energy_dec_19 (TQWT),0.004777777777777779,0.0037925417248115506
baseline_female,Boruta,100,std_4th_delta (MFCC),0.004741090146750524,0.003954333068557138
baseline_female,Boruta,100,tqwt_maxValue_dec_11 (TQWT),0.004723270440251571,0.003794485187334541
baseline_female,Boruta,100,tqwt_entropy_shannon_dec_26 (TQWT),0.00472008547008547,0.0040163351149957284
baseline_female,Boruta,100,tqwt_kurtosisValue_dec_17 (TQWT),0.0046840277777777765,0.004262655941495987
baseline_female,Boruta,100,det_LT_TKEO_std_4_coef (Wavelet),0.004683760683760684,0.0032891651400632532
baseline_female,Boruta,100,mean_2nd_delta (MFCC),0.00467948717948718,0.0037184235001776395
baseline_female,Boruta,100,std_11th_delta_delta (MFCC),0.0046438979963570135,0.004750720280235741
baseline_female,Boruta,100,tqwt_meanValue_dec_36 (TQWT),0.004579140461215932,0.003919172171540422
baseline_female,Boruta,100,tqwt_stdValue_dec_26 (TQWT),0.004519841269841268,0.0029250342556670006
baseline_female,Boruta,100,tqwt_kurtosisValue_dec_34 (TQWT),0.0044864672364672365,0.0038895311060843283
baseline_female,Boruta,100,ppq5Jitter (Baseline),0.004446581196581199,0.004405478309154714
baseline_female,Boruta,100,tqwt_kurtosisValue_dec_20 (TQWT),0.004420309653916212,0.003343902480687944
baseline_female,Boruta,100,tqwt_energy_dec_21 (TQWT),0.0043675213675213684,0.004492045155435293
baseline_female,Boruta,100,tqwt_TKEO_mean_dec_13 (TQWT),0.004350115740740741,0.004125945965057334
baseline_female,Boruta,100,tqwt_minValue_dec_11 (TQWT),0.00434861111111111,0.004294293394379599
baseline_female,Boruta,100,tqwt_kurtosisValue_dec_35 (TQWT),0.004261111111111112,0.0035663814151846275
baseline_female,Boruta,100,tqwt_TKEO_mean_dec_19 (TQWT),0.004253968253968253,0.003636925400084608
baseline_female,Boruta,100,Ed_4_coef (Wavelet),0.0042008547008547,0.0030601661498384147
baseline_female,Boruta,100,GQ_std_cycle_open (Vocal Fold),0.0041349206349206346,0.004051870036618992
baseline_female,Boruta,100,det_LT_entropy_shannon_3_coef (Wavelet),0.004100427350427351,0.0033498874379217346
baseline_female,Boruta,100,std_10th_delta (MFCC),0.004073315118397086,0.003500838968762722
baseline_female,Boruta,100,locPctJitter (Baseline),0.004054131054131054,0.003376390655390858
baseline_female,Boruta,100,tqwt_entropy_log_dec_32 (TQWT),0.003991452991452991,0.004179840424115013
baseline_female,Boruta,100,tqwt_skewnessValue_dec_23 (TQWT),0.003976190476190476,0.00261983767356655
baseline_female,Boruta,100,tqwt_kurtosisValue_dec_36 (TQWT),0.003971527777777778,0.0035733984724134575
baseline_female,Boruta,100,std_12th_delta (MFCC),0.0039674603174603175,0.003702503485815973
baseline_female,Boruta,100,apq11Shimmer (Baseline),0.003854018912529551,0.004387816267383991
baseline_female,Boruta,100,std_MFCC_7th_coef (MFCC),0.00385042735042735,0.0018061921997202465
baseline_female,Boruta,100,minIntensity (Intensity),0.0036874999999999994,0.0037178028033856996
baseline_female,Boruta,100,meanHarmToNoiseHarmonicity (Baseline),0.003645299145299146,0.0029842490522311318
baseline_female,Boruta,100,tqwt_TKEO_std_dec_6 (TQWT),0.003638888888888889,0.0033214934595834507
baseline_female,Boruta,100,tqwt_maxValue_dec_13 (TQWT),0.0036151620370370365,0.003493530004168967
baseline_female,Boruta,100,std_Log_energy (MFCC),0.003611566484517303,0.0036840083605070876
baseline_female,Boruta,100,tqwt_energy_dec_34 (TQWT),0.0035897435897435893,0.00433380719251385
baseline_female,Boruta,100,tqwt_stdValue_dec_13 (TQWT),0.003573015873015873,0.003134112344160317
baseline_female,Boruta,100,tqwt_kurtosisValue_dec_33 (TQWT),0.0035138888888888884,0.0033834913535497617
baseline_female,Boruta,100,tqwt_entropy_log_dec_17 (TQWT),0.003506349206349206,0.002933330053782766
baseline_female,Boruta,100,std_8th_delta (MFCC),0.003436703096539161,0.003390045082409626
baseline_female,Boruta,100,tqwt_entropy_shannon_dec_35 (TQWT),0.003425653594771242,0.004064114095375931
baseline_female,Boruta,100,tqwt_TKEO_std_dec_7 (TQWT),0.0034228395061728393,0.0027164820961884987
baseline_female,Boruta,100,locDbShimmer (Baseline),0.0034059829059829064,0.0027195234685157437
baseline_female,Boruta,100,tqwt_energy_dec_7 (TQWT),0.0033867521367521368,0.0026983365071873277
baseline_female,Boruta,100,tqwt_entropy_log_dec_13 (TQWT),0.0033640046296296295,0.0025205935882534843
baseline_female,Boruta,100,tqwt_TKEO_std_dec_13 (TQWT),0.0033049768518518506,0.0025859342718461734
baseline_female,Boruta,100,tqwt_entropy_shannon_dec_33 (TQWT),0.0033029100529100523,0.00357891360261126
baseline_female,Boruta,100,tqwt_TKEO_mean_dec_6 (TQWT),0.0032968253968253974,0.0029083082286775583
baseline_female,Boruta,100,tqwt_energy_dec_13 (TQWT),0.0031595238095238096,0.0033076485374231935
baseline_female,Boruta,100,app_det_TKEO_mean_3_coef (Wavelet),0.003145299145299145,0.0020884757268713615
baseline_female,Boruta,100,tqwt_TKEO_std_dec_11 (TQWT),0.003117486338797813,0.0031618460200900974
baseline_female,Boruta,100,tqwt_TKEO_mean_dec_11 (TQWT),0.003093806921675773,0.003137052764789302
baseline_female,Boruta,100,std_5th_delta_delta (MFCC),0.003072327044025157,0.0033776252036132872
baseline_female,Boruta,100,tqwt_kurtosisValue_dec_27 (TQWT),0.003053921568627451,0.0033247147829410704
baseline_female,Boruta,100,std_12th_delta_delta (MFCC),0.0030412698412698408,0.0035136084612729162
baseline_female,Boruta,100,std_5th_delta (MFCC),0.003036008230452675,0.0022456705632716506
baseline_female,Boruta,100,tqwt_entropy_shannon_dec_16 (TQWT),0.003016414141414141,0.002785432528658142
baseline_female,Boruta,100,tqwt_entropy_shannon_dec_18 (TQWT),0.003006410256410256,0.002229878937789849
baseline_female,Boruta,100,tqwt_meanValue_dec_5 (TQWT),0.0030042735042735045,0.002925724877678362
baseline_female,Boruta,100,tqwt_energy_dec_1 (TQWT),0.003004273504273504,0.0025267650038223546
baseline_female,Boruta,100,tqwt_entropy_log_dec_19 (TQWT),0.002912698412698412,0.003236906090358816
baseline_female,Boruta,100,tqwt_stdValue_dec_6 (TQWT),0.0028825396825396823,0.002818157482228978
baseline_female,Boruta,100,tqwt_TKEO_mean_dec_33 (TQWT),0.002822649572649573,0.002321450842497859
baseline_female,Boruta,100,tqwt_stdValue_dec_7 (TQWT),0.0028189300411522633,0.0028057908090391333
baseline_female,Boruta,100,tqwt_meanValue_dec_11 (TQWT),0.0027905982905982916,0.004183208959932914
baseline_female,Boruta,100,tqwt_TKEO_mean_dec_7 (TQWT),0.0027884615384615396,0.002514700369570488
baseline_female,Boruta,100,tqwt_entropy_shannon_dec_36 (TQWT),0.002775132275132275,0.0025261580367838747
baseline_female,Boruta,100,tqwt_stdValue_dec_33 (TQWT),0.002751322751322751,0.0026897125853680213
baseline_female,Boruta,100,tqwt_entropy_shannon_dec_34 (TQWT),0.0027442810457516337,0.003797969234610784
baseline_female,Boruta,100,tqwt_TKEO_std_dec_19 (TQWT),0.0027345679012345677,0.0027559181288212995
baseline_female,Boruta,100,tqwt_entropy_shannon_dec_13 (TQWT),0.002723015873015873,0.002776567937336542
baseline_female,Boruta,100,tqwt_TKEO_mean_dec_28 (TQWT),0.002713675213675214,0.0024559462599316037
baseline_female,Boruta,100,tqwt_energy_dec_35 (TQWT),0.0027048611111111123,0.002441088289480132
baseline_female,Boruta,100,tqwt_stdValue_dec_34 (TQWT),0.0027029914529914534,0.0028159829642169453
baseline_female,Boruta,100,maxIntensity (Intensity),0.00267989417989418,0.0025980850362101677
baseline_female,Boruta,100,GNE_std (Vocal Fold),0.0026474358974358982,0.0034969560840396405
baseline_female,Boruta,100,tqwt_entropy_log_dec_16 (TQWT),0.002571969696969697,0.002128524436617204
baseline_female,Boruta,100,std_MFCC_4th_coef (MFCC),0.002518162393162393,0.002728751320636253
baseline_female,Boruta,100,det_LT_entropy_shannon_4_coef (Wavelet),0.00247008547008547,0.0018655654586034983
baseline_female,Boruta,100,tqwt_entropy_log_dec_5 (TQWT),0.0024166666666666664,0.0023792255642780666
baseline_female,Boruta,100,ddpJitter (Baseline),0.002410968660968661,0.002090587556157987
baseline_female,Boruta,100,tqwt_kurtosisValue_dec_16 (TQWT),0.0024007936507936508,0.0025663081844898915
baseline_female,Boruta,100,tqwt_TKEO_std_dec_16 (TQWT),0.0023993055555555556,0.001626734238558935
baseline_female,Boruta,100,tqwt_entropy_shannon_dec_17 (TQWT),0.0023598484848484846,0.001970717519737821
baseline_female,Boruta,100,tqwt_entropy_log_dec_1 (TQWT),0.002336805555555555,0.00209397694834611
baseline_female,Boruta,100,det_LT_TKEO_mean_1_coef (Wavelet),0.002323045267489712,0.0033970967264843445
baseline_female,Boruta,100,tqwt_TKEO_mean_dec_16 (TQWT),0.0023229166666666663,0.0018854319726270311
baseline_female,Boruta,100,tqwt_stdValue_dec_28 (TQWT),0.0023226495726495723,0.0020697330525444356
baseline_female,Boruta,100,tqwt_maxValue_dec_7 (TQWT),0.002282051282051282,0.0022311108170271323
baseline_female,Boruta,100,tqwt_entropy_shannon_dec_6 (TQWT),0.0022619047619047623,0.0025984977344978536
baseline_female,Boruta,100,tqwt_TKEO_mean_dec_5 (TQWT),0.0021547619047619045,0.0014933555905644025
baseline_female,Boruta,100,tqwt_energy_dec_16 (TQWT),0.0021180555555555553,0.0019560654087664698
baseline_female,Boruta,100,tqwt_entropy_shannon_dec_19 (TQWT),0.00208531746031746,0.003249085346282715
baseline_female,Boruta,100,tqwt_entropy_log_dec_8 (TQWT),0.0020734126984126985,0.0023117694316847175
baseline_female,Boruta,100,tqwt_stdValue_dec_35 (TQWT),0.0020424836601307195,0.0016274846315051127
baseline_female,Boruta,100,tqwt_entropy_shannon_dec_5 (TQWT),0.0020384615384615376,0.0015511767810760342
baseline_female,Boruta,100,tqwt_minValue_dec_7 (TQWT),0.001955128205128205,0.002143932186764596
baseline_female,Boruta,100,std_MFCC_8th_coef (MFCC),0.0019055555555555555,0.0019278440008420003
baseline_female,Boruta,100,tqwt_kurtosisValue_dec_28 (TQWT),0.001897435897435897,0.001462427652465119
baseline_female,Boruta,100,tqwt_stdValue_dec_17 (TQWT),0.0018849206349206352,0.002354339285350573
baseline_female,Boruta,100,tqwt_TKEO_std_dec_4 (TQWT),0.0018611111111111113,0.0019882239209055063
baseline_female,Boruta,100,det_LT_TKEO_std_1_coef (Wavelet),0.0018518518518518515,0.002424498269014173
baseline_female,Boruta,100,tqwt_TKEO_std_dec_5 (TQWT),0.0018353174603174603,0.0013311965930030481
baseline_female,Boruta,100,meanIntensity (Intensity),0.0018346560846560851,0.0020788347197136965
baseline_female,Boruta,100,tqwt_TKEO_mean_dec_9 (TQWT),0.0018273809523809523,0.0012341217572676253
baseline_female,Boruta,100,tqwt_energy_dec_17 (TQWT),0.001803571428571429,0.0014566839701686367
baseline_female,Boruta,100,tqwt_entropy_log_dec_18 (TQWT),0.0017708333333333332,0.001935748803683562
baseline_female,Boruta,100,tqwt_energy_dec_28 (TQWT),0.0017478632478632483,0.0014898085296484666
baseline_female,Boruta,100,tqwt_maxValue_dec_17 (TQWT),0.001743589743589743,0.0017839051775017864
baseline_female,Boruta,100,tqwt_entropy_shannon_dec_10 (TQWT),0.0017414529914529914,0.0016077570431762105
baseline_female,Boruta,100,tqwt_stdValue_dec_8 (TQWT),0.0017043650793650794,0.0017572476026061102
baseline_female,Boruta,100,tqwt_TKEO_mean_dec_14 (TQWT),0.001688034188034188,0.0013921960846841727
baseline_female,Boruta,100,tqwt_energy_dec_10 (TQWT),0.0016666666666666663,0.0021362331482055194
baseline_female,Boruta,100,tqwt_TKEO_mean_dec_18 (TQWT),0.0016645299145299146,0.0013342782338397051
baseline_female,Boruta,100,tqwt_TKEO_std_dec_18 (TQWT),0.0016452991452991451,0.0013932321920971903
baseline_female,Boruta,100,tqwt_TKEO_mean_dec_36 (TQWT),0.001615079365079365,0.0011647535334356333
baseline_female,Boruta,100,mean_MFCC_1st_coef (MFCC),0.0016132478632478631,0.0015419795727249447
baseline_female,Boruta,100,tqwt_stdValue_dec_16 (TQWT),0.0016111111111111107,0.0016360064004992125
baseline_female,Boruta,100,tqwt_entropy_log_dec_9 (TQWT),0.0015820707070707065,0.0013980017564341187
baseline_female,Boruta,100,tqwt_TKEO_mean_dec_34 (TQWT),0.0015705128205128205,0.0019877908784156793
baseline_female,Boruta,100,tqwt_stdValue_dec_14 (TQWT),0.0015662393162393163,0.0019706247761463896
baseline_female,Boruta,100,tqwt_energy_dec_15 (TQWT),0.0015555555555555555,0.0013676148472323514
baseline_female,Boruta,100,tqwt_TKEO_mean_dec_35 (TQWT),0.0015341880341880347,0.0014035511996204372
baseline_female,Boruta,100,tqwt_entropy_log_dec_6 (TQWT),0.001529100529100529,0.0013801899007953565
baseline_female,Boruta,100,det_TKEO_mean_1_coef (Wavelet),0.0014786324786324784,0.0008258796413989041
baseline_female,Boruta,100,Ed2_1_coef (Wavelet),0.0014526748971193416,0.00137467847245214
baseline_female,Boruta,100,tqwt_TKEO_std_dec_14 (TQWT),0.0014358974358974353,0.001575935272646685
baseline_female,Boruta,100,f2 (Formant Frequency),0.0014270833333333334,0.0013526553213733777
baseline_female,Boruta,100,tqwt_stdValue_dec_36 (TQWT),0.0013226495726495731,0.0009708373022937814
baseline_female,Boruta,100,tqwt_TKEO_mean_dec_17 (TQWT),0.0012929292929292928,0.0014014292371546978
baseline_female,Boruta,100,Ed_1_coef (Wavelet),0.001276388888888889,0.0013806957317051202
baseline_female,Boruta,100,det_TKEO_std_1_coef (Wavelet),0.0012417695473251025,0.0012816123370920486
baseline_female,Boruta,100,tqwt_kurtosisValue_dec_22 (TQWT),0.001224358974358974,0.0012465904215048648
baseline_female,Boruta,100,tqwt_entropy_shannon_dec_7 (TQWT),0.0010363247863247865,0.0008689976295461799
baseline_female,Boruta,100,tqwt_entropy_shannon_dec_8 (TQWT),0.000878968253968254,0.0010144046830999813
baseline_female,Boruta,100,f1 (Formant Frequency),0.0008353174603174602,0.0008162891708546156
baseline_female,Boruta,100,tqwt_stdValue_dec_19 (TQWT),0.0007281746031746033,0.001138583328492117
baseline,mRMR,10,std_delta_delta_log_energy (MFCC),0.0761421568627451,0.05580092312921191
baseline,mRMR,10,std_6th_delta_delta (MFCC),0.06511764705882353,0.04157141692964477
baseline,mRMR,10,std_9th_delta_delta (MFCC),0.05733333333333334,0.03500938665171202
baseline,mRMR,10,tqwt_entropy_log_dec_34 (TQWT),0.05069777777777778,0.047412686683663705
baseline,mRMR,10,tqwt_stdValue_dec_12 (TQWT),0.04793246187363834,0.02901022227270217
baseline,mRMR,10,std_7th_delta_delta (MFCC),0.0459571586511885,0.027351895857037664
baseline,mRMR,10,tqwt_entropy_log_dec_12 (TQWT),0.045513071895424834,0.032609434118034804
baseline,mRMR,10,std_7th_delta (MFCC),0.038995464852607714,0.017988210090912924
baseline,mRMR,10,tqwt_kurtosisValue_dec_26 (TQWT),0.037208678828081806,0.041046054546125
baseline,mRMR,10,std_8th_delta_delta (MFCC),0.03385403050108932,0.02759152976395905
baseline,mRMR,10,DFA (Baseline),0.0330702614379085,0.02566807642435814
baseline,mRMR,10,std_6th_delta (MFCC),0.03293790849673202,0.02252257654075809
baseline,mRMR,10,std_5th_delta (MFCC),0.03239555555555555,0.01946099319222531
baseline,mRMR,10,tqwt_TKEO_std_dec_12 (TQWT),0.0311078431372549,0.025511080543131764
baseline,mRMR,10,tqwt_stdValue_dec_11 (TQWT),0.030714927048260388,0.03407701804094078
baseline,mRMR,10,tqwt_maxValue_dec_11 (TQWT),0.03068777777777778,0.036260765824859785
baseline,mRMR,10,mean_MFCC_2nd_coef (MFCC),0.030588943623426384,0.03308433974225887
baseline,mRMR,10,tqwt_minValue_dec_11 (TQWT),0.030551198257080615,0.02439416723561313
baseline,mRMR,10,std_MFCC_6th_coef (MFCC),0.030403333333333327,0.017579734939324677
baseline,mRMR,10,tqwt_kurtosisValue_dec_34 (TQWT),0.028543083900226755,0.034939925005274285
baseline,mRMR,10,tqwt_kurtosisValue_dec_27 (TQWT),0.028476821192052977,0.03303038051956291
baseline,mRMR,10,tqwt_kurtosisValue_dec_36 (TQWT),0.028427015250544654,0.02410017948770669
baseline,mRMR,10,tqwt_minValue_dec_12 (TQWT),0.02730612244897959,0.03211001849862219
baseline,mRMR,10,tqwt_maxValue_dec_12 (TQWT),0.025955337690631804,0.016198693256172954
baseline,mRMR,10,tqwt_entropy_log_dec_26 (TQWT),0.02588852339181286,0.02247021770314658
baseline,mRMR,10,tqwt_kurtosisValue_dec_35 (TQWT),0.024304444444444448,0.02983254749234755
baseline,mRMR,10,tqwt_entropy_shannon_dec_35 (TQWT),0.02322875816993464,0.029930810090488
baseline,mRMR,10,tqwt_energy_dec_11 (TQWT),0.02274727668845316,0.02045431638285065
baseline,mRMR,10,tqwt_TKEO_mean_dec_34 (TQWT),0.016920479302832244,0.02679981210225411
baseline,mRMR,10,tqwt_entropy_shannon_dec_34 (TQWT),0.011306111111111112,0.015391886278111444
baseline,mRMR,10,tqwt_meanValue_dec_7 (TQWT),0.010811791383219955,0.014668862331872642
baseline_male,mRMR,10,std_6th_delta_delta (MFCC),0.05871014492753622,0.032166509856545455
baseline_male,mRMR,10,std_delta_delta_log_energy (MFCC),0.05426967592592593,0.06130056385067082
baseline_male,mRMR,10,std_9th_delta_delta (MFCC),0.047835748792270524,0.029255892830703144
baseline_male,mRMR,10,tqwt_entropy_log_dec_34 (TQWT),0.044668981481481476,0.046374685949487356
baseline_male,mRMR,10,std_7th_delta (MFCC),0.04223188405797101,0.014068495414513585
baseline_male,mRMR,10,std_7th_delta_delta (MFCC),0.0388920041536864,0.026292002145878346
baseline_male,mRMR,10,tqwt_entropy_log_dec_12 (TQWT),0.03837460317460317,0.029680940287004322
baseline_male,mRMR,10,std_6th_delta (MFCC),0.03534605087014725,0.021881727204714888
baseline_male,mRMR,10,tqwt_kurtosisValue_dec_34 (TQWT),0.03496859903381643,0.04289656654148029
baseline_male,mRMR,10,std_8th_delta_delta (MFCC),0.03294761904761905,0.026824306833885512
baseline_male,mRMR,10,tqwt_stdValue_dec_11 (TQWT),0.03215248226950354,0.03566531199787038
baseline_male,mRMR,10,tqwt_maxValue_dec_11 (TQWT),0.03123842592592592,0.04064811231451087
baseline_male,mRMR,10,tqwt_minValue_dec_12 (TQWT),0.029446859903381646,0.03133725065147679
baseline_male,mRMR,10,std_5th_delta (MFCC),0.029178240740740744,0.01785678827864178
baseline_male,mRMR,10,tqwt_kurtosisValue_dec_36 (TQWT),0.02741545893719807,0.019079653793489453
baseline_male,mRMR,10,tqwt_entropy_shannon_dec_35 (TQWT),0.02555079365079365,0.03456983922563545
baseline_male,mRMR,10,tqwt_kurtosisValue_dec_35 (TQWT),0.02469212962962963,0.027746923298292023
baseline_male,mRMR,10,tqwt_maxValue_dec_12 (TQWT),0.023431746031746026,0.016779309973379217
baseline_male,mRMR,10,DFA (Baseline),0.022292824074074076,0.02081468392810971
baseline_male,mRMR,10,tqwt_stdValue_dec_12 (TQWT),0.022275362318840582,0.03558255642820605
baseline_male,mRMR,10,std_MFCC_6th_coef (MFCC),0.02215046296296296,0.015853253091572823
baseline_male,mRMR,10,tqwt_TKEO_mean_dec_34 (TQWT),0.021404761904761906,0.03203830387427548
baseline_male,mRMR,10,tqwt_minValue_dec_11 (TQWT),0.020603864734299517,0.03036729274242783
baseline_male,mRMR,10,tqwt_entropy_log_dec_26 (TQWT),0.01993253968253968,0.0217614301001809
baseline_male,mRMR,10,mean_MFCC_2nd_coef (MFCC),0.018684839044652127,0.023575840210888765
baseline_male,mRMR,10,tqwt_kurtosisValue_dec_26 (TQWT),0.018247368421052634,0.023453828670773846
baseline_male,mRMR,10,tqwt_energy_dec_11 (TQWT),0.017895555555555557,0.020313843364371798
baseline_male,mRMR,10,tqwt_kurtosisValue_dec_27 (TQWT),0.017878179384203483,0.028878912658089638
baseline_male,mRMR,10,tqwt_TKEO_std_dec_12 (TQWT),0.013435555555555556,0.01353018795087437
baseline_male,mRMR,10,tqwt_meanValue_dec_7 (TQWT),0.012746376811594202,0.018011674878836013
baseline_male,mRMR,10,tqwt_entropy_shannon_dec_34 (TQWT),0.009347826086956522,0.008881199290395048
baseline_female,mRMR,10,std_delta_delta_log_energy (MFCC),0.09473251028806585,0.05622598822832238
baseline_female,mRMR,10,std_9th_delta_delta (MFCC),0.06889529914529914,0.04036317014693598
baseline_female,mRMR,10,std_6th_delta_delta (MFCC),0.06765277777777778,0.040409444006095266
baseline_female,mRMR,10,tqwt_entropy_log_dec_12 (TQWT),0.06422916666666666,0.0518684190049294
baseline_female,mRMR,10,tqwt_stdValue_dec_12 (TQWT),0.05745436507936509,0.03442498928116538
baseline_female,mRMR,10,tqwt_entropy_log_dec_34 (TQWT),0.05447435897435898,0.042764093960561494
baseline_female,mRMR,10,std_7th_delta_delta (MFCC),0.05445567375886525,0.03090874055192282
baseline_female,mRMR,10,tqwt_kurtosisValue_dec_26 (TQWT),0.0479119496855346,0.04406020564475816
baseline_female,mRMR,10,std_7th_delta (MFCC),0.04634188034188035,0.02183788322830635
baseline_female,mRMR,10,mean_MFCC_2nd_coef (MFCC),0.046167824074074076,0.03486159513756273
baseline_female,mRMR,10,tqwt_maxValue_dec_11 (TQWT),0.04518589743589743,0.029256577321558248
baseline_female,mRMR,10,DFA (Baseline),0.039496913580246915,0.029102401677104036
baseline_female,mRMR,10,tqwt_TKEO_std_dec_12 (TQWT),0.039482905982906,0.02372594231891199
baseline_female,mRMR,10,std_MFCC_6th_coef (MFCC),0.036361111111111115,0.021172288796698687
baseline_female,mRMR,10,tqwt_stdValue_dec_11 (TQWT),0.03457264957264957,0.0316385000906844
baseline_female,mRMR,10,tqwt_minValue_dec_12 (TQWT),0.03397222222222223,0.038111530494244865
baseline_female,mRMR,10,std_5th_delta (MFCC),0.03393589743589744,0.02017991283997238
baseline_female,mRMR,10,tqwt_kurtosisValue_dec_27 (TQWT),0.03319771241830064,0.03145306257363771
baseline_female,mRMR,10,std_6th_delta (MFCC),0.03164365079365079,0.02076200867333875
baseline_female,mRMR,10,std_8th_delta_delta (MFCC),0.031274305555555555,0.02288375107663238
baseline_female,mRMR,10,tqwt_maxValue_dec_12 (TQWT),0.03091319444444444,0.02388237006622876
baseline_female,mRMR,10,tqwt_minValue_dec_11 (TQWT),0.03050595238095238,0.023991596119401343
baseline_female,mRMR,10,tqwt_entropy_log_dec_26 (TQWT),0.02890196078431373,0.02243870630729485
baseline_female,mRMR,10,tqwt_energy_dec_11 (TQWT),0.026831196581196586,0.023242285157204733
baseline_female,mRMR,10,tqwt_kurtosisValue_dec_35 (TQWT),0.026128205128205132,0.023574356942455618
baseline_female,mRMR,10,tqwt_kurtosisValue_dec_34 (TQWT),0.024653846153846148,0.02329182717197629
baseline_female,mRMR,10,tqwt_entropy_shannon_dec_35 (TQWT),0.021694444444444447,0.017352053902224066
baseline_female,mRMR,10,tqwt_kurtosisValue_dec_36 (TQWT),0.01836706349206349,0.024475731495440214
baseline_female,mRMR,10,tqwt_TKEO_mean_dec_34 (TQWT),0.015729166666666666,0.01387318556704904
baseline_female,mRMR,10,tqwt_entropy_shannon_dec_34 (TQWT),0.014314814814814815,0.02149615979956337
baseline_female,mRMR,10,tqwt_meanValue_dec_7 (TQWT),0.009790598290598288,0.01167953637399918
baseline,mRMR,20,std_delta_delta_log_energy (MFCC),0.04239726631393299,0.03755665269641521
baseline,mRMR,20,tqwt_entropy_log_dec_12 (TQWT),0.03852069716775599,0.028405881836383328
baseline,mRMR,20,tqwt_stdValue_dec_12 (TQWT),0.034892156862745105,0.021444231617370735
baseline,mRMR,20,tqwt_entropy_log_dec_27 (TQWT),0.029401960784313726,0.02589994615906202
baseline,mRMR,20,tqwt_meanValue_dec_36 (TQWT),0.027798474945533783,0.016400558193623054
baseline,mRMR,20,std_6th_delta_delta (MFCC),0.027577996715927734,0.020880457258459585
baseline,mRMR,20,tqwt_entropy_log_dec_33 (TQWT),0.027075555555555558,0.020199605974651976
baseline,mRMR,20,std_7th_delta_delta (MFCC),0.026045634920634917,0.01880350577256272
baseline,mRMR,20,tqwt_kurtosisValue_dec_18 (TQWT),0.02514488017429194,0.014703883860688561
baseline,mRMR,20,tqwt_energy_dec_6 (TQWT),0.024447712418300654,0.015919324093722168
baseline,mRMR,20,tqwt_kurtosisValue_dec_20 (TQWT),0.022457516339869282,0.01598748287577286
baseline,mRMR,20,tqwt_kurtosisValue_dec_26 (TQWT),0.021228174603174603,0.02072918340717421
baseline,mRMR,20,tqwt_entropy_log_dec_26 (TQWT),0.01997076023391812,0.015576754629677503
baseline,mRMR,20,std_9th_delta_delta (MFCC),0.019770627062706266,0.0170739522288117
baseline,mRMR,20,tqwt_entropy_log_dec_34 (TQWT),0.019685555555555553,0.019933142695723213
baseline,mRMR,20,DFA (Baseline),0.019459150326797386,0.01636814795709244
baseline,mRMR,20,tqwt_stdValue_dec_11 (TQWT),0.01942704826038159,0.021267183252314536
baseline,mRMR,20,mean_MFCC_2nd_coef (MFCC),0.018554232804232802,0.018524213965265574
baseline,mRMR,20,std_11th_delta (MFCC),0.018269063180827886,0.016313888400539305
baseline,mRMR,20,std_7th_delta (MFCC),0.017422222222222217,0.0099084093699137
baseline,mRMR,20,tqwt_TKEO_std_dec_12 (TQWT),0.016846405228758174,0.013350256932550724
baseline,mRMR,20,tqwt_minValue_dec_12 (TQWT),0.01592055555555555,0.013038080024285893
baseline,mRMR,20,tqwt_energy_dec_7 (TQWT),0.015914702581369244,0.013028541263632135
baseline,mRMR,20,tqwt_maxValue_dec_11 (TQWT),0.015849415204678363,0.016407434053171004
baseline,mRMR,20,tqwt_kurtosisValue_dec_36 (TQWT),0.0158082788671024,0.01499381903892447
baseline,mRMR,20,std_MFCC_6th_coef (MFCC),0.01580222222222222,0.0077129327330638375
baseline,mRMR,20,std_6th_delta (MFCC),0.015008714596949893,0.014558680024804977
baseline,mRMR,20,tqwt_meanValue_dec_5 (TQWT),0.014625272331154687,0.009823055903475453
baseline,mRMR,20,std_8th_delta (MFCC),0.014373737373737374,0.012002199441260401
baseline,mRMR,20,std_8th_delta_delta (MFCC),0.014281089036055926,0.01155527173239167
baseline,mRMR,20,locPctJitter (Baseline),0.01399546485260771,0.016095166768151505
baseline,mRMR,20,tqwt_kurtosisValue_dec_34 (TQWT),0.013791245791245795,0.015220982523832322
baseline,mRMR,20,std_11th_delta_delta (MFCC),0.013549019607843134,0.01308580380006942
baseline,mRMR,20,tqwt_TKEO_std_dec_11 (TQWT),0.013483969043670536,0.015807834017843674
baseline,mRMR,20,tqwt_maxValue_dec_12 (TQWT),0.013392156862745098,0.010841974802251624
baseline,mRMR,20,tqwt_entropy_shannon_dec_35 (TQWT),0.012775577557755774,0.017933136107893082
baseline,mRMR,20,tqwt_kurtosisValue_dec_35 (TQWT),0.0127007700770077,0.012048769983889
baseline,mRMR,20,tqwt_energy_dec_12 (TQWT),0.01220748299319728,0.0169862016684733
baseline,mRMR,20,tqwt_energy_dec_11 (TQWT),0.012076457645764578,0.014459583120374101
baseline,mRMR,20,tqwt_kurtosisValue_dec_27 (TQWT),0.011523217247097846,0.012535376846692951
baseline,mRMR,20,std_9th_delta (MFCC),0.01136764705882353,0.008360306235249713
baseline,mRMR,20,tqwt_TKEO_mean_dec_7 (TQWT),0.01086734693877551,0.010305030815696127
baseline,mRMR,20,tqwt_TKEO_mean_dec_34 (TQWT),0.00842156862745098,0.01303684974694383
baseline,mRMR,20,std_5th_delta (MFCC),0.008368888888888888,0.006145015703521026
baseline,mRMR,20,tqwt_energy_dec_15 (TQWT),0.007789999999999999,0.007133917421569848
baseline,mRMR,20,tqwt_entropy_shannon_dec_34 (TQWT),0.007762777777777775,0.00763167111457189
baseline,mRMR,20,tqwt_energy_dec_13 (TQWT),0.007759259259259259,0.006508285567385676
baseline,mRMR,20,tqwt_meanValue_dec_7 (TQWT),0.007655328798185942,0.008780462517330402
baseline,mRMR,20,tqwt_minValue_dec_11 (TQWT),0.007297385620915033,0.009549366600816005
baseline,mRMR,20,f2 (Formant Frequency),0.004055555555555556,0.0036984270403915523
baseline_male,mRMR,20,std_delta_delta_log_energy (MFCC),0.035761965811965814,0.036496431852591237
baseline_male,mRMR,20,tqwt_entropy_log_dec_12 (TQWT),0.031255555555555564,0.02741605356132594
baseline_male,mRMR,20,tqwt_entropy_log_dec_27 (TQWT),0.02507619047619047,0.024770496008910934
baseline_male,mRMR,20,tqwt_kurtosisValue_dec_20 (TQWT),0.02495555555555556,0.019700973264748813
baseline_male,mRMR,20,std_6th_delta_delta (MFCC),0.024327622014537902,0.01882146248084329
baseline_male,mRMR,20,tqwt_entropy_log_dec_34 (TQWT),0.022574074074074073,0.018478594156755675
baseline_male,mRMR,20,tqwt_entropy_log_dec_33 (TQWT),0.020097222222222225,0.01428561633657456
baseline_male,mRMR,20,tqwt_energy_dec_6 (TQWT),0.019458937198067634,0.014051591616554197
baseline_male,mRMR,20,std_7th_delta_delta (MFCC),0.019443589743589743,0.015496019803618482
baseline_male,mRMR,20,tqwt_kurtosisValue_dec_18 (TQWT),0.019217777777777775,0.01365232089667782
baseline_male,mRMR,20,tqwt_stdValue_dec_11 (TQWT),0.018399527186761223,0.02163049984592068
baseline_male,mRMR,20,tqwt_meanValue_dec_36 (TQWT),0.017988888888888888,0.011444746927400024
baseline_male,mRMR,20,tqwt_energy_dec_7 (TQWT),0.016953900709219857,0.014270489396383472
baseline_male,mRMR,20,std_9th_delta_delta (MFCC),0.015939203354297694,0.01366117610957003
baseline_male,mRMR,20,tqwt_stdValue_dec_12 (TQWT),0.015434782608695649,0.02528586912896756
baseline_male,mRMR,20,DFA (Baseline),0.01498611111111111,0.013450815465035442
baseline_male,mRMR,20,tqwt_minValue_dec_12 (TQWT),0.014845785440613024,0.011435741197658564
baseline_male,mRMR,20,std_7th_delta (MFCC),0.014224637681159419,0.00768200761171432
baseline_male,mRMR,20,tqwt_kurtosisValue_dec_34 (TQWT),0.01406737588652482,0.015613155557975506
baseline_male,mRMR,20,tqwt_entropy_shannon_dec_35 (TQWT),0.013972693032015064,0.021427601001714935
baseline_male,mRMR,20,tqwt_kurtosisValue_dec_36 (TQWT),0.013929951690821259,0.010059561420759065
baseline_male,mRMR,20,std_8th_delta (MFCC),0.013858156028368792,0.012607929858055205
baseline_male,mRMR,20,tqwt_entropy_log_dec_26 (TQWT),0.013769841269841269,0.012667651411061999
baseline_male,mRMR,20,std_11th_delta_delta (MFCC),0.012842857142857144,0.013155298333252432
baseline_male,mRMR,20,std_11th_delta (MFCC),0.012682222222222221,0.010844940882399623
baseline_male,mRMR,20,std_6th_delta (MFCC),0.01252275769745649,0.013081575447917779
baseline_male,mRMR,20,tqwt_maxValue_dec_11 (TQWT),0.012426697530864197,0.019001262087800258
baseline_male,mRMR,20,tqwt_meanValue_dec_5 (TQWT),0.012314009661835748,0.00934665262123973
baseline_male,mRMR,20,mean_MFCC_2nd_coef (MFCC),0.011874786324786326,0.0163676101748624
baseline_male,mRMR,20,std_MFCC_6th_coef (MFCC),0.011835648148148147,0.006955171292764996
baseline_male,mRMR,20,tqwt_maxValue_dec_12 (TQWT),0.011765079365079364,0.008062744571195966
baseline_male,mRMR,20,std_8th_delta_delta (MFCC),0.010928380187416334,0.009607735529157944
baseline_male,mRMR,20,tqwt_energy_dec_12 (TQWT),0.010710144927536231,0.016996627216697813
baseline_male,mRMR,20,tqwt_kurtosisValue_dec_35 (TQWT),0.010637115839243502,0.010075002140453183
baseline_male,mRMR,20,tqwt_TKEO_std_dec_11 (TQWT),0.010246783625730995,0.016730596707334008
baseline_male,mRMR,20,tqwt_TKEO_mean_dec_34 (TQWT),0.010246031746031743,0.01636840646985009
baseline_male,mRMR,20,tqwt_energy_dec_11 (TQWT),0.009729035639412999,0.014691167246726209
baseline_male,mRMR,20,locPctJitter (Baseline),0.009282608695652173,0.008200076933912273
baseline_male,mRMR,20,tqwt_kurtosisValue_dec_26 (TQWT),0.009167094017094014,0.011090179146890849
baseline_male,mRMR,20,std_5th_delta (MFCC),0.008534722222222227,0.007077700743114014
baseline_male,mRMR,20,tqwt_TKEO_mean_dec_7 (TQWT),0.00853381642512077,0.008937216548370715
baseline_male,mRMR,20,std_9th_delta (MFCC),0.008113425925925927,0.006895733982348348
baseline_male,mRMR,20,tqwt_TKEO_std_dec_12 (TQWT),0.007917777777777775,0.009654558016320085
baseline_male,mRMR,20,tqwt_kurtosisValue_dec_27 (TQWT),0.007615784008307373,0.010618413321933938
baseline_male,mRMR,20,tqwt_meanValue_dec_7 (TQWT),0.00743719806763285,0.007879562245711909
baseline_male,mRMR,20,tqwt_minValue_dec_11 (TQWT),0.007355072463768114,0.011265944149716928
baseline_male,mRMR,20,tqwt_energy_dec_15 (TQWT),0.006599537037037039,0.005480200506525577
baseline_male,mRMR,20,tqwt_energy_dec_13 (TQWT),0.006562222222222221,0.0053980291513402116
baseline_male,mRMR,20,tqwt_entropy_shannon_dec_34 (TQWT),0.0062306763285024155,0.005436849819011768
baseline_male,mRMR,20,f2 (Formant Frequency),0.0038333333333333327,0.0036528732397912334
baseline_female,mRMR,20,std_delta_delta_log_energy (MFCC),0.04902049180327868,0.03590478430958176
baseline_female,mRMR,20,tqwt_entropy_log_dec_12 (TQWT),0.04163541666666667,0.03440072323601288
baseline_female,mRMR,20,tqwt_meanValue_dec_36 (TQWT),0.035807692307692304,0.016942800744224582
baseline_female,mRMR,20,tqwt_entropy_log_dec_27 (TQWT),0.03424652777777778,0.02423974008745734
baseline_female,mRMR,20,tqwt_stdValue_dec_12 (TQWT),0.0330297619047619,0.02227012815954353
baseline_female,mRMR,20,std_6th_delta_delta (MFCC),0.031648726851851855,0.023857826046108737
baseline_female,mRMR,20,std_7th_delta_delta (MFCC),0.030826047358834246,0.01909705504671104
baseline_female,mRMR,20,tqwt_entropy_log_dec_33 (TQWT),0.030170940170940186,0.023560856915952322
baseline_female,mRMR,20,tqwt_kurtosisValue_dec_18 (TQWT),0.027935897435897427,0.019535575103863584
baseline_female,mRMR,20,tqwt_kurtosisValue_dec_26 (TQWT),0.027313296903460845,0.023159526691822363
baseline_female,mRMR,20,std_9th_delta_delta (MFCC),0.025221643518518515,0.023751157159890988
baseline_female,mRMR,20,mean_MFCC_2nd_coef (MFCC),0.02463934426229509,0.018430647008661174
baseline_female,mRMR,20,DFA (Baseline),0.022465020576131686,0.018112917734422477
baseline_female,mRMR,20,tqwt_kurtosisValue_dec_20 (TQWT),0.022208333333333333,0.01039943965575378
baseline_female,mRMR,20,tqwt_energy_dec_6 (TQWT),0.022200396825396825,0.021065188229124614
baseline_female,mRMR,20,tqwt_entropy_log_dec_26 (TQWT),0.022104575163398688,0.016267778730739747
baseline_female,mRMR,20,tqwt_stdValue_dec_11 (TQWT),0.0209508547008547,0.019495659088092157
baseline_female,mRMR,20,tqwt_TKEO_std_dec_12 (TQWT),0.020707264957264958,0.013543718583066954
baseline_female,mRMR,20,std_7th_delta (MFCC),0.020515432098765433,0.011819916365906194
baseline_female,mRMR,20,tqwt_entropy_log_dec_34 (TQWT),0.02006410256410257,0.017359562879128706
baseline_female,mRMR,20,tqwt_maxValue_dec_11 (TQWT),0.019297222222222212,0.013923834512051033
baseline_female,mRMR,20,tqwt_minValue_dec_12 (TQWT),0.018683862433862435,0.014516287088264829
baseline_female,mRMR,20,std_11th_delta_delta (MFCC),0.01824652777777778,0.013214094022344598
baseline_female,mRMR,20,locPctJitter (Baseline),0.018243589743589746,0.01594119542636974
baseline_female,mRMR,20,tqwt_energy_dec_7 (TQWT),0.018079059829059833,0.013381652349847084
baseline_female,mRMR,20,tqwt_meanValue_dec_5 (TQWT),0.017853174603174607,0.010689057972961595
baseline_female,mRMR,20,std_6th_delta (MFCC),0.01784444444444444,0.015084826014884768
baseline_female,mRMR,20,tqwt_maxValue_dec_12 (TQWT),0.017795138888888888,0.018116259678965553
baseline_female,mRMR,20,std_8th_delta_delta (MFCC),0.017081699346405223,0.015435145054230062
baseline_female,mRMR,20,std_11th_delta (MFCC),0.016811965811965816,0.019766756074901255
baseline_female,mRMR,20,std_8th_delta (MFCC),0.016075854700854698,0.011179880529569825
baseline_female,mRMR,20,tqwt_TKEO_std_dec_11 (TQWT),0.015319182389937104,0.014950422530967693
baseline_female,mRMR,20,std_MFCC_6th_coef (MFCC),0.014376068376068378,0.007624504615584584
baseline_female,mRMR,20,tqwt_kurtosisValue_dec_35 (TQWT),0.014352880658436214,0.01091531151487169
baseline_female,mRMR,20,std_9th_delta (MFCC),0.014180041152263375,0.010391607180376702
baseline_female,mRMR,20,tqwt_kurtosisValue_dec_34 (TQWT),0.013694444444444445,0.014063779876709873
baseline_female,mRMR,20,tqwt_energy_dec_12 (TQWT),0.013570512820512816,0.018316846566258833
baseline_female,mRMR,20,tqwt_kurtosisValue_dec_27 (TQWT),0.0126725768321513,0.012926907872807146
baseline_female,mRMR,20,tqwt_entropy_shannon_dec_35 (TQWT),0.012494708994708992,0.012069427612460177
baseline_female,mRMR,20,tqwt_TKEO_mean_dec_7 (TQWT),0.01230982905982906,0.010940470045609775
baseline_female,mRMR,20,tqwt_energy_dec_11 (TQWT),0.012238425925925923,0.01496099138338576
baseline_female,mRMR,20,tqwt_kurtosisValue_dec_36 (TQWT),0.011001984126984126,0.015271055954482617
baseline_female,mRMR,20,tqwt_entropy_shannon_dec_34 (TQWT),0.009254115226337449,0.008378700538345912
baseline_female,mRMR,20,tqwt_meanValue_dec_7 (TQWT),0.009155982905982907,0.010286071914403255
baseline_female,mRMR,20,std_5th_delta (MFCC),0.0090491452991453,0.004625678763371276
baseline_female,mRMR,20,tqwt_minValue_dec_11 (TQWT),0.00894642857142857,0.009087672067731811
baseline_female,mRMR,20,tqwt_energy_dec_13 (TQWT),0.008854700854700854,0.005373520063675009
baseline_female,mRMR,20,tqwt_TKEO_mean_dec_34 (TQWT),0.007100694444444444,0.007335649181665496
baseline_female,mRMR,20,tqwt_energy_dec_15 (TQWT),0.006168803418803419,0.006758325184537905
baseline_female,mRMR,20,f2 (Formant Frequency),0.004593749999999999,0.0046681743068718055
baseline,mRMR,30,std_delta_log_energy (MFCC),0.03186056644880173,0.02454887160432116
baseline,mRMR,30,std_delta_delta_log_energy (MFCC),0.030687169312169308,0.028606201671684445
baseline,mRMR,30,tqwt_entropy_log_dec_12 (TQWT),0.026464052287581703,0.016538376215847105
baseline,mRMR,30,tqwt_energy_dec_26 (TQWT),0.02299673202614379,0.0151244408164507
baseline,mRMR,30,tqwt_meanValue_dec_36 (TQWT),0.02290631808278867,0.012420460830666103
baseline,mRMR,30,tqwt_kurtosisValue_dec_18 (TQWT),0.02104684095860566,0.012909313944556855
baseline,mRMR,30,tqwt_entropy_log_dec_27 (TQWT),0.020888888888888884,0.024700508731176928
baseline,mRMR,30,tqwt_stdValue_dec_12 (TQWT),0.020525054466230937,0.014135259576460814
baseline,mRMR,30,tqwt_energy_dec_6 (TQWT),0.02027124183006536,0.011795325703952914
baseline,mRMR,30,tqwt_kurtosisValue_dec_20 (TQWT),0.01919063180827887,0.014073681140372695
baseline,mRMR,30,std_6th_delta_delta (MFCC),0.018604056437389768,0.01600065224959315
baseline,mRMR,30,std_7th_delta_delta (MFCC),0.018325176366843037,0.011958727142223683
baseline,mRMR,30,tqwt_entropy_log_dec_33 (TQWT),0.017705555555555554,0.014307927338987919
baseline,mRMR,30,tqwt_energy_dec_25 (TQWT),0.016911220043572987,0.015443911602117145
baseline,mRMR,30,std_6th_delta (MFCC),0.01665763546798029,0.013081302941651284
baseline,mRMR,30,tqwt_entropy_log_dec_26 (TQWT),0.01646849087893864,0.017349519722871402
baseline,mRMR,30,tqwt_kurtosisValue_dec_26 (TQWT),0.015575617283950616,0.015975394273963807
baseline,mRMR,30,std_9th_delta_delta (MFCC),0.015570326278659612,0.01371628905933861
baseline,mRMR,30,mean_MFCC_2nd_coef (MFCC),0.01545943562610229,0.015870084241696038
baseline,mRMR,30,DFA (Baseline),0.015236928104575163,0.011780918386826756
baseline,mRMR,30,tqwt_energy_dec_21 (TQWT),0.01486555555555555,0.009753633649880822
baseline,mRMR,30,tqwt_energy_dec_7 (TQWT),0.014786195286195285,0.01315812615881471
baseline,mRMR,30,locPctJitter (Baseline),0.014117283950617288,0.0150073865882026
baseline,mRMR,30,tqwt_entropy_log_dec_34 (TQWT),0.014113333333333334,0.014905923230471902
baseline,mRMR,30,tqwt_TKEO_std_dec_12 (TQWT),0.014100217864923747,0.010614134276682704
baseline,mRMR,30,std_7th_delta (MFCC),0.013492724867724865,0.006891617476818639
baseline,mRMR,30,tqwt_TKEO_std_dec_11 (TQWT),0.012406854615809836,0.013475424119037816
baseline,mRMR,30,std_8th_delta_delta (MFCC),0.011902090209020902,0.00904282958888793
baseline,mRMR,30,tqwt_minValue_dec_12 (TQWT),0.011751375137513754,0.009505074423459015
baseline,mRMR,30,tqwt_stdValue_dec_11 (TQWT),0.011714814814814815,0.010844125298040951
baseline,mRMR,30,std_11th_delta_delta (MFCC),0.011400326797385622,0.010439153035766193
baseline,mRMR,30,tqwt_kurtosisValue_dec_34 (TQWT),0.010913703703703703,0.010506530292091207
baseline,mRMR,30,std_9th_delta (MFCC),0.010467991169977927,0.008126943801184498
baseline,mRMR,30,f1 (Formant Frequency),0.010258169934640522,0.007702811943277944
baseline,mRMR,30,tqwt_kurtosisValue_dec_35 (TQWT),0.010245555555555556,0.010368865616103368
baseline,mRMR,30,tqwt_meanValue_dec_5 (TQWT),0.009473856209150327,0.007247532289421394
baseline,mRMR,30,tqwt_energy_dec_11 (TQWT),0.009208553791887125,0.010509297626193924
baseline,mRMR,30,std_11th_delta (MFCC),0.009133986928104574,0.009175674577706443
baseline,mRMR,30,tqwt_energy_dec_12 (TQWT),0.008525555555555555,0.014405492513303867
baseline,mRMR,30,tqwt_maxValue_dec_12 (TQWT),0.008500544662309368,0.007837936077885709
baseline,mRMR,30,tqwt_entropy_shannon_dec_12 (TQWT),0.008409586056644878,0.006598056679614586
baseline,mRMR,30,tqwt_kurtosisValue_dec_36 (TQWT),0.008178828081813154,0.00682021669232507
baseline,mRMR,30,tqwt_entropy_shannon_dec_35 (TQWT),0.008144664466446645,0.012739741864037922
baseline,mRMR,30,tqwt_kurtosisValue_dec_27 (TQWT),0.008130070546737214,0.008962873202061006
baseline,mRMR,30,tqwt_kurtosisValue_dec_25 (TQWT),0.007912222222222223,0.006593380650824104
baseline,mRMR,30,tqwt_maxValue_dec_11 (TQWT),0.007552469135802468,0.007684639347502267
baseline,mRMR,30,std_8th_delta (MFCC),0.007524046434494195,0.007675137502664667
baseline,mRMR,30,tqwt_meanValue_dec_11 (TQWT),0.00734013605442177,0.0076899061504264775
baseline,mRMR,30,tqwt_TKEO_std_dec_7 (TQWT),0.007281179138321994,0.0059844993433088535
baseline,mRMR,30,tqwt_TKEO_mean_dec_11 (TQWT),0.0071150000000000015,0.006160586128108524
baseline,mRMR,30,std_5th_delta (MFCC),0.007055555555555555,0.006542315273468531
baseline,mRMR,30,tqwt_energy_dec_15 (TQWT),0.006132309941520468,0.006526243736961234
baseline,mRMR,30,tqwt_minValue_dec_11 (TQWT),0.006129629629629629,0.006661736724933872
baseline,mRMR,30,tqwt_meanValue_dec_7 (TQWT),0.006095238095238095,0.0058132072899075085
baseline,mRMR,30,tqwt_entropy_shannon_dec_34 (TQWT),0.005917910447761195,0.007254225472793686
baseline,mRMR,30,tqwt_kurtosisValue_dec_28 (TQWT),0.005784313725490196,0.00534780391450045
baseline,mRMR,30,std_MFCC_6th_coef (MFCC),0.005449999999999998,0.0033695321935810945
baseline,mRMR,30,tqwt_TKEO_mean_dec_34 (TQWT),0.005282135076252723,0.007865631460789146
baseline,mRMR,30,std_10th_delta_delta (MFCC),0.005240740740740742,0.0038412812765214336
baseline,mRMR,30,std_12th_delta_delta (MFCC),0.00502723311546841,0.004548972375935559
baseline,mRMR,30,tqwt_energy_dec_13 (TQWT),0.0047167755991285405,0.004365437401216722
baseline,mRMR,30,tqwt_TKEO_mean_dec_7 (TQWT),0.004174603174603175,0.003958995178186391
baseline,mRMR,30,tqwt_entropy_shannon_dec_7 (TQWT),0.0039353741496598645,0.0033961237293314863
baseline,mRMR,30,f2 (Formant Frequency),0.002071895424836601,0.0019683872849650223
baseline_male,mRMR,30,std_delta_delta_log_energy (MFCC),0.026925213675213673,0.028924302699598906
baseline_male,mRMR,30,tqwt_entropy_log_dec_12 (TQWT),0.025126984126984126,0.02142148658485418
baseline_male,mRMR,30,std_delta_log_energy (MFCC),0.025055555555555557,0.03133837395139083
baseline_male,mRMR,30,tqwt_kurtosisValue_dec_20 (TQWT),0.02118412698412698,0.014033935591588276
baseline_male,mRMR,30,tqwt_energy_dec_26 (TQWT),0.02086825396825397,0.01255131976320131
baseline_male,mRMR,30,tqwt_energy_dec_6 (TQWT),0.01847342995169082,0.010586657004289658
baseline_male,mRMR,30,tqwt_entropy_log_dec_27 (TQWT),0.017182539682539678,0.021465641944425615
baseline_male,mRMR,30,tqwt_meanValue_dec_36 (TQWT),0.01698666666666667,0.00790501798285806
baseline_male,mRMR,30,std_6th_delta_delta (MFCC),0.016265811965811963,0.01460815915968942
baseline_male,mRMR,30,tqwt_entropy_log_dec_33 (TQWT),0.016261574074074067,0.010567349631698914
baseline_male,mRMR,30,std_7th_delta_delta (MFCC),0.015158119658119657,0.011094962118075317
baseline_male,mRMR,30,tqwt_kurtosisValue_dec_18 (TQWT),0.014213333333333335,0.011153500373002662
baseline_male,mRMR,30,std_6th_delta (MFCC),0.014125129802699896,0.011970094616613025
baseline_male,mRMR,30,tqwt_stdValue_dec_12 (TQWT),0.013232758620689658,0.014964889533268886
baseline_male,mRMR,30,tqwt_energy_dec_7 (TQWT),0.013130023640661938,0.01480606230674392
baseline_male,mRMR,30,std_9th_delta_delta (MFCC),0.012896153846153847,0.0114539725434316
baseline_male,mRMR,30,tqwt_entropy_log_dec_34 (TQWT),0.012310185185185184,0.01205524274274503
baseline_male,mRMR,30,DFA (Baseline),0.011994212962962963,0.009179349420655989
baseline_male,mRMR,30,locPctJitter (Baseline),0.0116725768321513,0.010615678195508862
baseline_male,mRMR,30,tqwt_energy_dec_25 (TQWT),0.01149884259259259,0.0117462403932154
baseline_male,mRMR,30,tqwt_kurtosisValue_dec_34 (TQWT),0.011434920634920635,0.010808098329213001
baseline_male,mRMR,30,tqwt_energy_dec_21 (TQWT),0.011273148148148147,0.011401215703908018
baseline_male,mRMR,30,std_7th_delta (MFCC),0.011165384615384615,0.006576527384099463
baseline_male,mRMR,30,std_8th_delta_delta (MFCC),0.010970649895178196,0.0072128044269261045
baseline_male,mRMR,30,f1 (Formant Frequency),0.010536507936507938,0.007499287037065995
baseline_male,mRMR,30,tqwt_stdValue_dec_11 (TQWT),0.010138117283950617,0.009985083591038715
baseline_male,mRMR,30,tqwt_kurtosisValue_dec_35 (TQWT),0.00971904761904762,0.010080835278784032
baseline_male,mRMR,30,tqwt_meanValue_dec_5 (TQWT),0.009432367149758453,0.0073141079786498515
baseline_male,mRMR,30,tqwt_entropy_shannon_dec_35 (TQWT),0.00925141242937853,0.014895417388175151
baseline_male,mRMR,30,tqwt_TKEO_std_dec_11 (TQWT),0.009249122807017542,0.01459965633138829
baseline_male,mRMR,30,mean_MFCC_2nd_coef (MFCC),0.009176495726495724,0.011304722327423751
baseline_male,mRMR,30,std_11th_delta_delta (MFCC),0.009128703703703703,0.007150024645978444
baseline_male,mRMR,30,tqwt_entropy_log_dec_26 (TQWT),0.008422118380062306,0.009436225569497709
baseline_male,mRMR,30,tqwt_energy_dec_11 (TQWT),0.008226495726495725,0.010166950224281655
baseline_male,mRMR,30,tqwt_kurtosisValue_dec_25 (TQWT),0.008050925925925927,0.005340930540335576
baseline_male,mRMR,30,tqwt_kurtosisValue_dec_26 (TQWT),0.00796068376068376,0.009476019046926474
baseline_male,mRMR,30,std_9th_delta (MFCC),0.007853677621283254,0.005864749480047371
baseline_male,mRMR,30,tqwt_minValue_dec_12 (TQWT),0.0075482180293501054,0.00965961790058287
baseline_male,mRMR,30,tqwt_kurtosisValue_dec_36 (TQWT),0.007485185185185185,0.00596124181912685
baseline_male,mRMR,30,tqwt_energy_dec_12 (TQWT),0.007193089430894309,0.013778219103484484
baseline_male,mRMR,30,std_5th_delta (MFCC),0.007159722222222222,0.00635562161053803
baseline_male,mRMR,30,std_11th_delta (MFCC),0.007068888888888886,0.006289386009490621
baseline_male,mRMR,30,tqwt_meanValue_dec_11 (TQWT),0.006722222222222222,0.007252995024069168
baseline_male,mRMR,30,std_8th_delta (MFCC),0.006676608187134503,0.007301815445448138
baseline_male,mRMR,30,tqwt_maxValue_dec_12 (TQWT),0.006594827586206895,0.006471153723224374
baseline_male,mRMR,30,tqwt_TKEO_mean_dec_11 (TQWT),0.006471014492753623,0.0072213556701152615
baseline_male,mRMR,30,tqwt_kurtosisValue_dec_28 (TQWT),0.0064095238095238085,0.005394235040556879
baseline_male,mRMR,30,tqwt_entropy_shannon_dec_34 (TQWT),0.006324867724867724,0.007541787264297099
baseline_male,mRMR,30,tqwt_maxValue_dec_11 (TQWT),0.006272649572649572,0.008673100478524947
baseline_male,mRMR,30,tqwt_TKEO_std_dec_7 (TQWT),0.006258454106280193,0.004900358149499824
baseline_male,mRMR,30,std_MFCC_6th_coef (MFCC),0.005993055555555557,0.00347306171385301
baseline_male,mRMR,30,tqwt_TKEO_mean_dec_34 (TQWT),0.005646031746031746,0.008934821418530635
baseline_male,mRMR,30,tqwt_TKEO_std_dec_12 (TQWT),0.005573333333333334,0.0069376913711667485
baseline_male,mRMR,30,tqwt_kurtosisValue_dec_27 (TQWT),0.005565384615384615,0.00753304145590218
baseline_male,mRMR,30,tqwt_meanValue_dec_7 (TQWT),0.005352657004830917,0.004497052069259457
baseline_male,mRMR,30,tqwt_minValue_dec_11 (TQWT),0.005318840579710144,0.008308282894139318
baseline_male,mRMR,30,tqwt_energy_dec_15 (TQWT),0.00385108024691358,0.004268909157026711
baseline_male,mRMR,30,tqwt_energy_dec_13 (TQWT),0.0036537037037037033,0.0036391576655965324
baseline_male,mRMR,30,tqwt_entropy_shannon_dec_7 (TQWT),0.003606280193236715,0.002871423751076408
baseline_male,mRMR,30,tqwt_TKEO_mean_dec_7 (TQWT),0.003572463768115942,0.0032100330690869837
baseline_male,mRMR,30,std_12th_delta_delta (MFCC),0.0035711111111111117,0.004386641382951497
baseline_male,mRMR,30,std_10th_delta_delta (MFCC),0.0027711111111111118,0.0020913401692942498
baseline_male,mRMR,30,tqwt_entropy_shannon_dec_12 (TQWT),0.002622222222222222,0.00309039650377594
baseline_male,mRMR,30,f2 (Formant Frequency),0.0018317460317460318,0.001914365290323261
baseline_female,mRMR,30,std_delta_delta_log_energy (MFCC),0.03778051001821493,0.02703368049111962
baseline_female,mRMR,30,std_delta_log_energy (MFCC),0.034807539682539676,0.024910488939438483
baseline_female,mRMR,30,tqwt_meanValue_dec_36 (TQWT),0.028933760683760683,0.012841646819348873
baseline_female,mRMR,30,tqwt_entropy_log_dec_12 (TQWT),0.02784722222222222,0.019686936102722718
baseline_female,mRMR,30,tqwt_entropy_log_dec_27 (TQWT),0.02611111111111111,0.025538487465031595
baseline_female,mRMR,30,tqwt_energy_dec_26 (TQWT),0.025763888888888888,0.01830513089761668
baseline_female,mRMR,30,tqwt_kurtosisValue_dec_18 (TQWT),0.024147435897435898,0.015008703121394911
baseline_female,mRMR,30,mean_MFCC_2nd_coef (MFCC),0.02169581056466302,0.01573299572219027
baseline_female,mRMR,30,tqwt_entropy_log_dec_26 (TQWT),0.021686761229314424,0.02086876915320292
baseline_female,mRMR,30,tqwt_energy_dec_25 (TQWT),0.021256172839506173,0.01671400254020683
baseline_female,mRMR,30,std_6th_delta_delta (MFCC),0.020878870673952644,0.016646647057726296
baseline_female,mRMR,30,tqwt_stdValue_dec_12 (TQWT),0.02086489898989899,0.015746967242723554
baseline_female,mRMR,30,tqwt_entropy_log_dec_33 (TQWT),0.0205042735042735,0.013847394782064322
baseline_female,mRMR,30,std_7th_delta_delta (MFCC),0.019691256830601092,0.010917554715829305
baseline_female,mRMR,30,tqwt_kurtosisValue_dec_26 (TQWT),0.01953688524590164,0.016996107249201777
baseline_female,mRMR,30,std_6th_delta (MFCC),0.019381365740740744,0.012811700547227836
baseline_female,mRMR,30,tqwt_energy_dec_6 (TQWT),0.019335317460317462,0.01891355474018707
baseline_female,mRMR,30,tqwt_kurtosisValue_dec_20 (TQWT),0.018364583333333333,0.01006225634038283
baseline_female,mRMR,30,std_9th_delta_delta (MFCC),0.018079234972677594,0.017150939905037844
baseline_female,mRMR,30,tqwt_TKEO_std_dec_12 (TQWT),0.01703418803418803,0.011424870941401308
baseline_female,mRMR,30,DFA (Baseline),0.016831275720164608,0.012948802775719167
baseline_female,mRMR,30,tqwt_energy_dec_21 (TQWT),0.016653846153846154,0.010448829799458126
baseline_female,mRMR,30,locPctJitter (Baseline),0.015141025641025636,0.014707337961338066
baseline_female,mRMR,30,tqwt_energy_dec_7 (TQWT),0.014969017094017096,0.012804832260005375
baseline_female,mRMR,30,std_7th_delta (MFCC),0.01493488160291439,0.008513196526575607
baseline_female,mRMR,30,tqwt_minValue_dec_12 (TQWT),0.013983796296296295,0.0099769152720033
baseline_female,mRMR,30,tqwt_TKEO_std_dec_11 (TQWT),0.013862683438155133,0.013186162469949697
baseline_female,mRMR,30,tqwt_entropy_log_dec_34 (TQWT),0.013326923076923078,0.01557888371567802
baseline_female,mRMR,30,std_8th_delta_delta (MFCC),0.01302835648148148,0.011549715222393746
baseline_female,mRMR,30,tqwt_stdValue_dec_11 (TQWT),0.012366809116809119,0.011649760690976323
baseline_female,mRMR,30,tqwt_meanValue_dec_5 (TQWT),0.01230952380952381,0.008092633984308064
baseline_female,mRMR,30,std_9th_delta (MFCC),0.012076388888888892,0.011281063232211555
baseline_female,mRMR,30,tqwt_entropy_shannon_dec_12 (TQWT),0.011384615384615387,0.00702018876406114
baseline_female,mRMR,30,tqwt_maxValue_dec_12 (TQWT),0.01125378787878788,0.009430034891851215
baseline_female,mRMR,30,std_11th_delta_delta (MFCC),0.010734126984126981,0.01084171324246062
baseline_female,mRMR,30,tqwt_energy_dec_12 (TQWT),0.010621732026143789,0.015117294418203019
baseline_female,mRMR,30,tqwt_energy_dec_11 (TQWT),0.010039162112932607,0.010118896650969813
baseline_female,mRMR,30,tqwt_kurtosisValue_dec_34 (TQWT),0.009733333333333335,0.0087012612839286
baseline_female,mRMR,30,tqwt_TKEO_std_dec_7 (TQWT),0.009504273504273504,0.007068617224418753
baseline_female,mRMR,30,tqwt_maxValue_dec_11 (TQWT),0.009298269581056466,0.00737904392417402
baseline_female,mRMR,30,tqwt_kurtosisValue_dec_35 (TQWT),0.00888472222222222,0.009129697120827921
baseline_female,mRMR,30,tqwt_entropy_shannon_dec_35 (TQWT),0.008629629629629631,0.00773091596955982
baseline_female,mRMR,30,std_11th_delta (MFCC),0.008544871794871796,0.01119764305611721
baseline_female,mRMR,30,tqwt_kurtosisValue_dec_36 (TQWT),0.008285300925925925,0.00796820943384409
baseline_female,mRMR,30,tqwt_meanValue_dec_11 (TQWT),0.008264957264957266,0.006977051431603946
baseline_female,mRMR,30,tqwt_kurtosisValue_dec_27 (TQWT),0.00791848816029144,0.008829397142665155
baseline_female,mRMR,30,std_8th_delta (MFCC),0.007489517819706498,0.007740652142792667
baseline_female,mRMR,30,std_5th_delta (MFCC),0.007397435897435897,0.005886261474660648
baseline_female,mRMR,30,f1 (Formant Frequency),0.0072430555555555555,0.006140875559712469
baseline_female,mRMR,30,tqwt_minValue_dec_11 (TQWT),0.007061507936507937,0.0054315615265843635
baseline_female,mRMR,30,tqwt_energy_dec_15 (TQWT),0.006841666666666666,0.007029487271940189
baseline_female,mRMR,30,std_12th_delta_delta (MFCC),0.0066346153846153855,0.006017234608365568
baseline_female,mRMR,30,tqwt_meanValue_dec_7 (TQWT),0.006470085470085471,0.006245965138557893
baseline_female,mRMR,30,tqwt_TKEO_mean_dec_11 (TQWT),0.0064207818930041155,0.006250002087433301
baseline_female,mRMR,30,tqwt_entropy_shannon_dec_34 (TQWT),0.006382523148148148,0.006412744952938688
baseline_female,mRMR,30,tqwt_kurtosisValue_dec_25 (TQWT),0.006311965811965812,0.008251518683706691
baseline_female,mRMR,30,tqwt_TKEO_mean_dec_34 (TQWT),0.005552083333333333,0.005783133159206681
baseline_female,mRMR,30,std_MFCC_6th_coef (MFCC),0.0055170940170940165,0.003509273402714558
baseline_female,mRMR,30,tqwt_energy_dec_13 (TQWT),0.005460317460317459,0.00496464963836785
baseline_female,mRMR,30,tqwt_kurtosisValue_dec_28 (TQWT),0.005069444444444444,0.004561353918146217
baseline_female,mRMR,30,tqwt_entropy_shannon_dec_7 (TQWT),0.004741452991452992,0.0037789428952300142
baseline_female,mRMR,30,tqwt_TKEO_mean_dec_7 (TQWT),0.004555555555555557,0.0041636497014012645
baseline_female,mRMR,30,std_10th_delta_delta (MFCC),0.004465811965811966,0.004368766140012257
baseline_female,mRMR,30,f2 (Formant Frequency),0.003559027777777777,0.003027355496828299
baseline,mRMR,40,std_delta_delta_log_energy (MFCC),0.02922045855379188,0.02521451983720776
baseline,mRMR,40,std_delta_log_energy (MFCC),0.025237777777777776,0.02212495212991201
baseline,mRMR,40,tqwt_kurtosisValue_dec_18 (TQWT),0.01973856209150327,0.010280118435763255
baseline,mRMR,40,tqwt_entropy_log_dec_12 (TQWT),0.01970697167755991,0.015266612394369732
baseline,mRMR,40,tqwt_energy_dec_25 (TQWT),0.01840740740740741,0.015265081991023617
baseline,mRMR,40,std_7th_delta_delta (MFCC),0.01830864197530864,0.01135303346801872
baseline,mRMR,40,tqwt_energy_dec_26 (TQWT),0.017664488017429196,0.013276730002140807
baseline,mRMR,40,tqwt_entropy_log_dec_27 (TQWT),0.017171023965141616,0.017648078061126515
baseline,mRMR,40,tqwt_entropy_log_dec_33 (TQWT),0.016853333333333335,0.013599810829056768
baseline,mRMR,40,std_6th_delta_delta (MFCC),0.01587191358024691,0.01229997351400431
baseline,mRMR,40,tqwt_kurtosisValue_dec_20 (TQWT),0.015668845315904137,0.011179113692129563
baseline,mRMR,40,tqwt_meanValue_dec_36 (TQWT),0.015541394335511983,0.009000107233071201
baseline,mRMR,40,tqwt_entropy_log_dec_26 (TQWT),0.015296296296296296,0.013974988571222854
baseline,mRMR,40,tqwt_entropy_log_dec_35 (TQWT),0.014487777777777777,0.01414435137656666
baseline,mRMR,40,mean_MFCC_2nd_coef (MFCC),0.014484347442680774,0.014748415477194613
baseline,mRMR,40,tqwt_kurtosisValue_dec_26 (TQWT),0.013579144620811289,0.013860190321036305
baseline,mRMR,40,tqwt_energy_dec_21 (TQWT),0.013358888888888887,0.00909969918348557
baseline,mRMR,40,tqwt_energy_dec_6 (TQWT),0.012879084967320261,0.008202932262015726
baseline,mRMR,40,tqwt_stdValue_dec_12 (TQWT),0.012603135313531353,0.010609763305067512
baseline,mRMR,40,std_9th_delta_delta (MFCC),0.012590167548500881,0.011455412698354605
baseline,mRMR,40,std_6th_delta (MFCC),0.012553571428571428,0.00901015470956273
baseline,mRMR,40,tqwt_energy_dec_7 (TQWT),0.012474747474747475,0.009969153728954431
baseline,mRMR,40,DFA (Baseline),0.01222549019607843,0.008957549564661332
baseline,mRMR,40,locPctJitter (Baseline),0.0104006734006734,0.01094043349829362
baseline,mRMR,40,std_8th_delta_delta (MFCC),0.010277227722772278,0.007490316144071575
baseline,mRMR,40,std_7th_delta (MFCC),0.010248456790123458,0.006364680570401932
baseline,mRMR,40,std_11th_delta_delta (MFCC),0.009914488017429193,0.008855511120490916
baseline,mRMR,40,tqwt_kurtosisValue_dec_34 (TQWT),0.009071111111111111,0.008164268999425269
baseline,mRMR,40,tqwt_minValue_dec_12 (TQWT),0.009061507936507939,0.008926249282806512
baseline,mRMR,40,f1 (Formant Frequency),0.008374727668845314,0.007037267156872043
baseline,mRMR,40,tqwt_kurtosisValue_dec_27 (TQWT),0.008272486772486773,0.010195511929573688
baseline,mRMR,40,tqwt_energy_dec_11 (TQWT),0.008180335097001765,0.009492464218748501
baseline,mRMR,40,std_12th_delta (MFCC),0.008168845315904139,0.006986881685709062
baseline,mRMR,40,tqwt_meanValue_dec_5 (TQWT),0.008091503267973858,0.005143799892159625
baseline,mRMR,40,tqwt_maxValue_dec_12 (TQWT),0.007989698307579103,0.007229794468398784
baseline,mRMR,40,tqwt_TKEO_std_dec_7 (TQWT),0.007930839002267577,0.006248008618441913
baseline,mRMR,40,tqwt_entropy_shannon_dec_11 (TQWT),0.00780514096185738,0.007852914742052868
baseline,mRMR,40,tqwt_energy_dec_12 (TQWT),0.00777667219458264,0.01081314949719534
baseline,mRMR,40,tqwt_kurtosisValue_dec_36 (TQWT),0.00777314814814815,0.006572957332075215
baseline,mRMR,40,std_4th_delta (MFCC),0.007710740740740739,0.006210375660500573
baseline,mRMR,40,tqwt_TKEO_std_dec_12 (TQWT),0.007697167755991286,0.004607846644317711
baseline,mRMR,40,mean_delta_log_energy (MFCC),0.007648888888888889,0.006885722853810479
baseline,mRMR,40,tqwt_entropy_log_dec_34 (TQWT),0.00761111111111111,0.008940184955552644
baseline,mRMR,40,tqwt_TKEO_std_dec_11 (TQWT),0.007494195688225542,0.007826067731126861
baseline,mRMR,40,tqwt_stdValue_dec_11 (TQWT),0.00711662257495591,0.006072710159468208
baseline,mRMR,40,tqwt_kurtosisValue_dec_35 (TQWT),0.006943703703703704,0.007956928479328773
baseline,mRMR,40,tqwt_energy_dec_13 (TQWT),0.006915708812260537,0.006712133301418105
baseline,mRMR,40,tqwt_maxValue_dec_11 (TQWT),0.006839065255731923,0.00837811610688058
baseline,mRMR,40,tqwt_stdValue_dec_6 (TQWT),0.006778333333333335,0.005720953893560778
baseline,mRMR,40,std_9th_delta (MFCC),0.006748456790123457,0.005017529738762555
baseline,mRMR,40,tqwt_TKEO_mean_dec_34 (TQWT),0.006411764705882352,0.008337807106654676
baseline,mRMR,40,std_12th_delta_delta (MFCC),0.00627124183006536,0.004935075100623556
baseline,mRMR,40,tqwt_TKEO_mean_dec_12 (TQWT),0.0060795206971677555,0.004994846941357444
baseline,mRMR,40,std_10th_delta_delta (MFCC),0.006042354235423542,0.004795950544919583
baseline,mRMR,40,std_8th_delta (MFCC),0.005772927689594355,0.00552342224273914
baseline,mRMR,40,tqwt_entropy_shannon_dec_35 (TQWT),0.005707370737073706,0.008997699850136763
baseline,mRMR,40,std_5th_delta (MFCC),0.0052966666666666665,0.004771937840455309
baseline,mRMR,40,tqwt_stdValue_dec_34 (TQWT),0.005254901960784314,0.012406095506256364
baseline,mRMR,40,tqwt_entropy_shannon_dec_34 (TQWT),0.005052238805970149,0.005829091010744041
baseline,mRMR,40,tqwt_TKEO_mean_dec_11 (TQWT),0.005027777777777779,0.004404818004460759
baseline,mRMR,40,std_MFCC_6th_coef (MFCC),0.0048993399339934,0.0034644796342431857
baseline,mRMR,40,tqwt_energy_dec_14 (TQWT),0.004669934640522877,0.004747901605914208
baseline,mRMR,40,tqwt_meanValue_dec_7 (TQWT),0.004493197278911565,0.004982498958532091
baseline,mRMR,40,tqwt_energy_dec_15 (TQWT),0.004346125730994152,0.004760851710647456
baseline,mRMR,40,tqwt_stdValue_dec_7 (TQWT),0.00432766439909297,0.004935906360583783
baseline,mRMR,40,tqwt_kurtosisValue_dec_28 (TQWT),0.004132309941520467,0.003952624070868043
baseline,mRMR,40,tqwt_entropy_shannon_dec_12 (TQWT),0.0041132897603485844,0.0032232736888050174
baseline,mRMR,40,tqwt_meanValue_dec_11 (TQWT),0.004090702947845805,0.006169326567296973
baseline,mRMR,40,tqwt_TKEO_mean_dec_7 (TQWT),0.004030612244897959,0.004345785603837562
baseline,mRMR,40,std_11th_delta (MFCC),0.003834967320261437,0.0038422321346720206
baseline,mRMR,40,tqwt_TKEO_std_dec_34 (TQWT),0.003782135076252723,0.004638475352806504
baseline,mRMR,40,tqwt_medianValue_dec_10 (TQWT),0.003697777777777777,0.003754856992159419
baseline,mRMR,40,tqwt_minValue_dec_11 (TQWT),0.003696496989600438,0.0038700537367211984
baseline,mRMR,40,std_MFCC_8th_coef (MFCC),0.0033779956427015243,0.002310430086410626
baseline,mRMR,40,tqwt_kurtosisValue_dec_25 (TQWT),0.0032444444444444448,0.0028045761759526795
baseline,mRMR,40,std_10th_delta (MFCC),0.0030390539053905393,0.002982584328715198
baseline,mRMR,40,f2 (Formant Frequency),0.002850762527233115,0.0026813032665337516
baseline,mRMR,40,tqwt_entropy_shannon_dec_7 (TQWT),0.002098639455782313,0.002329069416373513
baseline_male,mRMR,40,std_delta_delta_log_energy (MFCC),0.026541025641025635,0.026363254032538266
baseline_male,mRMR,40,tqwt_kurtosisValue_dec_20 (TQWT),0.018304761904761907,0.012728687087420877
baseline_male,mRMR,40,std_delta_log_energy (MFCC),0.016989130434782607,0.024545934945580952
baseline_male,mRMR,40,tqwt_entropy_log_dec_12 (TQWT),0.016530158730158732,0.017111886409500753
baseline_male,mRMR,40,tqwt_kurtosisValue_dec_18 (TQWT),0.01570222222222222,0.01063721628859592
baseline_male,mRMR,40,tqwt_energy_dec_26 (TQWT),0.014819047619047617,0.011095619618807898
baseline_male,mRMR,40,tqwt_entropy_log_dec_27 (TQWT),0.014146031746031745,0.01676376675038685
baseline_male,mRMR,40,std_7th_delta_delta (MFCC),0.014021794871794873,0.009840778740469807
baseline_male,mRMR,40,std_6th_delta_delta (MFCC),0.013665811965811967,0.010978244402788247
baseline_male,mRMR,40,tqwt_entropy_log_dec_33 (TQWT),0.013030092592592593,0.009426153407749275
baseline_male,mRMR,40,tqwt_energy_dec_21 (TQWT),0.012738425925925926,0.010713797956745897
baseline_male,mRMR,40,std_6th_delta (MFCC),0.012563675213675215,0.009514597672161904
baseline_male,mRMR,40,tqwt_energy_dec_6 (TQWT),0.012531400966183574,0.008206648596008304
baseline_male,mRMR,40,tqwt_entropy_log_dec_35 (TQWT),0.012405092592592593,0.01015824812647981
baseline_male,mRMR,40,tqwt_meanValue_dec_36 (TQWT),0.012104444444444444,0.008138339054288814
baseline_male,mRMR,40,tqwt_energy_dec_25 (TQWT),0.011635416666666664,0.011098117341584718
baseline_male,mRMR,40,std_9th_delta_delta (MFCC),0.010506837606837608,0.00979929020474616
baseline_male,mRMR,40,tqwt_energy_dec_7 (TQWT),0.010378250591016547,0.009457441838259285
baseline_male,mRMR,40,mean_MFCC_2nd_coef (MFCC),0.009981623931623931,0.012785785505034307
baseline_male,mRMR,40,DFA (Baseline),0.009800925925925926,0.007032151652789032
baseline_male,mRMR,40,tqwt_kurtosisValue_dec_34 (TQWT),0.009528571428571428,0.009283429388627898
baseline_male,mRMR,40,tqwt_entropy_log_dec_26 (TQWT),0.00910851505711319,0.009604798976466484
baseline_male,mRMR,40,mean_delta_log_energy (MFCC),0.008863425925925922,0.008416408743730343
baseline_male,mRMR,40,std_8th_delta_delta (MFCC),0.0087625786163522,0.006827141206402544
baseline_male,mRMR,40,f1 (Formant Frequency),0.00871111111111111,0.0063228348658446515
baseline_male,mRMR,40,std_11th_delta_delta (MFCC),0.008700925925925928,0.006721647058207945
baseline_male,mRMR,40,tqwt_meanValue_dec_5 (TQWT),0.008594202898550724,0.005998057846132114
baseline_male,mRMR,40,tqwt_stdValue_dec_12 (TQWT),0.008446540880503142,0.011367446044165905
baseline_male,mRMR,40,tqwt_TKEO_std_dec_7 (TQWT),0.008065217391304346,0.0064669355987706685
baseline_male,mRMR,40,std_7th_delta (MFCC),0.00793076923076923,0.005849211513351889
baseline_male,mRMR,40,tqwt_stdValue_dec_34 (TQWT),0.007930158730158732,0.013677114146026981
baseline_male,mRMR,40,tqwt_energy_dec_11 (TQWT),0.007849572649572648,0.009639889550173943
baseline_male,mRMR,40,std_4th_delta (MFCC),0.007337962962962963,0.004793161490236908
baseline_male,mRMR,40,tqwt_kurtosisValue_dec_35 (TQWT),0.006883333333333333,0.007606781055238053
baseline_male,mRMR,40,tqwt_entropy_shannon_dec_11 (TQWT),0.00671578947368421,0.007877641905415058
baseline_male,mRMR,40,tqwt_entropy_log_dec_34 (TQWT),0.006578014184397163,0.008249039222349522
baseline_male,mRMR,40,tqwt_minValue_dec_12 (TQWT),0.006487179487179487,0.008000694826240683
baseline_male,mRMR,40,tqwt_entropy_shannon_dec_35 (TQWT),0.00634934086629002,0.01048824925111328
baseline_male,mRMR,40,tqwt_kurtosisValue_dec_36 (TQWT),0.006322222222222223,0.004948984721764091
baseline_male,mRMR,40,tqwt_TKEO_mean_dec_34 (TQWT),0.006312698412698412,0.009293978821153097
baseline_male,mRMR,40,locPctJitter (Baseline),0.006306146572104017,0.0059255173276757354
baseline_male,mRMR,40,tqwt_energy_dec_12 (TQWT),0.006156084656084655,0.009634494793662834
baseline_male,mRMR,40,tqwt_TKEO_std_dec_11 (TQWT),0.006084210526315789,0.009366041583705352
baseline_male,mRMR,40,tqwt_stdValue_dec_11 (TQWT),0.0059585470085470075,0.006249586529362347
baseline_male,mRMR,40,tqwt_maxValue_dec_11 (TQWT),0.005884615384615385,0.009668916046401433
baseline_male,mRMR,40,std_5th_delta (MFCC),0.005877314814814815,0.004054691930040994
baseline_male,mRMR,40,tqwt_stdValue_dec_6 (TQWT),0.005863526570048308,0.006460631150988156
baseline_male,mRMR,40,std_12th_delta (MFCC),0.005857777777777779,0.005548089878625012
baseline_male,mRMR,40,tqwt_energy_dec_13 (TQWT),0.0057855659397715465,0.007175863965107279
baseline_male,mRMR,40,tqwt_kurtosisValue_dec_26 (TQWT),0.005740598290598291,0.00762105137702701
baseline_male,mRMR,40,std_9th_delta (MFCC),0.0055175213675213676,0.0042536229642699125
baseline_male,mRMR,40,tqwt_maxValue_dec_12 (TQWT),0.0054869684499314125,0.006924288130636994
baseline_male,mRMR,40,std_MFCC_6th_coef (MFCC),0.0053809523809523795,0.0040027102690198425
baseline_male,mRMR,40,tqwt_kurtosisValue_dec_27 (TQWT),0.005293162393162393,0.007588398139097764
baseline_male,mRMR,40,std_12th_delta_delta (MFCC),0.0050092592592592584,0.004699095524477601
baseline_male,mRMR,40,tqwt_TKEO_mean_dec_11 (TQWT),0.004999999999999999,0.004935841408881095
baseline_male,mRMR,40,tqwt_stdValue_dec_7 (TQWT),0.0048526570048309185,0.005439847549878429
baseline_male,mRMR,40,std_8th_delta (MFCC),0.004799572649572649,0.005028673832517463
baseline_male,mRMR,40,tqwt_entropy_shannon_dec_34 (TQWT),0.004631746031746031,0.00540965307348751
baseline_male,mRMR,40,tqwt_kurtosisValue_dec_25 (TQWT),0.004481481481481481,0.003802185718853539
baseline_male,mRMR,40,std_10th_delta_delta (MFCC),0.004403563941299789,0.004159494717074003
baseline_male,mRMR,40,tqwt_TKEO_std_dec_34 (TQWT),0.004346031746031746,0.005586092660968953
baseline_male,mRMR,40,tqwt_kurtosisValue_dec_28 (TQWT),0.0043260582010581985,0.003973580856769419
baseline_male,mRMR,40,tqwt_medianValue_dec_10 (TQWT),0.003976851851851853,0.004266669010008485
baseline_male,mRMR,40,tqwt_TKEO_std_dec_12 (TQWT),0.003866666666666668,0.0028819360776317637
baseline_male,mRMR,40,tqwt_meanValue_dec_7 (TQWT),0.003821256038647342,0.004847875253922877
baseline_male,mRMR,40,tqwt_meanValue_dec_11 (TQWT),0.0036280193236714977,0.005809203941246482
baseline_male,mRMR,40,std_MFCC_8th_coef (MFCC),0.003552380952380952,0.002129277279694154
baseline_male,mRMR,40,tqwt_TKEO_mean_dec_7 (TQWT),0.003483091787439613,0.0034758909291367425
baseline_male,mRMR,40,tqwt_TKEO_mean_dec_12 (TQWT),0.0034199999999999986,0.005012923238929497
baseline_male,mRMR,40,std_11th_delta (MFCC),0.003308333333333333,0.0029967639799181
baseline_male,mRMR,40,tqwt_energy_dec_15 (TQWT),0.0032554012345679013,0.0036850450817164644
baseline_male,mRMR,40,tqwt_minValue_dec_11 (TQWT),0.003235202492211838,0.004352279491611824
baseline_male,mRMR,40,tqwt_energy_dec_14 (TQWT),0.003135265700483092,0.0030548198499453236
baseline_male,mRMR,40,tqwt_entropy_shannon_dec_12 (TQWT),0.0030088888888888878,0.002548315897590782
baseline_male,mRMR,40,std_10th_delta (MFCC),0.002647798742138364,0.002517341267380782
baseline_male,mRMR,40,f2 (Formant Frequency),0.0020936507936507942,0.0021641903760344153
baseline_male,mRMR,40,tqwt_entropy_shannon_dec_7 (TQWT),0.0015772946859903389,0.0019615544452351234
baseline_female,mRMR,40,std_delta_delta_log_energy (MFCC),0.03417395264116576,0.023120081114185523
baseline_female,mRMR,40,std_delta_log_energy (MFCC),0.03198148148148148,0.022180388504949678
baseline_female,mRMR,40,tqwt_entropy_log_dec_12 (TQWT),0.023430555555555548,0.017810462345260174
baseline_female,mRMR,40,tqwt_energy_dec_25 (TQWT),0.021856995884773665,0.01538632784776941
baseline_female,mRMR,40,tqwt_entropy_log_dec_33 (TQWT),0.02141880341880342,0.015445331222031355
baseline_female,mRMR,40,std_7th_delta_delta (MFCC),0.021154371584699454,0.012269180951988081
baseline_female,mRMR,40,tqwt_kurtosisValue_dec_18 (TQWT),0.020675213675213674,0.012437633665401598
baseline_female,mRMR,40,tqwt_meanValue_dec_36 (TQWT),0.019425213675213673,0.008408048068384976
baseline_female,mRMR,40,tqwt_energy_dec_26 (TQWT),0.01914583333333333,0.014960571702771215
baseline_female,mRMR,40,mean_MFCC_2nd_coef (MFCC),0.01881193078324226,0.01517176883541256
baseline_female,mRMR,40,tqwt_entropy_log_dec_26 (TQWT),0.018757683215130026,0.014265155172884968
baseline_female,mRMR,40,tqwt_entropy_log_dec_27 (TQWT),0.018600694444444447,0.012547533244587744
baseline_female,mRMR,40,tqwt_kurtosisValue_dec_26 (TQWT),0.017926684881602914,0.014920622489155695
baseline_female,mRMR,40,std_6th_delta_delta (MFCC),0.017875683060109292,0.01374719943487829
baseline_female,mRMR,40,tqwt_entropy_log_dec_35 (TQWT),0.01753846153846154,0.014494262264207814
baseline_female,mRMR,40,std_9th_delta_delta (MFCC),0.01508606557377049,0.014831594997518712
baseline_female,mRMR,40,tqwt_kurtosisValue_dec_20 (TQWT),0.014687499999999994,0.0073299980326322345
baseline_female,mRMR,40,std_6th_delta (MFCC),0.013913023679417123,0.008620818864511617
baseline_female,mRMR,40,tqwt_energy_dec_21 (TQWT),0.013886752136752141,0.009844735981418017
baseline_female,mRMR,40,DFA (Baseline),0.013554526748971193,0.009813281486279484
baseline_female,mRMR,40,tqwt_stdValue_dec_12 (TQWT),0.012886574074074075,0.009799769541835396
baseline_female,mRMR,40,tqwt_energy_dec_7 (TQWT),0.012729700854700854,0.008841684892479017
baseline_female,mRMR,40,tqwt_energy_dec_6 (TQWT),0.011938492063492064,0.010501761813111191
baseline_female,mRMR,40,locPctJitter (Baseline),0.01154594017094017,0.011750918117381949
baseline_female,mRMR,40,std_8th_delta_delta (MFCC),0.011064814814814814,0.009328657595823351
baseline_female,mRMR,40,tqwt_minValue_dec_12 (TQWT),0.011050546448087433,0.008474769322729885
baseline_female,mRMR,40,std_7th_delta (MFCC),0.010505919854280508,0.0067924690718610715
baseline_female,mRMR,40,tqwt_maxValue_dec_12 (TQWT),0.010219841269841268,0.008271040090253333
baseline_female,mRMR,40,std_11th_delta_delta (MFCC),0.009880952380952383,0.011374588776798474
baseline_female,mRMR,40,std_12th_delta (MFCC),0.009547008547008545,0.0069406834082160924
baseline_female,mRMR,40,tqwt_entropy_log_dec_34 (TQWT),0.009522633744855968,0.009054880335632782
baseline_female,mRMR,40,tqwt_energy_dec_12 (TQWT),0.009229745370370373,0.0109858413195104
baseline_female,mRMR,40,tqwt_TKEO_std_dec_12 (TQWT),0.008852564102564103,0.0051750024063424264
baseline_female,mRMR,40,tqwt_meanValue_dec_5 (TQWT),0.00884126984126984,0.005750671037143952
baseline_female,mRMR,40,tqwt_entropy_shannon_dec_11 (TQWT),0.008787735849056602,0.00781520262394924
baseline_female,mRMR,40,tqwt_kurtosisValue_dec_36 (TQWT),0.008624316939890709,0.007826336955497035
baseline_female,mRMR,40,std_4th_delta (MFCC),0.008618945868945868,0.006606739022044271
baseline_female,mRMR,40,tqwt_TKEO_std_dec_11 (TQWT),0.008474842767295597,0.008384327439354978
baseline_female,mRMR,40,tqwt_kurtosisValue_dec_27 (TQWT),0.008301001821493624,0.010456335341088361
baseline_female,mRMR,40,tqwt_kurtosisValue_dec_34 (TQWT),0.008215277777777778,0.0075228891645632255
baseline_female,mRMR,40,tqwt_energy_dec_11 (TQWT),0.008101548269581057,0.00902944249057837
baseline_female,mRMR,40,tqwt_maxValue_dec_11 (TQWT),0.008057832422586519,0.006503183459359534
baseline_female,mRMR,40,std_9th_delta (MFCC),0.007782331511839708,0.006161337489808101
baseline_female,mRMR,40,tqwt_TKEO_std_dec_7 (TQWT),0.007673076923076923,0.0059248201431346195
baseline_female,mRMR,40,tqwt_stdValue_dec_11 (TQWT),0.007258652094717669,0.006519485567086733
baseline_female,mRMR,40,std_12th_delta_delta (MFCC),0.007245884773662553,0.0060383008220490555
baseline_female,mRMR,40,f1 (Formant Frequency),0.0069722222222222225,0.006354512305058965
baseline_female,mRMR,40,mean_delta_log_energy (MFCC),0.006724358974358974,0.005779674474365923
baseline_female,mRMR,40,std_10th_delta_delta (MFCC),0.006542245370370369,0.005294286657204215
baseline_female,mRMR,40,tqwt_stdValue_dec_6 (TQWT),0.0065380658436213985,0.005222723175472577
baseline_female,mRMR,40,tqwt_entropy_shannon_dec_34 (TQWT),0.006127314814814813,0.006447935745784824
baseline_female,mRMR,40,std_8th_delta (MFCC),0.006112477231329688,0.005600882654558535
baseline_female,mRMR,40,tqwt_meanValue_dec_11 (TQWT),0.006085470085470086,0.005839714727815744
baseline_female,mRMR,40,tqwt_TKEO_mean_dec_12 (TQWT),0.006074786324786325,0.004280366216404263
baseline_female,mRMR,40,tqwt_kurtosisValue_dec_35 (TQWT),0.006000694444444444,0.006693920892988418
baseline_female,mRMR,40,tqwt_energy_dec_13 (TQWT),0.0058547453703703695,0.005030898012965289
baseline_female,mRMR,40,tqwt_stdValue_dec_7 (TQWT),0.0056410256410256415,0.004817677055388022
baseline_female,mRMR,40,tqwt_energy_dec_15 (TQWT),0.005540277777777778,0.005724050894200063
baseline_female,mRMR,40,tqwt_TKEO_mean_dec_7 (TQWT),0.005414529914529916,0.004938930338953253
baseline_female,mRMR,40,std_MFCC_6th_coef (MFCC),0.005356837606837608,0.003999482435958081
baseline_female,mRMR,40,tqwt_entropy_shannon_dec_35 (TQWT),0.0052499999999999995,0.005427123240416295
baseline_female,mRMR,40,tqwt_meanValue_dec_7 (TQWT),0.004878205128205128,0.00511926116073744
baseline_female,mRMR,40,std_MFCC_8th_coef (MFCC),0.004777777777777777,0.003284092566812277
baseline_female,mRMR,40,tqwt_TKEO_mean_dec_34 (TQWT),0.00470138888888889,0.00488411309018321
baseline_female,mRMR,40,std_5th_delta (MFCC),0.004690170940170941,0.0038184563904291495
baseline_female,mRMR,40,tqwt_TKEO_mean_dec_11 (TQWT),0.004634773662551441,0.004834548071477157
baseline_female,mRMR,40,tqwt_energy_dec_14 (TQWT),0.004581349206349206,0.004047285275856236
baseline_female,mRMR,40,std_11th_delta (MFCC),0.004324074074074074,0.005292691210236393
baseline_female,mRMR,40,tqwt_entropy_shannon_dec_12 (TQWT),0.004297008547008547,0.0035608144158884923
baseline_female,mRMR,40,tqwt_minValue_dec_11 (TQWT),0.004053819444444443,0.004076634372589924
baseline_female,mRMR,40,std_10th_delta (MFCC),0.003667245370370369,0.0034397220270934495
baseline_female,mRMR,40,tqwt_medianValue_dec_10 (TQWT),0.003636752136752137,0.003353375201960742
baseline_female,mRMR,40,tqwt_kurtosisValue_dec_28 (TQWT),0.003630718954248365,0.003406393699437386
baseline_female,mRMR,40,tqwt_TKEO_std_dec_34 (TQWT),0.0034687499999999996,0.002585112919418912
baseline_female,mRMR,40,tqwt_stdValue_dec_34 (TQWT),0.003434027777777779,0.0021511280188192183
baseline_female,mRMR,40,f2 (Formant Frequency),0.0030173611111111113,0.0031258548870070238
baseline_female,mRMR,40,tqwt_kurtosisValue_dec_25 (TQWT),0.002508547008547009,0.0020093392041773427
baseline_female,mRMR,40,tqwt_entropy_shannon_dec_7 (TQWT),0.002256410256410256,0.0019602272425641993
baseline,mRMR,50,std_delta_delta_log_energy (MFCC),0.0273097442680776,0.0239087099438275
baseline,mRMR,50,tqwt_energy_dec_26 (TQWT),0.022216230936819174,0.01564013547564676
baseline,mRMR,50,std_delta_log_energy (MFCC),0.022017222222222223,0.02236091617014583
baseline,mRMR,50,app_entropy_shannon_10_coef (Wavelet),0.017490196078431372,0.009218954446521108
baseline,mRMR,50,tqwt_entropy_log_dec_12 (TQWT),0.016384531590413944,0.01488028839903177
baseline,mRMR,50,tqwt_meanValue_dec_36 (TQWT),0.01566013071895425,0.008903804511450246
baseline,mRMR,50,tqwt_entropy_log_dec_27 (TQWT),0.01505228758169935,0.015832634686666368
baseline,mRMR,50,std_6th_delta_delta (MFCC),0.014905864197530861,0.01256274879358422
baseline,mRMR,50,tqwt_kurtosisValue_dec_20 (TQWT),0.01484888888888889,0.011650017530471781
baseline,mRMR,50,tqwt_kurtosisValue_dec_18 (TQWT),0.014810457516339873,0.008742374681233895
baseline,mRMR,50,DFA (Baseline),0.01387291212781409,0.009979446112050719
baseline,mRMR,50,tqwt_entropy_log_dec_35 (TQWT),0.013335555555555555,0.012477242321056141
baseline,mRMR,50,std_7th_delta_delta (MFCC),0.012373236331569663,0.008062476027638417
baseline,mRMR,50,tqwt_entropy_log_dec_26 (TQWT),0.011816749585406301,0.01084108256332501
baseline,mRMR,50,mean_MFCC_2nd_coef (MFCC),0.011695326278659612,0.01206080017514193
baseline,mRMR,50,GNE_SNR_TKEO (Vocal Fold),0.011660997732426305,0.010812790761453963
baseline,mRMR,50,std_4th_delta_delta (MFCC),0.011618888888888889,0.011454581332695354
baseline,mRMR,50,tqwt_entropy_log_dec_33 (TQWT),0.011483703703703704,0.01058620736153985
baseline,mRMR,50,tqwt_energy_dec_6 (TQWT),0.011419389978213507,0.007526393728034817
baseline,mRMR,50,std_6th_delta (MFCC),0.011298721340388004,0.010101636546067858
baseline,mRMR,50,tqwt_TKEO_std_dec_12 (TQWT),0.011122112211221119,0.011361625464640805
baseline,mRMR,50,tqwt_energy_dec_25 (TQWT),0.010898692810457517,0.01022953872983649
baseline,mRMR,50,app_TKEO_std_8_coef (Wavelet),0.010895555555555558,0.010562843200354116
baseline,mRMR,50,tqwt_kurtosisValue_dec_26 (TQWT),0.01082958553791887,0.011505171466905089
baseline,mRMR,50,std_7th_delta (MFCC),0.010573412698412697,0.0062896200315169975
baseline,mRMR,50,tqwt_energy_dec_21 (TQWT),0.010504444444444443,0.006784829402232598
baseline,mRMR,50,std_9th_delta_delta (MFCC),0.00997663139329806,0.009624883316984573
baseline,mRMR,50,tqwt_stdValue_dec_12 (TQWT),0.009964521452145216,0.008544099235968909
baseline,mRMR,50,std_11th_delta_delta (MFCC),0.009611655773420479,0.008912638451721315
baseline,mRMR,50,tqwt_energy_dec_7 (TQWT),0.009512962962962964,0.0075226716547811805
baseline,mRMR,50,tqwt_meanValue_dec_5 (TQWT),0.009321111111111108,0.007007019803061816
baseline,mRMR,50,apq11Shimmer (Baseline),0.009307189542483657,0.005769358388593162
baseline,mRMR,50,IMF_SNR_SEO (Vocal Fold),0.009106753812636164,0.008273880341096817
baseline,mRMR,50,tqwt_TKEO_mean_dec_33 (TQWT),0.008863834422657951,0.009660509947820351
baseline,mRMR,50,std_8th_delta_delta (MFCC),0.008764301430143014,0.006442131460727178
baseline,mRMR,50,std_9th_delta (MFCC),0.008465828924162255,0.005948420746567933
baseline,mRMR,50,locPctJitter (Baseline),0.008292929292929293,0.007932337178251635
baseline,mRMR,50,app_TKEO_std_9_coef (Wavelet),0.00807843137254902,0.007344664760708716
baseline,mRMR,50,tqwt_maxValue_dec_6 (TQWT),0.007890000000000001,0.006481253584289292
baseline,mRMR,50,tqwt_maxValue_dec_12 (TQWT),0.007602819237147596,0.008122699314960116
baseline,mRMR,50,mean_delta_log_energy (MFCC),0.007538888888888889,0.004699644451093245
baseline,mRMR,50,tqwt_energy_dec_12 (TQWT),0.007510503040353786,0.009393453550545555
baseline,mRMR,50,tqwt_kurtosisValue_dec_36 (TQWT),0.007460537918871253,0.007458017444257863
baseline,mRMR,50,std_4th_delta (MFCC),0.007366296296296297,0.00623984152308539
baseline,mRMR,50,tqwt_kurtosisValue_dec_34 (TQWT),0.00682010582010582,0.007202917297176514
baseline,mRMR,50,tqwt_meanValue_dec_11 (TQWT),0.006663265306122449,0.009066439809388161
baseline,mRMR,50,tqwt_minValue_dec_12 (TQWT),0.006543650793650795,0.006765482184244175
baseline,mRMR,50,std_8th_delta (MFCC),0.006513668430335096,0.0067980132668417044
baseline,mRMR,50,tqwt_energy_dec_11 (TQWT),0.006465828924162256,0.008176239424667523
baseline,mRMR,50,tqwt_stdValue_dec_11 (TQWT),0.006220679012345679,0.006040230595413017
baseline,mRMR,50,tqwt_TKEO_mean_dec_12 (TQWT),0.0061819172113289755,0.00546507918077728
baseline,mRMR,50,tqwt_stdValue_dec_6 (TQWT),0.006135,0.004971510903283241
baseline,mRMR,50,f1 (Formant Frequency),0.006131808278867103,0.004546529008098454
baseline,mRMR,50,std_12th_delta (MFCC),0.006098039215686274,0.004818016012195647
baseline,mRMR,50,tqwt_TKEO_std_dec_11 (TQWT),0.0058488114980652295,0.006803627729613099
baseline,mRMR,50,tqwt_kurtosisValue_dec_35 (TQWT),0.005764074074074074,0.005471797227984297
baseline,mRMR,50,tqwt_entropy_shannon_dec_11 (TQWT),0.0056135986733001665,0.006039013014320916
baseline,mRMR,50,std_10th_delta_delta (MFCC),0.005611386138613863,0.005323296046016404
baseline,mRMR,50,tqwt_kurtosisValue_dec_27 (TQWT),0.0055564373897707235,0.006817853332834276
baseline,mRMR,50,tqwt_entropy_shannon_dec_17 (TQWT),0.005540305010893246,0.0045242615202944585
baseline,mRMR,50,tqwt_maxValue_dec_11 (TQWT),0.005393518518518518,0.006423015598949705
baseline,mRMR,50,tqwt_minValue_dec_11 (TQWT),0.005356869184455391,0.006772359327028279
baseline,mRMR,50,std_MFCC_8th_coef (MFCC),0.0053126361655773426,0.003160793275531082
baseline,mRMR,50,tqwt_entropy_log_dec_34 (TQWT),0.005135863586358635,0.006352631587561958
baseline,mRMR,50,tqwt_TKEO_mean_dec_23 (TQWT),0.005094771241830066,0.004203641413725833
baseline,mRMR,50,tqwt_TKEO_mean_dec_34 (TQWT),0.004987348734873487,0.005741273364184402
baseline,mRMR,50,ppq5Jitter (Baseline),0.004951111111111111,0.005279600219124152
baseline,mRMR,50,tqwt_energy_dec_13 (TQWT),0.00494973544973545,0.004838135081874521
baseline,mRMR,50,mean_2nd_delta (MFCC),0.004809368191721133,0.005257875543111218
baseline,mRMR,50,tqwt_kurtosisValue_dec_25 (TQWT),0.004792222222222223,0.0051419326780335565
baseline,mRMR,50,tqwt_TKEO_mean_dec_7 (TQWT),0.004520408163265306,0.004603820875222595
baseline,mRMR,50,std_5th_delta (MFCC),0.0044911111111111115,0.0032438656997633114
baseline,mRMR,50,tqwt_medianValue_dec_8 (TQWT),0.004466230936819172,0.005062885227460156
baseline,mRMR,50,GNE_NSR_SEO (Vocal Fold),0.004363834422657951,0.0046672711821998565
baseline,mRMR,50,tqwt_entropy_shannon_dec_35 (TQWT),0.004273355444997236,0.00516335633596497
baseline,mRMR,50,tqwt_TKEO_std_dec_34 (TQWT),0.004223311546840958,0.006949093387128351
baseline,mRMR,50,tqwt_energy_dec_15 (TQWT),0.004147707231040565,0.004574806304102885
baseline,mRMR,50,tqwt_TKEO_mean_dec_11 (TQWT),0.004141111111111111,0.0037546570446715505
baseline,mRMR,50,std_MFCC_6th_coef (MFCC),0.004113861386138613,0.003770474937030358
baseline,mRMR,50,tqwt_entropy_shannon_dec_7 (TQWT),0.003988888888888889,0.003377228631845968
baseline,mRMR,50,std_10th_delta (MFCC),0.00374647266313933,0.0037109143428979904
baseline,mRMR,50,std_11th_delta (MFCC),0.003574438970990695,0.003591156517781411
baseline,mRMR,50,VFER_mean (Vocal Fold),0.003531590413943354,0.00312213328358869
baseline,mRMR,50,tqwt_entropy_shannon_dec_18 (TQWT),0.0034901960784313713,0.0035497320596375214
baseline,mRMR,50,tqwt_entropy_shannon_dec_12 (TQWT),0.003446623093681917,0.002909179211100517
baseline,mRMR,50,tqwt_stdValue_dec_34 (TQWT),0.0033960396039603973,0.006502681770537076
baseline,mRMR,50,b4 (Bandwidth),0.003212418300653595,0.0031696220796755847
baseline,mRMR,50,tqwt_medianValue_dec_10 (TQWT),0.003188552188552189,0.003989874087185613
baseline,mRMR,50,std_12th_delta_delta (MFCC),0.0031465141612200434,0.0034106941820726084
baseline,mRMR,50,tqwt_meanValue_dec_7 (TQWT),0.003142857142857143,0.003482342936697523
baseline,mRMR,50,std_MFCC_7th_coef (MFCC),0.003132897603485839,0.002425374471985358
baseline,mRMR,50,tqwt_kurtosisValue_dec_28 (TQWT),0.0031228070175438596,0.0030094318669714594
baseline,mRMR,50,meanHarmToNoiseHarmonicity (Baseline),0.0030631808278867106,0.0024738402191340995
baseline,mRMR,50,tqwt_entropy_shannon_dec_34 (TQWT),0.002940851299060254,0.0033891237366446745
baseline,mRMR,50,tqwt_TKEO_std_dec_7 (TQWT),0.0028095238095238095,0.002669162644677969
baseline,mRMR,50,tqwt_stdValue_dec_7 (TQWT),0.0027664399092970525,0.003291730093831174
baseline,mRMR,50,std_5th_delta_delta (MFCC),0.002631111111111111,0.0025381934619353357
baseline,mRMR,50,tqwt_energy_dec_14 (TQWT),0.002273420479302832,0.002163595527447472
baseline,mRMR,50,f2 (Formant Frequency),0.002091503267973856,0.0021299127230415657
baseline,mRMR,50,GNE_SNR_SEO (Vocal Fold),0.0019477124183006542,0.0020425365662222555
baseline_male,mRMR,50,std_delta_delta_log_energy (MFCC),0.022859829059829063,0.022324746945110503
baseline_male,mRMR,50,tqwt_entropy_log_dec_12 (TQWT),0.014888888888888887,0.01457205913408971
baseline_male,mRMR,50,std_delta_log_energy (MFCC),0.014778985507246377,0.0196746567447185
baseline_male,mRMR,50,DFA (Baseline),0.01427309236947791,0.010714324972629943
baseline_male,mRMR,50,tqwt_kurtosisValue_dec_20 (TQWT),0.013898467432950187,0.012572240994489876
baseline_male,mRMR,50,std_6th_delta_delta (MFCC),0.013377350427350424,0.010166233985187473
baseline_male,mRMR,50,tqwt_entropy_log_dec_27 (TQWT),0.012365079365079365,0.014180556826186056
baseline_male,mRMR,50,tqwt_entropy_log_dec_35 (TQWT),0.01195138888888889,0.01114021593997883
baseline_male,mRMR,50,std_4th_delta_delta (MFCC),0.011942129629629629,0.010391821439684654
baseline_male,mRMR,50,tqwt_kurtosisValue_dec_18 (TQWT),0.01189111111111111,0.00936222576480995
baseline_male,mRMR,50,tqwt_meanValue_dec_5 (TQWT),0.010868357487922708,0.009107883916239342
baseline_male,mRMR,50,std_7th_delta_delta (MFCC),0.009722649572649573,0.007306247192074594
baseline_male,mRMR,50,std_6th_delta (MFCC),0.009714957264957264,0.009194167903314043
baseline_male,mRMR,50,tqwt_energy_dec_6 (TQWT),0.009659420289855074,0.0070050422305977635
baseline_male,mRMR,50,tqwt_meanValue_dec_36 (TQWT),0.00965111111111111,0.004920247843232986
baseline_male,mRMR,50,tqwt_entropy_log_dec_33 (TQWT),0.009572493224932248,0.007869675858140461
baseline_male,mRMR,50,tqwt_energy_dec_26 (TQWT),0.008873148148148147,0.012428646301155772
baseline_male,mRMR,50,tqwt_energy_dec_21 (TQWT),0.008627314814814813,0.008723113983598818
baseline_male,mRMR,50,tqwt_energy_dec_7 (TQWT),0.008534126984126984,0.007804259010133388
baseline_male,mRMR,50,tqwt_energy_dec_25 (TQWT),0.008509370816599734,0.008498162968599933
baseline_male,mRMR,50,tqwt_maxValue_dec_6 (TQWT),0.00829398148148148,0.006374126903638631
baseline_male,mRMR,50,std_7th_delta (MFCC),0.008275641025641026,0.006202927672731394
baseline_male,mRMR,50,std_9th_delta_delta (MFCC),0.008067948717948718,0.008149401932112532
baseline_male,mRMR,50,tqwt_entropy_log_dec_26 (TQWT),0.007916407061266876,0.008346095692025704
baseline_male,mRMR,50,std_8th_delta_delta (MFCC),0.0074973794549266235,0.005530235229945653
baseline_male,mRMR,50,mean_MFCC_2nd_coef (MFCC),0.007426068376068376,0.010239910839031453
baseline_male,mRMR,50,mean_delta_log_energy (MFCC),0.007069444444444443,0.0050943945690375345
baseline_male,mRMR,50,tqwt_stdValue_dec_12 (TQWT),0.0067730607966457,0.009863951032119195
baseline_male,mRMR,50,tqwt_TKEO_mean_dec_33 (TQWT),0.006740000000000001,0.008297546581928857
baseline_male,mRMR,50,tqwt_energy_dec_11 (TQWT),0.00668076923076923,0.009112660131431059
baseline_male,mRMR,50,tqwt_TKEO_std_dec_12 (TQWT),0.006587526205450733,0.009432185033488834
baseline_male,mRMR,50,tqwt_kurtosisValue_dec_36 (TQWT),0.006567521367521367,0.005581649592925509
baseline_male,mRMR,50,std_4th_delta (MFCC),0.006351851851851851,0.005099416460172751
baseline_male,mRMR,50,std_9th_delta (MFCC),0.006306837606837605,0.0050292357466898375
baseline_male,mRMR,50,f1 (Formant Frequency),0.006257142857142856,0.003941887466807848
baseline_male,mRMR,50,tqwt_meanValue_dec_11 (TQWT),0.0062560386473429945,0.009295774380427797
baseline_male,mRMR,50,IMF_SNR_SEO (Vocal Fold),0.006132850241545894,0.005650537867722227
baseline_male,mRMR,50,std_11th_delta_delta (MFCC),0.006111111111111111,0.005609028812635994
baseline_male,mRMR,50,tqwt_kurtosisValue_dec_35 (TQWT),0.006076190476190476,0.006174927807227405
baseline_male,mRMR,50,tqwt_entropy_shannon_dec_17 (TQWT),0.006053140096618358,0.005102342531476663
baseline_male,mRMR,50,tqwt_kurtosisValue_dec_34 (TQWT),0.006006837606837608,0.007157425857158727
baseline_male,mRMR,50,tqwt_maxValue_dec_12 (TQWT),0.005928571428571429,0.007529049326642566
baseline_male,mRMR,50,std_MFCC_8th_coef (MFCC),0.005855555555555556,0.0036834599893140548
baseline_male,mRMR,50,apq11Shimmer (Baseline),0.005851111111111111,0.00489542083432519
baseline_male,mRMR,50,tqwt_energy_dec_12 (TQWT),0.005631216931216931,0.00858776527514253
baseline_male,mRMR,50,tqwt_stdValue_dec_6 (TQWT),0.005592995169082127,0.005537530218692142
baseline_male,mRMR,50,std_8th_delta (MFCC),0.005582051282051282,0.006462730567191396
baseline_male,mRMR,50,tqwt_TKEO_mean_dec_23 (TQWT),0.005466666666666666,0.003740051869692182
baseline_male,mRMR,50,tqwt_stdValue_dec_11 (TQWT),0.005347008547008548,0.005838853883990418
baseline_male,mRMR,50,locPctJitter (Baseline),0.005325059101654844,0.00530350012611972
baseline_male,mRMR,50,tqwt_entropy_shannon_dec_18 (TQWT),0.005277777777777778,0.003879890920316388
baseline_male,mRMR,50,tqwt_entropy_shannon_dec_11 (TQWT),0.005120467836257311,0.00598363624844914
baseline_male,mRMR,50,tqwt_minValue_dec_12 (TQWT),0.0048705128205128205,0.00607273814279551
baseline_male,mRMR,50,tqwt_TKEO_std_dec_34 (TQWT),0.004863492063492063,0.007904571764634362
baseline_male,mRMR,50,GNE_SNR_TKEO (Vocal Fold),0.004797101449275362,0.006145224351032599
baseline_male,mRMR,50,tqwt_maxValue_dec_11 (TQWT),0.004778632478632479,0.006696025701343924
baseline_male,mRMR,50,tqwt_minValue_dec_11 (TQWT),0.004774143302180686,0.007507736253189497
baseline_male,mRMR,50,mean_2nd_delta (MFCC),0.0047599999999999995,0.004601723139852707
baseline_male,mRMR,50,GNE_NSR_SEO (Vocal Fold),0.004639682539682539,0.005334891790005718
baseline_male,mRMR,50,tqwt_TKEO_mean_dec_34 (TQWT),0.004625235404896422,0.005450897985556269
baseline_male,mRMR,50,tqwt_entropy_log_dec_34 (TQWT),0.004609929078014184,0.005717552679750997
baseline_male,mRMR,50,tqwt_stdValue_dec_34 (TQWT),0.004532956685499061,0.00842056689463526
baseline_male,mRMR,50,std_10th_delta_delta (MFCC),0.004431865828092243,0.004006051059103603
baseline_male,mRMR,50,tqwt_kurtosisValue_dec_25 (TQWT),0.004397619047619048,0.005567952428925598
baseline_male,mRMR,50,tqwt_entropy_shannon_dec_35 (TQWT),0.004371428571428571,0.005264059989259114
baseline_male,mRMR,50,tqwt_TKEO_std_dec_11 (TQWT),0.004351461988304093,0.007733364877140009
baseline_male,mRMR,50,std_MFCC_7th_coef (MFCC),0.004299516908212559,0.0034570875041798274
baseline_male,mRMR,50,tqwt_kurtosisValue_dec_27 (TQWT),0.004294017094017093,0.005988744425984812
baseline_male,mRMR,50,std_5th_delta (MFCC),0.004203703703703704,0.0023991753640373874
baseline_male,mRMR,50,ppq5Jitter (Baseline),0.004155092592592593,0.0032844212335670607
baseline_male,mRMR,50,tqwt_energy_dec_13 (TQWT),0.004127350427350428,0.004743734855834044
baseline_male,mRMR,50,tqwt_kurtosisValue_dec_26 (TQWT),0.004123931623931624,0.006767544186130035
baseline_male,mRMR,50,app_entropy_shannon_10_coef (Wavelet),0.004033333333333334,0.004930751698505241
baseline_male,mRMR,50,std_12th_delta (MFCC),0.004013333333333335,0.004285053288079588
baseline_male,mRMR,50,tqwt_TKEO_mean_dec_11 (TQWT),0.003954106280193237,0.004139486439027155
baseline_male,mRMR,50,tqwt_entropy_shannon_dec_7 (TQWT),0.003946360153256705,0.0038369124828030034
baseline_male,mRMR,50,std_MFCC_6th_coef (MFCC),0.003941043083900226,0.0030703820753603664
baseline_male,mRMR,50,tqwt_TKEO_mean_dec_7 (TQWT),0.0038792270531400968,0.004129331164287432
baseline_male,mRMR,50,b4 (Bandwidth),0.003727053140096618,0.004054063866710772
baseline_male,mRMR,50,app_TKEO_std_8_coef (Wavelet),0.0034745370370370377,0.002863845609705632
baseline_male,mRMR,50,tqwt_kurtosisValue_dec_28 (TQWT),0.0033888888888888888,0.003505986785166206
baseline_male,mRMR,50,tqwt_meanValue_dec_7 (TQWT),0.003166666666666667,0.003743512907536035
baseline_male,mRMR,50,tqwt_entropy_shannon_dec_34 (TQWT),0.002970899470899471,0.0036378840006584465
baseline_male,mRMR,50,std_12th_delta_delta (MFCC),0.0029386574074074076,0.0033106892011641104
baseline_male,mRMR,50,tqwt_medianValue_dec_10 (TQWT),0.0029314420803782503,0.0036334027364486403
baseline_male,mRMR,50,tqwt_energy_dec_15 (TQWT),0.0029089743589743593,0.0036105255419993077
baseline_male,mRMR,50,tqwt_TKEO_mean_dec_12 (TQWT),0.0027822222222222215,0.0026286669416055526
baseline_male,mRMR,50,std_10th_delta (MFCC),0.002762393162393163,0.0031947335938429435
baseline_male,mRMR,50,VFER_mean (Vocal Fold),0.002738095238095238,0.003448867733719089
baseline_male,mRMR,50,std_11th_delta (MFCC),0.0027097611630321917,0.002201631713008124
baseline_male,mRMR,50,meanHarmToNoiseHarmonicity (Baseline),0.0025711111111111117,0.002325465069139459
baseline_male,mRMR,50,tqwt_stdValue_dec_7 (TQWT),0.0025072463768115952,0.002464193709793569
baseline_male,mRMR,50,std_5th_delta_delta (MFCC),0.002506944444444445,0.002256348633285551
baseline_male,mRMR,50,tqwt_TKEO_std_dec_7 (TQWT),0.0024371980676328496,0.00242486800551684
baseline_male,mRMR,50,app_TKEO_std_9_coef (Wavelet),0.002434782608695652,0.002740285484284324
baseline_male,mRMR,50,tqwt_medianValue_dec_8 (TQWT),0.002335555555555556,0.0028667207900470687
baseline_male,mRMR,50,tqwt_entropy_shannon_dec_12 (TQWT),0.001822222222222223,0.0017251742596695052
baseline_male,mRMR,50,f2 (Formant Frequency),0.0017365079365079367,0.0015960657011619924
baseline_male,mRMR,50,GNE_SNR_SEO (Vocal Fold),0.0017079365079365081,0.002124941043976148
baseline_male,mRMR,50,tqwt_energy_dec_14 (TQWT),0.0016642512077294684,0.0019317380067742965
baseline_female,mRMR,50,std_delta_delta_log_energy (MFCC),0.03136065573770492,0.023325263059581183
baseline_female,mRMR,50,tqwt_energy_dec_26 (TQWT),0.02840476190476191,0.015652183781915453
baseline_female,mRMR,50,std_delta_log_energy (MFCC),0.02780761316872428,0.01977088897142406
baseline_female,mRMR,50,tqwt_entropy_log_dec_27 (TQWT),0.021270833333333333,0.014794958928387447
baseline_female,mRMR,50,tqwt_meanValue_dec_36 (TQWT),0.02027564102564103,0.009800235107874105
baseline_female,mRMR,50,tqwt_entropy_log_dec_12 (TQWT),0.019374999999999996,0.017993021368489032
baseline_female,mRMR,50,tqwt_entropy_log_dec_35 (TQWT),0.018410256410256405,0.012780127868361423
baseline_female,mRMR,50,app_entropy_shannon_10_coef (Wavelet),0.018267094017094015,0.010464305429730543
baseline_female,mRMR,50,std_6th_delta_delta (MFCC),0.01711338797814208,0.013812793791473642
baseline_female,mRMR,50,mean_MFCC_2nd_coef (MFCC),0.015767759562841533,0.011854551509710078
baseline_female,mRMR,50,std_7th_delta_delta (MFCC),0.015687158469945353,0.008748078576655681
baseline_female,mRMR,50,tqwt_kurtosisValue_dec_18 (TQWT),0.0155982905982906,0.009348682334845988
baseline_female,mRMR,50,tqwt_kurtosisValue_dec_20 (TQWT),0.015477513227513229,0.008710283913591977
baseline_female,mRMR,50,tqwt_entropy_log_dec_33 (TQWT),0.015111111111111115,0.012399455143964089
baseline_female,mRMR,50,std_6th_delta (MFCC),0.014222677595628414,0.011595463291511093
baseline_female,mRMR,50,tqwt_kurtosisValue_dec_26 (TQWT),0.014059653916211293,0.012258461222313109
baseline_female,mRMR,50,tqwt_entropy_log_dec_26 (TQWT),0.013962174940898343,0.01132772118380399
baseline_female,mRMR,50,tqwt_TKEO_mean_dec_33 (TQWT),0.013863247863247859,0.008991046676495475
baseline_female,mRMR,50,DFA (Baseline),0.01351111111111111,0.009443718582357695
baseline_female,mRMR,50,std_4th_delta_delta (MFCC),0.013380341880341878,0.009626161496826506
baseline_female,mRMR,50,tqwt_energy_dec_25 (TQWT),0.01322222222222222,0.010755873651387296
baseline_female,mRMR,50,tqwt_energy_dec_6 (TQWT),0.012623015873015876,0.010081001225469174
baseline_female,mRMR,50,GNE_SNR_TKEO (Vocal Fold),0.012188034188034188,0.014706860483860763
baseline_female,mRMR,50,tqwt_TKEO_std_dec_12 (TQWT),0.011907407407407406,0.011892924299125838
baseline_female,mRMR,50,app_TKEO_std_8_coef (Wavelet),0.01152777777777778,0.008864557924983469
baseline_female,mRMR,50,std_9th_delta_delta (MFCC),0.01134335154826958,0.011647736362662768
baseline_female,mRMR,50,apq11Shimmer (Baseline),0.010831196581196582,0.007207324196296576
baseline_female,mRMR,50,std_8th_delta_delta (MFCC),0.010803240740740738,0.007877587765073114
baseline_female,mRMR,50,tqwt_energy_dec_21 (TQWT),0.010720085470085471,0.007710887600191536
baseline_female,mRMR,50,tqwt_energy_dec_7 (TQWT),0.010590277777777778,0.0073909520317435315
baseline_female,mRMR,50,std_7th_delta (MFCC),0.01042304189435337,0.006774599824072432
baseline_female,mRMR,50,locPctJitter (Baseline),0.010007478632478636,0.007266739245684647
baseline_female,mRMR,50,std_9th_delta (MFCC),0.009974954462659379,0.007584324211306695
baseline_female,mRMR,50,std_11th_delta_delta (MFCC),0.009788359788359789,0.010856261126361089
baseline_female,mRMR,50,tqwt_stdValue_dec_12 (TQWT),0.009557870370370373,0.008294878041336842
baseline_female,mRMR,50,IMF_SNR_SEO (Vocal Fold),0.009371031746031747,0.008822561105758549
baseline_female,mRMR,50,app_TKEO_std_9_coef (Wavelet),0.00889484126984127,0.007028474299484721
baseline_female,mRMR,50,tqwt_maxValue_dec_12 (TQWT),0.008893518518518516,0.008901906843779459
baseline_female,mRMR,50,tqwt_energy_dec_12 (TQWT),0.008467013888888887,0.009348459819764012
baseline_female,mRMR,50,tqwt_meanValue_dec_5 (TQWT),0.008453703703703703,0.0059171077023387544
baseline_female,mRMR,50,mean_delta_log_energy (MFCC),0.007910256410256406,0.004449061731888006
baseline_female,mRMR,50,tqwt_maxValue_dec_6 (TQWT),0.007897435897435898,0.005774954056102469
baseline_female,mRMR,50,std_12th_delta (MFCC),0.007634615384615385,0.005002961438450545
baseline_female,mRMR,50,tqwt_TKEO_mean_dec_12 (TQWT),0.007623931623931624,0.0055757563692345
baseline_female,mRMR,50,std_8th_delta (MFCC),0.0075856102003642985,0.00751547075955635
baseline_female,mRMR,50,tqwt_kurtosisValue_dec_36 (TQWT),0.007473132969034607,0.008063170914452017
baseline_female,mRMR,50,tqwt_stdValue_dec_6 (TQWT),0.007449588477366256,0.005655392801432978
baseline_female,mRMR,50,tqwt_meanValue_dec_11 (TQWT),0.0074358974358974365,0.008704762706294398
baseline_female,mRMR,50,std_4th_delta (MFCC),0.007349002849002849,0.00843928307162324
baseline_female,mRMR,50,tqwt_kurtosisValue_dec_34 (TQWT),0.007174863387978138,0.006374852579870062
baseline_female,mRMR,50,tqwt_minValue_dec_12 (TQWT),0.007173952641165754,0.005684281650327261
baseline_female,mRMR,50,tqwt_stdValue_dec_11 (TQWT),0.006945355191256831,0.006516263786829948
baseline_female,mRMR,50,tqwt_minValue_dec_11 (TQWT),0.0068605324074074055,0.006130953575124515
baseline_female,mRMR,50,tqwt_maxValue_dec_11 (TQWT),0.006835610200364299,0.005275203558105717
baseline_female,mRMR,50,tqwt_TKEO_mean_dec_34 (TQWT),0.006293650793650794,0.00657873437917553
baseline_female,mRMR,50,std_10th_delta_delta (MFCC),0.006271990740740742,0.0056765728309280715
baseline_female,mRMR,50,tqwt_entropy_shannon_dec_11 (TQWT),0.0061844863731656185,0.006176416573928308
baseline_female,mRMR,50,tqwt_TKEO_std_dec_11 (TQWT),0.0061409853249475895,0.006468326193917798
baseline_female,mRMR,50,tqwt_kurtosisValue_dec_27 (TQWT),0.005909380692167579,0.006843214820731738
baseline_female,mRMR,50,ppq5Jitter (Baseline),0.005841880341880343,0.005601155405176852
baseline_female,mRMR,50,tqwt_energy_dec_11 (TQWT),0.005760928961748637,0.006543391790269563
baseline_female,mRMR,50,mean_2nd_delta (MFCC),0.005752136752136754,0.005668750800197133
baseline_female,mRMR,50,tqwt_TKEO_mean_dec_7 (TQWT),0.005702991452991454,0.004743009395008419
baseline_female,mRMR,50,tqwt_TKEO_mean_dec_23 (TQWT),0.005673076923076923,0.0054548813351648975
baseline_female,mRMR,50,f1 (Formant Frequency),0.0055902777777777765,0.004866413858843868
baseline_female,mRMR,50,tqwt_entropy_log_dec_34 (TQWT),0.005531893004115226,0.006249707624648352
baseline_female,mRMR,50,tqwt_kurtosisValue_dec_35 (TQWT),0.0054624999999999995,0.004844008434415839
baseline_female,mRMR,50,tqwt_medianValue_dec_8 (TQWT),0.005303418803418804,0.004834321707402846
baseline_female,mRMR,50,tqwt_entropy_shannon_dec_17 (TQWT),0.005146825396825398,0.0036437220001890682
baseline_female,mRMR,50,std_10th_delta (MFCC),0.00513296903460838,0.004559425301005208
baseline_female,mRMR,50,tqwt_energy_dec_13 (TQWT),0.005014571948998178,0.004492537378739922
baseline_female,mRMR,50,tqwt_energy_dec_15 (TQWT),0.004887067395264117,0.005002282251462757
baseline_female,mRMR,50,tqwt_kurtosisValue_dec_25 (TQWT),0.0048805555555555555,0.00473425273121129
baseline_female,mRMR,50,tqwt_entropy_shannon_dec_35 (TQWT),0.0047771990740740735,0.004596771345231328
baseline_female,mRMR,50,std_MFCC_8th_coef (MFCC),0.004552083333333334,0.0036147446031634506
baseline_female,mRMR,50,std_5th_delta (MFCC),0.004517094017094017,0.003311463946020471
baseline_female,mRMR,50,std_12th_delta_delta (MFCC),0.004297325102880659,0.004508626771842147
baseline_female,mRMR,50,std_MFCC_6th_coef (MFCC),0.004248931623931623,0.004002172205659488
baseline_female,mRMR,50,tqwt_entropy_shannon_dec_12 (TQWT),0.004181623931623931,0.003215917515597293
baseline_female,mRMR,50,std_11th_delta (MFCC),0.00405787037037037,0.004706434975216027
baseline_female,mRMR,50,tqwt_TKEO_std_dec_7 (TQWT),0.00394017094017094,0.002859501560892943
baseline_female,mRMR,50,tqwt_TKEO_mean_dec_11 (TQWT),0.003910493827160494,0.00439057349015199
baseline_female,mRMR,50,tqwt_medianValue_dec_10 (TQWT),0.0038429487179487175,0.0046763432848523105
baseline_female,mRMR,50,VFER_mean (Vocal Fold),0.0035451388888888876,0.002316999461614556
baseline_female,mRMR,50,tqwt_TKEO_std_dec_34 (TQWT),0.0035243055555555544,0.0031898163874274008
baseline_female,mRMR,50,tqwt_meanValue_dec_7 (TQWT),0.0034764957264957264,0.003594400443010565
baseline_female,mRMR,50,tqwt_stdValue_dec_34 (TQWT),0.003472222222222221,0.0031218762164940354
baseline_female,mRMR,50,std_MFCC_7th_coef (MFCC),0.003293650793650794,0.0024945213124081067
baseline_female,mRMR,50,GNE_NSR_SEO (Vocal Fold),0.0032881944444444443,0.0038419944681508597
baseline_female,mRMR,50,tqwt_entropy_shannon_dec_18 (TQWT),0.0032756410256410263,0.0033643392284040626
baseline_female,mRMR,50,meanHarmToNoiseHarmonicity (Baseline),0.0030448717948717953,0.0027663554142087882
baseline_female,mRMR,50,tqwt_entropy_shannon_dec_34 (TQWT),0.0028663194444444443,0.0029552364128945024
baseline_female,mRMR,50,tqwt_stdValue_dec_7 (TQWT),0.0028611111111111107,0.0032905716756913153
baseline_female,mRMR,50,tqwt_entropy_shannon_dec_7 (TQWT),0.002832010582010582,0.003190993995728606
baseline_female,mRMR,50,f2 (Formant Frequency),0.002680555555555556,0.0024453442358563938
baseline_female,mRMR,50,std_5th_delta_delta (MFCC),0.002566239316239317,0.0026230661458445928
baseline_female,mRMR,50,GNE_SNR_SEO (Vocal Fold),0.002427083333333334,0.002504347579049344
baseline_female,mRMR,50,tqwt_kurtosisValue_dec_28 (TQWT),0.002398692810457516,0.002878459044545336
baseline_female,mRMR,50,b4 (Bandwidth),0.0023273809523809527,0.0021971818430099564
baseline_female,mRMR,50,tqwt_energy_dec_14 (TQWT),0.0023154761904761903,0.0025774505965662133
baseline,mRMR,60,std_delta_delta_log_energy (MFCC),0.02411287477954145,0.021844518181114
baseline,mRMR,60,tqwt_entropy_log_dec_12 (TQWT),0.0196437908496732,0.016552427107142168
baseline,mRMR,60,tqwt_entropy_log_dec_27 (TQWT),0.018425925925925925,0.01374838144325539
baseline,mRMR,60,app_entropy_shannon_10_coef (Wavelet),0.01800326797385621,0.00828905937558402
baseline,mRMR,60,std_delta_log_energy (MFCC),0.017545925925925923,0.018204745498580758
baseline,mRMR,60,tqwt_energy_dec_26 (TQWT),0.015377995642701526,0.010361586732367157
baseline,mRMR,60,std_6th_delta_delta (MFCC),0.015061067019400354,0.01382161330513375
baseline,mRMR,60,tqwt_entropy_log_dec_35 (TQWT),0.013531903190319038,0.011759786437270003
baseline,mRMR,60,std_9th_delta_delta (MFCC),0.013167989417989419,0.010908327540326251
baseline,mRMR,60,apq11Shimmer (Baseline),0.012661220043572985,0.0064727955870881
baseline,mRMR,60,std_7th_delta_delta (MFCC),0.012306878306878304,0.00832415156948528
baseline,mRMR,60,std_4th_delta (MFCC),0.010578888888888888,0.008134586857410598
baseline,mRMR,60,std_6th_delta (MFCC),0.010524691358024692,0.009268549619325253
baseline,mRMR,60,tqwt_TKEO_std_dec_12 (TQWT),0.010523927392739272,0.009087465281803247
baseline,mRMR,60,tqwt_entropy_log_dec_26 (TQWT),0.010475124378109454,0.00964657515860971
baseline,mRMR,60,tqwt_kurtosisValue_dec_26 (TQWT),0.010459215167548502,0.009867920481526337
baseline,mRMR,60,tqwt_energy_dec_25 (TQWT),0.010303921568627451,0.008884866248072608
baseline,mRMR,60,tqwt_entropy_log_dec_33 (TQWT),0.01022185185185185,0.010260060834730512
baseline,mRMR,60,DFA (Baseline),0.010212596259625962,0.00783251850444613
baseline,mRMR,60,tqwt_minValue_dec_13 (TQWT),0.009703703703703706,0.005313601871358396
baseline,mRMR,60,GNE_SNR_TKEO (Vocal Fold),0.00951360544217687,0.008178411790069378
baseline,mRMR,60,std_7th_delta (MFCC),0.009392195767195766,0.005553402202775275
baseline,mRMR,60,tqwt_kurtosisValue_dec_20 (TQWT),0.009279985283296542,0.009611723969172575
baseline,mRMR,60,app_TKEO_std_8_coef (Wavelet),0.009268888888888887,0.006986585278257214
baseline,mRMR,60,tqwt_energy_dec_6 (TQWT),0.009044554455445544,0.008005007553306874
baseline,mRMR,60,tqwt_meanValue_dec_36 (TQWT),0.008588235294117648,0.005769704947745468
baseline,mRMR,60,tqwt_TKEO_mean_dec_12 (TQWT),0.008459694989106757,0.005689872059932726
baseline,mRMR,60,tqwt_TKEO_mean_dec_33 (TQWT),0.008447712418300654,0.01154163057484121
baseline,mRMR,60,app_det_TKEO_mean_3_coef (Wavelet),0.008445578231292517,0.0061687384914453506
baseline,mRMR,60,mean_MFCC_2nd_coef (MFCC),0.008230820105820106,0.009016567589714967
baseline,mRMR,60,tqwt_kurtosisValue_dec_18 (TQWT),0.007986928104575164,0.004401560122291631
baseline,mRMR,60,std_8th_delta_delta (MFCC),0.007933168316831682,0.00542259819080596
baseline,mRMR,60,tqwt_energy_dec_7 (TQWT),0.007768148148148148,0.006079126259013643
baseline,mRMR,60,app_TKEO_std_9_coef (Wavelet),0.007759259259259261,0.005959441649125422
baseline,mRMR,60,std_9th_delta (MFCC),0.007466710758377424,0.005313466169588377
baseline,mRMR,60,tqwt_stdValue_dec_12 (TQWT),0.007363977072310405,0.006717607373696459
baseline,mRMR,60,std_12th_delta (MFCC),0.006960784313725487,0.005023801707007479
baseline,mRMR,60,std_4th_delta_delta (MFCC),0.00689,0.0070990864438364104
baseline,mRMR,60,tqwt_energy_dec_24 (TQWT),0.006802832244008716,0.006893467697493069
baseline,mRMR,60,tqwt_meanValue_dec_5 (TQWT),0.006554444444444444,0.005536138382730442
baseline,mRMR,60,tqwt_energy_dec_21 (TQWT),0.006519251925192518,0.005595210400316895
baseline,mRMR,60,tqwt_maxValue_dec_12 (TQWT),0.006510226644555004,0.007473055851148131
baseline,mRMR,60,tqwt_energy_dec_12 (TQWT),0.006437258153676064,0.00882049869308882
baseline,mRMR,60,tqwt_entropy_shannon_dec_11 (TQWT),0.006432283029297955,0.006311487707257351
baseline,mRMR,60,tqwt_stdValue_dec_6 (TQWT),0.006337037037037037,0.005369758787818844
baseline,mRMR,60,tqwt_stdValue_dec_11 (TQWT),0.006209215167548501,0.005378334322968771
baseline,mRMR,60,std_8th_delta (MFCC),0.00602799823633157,0.005398408403824049
baseline,mRMR,60,tqwt_entropy_log_dec_28 (TQWT),0.0059945533769063175,0.00594235276607151
baseline,mRMR,60,std_11th_delta_delta (MFCC),0.005941902687000726,0.0061928817788687975
baseline,mRMR,60,IMF_SNR_SEO (Vocal Fold),0.005936819172113289,0.004585406490298045
baseline,mRMR,60,locPctJitter (Baseline),0.005873703703703704,0.007777262232356895
baseline,mRMR,60,tqwt_entropy_shannon_dec_16 (TQWT),0.00587037037037037,0.0035471048147188555
baseline,mRMR,60,tqwt_entropy_shannon_dec_17 (TQWT),0.0057538126361655765,0.003658587838693472
baseline,mRMR,60,tqwt_entropy_shannon_dec_12 (TQWT),0.005693899782135076,0.004008418476515739
baseline,mRMR,60,tqwt_TKEO_std_dec_11 (TQWT),0.005493386243386244,0.007864298876466284
baseline,mRMR,60,mean_MFCC_7th_coef (MFCC),0.0054688888888888895,0.0047984028475398545
baseline,mRMR,60,mean_delta_log_energy (MFCC),0.005430921052631578,0.0042977026579751375
baseline,mRMR,60,tqwt_minValue_dec_12 (TQWT),0.005368827160493827,0.005498286283832066
baseline,mRMR,60,tqwt_maxValue_dec_6 (TQWT),0.005357777777777779,0.00497643165190481
baseline,mRMR,60,tqwt_energy_dec_11 (TQWT),0.005333333333333333,0.005849057960791428
baseline,mRMR,60,tqwt_kurtosisValue_dec_36 (TQWT),0.00531415343915344,0.004380155379824653
baseline,mRMR,60,tqwt_medianValue_dec_33 (TQWT),0.005285403050108932,0.00723525606071502
baseline,mRMR,60,tqwt_kurtosisValue_dec_34 (TQWT),0.005242724867724868,0.005772851254681334
baseline,mRMR,60,tqwt_entropy_log_dec_34 (TQWT),0.005215925925925925,0.005686674203225879
baseline,mRMR,60,std_MFCC_8th_coef (MFCC),0.005128540305010893,0.00285399437513188
baseline,mRMR,60,tqwt_kurtosisValue_dec_35 (TQWT),0.005081260364842454,0.0058453706553788535
baseline,mRMR,60,ppq5Jitter (Baseline),0.004849607182940516,0.005824640952458215
baseline,mRMR,60,tqwt_medianValue_dec_25 (TQWT),0.004561002178649237,0.004073643696451433
baseline,mRMR,60,mean_2nd_delta (MFCC),0.004494517543859649,0.004868029480637496
baseline,mRMR,60,tqwt_TKEO_mean_dec_23 (TQWT),0.004424836601307189,0.0032630720676818407
baseline,mRMR,60,tqwt_kurtosisValue_dec_27 (TQWT),0.004318121693121694,0.004787826044594226
baseline,mRMR,60,tqwt_kurtosisValue_dec_25 (TQWT),0.004255555555555556,0.004495811793464765
baseline,mRMR,60,std_MFCC_6th_coef (MFCC),0.004086358635863585,0.003085691332780588
baseline,mRMR,60,IMF_SNR_entropy (Vocal Fold),0.00403921568627451,0.003911394065527094
baseline,mRMR,60,tqwt_energy_dec_13 (TQWT),0.004017857142857143,0.0036872905905971044
baseline,mRMR,60,tqwt_maxValue_dec_11 (TQWT),0.003995590828924163,0.004748120231044845
baseline,mRMR,60,tqwt_TKEO_std_dec_34 (TQWT),0.003923747276688452,0.007404632137628812
baseline,mRMR,60,f1 (Formant Frequency),0.003844074074074074,0.0035912223125336503
baseline,mRMR,60,std_12th_delta_delta (MFCC),0.003825163398692811,0.004278789394204026
baseline,mRMR,60,tqwt_TKEO_mean_dec_11 (TQWT),0.003817777777777777,0.004175624558774467
baseline,mRMR,60,std_10th_delta_delta (MFCC),0.0037841034103410338,0.0036658409229398605
baseline,mRMR,60,std_10th_delta (MFCC),0.003710537918871253,0.0035009649554110754
baseline,mRMR,60,tqwt_meanValue_dec_11 (TQWT),0.003702947845804989,0.004736653805377268
baseline,mRMR,60,std_11th_delta (MFCC),0.003653256704980843,0.0037297642216484947
baseline,mRMR,60,tqwt_entropy_shannon_dec_7 (TQWT),0.003605555555555555,0.002424207216139047
baseline,mRMR,60,tqwt_TKEO_mean_dec_7 (TQWT),0.0034886621315192755,0.004355128708425318
baseline,mRMR,60,tqwt_skewnessValue_dec_28 (TQWT),0.0033823529411764705,0.0032197128082478814
baseline,mRMR,60,app_TKEO_std_7_coef (Wavelet),0.0033529411764705885,0.0034671569521124005
baseline,mRMR,60,tqwt_stdValue_dec_34 (TQWT),0.003297037037037037,0.005246866930096869
baseline,mRMR,60,tqwt_TKEO_mean_dec_34 (TQWT),0.0032920792079207915,0.0041394745781628455
baseline,mRMR,60,tqwt_energy_dec_8 (TQWT),0.003281666666666667,0.003672643476811578
baseline,mRMR,60,tqwt_minValue_dec_11 (TQWT),0.0032583774250440917,0.004165704480281564
baseline,mRMR,60,meanHarmToNoiseHarmonicity (Baseline),0.003179738562091504,0.0022069077997197138
baseline,mRMR,60,numPulses (Baseline),0.003178649237472767,0.0030631812152709737
baseline,mRMR,60,tqwt_entropy_shannon_dec_34 (TQWT),0.003111663902708679,0.004011952235177944
baseline,mRMR,60,std_5th_delta (MFCC),0.003107777777777778,0.00256722710016915
baseline,mRMR,60,RPDE (Baseline),0.0031056644880174287,0.003182081114161058
baseline,mRMR,60,tqwt_energy_dec_15 (TQWT),0.0030881834215167538,0.003109566287129601
baseline,mRMR,60,tqwt_stdValue_dec_7 (TQWT),0.0030770975056689342,0.0033853404144608807
baseline,mRMR,60,tqwt_kurtosisValue_dec_28 (TQWT),0.003047619047619048,0.0027303130739462465
baseline,mRMR,60,tqwt_medianValue_dec_10 (TQWT),0.0030085185185185184,0.003457539527902887
baseline,mRMR,60,std_5th_delta_delta (MFCC),0.0029355555555555563,0.002370806998997943
baseline,mRMR,60,tqwt_medianValue_dec_8 (TQWT),0.00292483660130719,0.004056253798080318
baseline,mRMR,60,tqwt_entropy_shannon_dec_18 (TQWT),0.0028769063180827887,0.0026529093624668384
baseline,mRMR,60,tqwt_maxValue_dec_7 (TQWT),0.0028644444444444446,0.0028550873434106364
baseline,mRMR,60,GNE_NSR_SEO (Vocal Fold),0.0028159041394335512,0.002851025989960221
baseline,mRMR,60,tqwt_entropy_shannon_dec_35 (TQWT),0.0028067993366500833,0.003883089363114614
baseline,mRMR,60,VFER_mean (Vocal Fold),0.0026562156215621567,0.0024112619128207964
baseline,mRMR,60,tqwt_meanValue_dec_7 (TQWT),0.0025804988662131516,0.003071593331510014
baseline,mRMR,60,tqwt_TKEO_std_dec_7 (TQWT),0.0025294784580498866,0.002294747881307252
baseline,mRMR,60,std_MFCC_7th_coef (MFCC),0.0022549019607843133,0.0020786841829812767
baseline,mRMR,60,f2 (Formant Frequency),0.0022260726072607247,0.0026881294281573005
baseline,mRMR,60,b4 (Bandwidth),0.002208061002178649,0.002181484506299555
baseline,mRMR,60,tqwt_energy_dec_14 (TQWT),0.0020294117647058824,0.0019610615361725157
baseline,mRMR,60,GNE_SNR_SEO (Vocal Fold),0.0019422657952069722,0.0021241888941729947
baseline,mRMR,60,tqwt_energy_dec_16 (TQWT),0.0019117647058823533,0.0016543468817304186
baseline,mRMR,60,VFER_entropy (Vocal Fold),0.0017015250544662314,0.0017331745029679
baseline,mRMR,60,tqwt_entropy_shannon_dec_10 (TQWT),0.0015855555555555558,0.0010266284361011937
baseline_male,mRMR,60,std_delta_delta_log_energy (MFCC),0.019025213675213676,0.02004023030776525
baseline_male,mRMR,60,tqwt_entropy_log_dec_12 (TQWT),0.016796825396825397,0.018707744136578594
baseline_male,mRMR,60,std_delta_log_energy (MFCC),0.013926984126984126,0.017804246335210928
baseline_male,mRMR,60,std_6th_delta_delta (MFCC),0.012492307692307691,0.009702159706620842
baseline_male,mRMR,60,tqwt_TKEO_mean_dec_33 (TQWT),0.011522222222222225,0.01379282393101543
baseline_male,mRMR,60,tqwt_entropy_log_dec_27 (TQWT),0.011044444444444444,0.015117659788877406
baseline_male,mRMR,60,tqwt_entropy_log_dec_35 (TQWT),0.010628841607565012,0.009045133059344157
baseline_male,mRMR,60,std_7th_delta_delta (MFCC),0.00979059829059829,0.00790240725896868
baseline_male,mRMR,60,tqwt_minValue_dec_13 (TQWT),0.009676190476190479,0.005884883420200681
baseline_male,mRMR,60,std_4th_delta (MFCC),0.009666666666666665,0.006297840161331058
baseline_male,mRMR,60,std_6th_delta (MFCC),0.009595726495726497,0.008546416035314572
baseline_male,mRMR,60,std_9th_delta_delta (MFCC),0.00959059829059829,0.008222322979867577
baseline_male,mRMR,60,tqwt_energy_dec_25 (TQWT),0.009051539491298527,0.007711483581466019
baseline_male,mRMR,60,tqwt_kurtosisValue_dec_20 (TQWT),0.008971218206157964,0.0103972376564423
baseline_male,mRMR,60,DFA (Baseline),0.008717505241090148,0.007918250225979681
baseline_male,mRMR,60,tqwt_energy_dec_6 (TQWT),0.008588652482269503,0.007710782833239739
baseline_male,mRMR,60,tqwt_kurtosisValue_dec_18 (TQWT),0.008544444444444445,0.004613950426536736
baseline_male,mRMR,60,tqwt_entropy_log_dec_33 (TQWT),0.008329945799457998,0.006946074262592461
baseline_male,mRMR,60,tqwt_entropy_shannon_dec_16 (TQWT),0.008244444444444443,0.003749363668708055
baseline_male,mRMR,60,tqwt_energy_dec_26 (TQWT),0.008003703703703702,0.009564929791843287
baseline_male,mRMR,60,apq11Shimmer (Baseline),0.007782222222222221,0.005601638899318515
baseline_male,mRMR,60,std_4th_delta_delta (MFCC),0.0073495370370370355,0.005013218811296703
baseline_male,mRMR,60,tqwt_medianValue_dec_33 (TQWT),0.007308888888888887,0.007542705907856435
baseline_male,mRMR,60,std_7th_delta (MFCC),0.0071239316239316225,0.00536293705910403
baseline_male,mRMR,60,tqwt_maxValue_dec_6 (TQWT),0.006997685185185184,0.006517491395980419
baseline_male,mRMR,60,tqwt_energy_dec_7 (TQWT),0.006850793650793652,0.005994434057091512
baseline_male,mRMR,60,std_8th_delta_delta (MFCC),0.006789832285115304,0.0047689641768247385
baseline_male,mRMR,60,tqwt_meanValue_dec_5 (TQWT),0.006785024154589371,0.0067784186808484605
baseline_male,mRMR,60,tqwt_entropy_log_dec_26 (TQWT),0.006186915887850466,0.006985577041616631
baseline_male,mRMR,60,std_9th_delta (MFCC),0.006125641025641025,0.004881327833000217
baseline_male,mRMR,60,tqwt_energy_dec_24 (TQWT),0.006125603864734299,0.007805719255917872
baseline_male,mRMR,60,tqwt_TKEO_std_dec_12 (TQWT),0.005845911949685534,0.007908388159681846
baseline_male,mRMR,60,tqwt_entropy_log_dec_28 (TQWT),0.005741269841269841,0.006042096843764941
baseline_male,mRMR,60,tqwt_energy_dec_21 (TQWT),0.005723404255319151,0.005481275116220318
baseline_male,mRMR,60,tqwt_medianValue_dec_25 (TQWT),0.005719806763285024,0.0033463584677661455
baseline_male,mRMR,60,mean_MFCC_7th_coef (MFCC),0.0056064814814814805,0.004523040003643297
baseline_male,mRMR,60,tqwt_TKEO_mean_dec_23 (TQWT),0.005544444444444443,0.0033470812587914497
baseline_male,mRMR,60,std_MFCC_8th_coef (MFCC),0.005426984126984127,0.003171295858102397
baseline_male,mRMR,60,tqwt_kurtosisValue_dec_34 (TQWT),0.0054153846153846144,0.006528798708539455
baseline_male,mRMR,60,mean_MFCC_2nd_coef (MFCC),0.005405555555555555,0.007422616912899789
baseline_male,mRMR,60,tqwt_stdValue_dec_6 (TQWT),0.005378571428571429,0.004943857160886623
baseline_male,mRMR,60,tqwt_energy_dec_11 (TQWT),0.005272222222222223,0.0057120302714495155
baseline_male,mRMR,60,tqwt_entropy_shannon_dec_17 (TQWT),0.005178743961352655,0.004075905493103209
baseline_male,mRMR,60,tqwt_TKEO_std_dec_34 (TQWT),0.0051587301587301595,0.007929860158456902
baseline_male,mRMR,60,tqwt_stdValue_dec_12 (TQWT),0.005155982905982907,0.00622791096559854
baseline_male,mRMR,60,mean_delta_log_energy (MFCC),0.005151455026455027,0.004054068243382999
baseline_male,mRMR,60,tqwt_skewnessValue_dec_28 (TQWT),0.005146666666666666,0.005345001313286933
baseline_male,mRMR,60,GNE_SNR_TKEO (Vocal Fold),0.005111111111111111,0.004757576230646646
baseline_male,mRMR,60,std_11th_delta_delta (MFCC),0.005084337349397587,0.004912384696402528
baseline_male,mRMR,60,std_8th_delta (MFCC),0.004908119658119658,0.00521568829002339
baseline_male,mRMR,60,tqwt_kurtosisValue_dec_35 (TQWT),0.0049023391812865495,0.005715006670007357
baseline_male,mRMR,60,tqwt_kurtosisValue_dec_36 (TQWT),0.004824358974358974,0.0035389644586376963
baseline_male,mRMR,60,tqwt_entropy_shannon_dec_11 (TQWT),0.0048064327485380105,0.006002319056905888
baseline_male,mRMR,60,tqwt_maxValue_dec_12 (TQWT),0.004786243386243385,0.005886772615202147
baseline_male,mRMR,60,app_TKEO_std_8_coef (Wavelet),0.004740740740740741,0.00390876877149183
baseline_male,mRMR,60,tqwt_entropy_log_dec_34 (TQWT),0.004615873015873016,0.005383344261054369
baseline_male,mRMR,60,RPDE (Baseline),0.004571111111111113,0.004719550206762733
baseline_male,mRMR,60,tqwt_meanValue_dec_36 (TQWT),0.004551111111111111,0.003464640491267995
baseline_male,mRMR,60,tqwt_TKEO_std_dec_11 (TQWT),0.004543589743589743,0.008371000232509137
baseline_male,mRMR,60,app_det_TKEO_mean_3_coef (Wavelet),0.004533816425120772,0.005689298786161877
baseline_male,mRMR,60,tqwt_stdValue_dec_11 (TQWT),0.004427350427350427,0.004709179424671431
baseline_male,mRMR,60,IMF_SNR_entropy (Vocal Fold),0.0044203703703703705,0.0045037557799296815
baseline_male,mRMR,60,IMF_SNR_SEO (Vocal Fold),0.004357487922705314,0.0034465189602076686
baseline_male,mRMR,60,tqwt_energy_dec_12 (TQWT),0.004329100529100527,0.008957899667701082
baseline_male,mRMR,60,tqwt_kurtosisValue_dec_26 (TQWT),0.004205555555555554,0.006088721872272862
baseline_male,mRMR,60,app_entropy_shannon_10_coef (Wavelet),0.004173333333333334,0.005561183035717917
baseline_male,mRMR,60,std_MFCC_6th_coef (MFCC),0.004140589569160998,0.003047861532944048
baseline_male,mRMR,60,tqwt_kurtosisValue_dec_25 (TQWT),0.004118253968253968,0.004480260933466772
baseline_male,mRMR,60,mean_2nd_delta (MFCC),0.004088734567901234,0.005281797678030374
baseline_male,mRMR,60,ppq5Jitter (Baseline),0.004066193853427896,0.0038485659786875364
baseline_male,mRMR,60,std_12th_delta (MFCC),0.003999999999999999,0.0038804391256412967
baseline_male,mRMR,60,tqwt_entropy_shannon_dec_7 (TQWT),0.0038821839080459765,0.0027465764210432976
baseline_male,mRMR,60,tqwt_entropy_shannon_dec_18 (TQWT),0.0037822222222222224,0.002739431416276831
baseline_male,mRMR,60,locPctJitter (Baseline),0.0037246031746031743,0.0039033993250080956
baseline_male,mRMR,60,tqwt_maxValue_dec_11 (TQWT),0.003703418803418803,0.005310718413717387
baseline_male,mRMR,60,tqwt_TKEO_mean_dec_7 (TQWT),0.0036980676328502407,0.0038239735863134015
baseline_male,mRMR,60,f1 (Formant Frequency),0.003692411924119241,0.0031668659099743177
baseline_male,mRMR,60,tqwt_minValue_dec_12 (TQWT),0.0036658119658119657,0.005023466709017384
baseline_male,mRMR,60,std_12th_delta_delta (MFCC),0.0036446759259259253,0.003641161907152948
baseline_male,mRMR,60,tqwt_TKEO_mean_dec_34 (TQWT),0.003629001883239172,0.005056857287574012
baseline_male,mRMR,60,tqwt_stdValue_dec_34 (TQWT),0.0036050135501355016,0.006581301567112387
baseline_male,mRMR,60,tqwt_kurtosisValue_dec_27 (TQWT),0.0035636752136752135,0.004050206852361165
baseline_male,mRMR,60,tqwt_TKEO_mean_dec_11 (TQWT),0.0034335748792270544,0.005210746734475637
baseline_male,mRMR,60,tqwt_energy_dec_13 (TQWT),0.0033521367521367525,0.003649361632396821
baseline_male,mRMR,60,tqwt_meanValue_dec_11 (TQWT),0.0033212560386473434,0.003667593336620973
baseline_male,mRMR,60,tqwt_maxValue_dec_7 (TQWT),0.0033009259259259255,0.0036160223013624536
baseline_male,mRMR,60,tqwt_energy_dec_8 (TQWT),0.0032814009661835757,0.004754039590375786
baseline_male,mRMR,60,tqwt_kurtosisValue_dec_28 (TQWT),0.0032410256410256417,0.0031312611567527733
baseline_male,mRMR,60,tqwt_entropy_shannon_dec_34 (TQWT),0.0031999999999999993,0.004630073392272998
baseline_male,mRMR,60,tqwt_stdValue_dec_7 (TQWT),0.0031932367149758445,0.003028543836285912
baseline_male,mRMR,60,std_10th_delta_delta (MFCC),0.003081236897274632,0.0029802694099410254
baseline_male,mRMR,60,tqwt_minValue_dec_11 (TQWT),0.0028726495726495715,0.004495993784911197
baseline_male,mRMR,60,std_11th_delta (MFCC),0.0028333333333333322,0.002448709977836403
baseline_male,mRMR,60,app_TKEO_std_9_coef (Wavelet),0.002739130434782609,0.002061053069576907
baseline_male,mRMR,60,std_10th_delta (MFCC),0.0027329059829059826,0.002464477673363312
baseline_male,mRMR,60,tqwt_entropy_shannon_dec_12 (TQWT),0.0027288888888888888,0.0020059545991507016
baseline_male,mRMR,60,tqwt_entropy_shannon_dec_35 (TQWT),0.0027232804232804227,0.0046252393634455425
baseline_male,mRMR,60,tqwt_energy_dec_15 (TQWT),0.002666239316239316,0.002881093475914875
baseline_male,mRMR,60,app_TKEO_std_7_coef (Wavelet),0.0026619047619047616,0.0025192058364488694
baseline_male,mRMR,60,numPulses (Baseline),0.0026539682539682545,0.0024801234673927854
baseline_male,mRMR,60,std_5th_delta_delta (MFCC),0.0025856481481481477,0.0017616131672813225
baseline_male,mRMR,60,tqwt_TKEO_std_dec_7 (TQWT),0.0024951690821256043,0.0022907477684454627
baseline_male,mRMR,60,std_5th_delta (MFCC),0.0024236111111111116,0.001957078061381599
baseline_male,mRMR,60,GNE_NSR_SEO (Vocal Fold),0.0023666666666666675,0.002743913232786313
baseline_male,mRMR,60,std_MFCC_7th_coef (MFCC),0.002352657004830918,0.002293165504839329
baseline_male,mRMR,60,tqwt_meanValue_dec_7 (TQWT),0.0023091787439613533,0.0025262147408577837
baseline_male,mRMR,60,tqwt_medianValue_dec_10 (TQWT),0.002243827160493827,0.002583082100904537
baseline_male,mRMR,60,VFER_mean (Vocal Fold),0.0021958568738229753,0.0024830095191778457
baseline_male,mRMR,60,f2 (Formant Frequency),0.002086629001883239,0.002550072438778504
baseline_male,mRMR,60,tqwt_energy_dec_16 (TQWT),0.002015873015873015,0.001829618002480855
baseline_male,mRMR,60,b4 (Bandwidth),0.002002415458937198,0.001721284658951891
baseline_male,mRMR,60,tqwt_TKEO_mean_dec_12 (TQWT),0.0019177777777777776,0.002056151200120691
baseline_male,mRMR,60,tqwt_energy_dec_14 (TQWT),0.0018726053639846743,0.0017810164969582238
baseline_male,mRMR,60,tqwt_medianValue_dec_8 (TQWT),0.0016866666666666666,0.0026660979123201904
baseline_male,mRMR,60,VFER_entropy (Vocal Fold),0.0016739130434782607,0.0016601428157836163
baseline_male,mRMR,60,meanHarmToNoiseHarmonicity (Baseline),0.001662222222222222,0.0015141904677988076
baseline_male,mRMR,60,tqwt_entropy_shannon_dec_10 (TQWT),0.00143287037037037,0.0010584113210045205
baseline_male,mRMR,60,GNE_SNR_SEO (Vocal Fold),0.0014285714285714286,0.0019702457034258777
baseline_female,mRMR,60,std_delta_delta_log_energy (MFCC),0.030002732240437157,0.020200399919258313
baseline_female,mRMR,60,tqwt_entropy_log_dec_27 (TQWT),0.02282671957671958,0.011515755406179655
baseline_female,mRMR,60,app_entropy_shannon_10_coef (Wavelet),0.02191666666666667,0.010662294490845945
baseline_female,mRMR,60,tqwt_entropy_log_dec_12 (TQWT),0.021128472222222226,0.019781227805744466
baseline_female,mRMR,60,std_delta_log_energy (MFCC),0.020253472222222218,0.015798695488967028
baseline_female,mRMR,60,tqwt_energy_dec_26 (TQWT),0.017477513227513234,0.010567672994659034
baseline_female,mRMR,60,std_6th_delta_delta (MFCC),0.017030510018214935,0.016259695000361167
baseline_female,mRMR,60,tqwt_entropy_log_dec_35 (TQWT),0.015199588477366256,0.012292372801504067
baseline_female,mRMR,60,std_7th_delta_delta (MFCC),0.014910291438979964,0.008943459147792023
baseline_female,mRMR,60,std_9th_delta_delta (MFCC),0.01479508196721311,0.013485667235993927
baseline_female,mRMR,60,tqwt_kurtosisValue_dec_26 (TQWT),0.014157559198542807,0.010449825423315186
baseline_female,mRMR,60,tqwt_entropy_log_dec_33 (TQWT),0.01403839869281046,0.012105516818134229
baseline_female,mRMR,60,apq11Shimmer (Baseline),0.013794871794871795,0.007450312712038301
baseline_female,mRMR,60,tqwt_meanValue_dec_36 (TQWT),0.013521367521367521,0.006609787605459965
baseline_female,mRMR,60,std_6th_delta (MFCC),0.013021402550091078,0.00977363647265489
baseline_female,mRMR,60,tqwt_entropy_log_dec_26 (TQWT),0.012274822695035463,0.009069545046953785
baseline_female,mRMR,60,tqwt_energy_dec_25 (TQWT),0.011946825396825397,0.010137843314367043
baseline_female,mRMR,60,DFA (Baseline),0.011662615740740742,0.007938124717360471
baseline_female,mRMR,60,tqwt_TKEO_std_dec_12 (TQWT),0.011607060185185184,0.010611538012236393
baseline_female,mRMR,60,std_4th_delta (MFCC),0.011276353276353276,0.010994127760044384
baseline_female,mRMR,60,mean_MFCC_2nd_coef (MFCC),0.011139344262295084,0.0100390870952401
baseline_female,mRMR,60,tqwt_TKEO_mean_dec_33 (TQWT),0.010713675213675215,0.008439321549872847
baseline_female,mRMR,60,GNE_SNR_TKEO (Vocal Fold),0.01051923076923077,0.011162481633848104
baseline_female,mRMR,60,tqwt_TKEO_mean_dec_12 (TQWT),0.010162393162393165,0.005822592111987488
baseline_female,mRMR,60,tqwt_minValue_dec_13 (TQWT),0.00996527777777778,0.006679593702106193
baseline_female,mRMR,60,tqwt_kurtosisValue_dec_20 (TQWT),0.00986192810457516,0.0079077103005436
baseline_female,mRMR,60,std_7th_delta (MFCC),0.009817850637522767,0.005892484452554478
baseline_female,mRMR,60,app_TKEO_std_9_coef (Wavelet),0.009726190476190477,0.006532159290111818
baseline_female,mRMR,60,tqwt_energy_dec_6 (TQWT),0.009593621399176955,0.008770557854474451
baseline_female,mRMR,60,app_TKEO_std_8_coef (Wavelet),0.009008547008547009,0.007014101310760859
baseline_female,mRMR,60,app_det_TKEO_mean_3_coef (Wavelet),0.008972222222222222,0.006294447532950746
baseline_female,mRMR,60,tqwt_kurtosisValue_dec_18 (TQWT),0.008970085470085468,0.006077644768968152
baseline_female,mRMR,60,std_4th_delta_delta (MFCC),0.008901709401709403,0.00666452540815165
baseline_female,mRMR,60,tqwt_entropy_shannon_dec_12 (TQWT),0.008888888888888887,0.0047912157074951195
baseline_female,mRMR,60,std_12th_delta (MFCC),0.008598290598290596,0.004760909541911048
baseline_female,mRMR,60,std_8th_delta_delta (MFCC),0.00846412037037037,0.006913201787905222
baseline_female,mRMR,60,tqwt_energy_dec_7 (TQWT),0.008393055555555556,0.0060586892479882306
baseline_female,mRMR,60,tqwt_stdValue_dec_12 (TQWT),0.007986794171220403,0.006395767139667831
baseline_female,mRMR,60,tqwt_maxValue_dec_12 (TQWT),0.007975115740740741,0.007606519224561189
baseline_female,mRMR,60,tqwt_energy_dec_24 (TQWT),0.0078234126984127,0.006735903083853796
baseline_female,mRMR,60,std_9th_delta (MFCC),0.007709471766848816,0.006897388041151557
baseline_female,mRMR,60,tqwt_TKEO_std_dec_11 (TQWT),0.007477231329690346,0.00837755013265711
baseline_female,mRMR,60,locPctJitter (Baseline),0.007448611111111111,0.008047100879105464
baseline_female,mRMR,60,tqwt_entropy_shannon_dec_11 (TQWT),0.007442872117400419,0.006501729651807494
baseline_female,mRMR,60,tqwt_energy_dec_12 (TQWT),0.00738541666666667,0.008508392812854829
baseline_female,mRMR,60,tqwt_stdValue_dec_11 (TQWT),0.00714799635701275,0.006331521052314961
baseline_female,mRMR,60,IMF_SNR_SEO (Vocal Fold),0.0071289682539682556,0.006029676230286814
baseline_female,mRMR,60,tqwt_stdValue_dec_6 (TQWT),0.007020138888888889,0.006735070061947838
baseline_female,mRMR,60,tqwt_meanValue_dec_5 (TQWT),0.006608024691358024,0.004854169844576297
baseline_female,mRMR,60,tqwt_medianValue_dec_33 (TQWT),0.0064316239316239325,0.007301753920505013
baseline_female,mRMR,60,tqwt_minValue_dec_12 (TQWT),0.0062472677595628405,0.005417721370020508
baseline_female,mRMR,60,tqwt_energy_dec_21 (TQWT),0.006240740740740741,0.00506850925414478
baseline_female,mRMR,60,tqwt_entropy_log_dec_34 (TQWT),0.006234722222222223,0.0060239910808170625
baseline_female,mRMR,60,std_8th_delta (MFCC),0.006234517304189435,0.00546707553272512
baseline_female,mRMR,60,mean_delta_log_energy (MFCC),0.005983660130718955,0.004288610302565343
baseline_female,mRMR,60,std_11th_delta_delta (MFCC),0.005867460317460317,0.007553232979816065
baseline_female,mRMR,60,ppq5Jitter (Baseline),0.005804487179487178,0.0064982259354992526
baseline_female,mRMR,60,tqwt_energy_dec_11 (TQWT),0.005803734061930784,0.006083209520752627
baseline_female,mRMR,60,tqwt_entropy_shannon_dec_17 (TQWT),0.005575396825396826,0.0036323148753033387
baseline_female,mRMR,60,numPulses (Baseline),0.0055451388888888885,0.003058866812097721
baseline_female,mRMR,60,tqwt_TKEO_mean_dec_7 (TQWT),0.005540598290598293,0.00407161592037562
baseline_female,mRMR,60,tqwt_kurtosisValue_dec_34 (TQWT),0.005366575591985428,0.005122208486443408
baseline_female,mRMR,60,tqwt_medianValue_dec_25 (TQWT),0.005359126984126984,0.0036800135003189167
baseline_female,mRMR,60,tqwt_kurtosisValue_dec_36 (TQWT),0.005264116575591985,0.004918814826106652
baseline_female,mRMR,60,std_10th_delta (MFCC),0.004881602914389798,0.0042563704654674395
baseline_female,mRMR,60,tqwt_kurtosisValue_dec_35 (TQWT),0.004843815513626833,0.005353772138171622
baseline_female,mRMR,60,std_12th_delta_delta (MFCC),0.004806584362139917,0.005638644438541502
baseline_female,mRMR,60,std_MFCC_8th_coef (MFCC),0.004791666666666667,0.0030191469369592393
baseline_female,mRMR,60,tqwt_maxValue_dec_11 (TQWT),0.004788706739526412,0.004282897207536366
baseline_female,mRMR,60,tqwt_entropy_shannon_dec_16 (TQWT),0.004666666666666665,0.0036634415216440816
baseline_female,mRMR,60,mean_2nd_delta (MFCC),0.004650694444444446,0.0048693626088840815
baseline_female,mRMR,60,tqwt_kurtosisValue_dec_27 (TQWT),0.004577868852459016,0.004488774316824169
baseline_female,mRMR,60,tqwt_meanValue_dec_11 (TQWT),0.004491452991452992,0.0045574651694213495
baseline_female,mRMR,60,mean_MFCC_7th_coef (MFCC),0.004490384615384614,0.004763520293426245
baseline_female,mRMR,60,std_10th_delta_delta (MFCC),0.0044380787037037045,0.004080814086072634
baseline_female,mRMR,60,tqwt_minValue_dec_11 (TQWT),0.004191712204007286,0.0036490312195358735
baseline_female,mRMR,60,tqwt_medianValue_dec_8 (TQWT),0.004014957264957266,0.0051016496990512455
baseline_female,mRMR,60,tqwt_kurtosisValue_dec_25 (TQWT),0.004013194444444443,0.004539120411884948
baseline_female,mRMR,60,tqwt_TKEO_mean_dec_23 (TQWT),0.003961538461538462,0.003117691809656981
baseline_female,mRMR,60,std_11th_delta (MFCC),0.003922453703703703,0.004578620772065328
baseline_female,mRMR,60,IMF_SNR_entropy (Vocal Fold),0.0037804232804232807,0.004016612768305088
baseline_female,mRMR,60,tqwt_energy_dec_13 (TQWT),0.003763661202185792,0.003350129384625252
baseline_female,mRMR,60,meanHarmToNoiseHarmonicity (Baseline),0.0037564102564102567,0.0023890521567287324
baseline_female,mRMR,60,tqwt_entropy_log_dec_28 (TQWT),0.0037152777777777774,0.004618540896837488
baseline_female,mRMR,60,tqwt_energy_dec_15 (TQWT),0.003636612021857924,0.00326456574832918
baseline_female,mRMR,60,std_5th_delta (MFCC),0.0036282051282051286,0.0027929930721020953
baseline_female,mRMR,60,tqwt_medianValue_dec_10 (TQWT),0.0035021367521367525,0.004349931915593419
baseline_female,mRMR,60,f1 (Formant Frequency),0.0034901960784313713,0.003422039991920158
baseline_female,mRMR,60,tqwt_maxValue_dec_6 (TQWT),0.0033653846153846147,0.003930956954409776
baseline_female,mRMR,60,tqwt_stdValue_dec_34 (TQWT),0.0033276143790849683,0.003240090779589103
baseline_female,mRMR,60,tqwt_TKEO_mean_dec_11 (TQWT),0.003325102880658437,0.004013555467546843
baseline_female,mRMR,60,tqwt_stdValue_dec_7 (TQWT),0.0033226495726495727,0.003140107320661825
baseline_female,mRMR,60,std_MFCC_6th_coef (MFCC),0.003306623931623932,0.0028924259512503664
baseline_female,mRMR,60,tqwt_meanValue_dec_7 (TQWT),0.0032542735042735047,0.0036863623281315175
baseline_female,mRMR,60,tqwt_TKEO_std_dec_34 (TQWT),0.0031736111111111114,0.0024918207413008246
baseline_female,mRMR,60,tqwt_energy_dec_8 (TQWT),0.00314917695473251,0.003084982661368212
baseline_female,mRMR,60,tqwt_entropy_shannon_dec_34 (TQWT),0.0030706018518518517,0.0034463185911395642
baseline_female,mRMR,60,tqwt_entropy_shannon_dec_18 (TQWT),0.0030512820512820513,0.0028735128774857207
baseline_female,mRMR,60,tqwt_entropy_shannon_dec_7 (TQWT),0.003005291005291006,0.002421930956712617
baseline_female,mRMR,60,RPDE (Baseline),0.0029829059829059837,0.0026978145373993518
baseline_female,mRMR,60,tqwt_maxValue_dec_7 (TQWT),0.002963675213675214,0.0017491798605718581
baseline_female,mRMR,60,tqwt_TKEO_mean_dec_34 (TQWT),0.002949735449735451,0.002469572148393306
baseline_female,mRMR,60,tqwt_entropy_shannon_dec_35 (TQWT),0.002891782407407407,0.0026938506251430743
baseline_female,mRMR,60,std_5th_delta_delta (MFCC),0.0028739316239316235,0.001955896457006595
baseline_female,mRMR,60,tqwt_skewnessValue_dec_28 (TQWT),0.0028632478632478627,0.002415937879324681
baseline_female,mRMR,60,tqwt_TKEO_std_dec_7 (TQWT),0.0027713675213675215,0.00202796270617404
baseline_female,mRMR,60,app_TKEO_std_7_coef (Wavelet),0.002722222222222222,0.0023158752496170456
baseline_female,mRMR,60,VFER_mean (Vocal Fold),0.0026732804232804234,0.002172494806913705
baseline_female,mRMR,60,GNE_SNR_SEO (Vocal Fold),0.0025902777777777786,0.002568668817824884
baseline_female,mRMR,60,f2 (Formant Frequency),0.0025396825396825392,0.0023116543927988085
baseline_female,mRMR,60,std_MFCC_7th_coef (MFCC),0.002408730158730159,0.0022295335357614262
baseline_female,mRMR,60,tqwt_kurtosisValue_dec_28 (TQWT),0.0023547358834244084,0.0023901268965260576
baseline_female,mRMR,60,b4 (Bandwidth),0.0021904761904761906,0.0021170789620184034
baseline_female,mRMR,60,tqwt_energy_dec_14 (TQWT),0.002016414141414141,0.0019789884249171983
baseline_female,mRMR,60,GNE_NSR_SEO (Vocal Fold),0.0019930555555555548,0.0030188451311595832
baseline_female,mRMR,60,tqwt_energy_dec_16 (TQWT),0.0017743055555555557,0.0013611849861748639
baseline_female,mRMR,60,tqwt_entropy_shannon_dec_10 (TQWT),0.0015512820512820513,0.0010977833142875723
baseline_female,mRMR,60,VFER_entropy (Vocal Fold),0.0013789682539682535,0.0013364299358907571
baseline,mRMR,70,std_delta_delta_log_energy (MFCC),0.021795414462081126,0.0191548921196764
baseline,mRMR,70,tqwt_entropy_log_dec_12 (TQWT),0.01602287581699346,0.011869417105970306
baseline,mRMR,70,tqwt_energy_dec_26 (TQWT),0.015148638704930096,0.011396955347198673
baseline,mRMR,70,app_entropy_shannon_9_coef (Wavelet),0.014033769063180828,0.006354833067647201
baseline,mRMR,70,std_6th_delta_delta (MFCC),0.013284611992945325,0.011592956038450349
baseline,mRMR,70,tqwt_kurtosisValue_dec_18 (TQWT),0.013228758169934641,0.00553279306549659
baseline,mRMR,70,std_7th_delta_delta (MFCC),0.012621693121693119,0.00803182813241629
baseline,mRMR,70,std_delta_log_energy (MFCC),0.012526810392482034,0.013546686217405665
baseline,mRMR,70,app_det_TKEO_mean_10_coef (Wavelet),0.011468253968253966,0.008930484393172755
baseline,mRMR,70,tqwt_entropy_log_dec_27 (TQWT),0.010457602339181292,0.0090408396803757
baseline,mRMR,70,app_entropy_shannon_10_coef (Wavelet),0.00979193899782135,0.0037156949916681875
baseline,mRMR,70,app_entropy_shannon_8_coef (Wavelet),0.009667755991285403,0.005714564620823279
baseline,mRMR,70,std_8th_delta_delta (MFCC),0.00966247795414462,0.0069493662330258645
baseline,mRMR,70,std_4th_delta_delta (MFCC),0.009596666666666667,0.0074314734182592485
baseline,mRMR,70,std_6th_delta (MFCC),0.009522486772486773,0.007587527617941544
baseline,mRMR,70,tqwt_meanValue_dec_36 (TQWT),0.009456427015250546,0.006359271999699805
baseline,mRMR,70,app_TKEO_std_8_coef (Wavelet),0.009346534653465348,0.007695825267387803
baseline,mRMR,70,tqwt_entropy_log_dec_28 (TQWT),0.009316993464052285,0.007471039718039535
baseline,mRMR,70,std_9th_delta_delta (MFCC),0.009256172839506173,0.008557626075792815
baseline,mRMR,70,tqwt_TKEO_std_dec_12 (TQWT),0.008809964726631394,0.008776505398158482
baseline,mRMR,70,tqwt_energy_dec_7 (TQWT),0.008747777777777776,0.006266252908516122
baseline,mRMR,70,tqwt_entropy_log_dec_33 (TQWT),0.008672592592592593,0.008733960910961524
baseline,mRMR,70,tqwt_stdValue_dec_12 (TQWT),0.008646384479717814,0.0080834608993662
baseline,mRMR,70,tqwt_TKEO_mean_dec_12 (TQWT),0.008631808278867104,0.006784448957646275
baseline,mRMR,70,std_7th_delta (MFCC),0.008600749559082892,0.005538057322528876
baseline,mRMR,70,tqwt_energy_dec_6 (TQWT),0.008496699669966997,0.006616893955121959
baseline,mRMR,70,tqwt_entropy_log_dec_26 (TQWT),0.008304035378662243,0.007293013612346555
baseline,mRMR,70,mean_MFCC_2nd_coef (MFCC),0.008239858906525574,0.008659935833104532
baseline,mRMR,70,DFA (Baseline),0.007893738977072311,0.0068526290135548186
baseline,mRMR,70,GNE_SNR_TKEO (Vocal Fold),0.00785827664399093,0.007773191689007484
baseline,mRMR,70,tqwt_kurtosisValue_dec_26 (TQWT),0.007833553791887125,0.007444083928124685
baseline,mRMR,70,std_12th_delta (MFCC),0.007663398692810458,0.004737729248424033
baseline,mRMR,70,tqwt_energy_dec_25 (TQWT),0.007622730573710965,0.006597131461654409
baseline,mRMR,70,tqwt_entropy_shannon_dec_12 (TQWT),0.007594771241830065,0.004518268825775482
baseline,mRMR,70,app_TKEO_std_9_coef (Wavelet),0.00722657952069717,0.006182105329751757
baseline,mRMR,70,tqwt_entropy_shannon_dec_16 (TQWT),0.00694662309368192,0.004518709222667971
baseline,mRMR,70,tqwt_entropy_log_dec_35 (TQWT),0.006863703703703704,0.007073329359766574
baseline,mRMR,70,tqwt_energy_dec_24 (TQWT),0.00679193899782135,0.006149759927496755
baseline,mRMR,70,apq11Shimmer (Baseline),0.006783224400871462,0.00418579316123485
baseline,mRMR,70,std_11th_delta_delta (MFCC),0.006641975308641975,0.005997643914760069
baseline,mRMR,70,locAbsJitter (Baseline),0.006641723356009069,0.008806614059636907
baseline,mRMR,70,IMF_SNR_SEO (Vocal Fold),0.006603485838779958,0.004888112390253212
baseline,mRMR,70,tqwt_meanValue_dec_5 (TQWT),0.0065650000000000005,0.0069707767796125435
baseline,mRMR,70,tqwt_kurtosisValue_dec_20 (TQWT),0.006544150110375275,0.007363833612460901
baseline,mRMR,70,tqwt_TKEO_mean_dec_33 (TQWT),0.0064444444444444445,0.007481824956410206
baseline,mRMR,70,tqwt_minValue_dec_13 (TQWT),0.006383986928104576,0.00421899097146639
baseline,mRMR,70,std_9th_delta (MFCC),0.006206128747795413,0.005095160011759489
baseline,mRMR,70,tqwt_medianValue_dec_33 (TQWT),0.005823529411764706,0.006317363154622521
baseline,mRMR,70,tqwt_energy_dec_11 (TQWT),0.005772266313932981,0.006367300300790537
baseline,mRMR,70,tqwt_maxValue_dec_7 (TQWT),0.005635555555555556,0.0042232792350131035
baseline,mRMR,70,tqwt_entropy_shannon_dec_17 (TQWT),0.005633986928104575,0.004430426217711817
baseline,mRMR,70,mean_MFCC_7th_coef (MFCC),0.005497222222222222,0.004998930735413391
baseline,mRMR,70,tqwt_TKEO_std_dec_11 (TQWT),0.005367283950617283,0.006682163637380783
baseline,mRMR,70,tqwt_energy_dec_21 (TQWT),0.005334983498349836,0.004151284745516519
baseline,mRMR,70,app_det_TKEO_mean_3_coef (Wavelet),0.0051938775510204085,0.0038399308332022365
baseline,mRMR,70,tqwt_stdValue_dec_6 (TQWT),0.0051262962962962955,0.0039012542302797994
baseline,mRMR,70,std_8th_delta (MFCC),0.005016975308641976,0.005129310791018014
baseline,mRMR,70,tqwt_kurtosisValue_dec_34 (TQWT),0.005010361552028219,0.004795908538169532
baseline,mRMR,70,ppq5Jitter (Baseline),0.004973063973063971,0.004623860975158132
baseline,mRMR,70,tqwt_maxValue_dec_6 (TQWT),0.004965555555555555,0.0048990288292729235
baseline,mRMR,70,tqwt_kurtosisValue_dec_36 (TQWT),0.004915564373897707,0.004428015395559492
baseline,mRMR,70,tqwt_entropy_log_dec_34 (TQWT),0.004870740740740741,0.005239207045646898
baseline,mRMR,70,tqwt_maxValue_dec_13 (TQWT),0.004838779956427015,0.0031416031626425125
baseline,mRMR,70,locPctJitter (Baseline),0.004832592592592592,0.004543746440914303
baseline,mRMR,70,tqwt_energy_dec_12 (TQWT),0.004826499118165784,0.005923592870530939
baseline,mRMR,70,std_4th_delta (MFCC),0.0048066666666666666,0.0034927230180295003
baseline,mRMR,70,tqwt_meanValue_dec_11 (TQWT),0.004735827664399093,0.006176958077184628
baseline,mRMR,70,std_10th_delta_delta (MFCC),0.0046699735449735455,0.003942059680507833
baseline,mRMR,70,app_det_TKEO_mean_8_coef (Wavelet),0.004593681917211329,0.004817192880310162
baseline,mRMR,70,tqwt_entropy_shannon_dec_11 (TQWT),0.004423991155334438,0.005146791270524829
baseline,mRMR,70,tqwt_minValue_dec_12 (TQWT),0.004423721340388007,0.00465465042961102
baseline,mRMR,70,tqwt_stdValue_dec_11 (TQWT),0.0044111552028218695,0.004943954370270921
baseline,mRMR,70,tqwt_kurtosisValue_dec_35 (TQWT),0.004396351575456052,0.005005136670453802
baseline,mRMR,70,tqwt_entropy_shannon_dec_18 (TQWT),0.004376906318082787,0.002809742556118449
baseline,mRMR,70,tqwt_maxValue_dec_11 (TQWT),0.0043699294532627865,0.004377553077261764
baseline,mRMR,70,std_MFCC_8th_coef (MFCC),0.0043572222222222215,0.002897654016349091
baseline,mRMR,70,tqwt_TKEO_std_dec_7 (TQWT),0.0042966666666666665,0.003603379540097918
baseline,mRMR,70,tqwt_maxValue_dec_12 (TQWT),0.0042675511332227745,0.003995810738952527
baseline,mRMR,70,f1 (Formant Frequency),0.003958817025981206,0.0037526795054859895
baseline,mRMR,70,std_MFCC_6th_coef (MFCC),0.00394939493949395,0.002794139806083785
baseline,mRMR,70,mean_delta_log_energy (MFCC),0.003911549707602339,0.0032635700559510037
baseline,mRMR,70,tqwt_minValue_dec_11 (TQWT),0.003901014109347443,0.004531982382179287
baseline,mRMR,70,std_5th_delta (MFCC),0.0038377777777777785,0.0035237527167847594
baseline,mRMR,70,mean_2nd_delta (MFCC),0.00374890350877193,0.004522255238911028
baseline,mRMR,70,std_12th_delta_delta (MFCC),0.003673202614379085,0.0034468066893240594
baseline,mRMR,70,tqwt_TKEO_mean_dec_23 (TQWT),0.0036640740740740735,0.0030478824490710026
baseline,mRMR,70,numPulses (Baseline),0.0036307189542483654,0.0028050016142112198
baseline,mRMR,70,tqwt_entropy_shannon_dec_35 (TQWT),0.003589828634604754,0.004552459866311013
baseline,mRMR,70,std_11th_delta (MFCC),0.003568562610229277,0.003553879732648836
baseline,mRMR,70,RPDE (Baseline),0.0035566448801742914,0.003257479214493249
baseline,mRMR,70,tqwt_TKEO_mean_dec_7 (TQWT),0.003532777777777778,0.003360858991007861
baseline,mRMR,70,tqwt_kurtosisValue_dec_27 (TQWT),0.0034248236331569674,0.004688827816953404
baseline,mRMR,70,tqwt_stdValue_dec_34 (TQWT),0.0034011111111111113,0.0053388553679085266
baseline,mRMR,70,std_10th_delta (MFCC),0.0033866843033509707,0.003805724235061038
baseline,mRMR,70,tqwt_kurtosisValue_dec_25 (TQWT),0.003328888888888888,0.0031447949399056093
baseline,mRMR,70,tqwt_stdValue_dec_35 (TQWT),0.003313725490196079,0.002954017804656987
baseline,mRMR,70,tqwt_skewnessValue_dec_28 (TQWT),0.0033059259259259266,0.0034648858204163226
baseline,mRMR,70,app_det_TKEO_mean_9_coef (Wavelet),0.0032843137254901958,0.002673161112555196
baseline,mRMR,70,tqwt_entropy_shannon_dec_34 (TQWT),0.0032645107794361523,0.003646236872806962
baseline,mRMR,70,app_det_TKEO_mean_7_coef (Wavelet),0.003243464052287582,0.0035529565078152394
baseline,mRMR,70,tqwt_TKEO_mean_dec_34 (TQWT),0.003201870187018701,0.0050880626305711395
baseline,mRMR,70,tqwt_energy_dec_15 (TQWT),0.0031935626102292764,0.00433897710319322
baseline,mRMR,70,std_5th_delta_delta (MFCC),0.0031333333333333335,0.002534254512843719
baseline,mRMR,70,tqwt_medianValue_dec_8 (TQWT),0.003021786492374728,0.00407955844177352
baseline,mRMR,70,tqwt_TKEO_mean_dec_35 (TQWT),0.0029509803921568623,0.0050112039075139595
baseline,mRMR,70,tqwt_TKEO_mean_dec_11 (TQWT),0.0029137645107794362,0.002633992859047715
baseline,mRMR,70,tqwt_energy_dec_13 (TQWT),0.002828483245149912,0.0031503259101660296
baseline,mRMR,70,tqwt_kurtosisValue_dec_28 (TQWT),0.0027656525573192246,0.0027354426525102405
baseline,mRMR,70,tqwt_energy_dec_8 (TQWT),0.0026966666666666667,0.0030875416458871177
baseline,mRMR,70,tqwt_TKEO_std_dec_9 (TQWT),0.0026557734204793026,0.002402915596422114
baseline,mRMR,70,VFER_entropy (Vocal Fold),0.0026553362573099406,0.0025960062844783824
baseline,mRMR,70,tqwt_medianValue_dec_10 (TQWT),0.0026481481481481477,0.0028107000663914958
baseline,mRMR,70,app_TKEO_std_7_coef (Wavelet),0.0025588235294117644,0.0030288253679826302
baseline,mRMR,70,tqwt_entropy_shannon_dec_7 (TQWT),0.0024966666666666657,0.002263730966625782
baseline,mRMR,70,tqwt_medianValue_dec_25 (TQWT),0.0023681917211328977,0.0018233032642461157
baseline,mRMR,70,tqwt_meanValue_dec_7 (TQWT),0.0023183333333333333,0.0028489237603601908
baseline,mRMR,70,tqwt_medianValue_dec_22 (TQWT),0.0022766884531590413,0.002967240938325016
baseline,mRMR,70,std_MFCC_7th_coef (MFCC),0.00224727668845316,0.002067934721259385
baseline,mRMR,70,GNE_SNR_SEO (Vocal Fold),0.002232570806100218,0.0023513967789188512
baseline,mRMR,70,numPeriodsPulses (Baseline),0.0022135076252723304,0.002052620767751825
baseline,mRMR,70,VFER_mean (Vocal Fold),0.00220935960591133,0.0021380323561709168
baseline,mRMR,70,tqwt_energy_dec_14 (TQWT),0.0021976229961304596,0.0019895815450421918
baseline,mRMR,70,f2 (Formant Frequency),0.002185918591859185,0.002376937208000108
baseline,mRMR,70,tqwt_entropy_shannon_dec_10 (TQWT),0.002184444444444445,0.002705681228869087
baseline,mRMR,70,tqwt_medianValue_dec_5 (TQWT),0.0021514161220043578,0.0021153124101456378
baseline,mRMR,70,IMF_SNR_entropy (Vocal Fold),0.002150871459694989,0.002195338903055793
baseline,mRMR,70,tqwt_stdValue_dec_7 (TQWT),0.0021038888888888886,0.0019804984908516282
baseline,mRMR,70,tqwt_stdValue_dec_33 (TQWT),0.0020340136054421767,0.002006926625661174
baseline,mRMR,70,tqwt_TKEO_std_dec_34 (TQWT),0.002010893246187363,0.002907232436450866
baseline,mRMR,70,GNE_NSR_SEO (Vocal Fold),0.0018758169934640525,0.002704672249642122
baseline,mRMR,70,tqwt_energy_dec_16 (TQWT),0.0018327886710239655,0.0018330351653218686
baseline,mRMR,70,meanHarmToNoiseHarmonicity (Baseline),0.0014716775599128537,0.001438275705996421
baseline,mRMR,70,b4 (Bandwidth),0.0014542483660130716,0.0014857061760042824
baseline_male,mRMR,70,std_delta_delta_log_energy (MFCC),0.01907564102564103,0.019337131140941773
baseline_male,mRMR,70,tqwt_entropy_log_dec_12 (TQWT),0.015157142857142859,0.014014412387922464
baseline_male,mRMR,70,std_delta_log_energy (MFCC),0.011718713450292394,0.012854021215411706
baseline_male,mRMR,70,std_6th_delta_delta (MFCC),0.011255128205128207,0.008655483238176187
baseline_male,mRMR,70,tqwt_kurtosisValue_dec_18 (TQWT),0.01093555555555556,0.007708751185817638
baseline_male,mRMR,70,std_7th_delta_delta (MFCC),0.009955128205128203,0.007039036757435234
baseline_male,mRMR,70,std_4th_delta_delta (MFCC),0.009932870370370371,0.00725176896676106
baseline_male,mRMR,70,tqwt_entropy_log_dec_28 (TQWT),0.009888888888888886,0.008130468792881675
baseline_male,mRMR,70,DFA (Baseline),0.009053846153846154,0.00802463934641806
baseline_male,mRMR,70,std_8th_delta_delta (MFCC),0.008474786324786323,0.0057691850153330625
baseline_male,mRMR,70,tqwt_meanValue_dec_5 (TQWT),0.008055555555555555,0.009282279844589575
baseline_male,mRMR,70,std_7th_delta (MFCC),0.008034188034188034,0.005631269489957176
baseline_male,mRMR,70,tqwt_entropy_shannon_dec_16 (TQWT),0.007946031746031746,0.005001041303860039
baseline_male,mRMR,70,tqwt_energy_dec_26 (TQWT),0.007694109772423025,0.008840965009428398
baseline_male,mRMR,70,tqwt_TKEO_mean_dec_33 (TQWT),0.007602222222222221,0.008106085900644567
baseline_male,mRMR,70,tqwt_entropy_log_dec_33 (TQWT),0.007498644986449866,0.006197303778270271
baseline_male,mRMR,70,std_9th_delta_delta (MFCC),0.007476068376068376,0.007327819648490049
baseline_male,mRMR,70,tqwt_kurtosisValue_dec_20 (TQWT),0.007269076305220883,0.007760160612805482
baseline_male,mRMR,70,std_6th_delta (MFCC),0.007132478632478631,0.006910781195022579
baseline_male,mRMR,70,tqwt_energy_dec_6 (TQWT),0.007050827423167848,0.0053954324915430245
baseline_male,mRMR,70,tqwt_entropy_log_dec_27 (TQWT),0.007017857142857143,0.010052683858571651
baseline_male,mRMR,70,tqwt_energy_dec_7 (TQWT),0.006733333333333333,0.004640539758519338
baseline_male,mRMR,70,tqwt_TKEO_std_dec_12 (TQWT),0.006607264957264956,0.00896017506216807
baseline_male,mRMR,70,tqwt_energy_dec_25 (TQWT),0.006363453815261044,0.0053096001200887396
baseline_male,mRMR,70,IMF_SNR_SEO (Vocal Fold),0.006280193236714976,0.004225225054301376
baseline_male,mRMR,70,tqwt_maxValue_dec_7 (TQWT),0.006222222222222222,0.00476374545242756
baseline_male,mRMR,70,mean_MFCC_2nd_coef (MFCC),0.006197863247863248,0.008388179990078097
baseline_male,mRMR,70,tqwt_energy_dec_24 (TQWT),0.0058019323671497595,0.005430583582002045
baseline_male,mRMR,70,mean_MFCC_7th_coef (MFCC),0.005709490740740742,0.00472416075549261
baseline_male,mRMR,70,tqwt_entropy_shannon_dec_18 (TQWT),0.005435555555555556,0.0030781723709281056
baseline_male,mRMR,70,tqwt_meanValue_dec_36 (TQWT),0.005417777777777779,0.004398622270424897
baseline_male,mRMR,70,tqwt_entropy_log_dec_35 (TQWT),0.005377777777777777,0.005661587303546246
baseline_male,mRMR,70,std_12th_delta (MFCC),0.005351111111111111,0.004201527440447443
baseline_male,mRMR,70,tqwt_stdValue_dec_6 (TQWT),0.005207142857142856,0.004216096189223257
baseline_male,mRMR,70,tqwt_medianValue_dec_33 (TQWT),0.0051822222222222235,0.004999862860982154
baseline_male,mRMR,70,tqwt_TKEO_std_dec_11 (TQWT),0.005175213675213675,0.007310096854424268
baseline_male,mRMR,70,tqwt_stdValue_dec_12 (TQWT),0.005162393162393162,0.0077893565078551615
baseline_male,mRMR,70,tqwt_maxValue_dec_6 (TQWT),0.005094907407407407,0.005289567077380742
baseline_male,mRMR,70,tqwt_energy_dec_11 (TQWT),0.004963247863247862,0.006610512409359691
baseline_male,mRMR,70,std_9th_delta (MFCC),0.004868803418803419,0.004203575482423863
baseline_male,mRMR,70,tqwt_kurtosisValue_dec_34 (TQWT),0.004864102564102563,0.005767777726626066
baseline_male,mRMR,70,tqwt_meanValue_dec_11 (TQWT),0.004840579710144927,0.0058803729972765
baseline_male,mRMR,70,tqwt_entropy_log_dec_26 (TQWT),0.004693665628245068,0.004483627394360201
baseline_male,mRMR,70,std_11th_delta_delta (MFCC),0.004576974564926371,0.0036144852377411442
baseline_male,mRMR,70,RPDE (Baseline),0.004544444444444444,0.0032311283153397346
baseline_male,mRMR,70,std_4th_delta (MFCC),0.004392746913580247,0.0029290391164114664
baseline_male,mRMR,70,tqwt_entropy_shannon_dec_17 (TQWT),0.004362318840579711,0.0041064229661086134
baseline_male,mRMR,70,tqwt_kurtosisValue_dec_35 (TQWT),0.004355555555555557,0.005312891183547916
baseline_male,mRMR,70,std_8th_delta (MFCC),0.004271367521367521,0.004552065500896206
baseline_male,mRMR,70,tqwt_minValue_dec_13 (TQWT),0.0042586206896551735,0.004229849173887941
baseline_male,mRMR,70,tqwt_energy_dec_21 (TQWT),0.0042553191489361685,0.003941011129999697
baseline_male,mRMR,70,f1 (Formant Frequency),0.004206126687435098,0.004319991542784947
baseline_male,mRMR,70,tqwt_entropy_log_dec_34 (TQWT),0.004165873015873016,0.004939331497852706
baseline_male,mRMR,70,app_det_TKEO_mean_10_coef (Wavelet),0.0041425120772946855,0.0062466510872479526
baseline_male,mRMR,70,tqwt_maxValue_dec_13 (TQWT),0.00413015873015873,0.00278733216431422
baseline_male,mRMR,70,GNE_SNR_TKEO (Vocal Fold),0.004067632850241546,0.0037384155315786038
baseline_male,mRMR,70,mean_delta_log_energy (MFCC),0.0039100529100529096,0.0033376566116387605
baseline_male,mRMR,70,tqwt_maxValue_dec_11 (TQWT),0.003864102564102564,0.005326827032962167
baseline_male,mRMR,70,tqwt_stdValue_dec_11 (TQWT),0.003827777777777777,0.004881197615822866
baseline_male,mRMR,70,std_MFCC_8th_coef (MFCC),0.0037605363984674327,0.0022343009938029794
baseline_male,mRMR,70,tqwt_entropy_shannon_dec_35 (TQWT),0.0036222222222222207,0.005070849764979735
baseline_male,mRMR,70,tqwt_TKEO_mean_dec_35 (TQWT),0.0035777777777777782,0.005314372679823742
baseline_male,mRMR,70,tqwt_kurtosisValue_dec_26 (TQWT),0.003573504273504273,0.005130572597458107
baseline_male,mRMR,70,tqwt_stdValue_dec_34 (TQWT),0.0035453929539295396,0.006818049541487096
baseline_male,mRMR,70,tqwt_entropy_shannon_dec_11 (TQWT),0.0035327485380116956,0.00571281434151581
baseline_male,mRMR,70,tqwt_TKEO_mean_dec_7 (TQWT),0.0035153256704980843,0.0030164537213835355
baseline_male,mRMR,70,tqwt_kurtosisValue_dec_36 (TQWT),0.003484615384615384,0.0032303575220553674
baseline_male,mRMR,70,locPctJitter (Baseline),0.003475396825396826,0.00356768725075248
baseline_male,mRMR,70,tqwt_skewnessValue_dec_28 (TQWT),0.0034444444444444444,0.00431097391827311
baseline_male,mRMR,70,tqwt_TKEO_std_dec_7 (TQWT),0.003402173913043478,0.003036726282186722
baseline_male,mRMR,70,tqwt_maxValue_dec_12 (TQWT),0.0033962962962962966,0.003752093593978272
baseline_male,mRMR,70,ppq5Jitter (Baseline),0.0033794326241134757,0.0025248060103839507
baseline_male,mRMR,70,std_10th_delta_delta (MFCC),0.0033611111111111116,0.0029479218551090158
baseline_male,mRMR,70,tqwt_kurtosisValue_dec_28 (TQWT),0.0033482905982905983,0.0033098558275891426
baseline_male,mRMR,70,std_5th_delta (MFCC),0.0033425925925925923,0.003661315866238533
baseline_male,mRMR,70,tqwt_minValue_dec_12 (TQWT),0.00334017094017094,0.0038384000603827613
baseline_male,mRMR,70,tqwt_energy_dec_12 (TQWT),0.0033316239316239313,0.0048807250125055945
baseline_male,mRMR,70,std_MFCC_6th_coef (MFCC),0.003326530612244897,0.0023645077900969957
baseline_male,mRMR,70,mean_2nd_delta (MFCC),0.003292438271604938,0.0039149220156903175
baseline_male,mRMR,70,tqwt_TKEO_std_dec_34 (TQWT),0.0032444444444444443,0.0031123089879488584
baseline_male,mRMR,70,tqwt_TKEO_mean_dec_34 (TQWT),0.0031629001883239183,0.005759378462863084
baseline_male,mRMR,70,locAbsJitter (Baseline),0.003125603864734299,0.0029522902648773234
baseline_male,mRMR,70,numPulses (Baseline),0.0031174603174603174,0.0027319653207232546
baseline_male,mRMR,70,std_11th_delta (MFCC),0.0030837606837606835,0.0028583313963920958
baseline_male,mRMR,70,tqwt_minValue_dec_11 (TQWT),0.003043162393162394,0.0050257466472462325
baseline_male,mRMR,70,tqwt_medianValue_dec_25 (TQWT),0.0029710144927536236,0.002147151274640914
baseline_male,mRMR,70,tqwt_entropy_shannon_dec_34 (TQWT),0.002917989417989418,0.003928441780973433
baseline_male,mRMR,70,app_TKEO_std_8_coef (Wavelet),0.0028841607565011818,0.002560997392387198
baseline_male,mRMR,70,tqwt_kurtosisValue_dec_25 (TQWT),0.0028793650793650797,0.0029297548890273224
baseline_male,mRMR,70,tqwt_kurtosisValue_dec_27 (TQWT),0.0028423076923076926,0.004006652113192907
baseline_male,mRMR,70,tqwt_TKEO_mean_dec_12 (TQWT),0.002771111111111112,0.002659445929635091
baseline_male,mRMR,70,app_entropy_shannon_8_coef (Wavelet),0.0027422222222222227,0.003427859422470563
baseline_male,mRMR,70,std_12th_delta_delta (MFCC),0.0027356091030789815,0.0032936888707115943
baseline_male,mRMR,70,tqwt_meanValue_dec_7 (TQWT),0.002731884057971015,0.0028577688810570378
baseline_male,mRMR,70,tqwt_TKEO_mean_dec_23 (TQWT),0.0027314814814814814,0.002279311892779273
baseline_male,mRMR,70,IMF_SNR_entropy (Vocal Fold),0.0027240740740740745,0.002374557505397097
baseline_male,mRMR,70,app_det_TKEO_mean_9_coef (Wavelet),0.0027063492063492066,0.00281588934516838
baseline_male,mRMR,70,tqwt_medianValue_dec_22 (TQWT),0.0026755555555555543,0.004032329311908897
baseline_male,mRMR,70,tqwt_entropy_shannon_dec_10 (TQWT),0.0026689814814814822,0.0018196228812619858
baseline_male,mRMR,70,tqwt_energy_dec_13 (TQWT),0.002663247863247863,0.002970095597619712
baseline_male,mRMR,70,app_det_TKEO_mean_8_coef (Wavelet),0.0026523809523809516,0.0026176498934332233
baseline_male,mRMR,70,std_5th_delta_delta (MFCC),0.0026203703703703706,0.0020082424486521167
baseline_male,mRMR,70,tqwt_TKEO_std_dec_9 (TQWT),0.0026183574879227044,0.002532162630890294
baseline_male,mRMR,70,tqwt_stdValue_dec_35 (TQWT),0.002596618357487923,0.0023612485960339768
baseline_male,mRMR,70,tqwt_entropy_shannon_dec_7 (TQWT),0.002566091954022988,0.002393849092236696
baseline_male,mRMR,70,apq11Shimmer (Baseline),0.002537777777777778,0.0027062897117648005
baseline_male,mRMR,70,app_TKEO_std_9_coef (Wavelet),0.00251207729468599,0.0027529424009991054
baseline_male,mRMR,70,std_10th_delta (MFCC),0.002473931623931624,0.0030270778716279616
baseline_male,mRMR,70,tqwt_energy_dec_8 (TQWT),0.002452898550724638,0.0032450592009287526
baseline_male,mRMR,70,tqwt_energy_dec_15 (TQWT),0.0024217948717948717,0.003301488100349855
baseline_male,mRMR,70,tqwt_TKEO_mean_dec_11 (TQWT),0.0023578947368421057,0.0025135355511652145
baseline_male,mRMR,70,app_det_TKEO_mean_3_coef (Wavelet),0.002306763285024155,0.002222622690542536
baseline_male,mRMR,70,tqwt_stdValue_dec_7 (TQWT),0.0022385057471264367,0.002612364761852999
baseline_male,mRMR,70,tqwt_medianValue_dec_5 (TQWT),0.0021618357487922703,0.0019333187572330756
baseline_male,mRMR,70,std_MFCC_7th_coef (MFCC),0.0021280193236714972,0.002188081375131251
baseline_male,mRMR,70,tqwt_energy_dec_14 (TQWT),0.0021185185185185183,0.0022368335990446873
baseline_male,mRMR,70,app_entropy_shannon_9_coef (Wavelet),0.002113333333333333,0.0036261231044696723
baseline_male,mRMR,70,tqwt_stdValue_dec_33 (TQWT),0.002077294685990338,0.0017295914810425254
baseline_male,mRMR,70,tqwt_medianValue_dec_10 (TQWT),0.0020015576323987538,0.0023717992313805054
baseline_male,mRMR,70,VFER_entropy (Vocal Fold),0.002,0.0020312799391552293
baseline_male,mRMR,70,GNE_SNR_SEO (Vocal Fold),0.002,0.0025837916803906134
baseline_male,mRMR,70,f2 (Formant Frequency),0.001969868173258004,0.00211969088302839
baseline_male,mRMR,70,app_entropy_shannon_10_coef (Wavelet),0.0017644444444444448,0.004053794919979704
baseline_male,mRMR,70,GNE_NSR_SEO (Vocal Fold),0.0017507936507936506,0.0028693156188318
baseline_male,mRMR,70,app_det_TKEO_mean_7_coef (Wavelet),0.0017116858237547895,0.0018898838541798922
baseline_male,mRMR,70,numPeriodsPulses (Baseline),0.0016682539682539687,0.0015041778069932003
baseline_male,mRMR,70,tqwt_energy_dec_16 (TQWT),0.0016675925925925927,0.0017332596695260798
baseline_male,mRMR,70,VFER_mean (Vocal Fold),0.001632398753894081,0.0018176991978409893
baseline_male,mRMR,70,b4 (Bandwidth),0.001623188405797101,0.0015565726589977782
baseline_male,mRMR,70,tqwt_entropy_shannon_dec_12 (TQWT),0.0015288888888888887,0.0013370930475542142
baseline_male,mRMR,70,app_TKEO_std_7_coef (Wavelet),0.0014539682539682537,0.001608021963697833
baseline_male,mRMR,70,tqwt_medianValue_dec_8 (TQWT),0.0009111111111111115,0.0011476354242820612
baseline_male,mRMR,70,meanHarmToNoiseHarmonicity (Baseline),0.0007622222222222225,0.0012863843845386132
baseline_female,mRMR,70,std_delta_delta_log_energy (MFCC),0.02524499089253188,0.018782199484034343
baseline_female,mRMR,70,tqwt_energy_dec_26 (TQWT),0.01999101307189542,0.011939356015573218
baseline_female,mRMR,70,tqwt_entropy_log_dec_12 (TQWT),0.016618055555555553,0.01599815142739231
baseline_female,mRMR,70,std_7th_delta_delta (MFCC),0.015277777777777782,0.00937101547322875
baseline_female,mRMR,70,std_6th_delta_delta (MFCC),0.014950819672131148,0.012792067709411048
baseline_female,mRMR,70,std_delta_log_energy (MFCC),0.014408280922431868,0.013033264805773711
baseline_female,mRMR,70,app_det_TKEO_mean_10_coef (Wavelet),0.014369658119658122,0.008651779064347458
baseline_female,mRMR,70,app_entropy_shannon_9_coef (Wavelet),0.014363247863247865,0.007375554548561409
baseline_female,mRMR,70,tqwt_meanValue_dec_36 (TQWT),0.014192307692307692,0.007525717184190431
baseline_female,mRMR,70,tqwt_kurtosisValue_dec_18 (TQWT),0.012318376068376073,0.006102431676362496
baseline_female,mRMR,70,tqwt_entropy_log_dec_33 (TQWT),0.011711601307189545,0.01225315756122146
baseline_female,mRMR,70,std_6th_delta (MFCC),0.011639344262295084,0.008695500699505516
baseline_female,mRMR,70,tqwt_entropy_log_dec_27 (TQWT),0.011152777777777775,0.00926496469448221
baseline_female,mRMR,70,std_9th_delta_delta (MFCC),0.01105737704918033,0.010579382547198634
baseline_female,mRMR,70,tqwt_TKEO_mean_dec_12 (TQWT),0.010897435897435897,0.006407699123601862
baseline_female,mRMR,70,std_8th_delta_delta (MFCC),0.010693078324225865,0.008755197667998172
baseline_female,mRMR,70,std_4th_delta_delta (MFCC),0.010617521367521365,0.0063972683662671635
baseline_female,mRMR,70,tqwt_kurtosisValue_dec_26 (TQWT),0.010497723132969032,0.007580069455140108
baseline_female,mRMR,70,app_entropy_shannon_8_coef (Wavelet),0.010395299145299146,0.0055220997019779635
baseline_female,mRMR,70,app_entropy_shannon_10_coef (Wavelet),0.010277777777777778,0.0035894734132347864
baseline_female,mRMR,70,locAbsJitter (Baseline),0.009967948717948719,0.0073120044851196315
baseline_female,mRMR,70,mean_MFCC_2nd_coef (MFCC),0.009886612021857925,0.009834751845525316
baseline_female,mRMR,70,tqwt_TKEO_mean_dec_33 (TQWT),0.00971581196581197,0.0063485297848265955
baseline_female,mRMR,70,tqwt_TKEO_std_dec_12 (TQWT),0.009693989071038255,0.009274021275534056
baseline_female,mRMR,70,tqwt_stdValue_dec_12 (TQWT),0.009639799635701276,0.008373562663507288
baseline_female,mRMR,70,tqwt_entropy_log_dec_26 (TQWT),0.00960579196217494,0.007369152381658479
baseline_female,mRMR,70,std_12th_delta (MFCC),0.009423076923076921,0.004557290617120853
baseline_female,mRMR,70,app_TKEO_std_8_coef (Wavelet),0.009340534979423868,0.007150635658893275
baseline_female,mRMR,70,GNE_SNR_TKEO (Vocal Fold),0.0092008547008547,0.009469490729244877
baseline_female,mRMR,70,tqwt_energy_dec_25 (TQWT),0.009081746031746031,0.007160390792326063
baseline_female,mRMR,70,tqwt_energy_dec_7 (TQWT),0.00900763888888889,0.006854370242879233
baseline_female,mRMR,70,app_TKEO_std_9_coef (Wavelet),0.008884920634920636,0.00644230787710827
baseline_female,mRMR,70,tqwt_energy_dec_6 (TQWT),0.008848765432098763,0.00926546243786905
baseline_female,mRMR,70,apq11Shimmer (Baseline),0.00878846153846154,0.006417119120323218
baseline_female,mRMR,70,tqwt_entropy_log_dec_35 (TQWT),0.008605555555555554,0.006781762171876603
baseline_female,mRMR,70,tqwt_medianValue_dec_33 (TQWT),0.008570512820512818,0.008158093354423393
baseline_female,mRMR,70,std_7th_delta (MFCC),0.008550546448087431,0.005629513822718678
baseline_female,mRMR,70,tqwt_energy_dec_24 (TQWT),0.008428571428571428,0.006458563512637899
baseline_female,mRMR,70,DFA (Baseline),0.008025045537340621,0.006211093422640653
baseline_female,mRMR,70,std_9th_delta (MFCC),0.007559198542805101,0.006519621625856735
baseline_female,mRMR,70,tqwt_entropy_shannon_dec_16 (TQWT),0.00740277777777778,0.003931119904518776
baseline_female,mRMR,70,std_11th_delta_delta (MFCC),0.007316666666666667,0.007056607334314916
baseline_female,mRMR,70,tqwt_entropy_shannon_dec_12 (TQWT),0.007098290598290598,0.004726535871030849
baseline_female,mRMR,70,app_det_TKEO_mean_8_coef (Wavelet),0.006899305555555557,0.0031233013507852834
baseline_female,mRMR,70,app_det_TKEO_mean_3_coef (Wavelet),0.006559829059829059,0.0042618118990683605
baseline_female,mRMR,70,tqwt_energy_dec_11 (TQWT),0.006556921675774134,0.006938599536425016
baseline_female,mRMR,70,tqwt_minValue_dec_13 (TQWT),0.0062891414141414154,0.003832578742439549
baseline_female,mRMR,70,tqwt_kurtosisValue_dec_20 (TQWT),0.006209150326797386,0.005513663491568365
baseline_female,mRMR,70,std_8th_delta (MFCC),0.00617486338797814,0.005829079432334937
baseline_female,mRMR,70,tqwt_meanValue_dec_11 (TQWT),0.006138888888888888,0.005854994825443009
baseline_female,mRMR,70,tqwt_entropy_shannon_dec_17 (TQWT),0.0061210317460317475,0.004695076403003215
baseline_female,mRMR,70,tqwt_stdValue_dec_11 (TQWT),0.006119307832422586,0.005776207221842681
baseline_female,mRMR,70,tqwt_entropy_log_dec_28 (TQWT),0.006107638888888889,0.004670653006538402
baseline_female,mRMR,70,tqwt_entropy_log_dec_34 (TQWT),0.006008333333333333,0.005558231108400704
baseline_female,mRMR,70,mean_MFCC_7th_coef (MFCC),0.005977564102564104,0.00531640750163707
baseline_female,mRMR,70,tqwt_TKEO_std_dec_11 (TQWT),0.005928051001821494,0.006867388091894735
baseline_female,mRMR,70,IMF_SNR_SEO (Vocal Fold),0.005896825396825396,0.004819006932887041
baseline_female,mRMR,70,std_10th_delta_delta (MFCC),0.005809653916211291,0.00458214897127607
baseline_female,mRMR,70,tqwt_maxValue_dec_7 (TQWT),0.005807692307692305,0.004141009918843849
baseline_female,mRMR,70,tqwt_meanValue_dec_5 (TQWT),0.005761316872427985,0.004748247162808613
baseline_female,mRMR,70,tqwt_energy_dec_21 (TQWT),0.005643004115226337,0.0048030883239721985
baseline_female,mRMR,70,ppq5Jitter (Baseline),0.005621794871794871,0.005175360225159202
baseline_female,mRMR,70,locPctJitter (Baseline),0.005456250000000001,0.004316328378046737
baseline_female,mRMR,70,std_4th_delta (MFCC),0.005322649572649572,0.004660506337367348
baseline_female,mRMR,70,tqwt_energy_dec_12 (TQWT),0.005270036429872495,0.005368648846783475
baseline_female,mRMR,70,tqwt_kurtosisValue_dec_36 (TQWT),0.005269581056466301,0.005274911528667451
baseline_female,mRMR,70,tqwt_maxValue_dec_12 (TQWT),0.005159722222222224,0.004315758831707029
baseline_female,mRMR,70,tqwt_minValue_dec_11 (TQWT),0.005137978142076502,0.00440675553535471
baseline_female,mRMR,70,tqwt_stdValue_dec_6 (TQWT),0.005116666666666667,0.00374970012748021
baseline_female,mRMR,70,std_12th_delta_delta (MFCC),0.005044444444444444,0.0042848636743104355
baseline_female,mRMR,70,tqwt_kurtosisValue_dec_34 (TQWT),0.005028233151183971,0.004299724755515552
baseline_female,mRMR,70,tqwt_entropy_shannon_dec_11 (TQWT),0.004979559748427673,0.004881367043663153
baseline_female,mRMR,70,app_det_TKEO_mean_7_coef (Wavelet),0.004957070707070707,0.004708672327282631
baseline_female,mRMR,70,tqwt_maxValue_dec_11 (TQWT),0.004908014571948997,0.003926614818338862
baseline_female,mRMR,70,tqwt_maxValue_dec_13 (TQWT),0.004652777777777777,0.004094601377581504
baseline_female,mRMR,70,tqwt_TKEO_std_dec_7 (TQWT),0.0046512345679012345,0.003924178099893149
baseline_female,mRMR,70,tqwt_minValue_dec_12 (TQWT),0.004647085610200364,0.004549072430310651
baseline_female,mRMR,70,std_MFCC_6th_coef (MFCC),0.004569444444444444,0.0032112011806643506
baseline_female,mRMR,70,std_10th_delta (MFCC),0.004521402550091075,0.004555784491711821
baseline_female,mRMR,70,tqwt_maxValue_dec_6 (TQWT),0.00444871794871795,0.004248190149595417
baseline_female,mRMR,70,tqwt_medianValue_dec_8 (TQWT),0.004292735042735044,0.005384976288060109
baseline_female,mRMR,70,tqwt_energy_dec_15 (TQWT),0.004224043715846994,0.004912542755851441
baseline_female,mRMR,70,std_5th_delta (MFCC),0.004209401709401712,0.003080970300469966
baseline_female,mRMR,70,tqwt_TKEO_mean_dec_23 (TQWT),0.004075498575498575,0.0033914810754054696
baseline_female,mRMR,70,std_MFCC_8th_coef (MFCC),0.004071428571428572,0.0032617942282280143
baseline_female,mRMR,70,numPulses (Baseline),0.004,0.0034485409941277584
baseline_female,mRMR,70,app_det_TKEO_mean_9_coef (Wavelet),0.003947916666666666,0.0027618552219729918
baseline_female,mRMR,70,mean_2nd_delta (MFCC),0.003925,0.004153457444120604
baseline_female,mRMR,70,tqwt_kurtosisValue_dec_35 (TQWT),0.0039240041928721185,0.0039155213848694114
baseline_female,mRMR,70,tqwt_TKEO_mean_dec_7 (TQWT),0.003806878306878308,0.0035179168519270474
baseline_female,mRMR,70,f1 (Formant Frequency),0.0037990543735224574,0.003503967007357552
baseline_female,mRMR,70,mean_delta_log_energy (MFCC),0.0037017973856209156,0.0028802009968924005
baseline_female,mRMR,70,numPeriodsPulses (Baseline),0.003677083333333334,0.0027925530507711314
baseline_female,mRMR,70,tqwt_TKEO_mean_dec_35 (TQWT),0.0036736111111111123,0.0021952447892640984
baseline_female,mRMR,70,tqwt_stdValue_dec_35 (TQWT),0.0036726190476190474,0.003109389677904199
baseline_female,mRMR,70,tqwt_kurtosisValue_dec_25 (TQWT),0.0036479166666666665,0.0036965305095448997
baseline_female,mRMR,70,RPDE (Baseline),0.00360042735042735,0.003090895691969591
baseline_female,mRMR,70,tqwt_entropy_shannon_dec_18 (TQWT),0.0035918803418803435,0.002655094946424548
baseline_female,mRMR,70,tqwt_entropy_shannon_dec_34 (TQWT),0.0035590277777777773,0.0034166684371542957
baseline_female,mRMR,70,tqwt_TKEO_mean_dec_34 (TQWT),0.003542328042328042,0.0036335435112258923
baseline_female,mRMR,70,std_11th_delta (MFCC),0.0035068306010928962,0.0041074827330465575
baseline_female,mRMR,70,tqwt_kurtosisValue_dec_27 (TQWT),0.0035063752276867028,0.00454397978028047
baseline_female,mRMR,70,tqwt_entropy_shannon_dec_35 (TQWT),0.003412037037037036,0.0030370944789962287
baseline_female,mRMR,70,tqwt_stdValue_dec_34 (TQWT),0.00332843137254902,0.0033978128032370733
baseline_female,mRMR,70,tqwt_TKEO_mean_dec_11 (TQWT),0.0032961215932914047,0.0029872252222516125
baseline_female,mRMR,70,tqwt_stdValue_dec_33 (TQWT),0.003147435897435897,0.00289984086357804
baseline_female,mRMR,70,tqwt_skewnessValue_dec_28 (TQWT),0.0031403133903133906,0.003500411270418201
baseline_female,mRMR,70,app_TKEO_std_7_coef (Wavelet),0.003086805555555555,0.002853182368109252
baseline_female,mRMR,70,tqwt_medianValue_dec_10 (TQWT),0.0030130023640661937,0.003764313446355699
baseline_female,mRMR,70,tqwt_energy_dec_8 (TQWT),0.002839506172839506,0.0029819961777130784
baseline_female,mRMR,70,tqwt_energy_dec_13 (TQWT),0.002789617486338798,0.002548686050473074
baseline_female,mRMR,70,std_MFCC_7th_coef (MFCC),0.0027658730158730154,0.002541900416879076
baseline_female,mRMR,70,tqwt_TKEO_std_dec_9 (TQWT),0.002755952380952381,0.0021193388926143797
baseline_female,mRMR,70,tqwt_medianValue_dec_25 (TQWT),0.0027063492063492066,0.0018802181378934784
baseline_female,mRMR,70,tqwt_kurtosisValue_dec_28 (TQWT),0.0025824225865209464,0.002758017081996473
baseline_female,mRMR,70,tqwt_entropy_shannon_dec_10 (TQWT),0.0024273504273504285,0.0026592957849502314
baseline_female,mRMR,70,VFER_entropy (Vocal Fold),0.0024201388888888883,0.002039643586326729
baseline_female,mRMR,70,tqwt_medianValue_dec_5 (TQWT),0.0024126984126984128,0.0021945954350353603
baseline_female,mRMR,70,tqwt_energy_dec_14 (TQWT),0.0023900462962962972,0.001997497776031661
baseline_female,mRMR,70,tqwt_meanValue_dec_7 (TQWT),0.0023343621399176955,0.002596083004857342
baseline_female,mRMR,70,VFER_mean (Vocal Fold),0.00233275462962963,0.0020326648366970714
baseline_female,mRMR,70,tqwt_energy_dec_16 (TQWT),0.0023082010582010583,0.002211793386002254
baseline_female,mRMR,70,IMF_SNR_entropy (Vocal Fold),0.00223941798941799,0.002512767047764589
baseline_female,mRMR,70,std_5th_delta_delta (MFCC),0.002202991452991453,0.0022324588705892453
baseline_female,mRMR,70,tqwt_TKEO_std_dec_34 (TQWT),0.0021979166666666666,0.0023826243179867744
baseline_female,mRMR,70,GNE_SNR_SEO (Vocal Fold),0.0020757575757575754,0.0023369985423087078
baseline_female,mRMR,70,tqwt_stdValue_dec_7 (TQWT),0.002052910052910053,0.002190956239093464
baseline_female,mRMR,70,tqwt_medianValue_dec_22 (TQWT),0.0019465811965811968,0.0022742192719861685
baseline_female,mRMR,70,f2 (Formant Frequency),0.0018769841269841265,0.00262527700730406
baseline_female,mRMR,70,tqwt_entropy_shannon_dec_7 (TQWT),0.0018346560846560856,0.0017326275526874113
baseline_female,mRMR,70,GNE_NSR_SEO (Vocal Fold),0.0018159722222222223,0.002005677397856166
baseline_female,mRMR,70,meanHarmToNoiseHarmonicity (Baseline),0.0017649572649572655,0.001762695835105027
baseline_female,mRMR,70,b4 (Bandwidth),0.0010138888888888888,0.0011680165264153898
baseline,mRMR,80,std_delta_delta_log_energy (MFCC),0.01946031746031746,0.01777186094115889
baseline,mRMR,80,tqwt_entropy_log_dec_12 (TQWT),0.014290849673202615,0.012346077599583736
baseline,mRMR,80,std_delta_log_energy (MFCC),0.013130291005291004,0.01248672729939944
baseline,mRMR,80,tqwt_energy_dec_26 (TQWT),0.012853568800588668,0.01014810531276772
baseline,mRMR,80,std_6th_delta_delta (MFCC),0.012651675485008817,0.010200336681594214
baseline,mRMR,80,std_7th_delta_delta (MFCC),0.011662918871252205,0.00669656270686743
baseline,mRMR,80,tqwt_entropy_log_dec_27 (TQWT),0.010399122807017543,0.009757233149845342
baseline,mRMR,80,tqwt_kurtosisValue_dec_18 (TQWT),0.010142701525054466,0.005259300391398464
baseline,mRMR,80,app_entropy_shannon_8_coef (Wavelet),0.009787581699346405,0.005517291905991579
baseline,mRMR,80,std_6th_delta (MFCC),0.00968231922398589,0.0089123818014563
baseline,mRMR,80,tqwt_stdValue_dec_12 (TQWT),0.009422178130511463,0.009485367246751971
baseline,mRMR,80,tqwt_entropy_log_dec_33 (TQWT),0.009277116402116403,0.008838987711059641
baseline,mRMR,80,std_9th_delta_delta (MFCC),0.009067901234567901,0.007558806778590142
baseline,mRMR,80,std_7th_delta (MFCC),0.00906679894179894,0.004918121195870472
baseline,mRMR,80,mean_MFCC_2nd_coef (MFCC),0.009006393298059965,0.009079543607765634
baseline,mRMR,80,tqwt_TKEO_std_dec_12 (TQWT),0.008694444444444446,0.008502748116549172
baseline,mRMR,80,GNE_SNR_TKEO (Vocal Fold),0.008470521541950113,0.0069593760512659895
baseline,mRMR,80,tqwt_energy_dec_25 (TQWT),0.00819353667392883,0.007191369656230693
baseline,mRMR,80,apq11Shimmer (Baseline),0.008064270152505446,0.005026287773331194
baseline,mRMR,80,app_entropy_shannon_9_coef (Wavelet),0.007983660130718955,0.005028419405736383
baseline,mRMR,80,std_8th_delta_delta (MFCC),0.007802248677248677,0.006550468312521911
baseline,mRMR,80,std_12th_delta (MFCC),0.007774509803921569,0.00606701339464384
baseline,mRMR,80,tqwt_energy_dec_7 (TQWT),0.00767259259259259,0.005923977211963583
baseline,mRMR,80,tqwt_kurtosisValue_dec_20 (TQWT),0.007506990434142751,0.008452874901095255
baseline,mRMR,80,locAbsJitter (Baseline),0.007402918069584734,0.00840775456358283
baseline,mRMR,80,app_entropy_shannon_5_coef (Wavelet),0.0071568627450980405,0.004413696257592129
baseline,mRMR,80,DFA (Baseline),0.007091931216931217,0.0065420949385131535
baseline,mRMR,80,tqwt_stdValue_dec_13 (TQWT),0.007062091503267973,0.00469481183541307
baseline,mRMR,80,tqwt_entropy_log_dec_35 (TQWT),0.006974814814814815,0.007630412507114753
baseline,mRMR,80,tqwt_maxValue_dec_13 (TQWT),0.006729847494553376,0.004809901995674706
baseline,mRMR,80,tqwt_entropy_shannon_dec_17 (TQWT),0.006620915032679738,0.005393480581492598
baseline,mRMR,80,tqwt_meanValue_dec_36 (TQWT),0.006483660130718955,0.004712485155400415
baseline,mRMR,80,tqwt_stdValue_dec_6 (TQWT),0.006416296296296296,0.004851165794228172
baseline,mRMR,80,app_TKEO_std_8_coef (Wavelet),0.006397660818713449,0.006522451458353948
baseline,mRMR,80,std_4th_delta_delta (MFCC),0.006372222222222222,0.006351540315531033
baseline,mRMR,80,tqwt_entropy_log_dec_26 (TQWT),0.006271973466003317,0.005960225108599411
baseline,mRMR,80,app_TKEO_std_4_coef (Wavelet),0.006267777777777778,0.005658070090270017
baseline,mRMR,80,tqwt_energy_dec_12 (TQWT),0.006171296296296296,0.007154441589782806
baseline,mRMR,80,tqwt_minValue_dec_13 (TQWT),0.006081699346405228,0.005710059434200132
baseline,mRMR,80,std_11th_delta_delta (MFCC),0.0060011022927689605,0.006193272261082796
baseline,mRMR,80,app_det_TKEO_mean_7_coef (Wavelet),0.00593421052631579,0.005998366420721712
baseline,mRMR,80,std_9th_delta (MFCC),0.005790343915343916,0.004510101092100064
baseline,mRMR,80,std_4th_delta (MFCC),0.005789999999999999,0.0049742630109249324
baseline,mRMR,80,tqwt_energy_dec_6 (TQWT),0.005646314631463147,0.004451980752465811
baseline,mRMR,80,tqwt_kurtosisValue_dec_26 (TQWT),0.005608245149911818,0.006059953438783112
baseline,mRMR,80,tqwt_maxValue_dec_12 (TQWT),0.005601160862354891,0.005142550129278861
baseline,mRMR,80,tqwt_minValue_dec_7 (TQWT),0.00536,0.0039005190958386867
baseline,mRMR,80,app_det_TKEO_mean_3_coef (Wavelet),0.005306122448979592,0.003911601252598835
baseline,mRMR,80,IMF_SNR_SEO (Vocal Fold),0.0051960784313725495,0.003456978578816022
baseline,mRMR,80,app_entropy_shannon_10_coef (Wavelet),0.0051470588235294126,0.0031056530455531063
baseline,mRMR,80,ppq5Jitter (Baseline),0.005134118967452301,0.0050692712140854215
baseline,mRMR,80,tqwt_entropy_log_dec_28 (TQWT),0.005126361655773419,0.004610288604574275
baseline,mRMR,80,std_10th_delta_delta (MFCC),0.005059523809523811,0.003948628786635866
baseline,mRMR,80,tqwt_energy_dec_11 (TQWT),0.005043430335097002,0.00687047105584541
baseline,mRMR,80,tqwt_meanValue_dec_5 (TQWT),0.004995185185185185,0.004908962257515254
baseline,mRMR,80,std_8th_delta (MFCC),0.004950396825396825,0.005254060540210955
baseline,mRMR,80,tqwt_TKEO_std_dec_13 (TQWT),0.004910675381263616,0.0031030089471735887
baseline,mRMR,80,tqwt_entropy_shannon_dec_11 (TQWT),0.0047714206744057484,0.004544430130366432
baseline,mRMR,80,tqwt_kurtosisValue_dec_36 (TQWT),0.00476058201058201,0.004566014650207224
baseline,mRMR,80,app_TKEO_std_9_coef (Wavelet),0.004642701525054465,0.00459358575414112
baseline,mRMR,80,tqwt_medianValue_dec_33 (TQWT),0.0046198257080610015,0.0037857196236432606
baseline,mRMR,80,tqwt_TKEO_mean_dec_12 (TQWT),0.004544662309368192,0.0034695314651549407
baseline,mRMR,80,tqwt_energy_dec_24 (TQWT),0.004525054466230936,0.004615032773520561
baseline,mRMR,80,tqwt_kurtosisValue_dec_35 (TQWT),0.004475677169707021,0.004618058615064029
baseline,mRMR,80,tqwt_meanValue_dec_11 (TQWT),0.004420634920634921,0.0044146020561375374
baseline,mRMR,80,tqwt_energy_dec_21 (TQWT),0.00439985380116959,0.003765106808924314
baseline,mRMR,80,tqwt_medianValue_dec_8 (TQWT),0.004288671023965142,0.004609812131307067
baseline,mRMR,80,GNE_NSR_SEO (Vocal Fold),0.004287581699346406,0.004112610456896005
baseline,mRMR,80,locPctJitter (Baseline),0.004273908236594805,0.003956600230402729
baseline,mRMR,80,tqwt_stdValue_dec_11 (TQWT),0.004231922398589065,0.004308701028797363
baseline,mRMR,80,tqwt_kurtosisValue_dec_34 (TQWT),0.004192460317460317,0.004790500214514814
baseline,mRMR,80,app_det_TKEO_mean_8_coef (Wavelet),0.004184444444444445,0.003810747122691032
baseline,mRMR,80,tqwt_TKEO_std_dec_11 (TQWT),0.004104938271604938,0.0039101963665938355
baseline,mRMR,80,tqwt_entropy_log_dec_34 (TQWT),0.004104444444444444,0.004766194472539058
baseline,mRMR,80,tqwt_maxValue_dec_11 (TQWT),0.004024029982363317,0.004650157190691867
baseline,mRMR,80,std_5th_delta (MFCC),0.003971111111111109,0.002420684130151369
baseline,mRMR,80,mean_MFCC_7th_coef (MFCC),0.003966111111111112,0.0033576675407576313
baseline,mRMR,80,tqwt_entropy_shannon_dec_16 (TQWT),0.0039183006535947725,0.00244591478592507
baseline,mRMR,80,tqwt_entropy_shannon_dec_12 (TQWT),0.0038714596949891065,0.003665744338344277
baseline,mRMR,80,tqwt_kurtosisValue_dec_27 (TQWT),0.0038567019400352737,0.004737483558001051
baseline,mRMR,80,tqwt_TKEO_std_dec_7 (TQWT),0.003853233830845772,0.0034455595925117545
baseline,mRMR,80,tqwt_kurtosisValue_dec_25 (TQWT),0.0037696296296296293,0.0037465174605252278
baseline,mRMR,80,f1 (Formant Frequency),0.0037222222222222227,0.003396725563713738
baseline,mRMR,80,app_entropy_shannon_1_coef (Wavelet),0.0036677559912854027,0.003479077855365379
baseline,mRMR,80,app_det_TKEO_mean_10_coef (Wavelet),0.0036566666666666657,0.004360229965399826
baseline,mRMR,80,std_12th_delta_delta (MFCC),0.0036354393609295565,0.004260386220927645
baseline,mRMR,80,tqwt_TKEO_mean_dec_33 (TQWT),0.0036132897603485844,0.004457550496723222
baseline,mRMR,80,tqwt_TKEO_mean_dec_11 (TQWT),0.0035472636815920403,0.0035681191313370886
baseline,mRMR,80,mean_2nd_delta (MFCC),0.003519005847953216,0.003921980808997411
baseline,mRMR,80,meanHarmToNoiseHarmonicity (Baseline),0.0034825708061002173,0.0022989448538498474
baseline,mRMR,80,tqwt_TKEO_mean_dec_34 (TQWT),0.0034136413641364135,0.005231907137580632
baseline,mRMR,80,tqwt_minValue_dec_11 (TQWT),0.003378968253968254,0.00451499961671612
baseline,mRMR,80,IMF_SNR_entropy (Vocal Fold),0.003367102396514162,0.0031572254701338637
baseline,mRMR,80,tqwt_entropy_shannon_dec_35 (TQWT),0.003294637921503594,0.0035782755250807078
baseline,mRMR,80,numPulses (Baseline),0.0032554466230936816,0.0022647648161275495
baseline,mRMR,80,tqwt_maxValue_dec_7 (TQWT),0.0032155555555555553,0.003131266076741281
baseline,mRMR,80,app_TKEO_std_7_coef (Wavelet),0.0032080610021786495,0.0028354146796563946
baseline,mRMR,80,tqwt_kurtosisValue_dec_28 (TQWT),0.003193783068783069,0.0033753586357035846
baseline,mRMR,80,tqwt_TKEO_mean_dec_7 (TQWT),0.0031833333333333336,0.0029993451813606336
baseline,mRMR,80,tqwt_minValue_dec_12 (TQWT),0.003151455026455026,0.002932605157341346
baseline,mRMR,80,tqwt_medianValue_dec_10 (TQWT),0.0031337755666113873,0.0030952153188125316
baseline,mRMR,80,std_10th_delta (MFCC),0.0030694444444444445,0.0029692670970209245
baseline,mRMR,80,std_MFCC_8th_coef (MFCC),0.0029827777777777786,0.0023377048686727387
baseline,mRMR,80,mean_delta_log_energy (MFCC),0.0029416804864566054,0.002722094628154882
baseline,mRMR,80,mean_1st_delta (MFCC),0.0028725490196078434,0.0019213106121926905
baseline,mRMR,80,tqwt_energy_dec_13 (TQWT),0.002751102292768959,0.002916340044349394
baseline,mRMR,80,tqwt_stdValue_dec_35 (TQWT),0.002692265795206972,0.0025721958230414915
baseline,mRMR,80,tqwt_maxValue_dec_10 (TQWT),0.0026710239651416123,0.0017586407098528444
baseline,mRMR,80,app_entropy_shannon_6_coef (Wavelet),0.0026067538126361652,0.0021161981781481908
baseline,mRMR,80,std_MFCC_7th_coef (MFCC),0.002604575163398693,0.0018921856032295416
baseline,mRMR,80,std_MFCC_6th_coef (MFCC),0.0025981205085682693,0.002116224342705115
baseline,mRMR,80,tqwt_entropy_shannon_dec_34 (TQWT),0.002576561636263128,0.004083758507033388
baseline,mRMR,80,tqwt_entropy_shannon_dec_18 (TQWT),0.0025729847494553384,0.0021817817964944223
baseline,mRMR,80,tqwt_TKEO_mean_dec_23 (TQWT),0.0025703703703703704,0.002374566447068348
baseline,mRMR,80,tqwt_maxValue_dec_6 (TQWT),0.002523102310231023,0.002840987230761139
baseline,mRMR,80,tqwt_stdValue_dec_34 (TQWT),0.002504145936981758,0.0029501411368412097
baseline,mRMR,80,RPDE (Baseline),0.002493888888888889,0.0034155767719012903
baseline,mRMR,80,tqwt_entropy_shannon_dec_6 (TQWT),0.0024934640522875817,0.0016138429799973377
baseline,mRMR,80,std_5th_delta_delta (MFCC),0.0024600000000000004,0.0017571288695711503
baseline,mRMR,80,tqwt_medianValue_dec_25 (TQWT),0.0024594444444444434,0.003074258039309346
baseline,mRMR,80,std_11th_delta (MFCC),0.00239373897707231,0.002568550189904963
baseline,mRMR,80,tqwt_medianValue_dec_22 (TQWT),0.002338779956427015,0.0025995823368884234
baseline,mRMR,80,tqwt_energy_dec_15 (TQWT),0.0022969576719576723,0.0031897035190111295
baseline,mRMR,80,tqwt_TKEO_std_dec_34 (TQWT),0.0022952069716775597,0.004332552929559713
baseline,mRMR,80,tqwt_stdValue_dec_33 (TQWT),0.002283446712018141,0.00212610567223809
baseline,mRMR,80,tqwt_meanValue_dec_7 (TQWT),0.0022575423105224432,0.002857483429030815
baseline,mRMR,80,tqwt_energy_dec_8 (TQWT),0.0022272222222222225,0.00271184206584116
baseline,mRMR,80,tqwt_energy_dec_14 (TQWT),0.002025704809286898,0.002020345215865514
baseline,mRMR,80,tqwt_TKEO_std_dec_9 (TQWT),0.0019989106753812635,0.0019282162252748172
baseline,mRMR,80,tqwt_stdValue_dec_7 (TQWT),0.0019877777777777775,0.0019140386390574201
baseline,mRMR,80,b4 (Bandwidth),0.0019596949891067536,0.0019626469982372374
baseline,mRMR,80,tqwt_medianValue_dec_5 (TQWT),0.00194880174291939,0.0020101425065997304
baseline,mRMR,80,numPeriodsPulses (Baseline),0.0019411764705882348,0.0018858575100817168
baseline,mRMR,80,tqwt_skewnessValue_dec_27 (TQWT),0.0018594104308390026,0.00261775205656145
baseline,mRMR,80,app_det_TKEO_mean_9_coef (Wavelet),0.0018159041394335514,0.001689661913686629
baseline,mRMR,80,tqwt_TKEO_mean_dec_35 (TQWT),0.0018022222222222224,0.0023472579151116945
baseline,mRMR,80,GNE_SNR_SEO (Vocal Fold),0.0017990196078431372,0.0016877364750120317
baseline,mRMR,80,VFER_entropy (Vocal Fold),0.0017911877394636009,0.0018684468508548251
baseline,mRMR,80,tqwt_skewnessValue_dec_28 (TQWT),0.00177037037037037,0.0020432071560212246
baseline,mRMR,80,tqwt_minValue_dec_10 (TQWT),0.001751633986928105,0.0014964770577764709
baseline,mRMR,80,f2 (Formant Frequency),0.00168962962962963,0.002298168818203364
baseline,mRMR,80,VFER_mean (Vocal Fold),0.0016464148877941977,0.001658959815794603
baseline,mRMR,80,tqwt_TKEO_mean_dec_10 (TQWT),0.0015777777777777778,0.0026366930304291955
baseline,mRMR,80,tqwt_entropy_shannon_dec_10 (TQWT),0.001487777777777777,0.0014864659963616884
baseline,mRMR,80,tqwt_energy_dec_16 (TQWT),0.0014542483660130716,0.0014628135954507441
baseline,mRMR,80,tqwt_medianValue_dec_29 (TQWT),0.001434640522875817,0.0012590658513459314
baseline,mRMR,80,tqwt_TKEO_std_dec_10 (TQWT),0.001422442244224423,0.0021523851388895033
baseline,mRMR,80,tqwt_kurtosisValue_dec_29 (TQWT),0.0012723311546840956,0.0011750562438304015
baseline,mRMR,80,tqwt_entropy_shannon_dec_7 (TQWT),0.0012094444444444446,0.0013346299668896082
baseline,mRMR,80,tqwt_energy_dec_34 (TQWT),0.001197278911564626,0.001220858234222227
baseline_male,mRMR,80,std_delta_delta_log_energy (MFCC),0.014561111111111117,0.016130888170689278
baseline_male,mRMR,80,std_delta_log_energy (MFCC),0.012544871794871798,0.01183131682846615
baseline_male,mRMR,80,tqwt_entropy_log_dec_12 (TQWT),0.010933333333333333,0.012475758545357124
baseline_male,mRMR,80,std_6th_delta_delta (MFCC),0.01084358974358974,0.007792659645459049
baseline_male,mRMR,80,std_7th_delta_delta (MFCC),0.00887948717948718,0.005496097732200317
baseline_male,mRMR,80,tqwt_kurtosisValue_dec_18 (TQWT),0.008822222222222221,0.004537823469664926
baseline_male,mRMR,80,tqwt_energy_dec_26 (TQWT),0.008670013386880854,0.008970524335547993
baseline_male,mRMR,80,std_6th_delta (MFCC),0.008367094017094016,0.008617357740622692
baseline_male,mRMR,80,DFA (Baseline),0.008117948717948718,0.00800168093649185
baseline_male,mRMR,80,tqwt_kurtosisValue_dec_20 (TQWT),0.007438420348058901,0.009599087145032882
baseline_male,mRMR,80,std_9th_delta_delta (MFCC),0.0074111111111111105,0.006468979141708986
baseline_male,mRMR,80,std_8th_delta_delta (MFCC),0.007136752136752136,0.00500009594236311
baseline_male,mRMR,80,tqwt_stdValue_dec_13 (TQWT),0.007114285714285715,0.00454055292658514
baseline_male,mRMR,80,tqwt_entropy_log_dec_33 (TQWT),0.006749145299145299,0.006973485353986304
baseline_male,mRMR,80,tqwt_entropy_log_dec_27 (TQWT),0.006741402116402116,0.010438241028053893
baseline_male,mRMR,80,mean_MFCC_2nd_coef (MFCC),0.006548717948717948,0.00914974552944375
baseline_male,mRMR,80,tqwt_meanValue_dec_5 (TQWT),0.006417460317460317,0.006102989210573131
baseline_male,mRMR,80,std_7th_delta (MFCC),0.006365384615384614,0.004304436782628348
baseline_male,mRMR,80,tqwt_entropy_log_dec_28 (TQWT),0.006299999999999998,0.005064245372864667
baseline_male,mRMR,80,tqwt_stdValue_dec_12 (TQWT),0.006225213675213674,0.008952167770704617
baseline_male,mRMR,80,tqwt_energy_dec_25 (TQWT),0.006065595716198124,0.0050545570760984725
baseline_male,mRMR,80,tqwt_energy_dec_7 (TQWT),0.006003968253968254,0.005471652345766018
baseline_male,mRMR,80,std_4th_delta_delta (MFCC),0.00588425925925926,0.004461681655995145
baseline_male,mRMR,80,apq11Shimmer (Baseline),0.00574,0.005783846720209905
baseline_male,mRMR,80,tqwt_TKEO_std_dec_12 (TQWT),0.0056940170940170945,0.007749254773560557
baseline_male,mRMR,80,tqwt_minValue_dec_7 (TQWT),0.00544675925925926,0.004753207169381715
baseline_male,mRMR,80,tqwt_entropy_log_dec_35 (TQWT),0.005442063492063492,0.005579182367672666
baseline_male,mRMR,80,tqwt_stdValue_dec_6 (TQWT),0.005365873015873016,0.005165688995811505
baseline_male,mRMR,80,tqwt_entropy_shannon_dec_17 (TQWT),0.005229468599033817,0.0047115403314796755
baseline_male,mRMR,80,tqwt_maxValue_dec_13 (TQWT),0.005190613026819923,0.004886367862459758
baseline_male,mRMR,80,std_4th_delta (MFCC),0.005003086419753085,0.003604833209879461
baseline_male,mRMR,80,tqwt_energy_dec_12 (TQWT),0.00486025641025641,0.006787901635801607
baseline_male,mRMR,80,tqwt_energy_dec_11 (TQWT),0.0046508547008547,0.007895116746941919
baseline_male,mRMR,80,tqwt_energy_dec_6 (TQWT),0.004528368794326241,0.0033446212117848014
baseline_male,mRMR,80,tqwt_entropy_shannon_dec_16 (TQWT),0.0044682539682539685,0.002554438825389583
baseline_male,mRMR,80,std_9th_delta (MFCC),0.004464957264957265,0.00423150713073089
baseline_male,mRMR,80,std_11th_delta_delta (MFCC),0.004436324786324786,0.003790425956493616
baseline_male,mRMR,80,tqwt_entropy_log_dec_34 (TQWT),0.004202380952380951,0.0040792481459599956
baseline_male,mRMR,80,tqwt_entropy_shannon_dec_11 (TQWT),0.004164327485380116,0.004521358024977482
baseline_male,mRMR,80,f1 (Formant Frequency),0.004154205607476635,0.003402054699913652
baseline_male,mRMR,80,IMF_SNR_entropy (Vocal Fold),0.004062037037037036,0.003914671450102251
baseline_male,mRMR,80,tqwt_maxValue_dec_12 (TQWT),0.004053439153439154,0.004286726908681693
baseline_male,mRMR,80,tqwt_kurtosisValue_dec_34 (TQWT),0.004041452991452991,0.00533806341740136
baseline_male,mRMR,80,tqwt_entropy_log_dec_26 (TQWT),0.0040306334371754925,0.004074481857856709
baseline_male,mRMR,80,tqwt_TKEO_mean_dec_33 (TQWT),0.004004444444444444,0.004642227943593493
baseline_male,mRMR,80,tqwt_maxValue_dec_7 (TQWT),0.003993055555555555,0.0036548505189841797
baseline_male,mRMR,80,std_12th_delta (MFCC),0.003991111111111111,0.0033437779308516957
baseline_male,mRMR,80,IMF_SNR_SEO (Vocal Fold),0.003934782608695652,0.0029031503892217136
baseline_male,mRMR,80,tqwt_TKEO_std_dec_11 (TQWT),0.003924358974358974,0.0037293721835033235
baseline_male,mRMR,80,tqwt_TKEO_mean_dec_34 (TQWT),0.003890772128060265,0.005621364950615344
baseline_male,mRMR,80,tqwt_energy_dec_21 (TQWT),0.00388966049382716,0.0033814421472665415
baseline_male,mRMR,80,locPctJitter (Baseline),0.003859259259259258,0.003520707343664429
baseline_male,mRMR,80,GNE_SNR_TKEO (Vocal Fold),0.0038478260869565226,0.004753373340386837
baseline_male,mRMR,80,tqwt_meanValue_dec_11 (TQWT),0.0038091787439613525,0.004427361760547382
baseline_male,mRMR,80,app_TKEO_std_4_coef (Wavelet),0.003787037037037037,0.004715059466898239
baseline_male,mRMR,80,tqwt_kurtosisValue_dec_35 (TQWT),0.0037865497076023397,0.004244479336456076
baseline_male,mRMR,80,tqwt_minValue_dec_13 (TQWT),0.0037844827586206876,0.004373168975939797
baseline_male,mRMR,80,std_8th_delta (MFCC),0.0037790598290598277,0.004356536353193545
baseline_male,mRMR,80,std_5th_delta (MFCC),0.003756944444444444,0.0023858833496993226
baseline_male,mRMR,80,tqwt_stdValue_dec_11 (TQWT),0.0036047008547008545,0.004151403834233239
baseline_male,mRMR,80,mean_1st_delta (MFCC),0.003560317460317461,0.0024058249080083703
baseline_male,mRMR,80,mean_MFCC_7th_coef (MFCC),0.0035266203703703696,0.0032510032636193834
baseline_male,mRMR,80,tqwt_entropy_shannon_dec_35 (TQWT),0.003517460317460317,0.004269345700282761
baseline_male,mRMR,80,tqwt_kurtosisValue_dec_36 (TQWT),0.003478632478632479,0.0033870942046347616
baseline_male,mRMR,80,tqwt_medianValue_dec_33 (TQWT),0.0034733333333333335,0.003425531238255501
baseline_male,mRMR,80,tqwt_kurtosisValue_dec_28 (TQWT),0.003463675213675213,0.0038574321142893285
baseline_male,mRMR,80,std_10th_delta_delta (MFCC),0.003384615384615385,0.0033157319877971498
baseline_male,mRMR,80,tqwt_medianValue_dec_8 (TQWT),0.003355555555555556,0.002431390890346853
baseline_male,mRMR,80,tqwt_TKEO_std_dec_7 (TQWT),0.003346031746031746,0.003300638106460174
baseline_male,mRMR,80,tqwt_meanValue_dec_36 (TQWT),0.0033444444444444446,0.002879503697087667
baseline_male,mRMR,80,tqwt_maxValue_dec_6 (TQWT),0.0033404255319148942,0.0035349655001810764
baseline_male,mRMR,80,tqwt_maxValue_dec_11 (TQWT),0.003315384615384615,0.004211926227417435
baseline_male,mRMR,80,mean_2nd_delta (MFCC),0.003304783950617284,0.0030341863958709765
baseline_male,mRMR,80,tqwt_entropy_shannon_dec_18 (TQWT),0.003297777777777778,0.0026685372568302453
baseline_male,mRMR,80,tqwt_TKEO_mean_dec_12 (TQWT),0.003251111111111111,0.002516070470120145
baseline_male,mRMR,80,GNE_NSR_SEO (Vocal Fold),0.0032472222222222225,0.004505444495887672
baseline_male,mRMR,80,std_MFCC_7th_coef (MFCC),0.0031908212560386473,0.002286518345801171
baseline_male,mRMR,80,tqwt_TKEO_mean_dec_11 (TQWT),0.0031526315789473687,0.0033163590543668913
baseline_male,mRMR,80,tqwt_kurtosisValue_dec_25 (TQWT),0.0031126984126984125,0.003980247297295949
baseline_male,mRMR,80,ppq5Jitter (Baseline),0.003063829787234043,0.002956339675271192
baseline_male,mRMR,80,app_entropy_shannon_9_coef (Wavelet),0.0030399999999999984,0.002566069896693134
baseline_male,mRMR,80,tqwt_minValue_dec_12 (TQWT),0.0030350427350427354,0.0030330319795121093
baseline_male,mRMR,80,app_det_TKEO_mean_7_coef (Wavelet),0.003028455284552845,0.00225522394995093
baseline_male,mRMR,80,app_det_TKEO_mean_8_coef (Wavelet),0.0030067049808429106,0.002117028794550613
baseline_male,mRMR,80,tqwt_TKEO_mean_dec_7 (TQWT),0.0029884823848238475,0.0031782249713673
baseline_male,mRMR,80,std_5th_delta_delta (MFCC),0.0029699074074074072,0.002340252382108207
baseline_male,mRMR,80,mean_delta_log_energy (MFCC),0.0029174454828660434,0.0028051948800682206
baseline_male,mRMR,80,tqwt_energy_dec_24 (TQWT),0.002881642512077295,0.0034856265846066286
baseline_male,mRMR,80,std_12th_delta_delta (MFCC),0.0028781793842034796,0.0029046020038939733
baseline_male,mRMR,80,std_MFCC_8th_coef (MFCC),0.0028687739463601524,0.0021953098610410214
baseline_male,mRMR,80,tqwt_kurtosisValue_dec_27 (TQWT),0.0028611111111111107,0.0038106250257322776
baseline_male,mRMR,80,std_MFCC_6th_coef (MFCC),0.0028321637426900583,0.002452960946811781
baseline_male,mRMR,80,tqwt_medianValue_dec_10 (TQWT),0.0028146417445482864,0.002864230472461486
baseline_male,mRMR,80,tqwt_TKEO_std_dec_34 (TQWT),0.002784126984126983,0.004418113201042301
baseline_male,mRMR,80,tqwt_minValue_dec_11 (TQWT),0.00277051282051282,0.004221292245228888
baseline_male,mRMR,80,app_TKEO_std_8_coef (Wavelet),0.002699864498644986,0.0031531800137720514
baseline_male,mRMR,80,tqwt_TKEO_mean_dec_23 (TQWT),0.002698302469135802,0.0024603632426665524
baseline_male,mRMR,80,tqwt_entropy_shannon_dec_34 (TQWT),0.0026783068783068783,0.0045831013596195225
baseline_male,mRMR,80,tqwt_meanValue_dec_7 (TQWT),0.002629107981220657,0.0035230817055092356
baseline_male,mRMR,80,tqwt_energy_dec_13 (TQWT),0.0025717948717948716,0.002788836423196309
baseline_male,mRMR,80,tqwt_maxValue_dec_10 (TQWT),0.0025434782608695656,0.0016508198037456306
baseline_male,mRMR,80,app_det_TKEO_mean_3_coef (Wavelet),0.00253623188405797,0.002366685578013608
baseline_male,mRMR,80,tqwt_stdValue_dec_33 (TQWT),0.002507246376811593,0.001944372385300594
baseline_male,mRMR,80,tqwt_medianValue_dec_25 (TQWT),0.002501207729468599,0.002505913231945344
baseline_male,mRMR,80,tqwt_entropy_shannon_dec_6 (TQWT),0.0024830917874396137,0.0019265823917080226
baseline_male,mRMR,80,tqwt_stdValue_dec_34 (TQWT),0.002461375661375661,0.0032117431288967977
baseline_male,mRMR,80,app_TKEO_std_7_coef (Wavelet),0.0024444444444444444,0.0026380340495762455
baseline_male,mRMR,80,app_entropy_shannon_6_coef (Wavelet),0.0024355555555555554,0.0016084175474692524
baseline_male,mRMR,80,locAbsJitter (Baseline),0.0024172576832151298,0.0030998351283266033
baseline_male,mRMR,80,app_entropy_shannon_1_coef (Wavelet),0.0024063492063492067,0.002178704700447991
baseline_male,mRMR,80,tqwt_TKEO_std_dec_13 (TQWT),0.0023933333333333337,0.0031688754743239406
baseline_male,mRMR,80,std_10th_delta (MFCC),0.0023700854700854698,0.0023394313127944872
baseline_male,mRMR,80,app_entropy_shannon_5_coef (Wavelet),0.002326666666666667,0.0028895379266293477
baseline_male,mRMR,80,tqwt_energy_dec_8 (TQWT),0.002309178743961352,0.0029001042241973813
baseline_male,mRMR,80,tqwt_TKEO_std_dec_9 (TQWT),0.002292270531400966,0.002517488795254749
baseline_male,mRMR,80,RPDE (Baseline),0.0022870370370370366,0.002109423527017342
baseline_male,mRMR,80,tqwt_kurtosisValue_dec_26 (TQWT),0.002267948717948717,0.0036512977049591162
baseline_male,mRMR,80,app_entropy_shannon_8_coef (Wavelet),0.002228888888888889,0.0025004163817416644
baseline_male,mRMR,80,tqwt_medianValue_dec_5 (TQWT),0.0022149758454106283,0.0023453997264558032
baseline_male,mRMR,80,numPulses (Baseline),0.0021935185185185183,0.002181418331490127
baseline_male,mRMR,80,tqwt_stdValue_dec_7 (TQWT),0.002175287356321839,0.002103478114998097
baseline_male,mRMR,80,app_det_TKEO_mean_10_coef (Wavelet),0.0021091954022988504,0.002316111449277968
baseline_male,mRMR,80,b4 (Bandwidth),0.0020362318840579717,0.0017142400432352519
baseline_male,mRMR,80,numPeriodsPulses (Baseline),0.002034920634920635,0.0019877691235971264
baseline_male,mRMR,80,tqwt_stdValue_dec_35 (TQWT),0.002004789272030652,0.00242421604440853
baseline_male,mRMR,80,std_11th_delta (MFCC),0.001973931623931624,0.001967630422187447
baseline_male,mRMR,80,tqwt_energy_dec_14 (TQWT),0.0019629629629629632,0.00199504970442112
baseline_male,mRMR,80,tqwt_minValue_dec_10 (TQWT),0.0019202898550724642,0.0018356956027950426
baseline_male,mRMR,80,tqwt_TKEO_mean_dec_35 (TQWT),0.0018544061302681995,0.002684526488005817
baseline_male,mRMR,80,tqwt_TKEO_std_dec_10 (TQWT),0.001814420803782506,0.0025153569754058453
baseline_male,mRMR,80,GNE_SNR_SEO (Vocal Fold),0.0017442528735632182,0.0016996397812213415
baseline_male,mRMR,80,app_det_TKEO_mean_9_coef (Wavelet),0.0017333333333333333,0.0016860412339960854
baseline_male,mRMR,80,tqwt_entropy_shannon_dec_12 (TQWT),0.0017222222222222229,0.0022224849694518615
baseline_male,mRMR,80,tqwt_entropy_shannon_dec_10 (TQWT),0.0017222222222222222,0.0014920236544001286
baseline_male,mRMR,80,tqwt_skewnessValue_dec_27 (TQWT),0.0016932367149758447,0.003234644871003307
baseline_male,mRMR,80,meanHarmToNoiseHarmonicity (Baseline),0.0016622222222222218,0.0012615750360448529
baseline_male,mRMR,80,tqwt_skewnessValue_dec_28 (TQWT),0.0016319444444444441,0.00238567064336313
baseline_male,mRMR,80,tqwt_energy_dec_15 (TQWT),0.0016149572649572644,0.0026671413857439303
baseline_male,mRMR,80,app_TKEO_std_9_coef (Wavelet),0.001603864734299517,0.0014535570100392067
baseline_male,mRMR,80,tqwt_medianValue_dec_22 (TQWT),0.001597777777777777,0.0019413497466553619
baseline_male,mRMR,80,VFER_mean (Vocal Fold),0.0015758047767393559,0.001633513888180902
baseline_male,mRMR,80,app_entropy_shannon_10_coef (Wavelet),0.0015488888888888887,0.002385323829120433
baseline_male,mRMR,80,f2 (Formant Frequency),0.0015359078590785906,0.0018367494857931947
baseline_male,mRMR,80,tqwt_energy_dec_16 (TQWT),0.0015227576974564932,0.0014398544078115393
baseline_male,mRMR,80,VFER_entropy (Vocal Fold),0.001417964693665628,0.001834474799234742
baseline_male,mRMR,80,tqwt_energy_dec_34 (TQWT),0.0011594202898550724,0.0010484328417690446
baseline_male,mRMR,80,tqwt_entropy_shannon_dec_7 (TQWT),0.0010402298850574715,0.00116851368169313
baseline_male,mRMR,80,tqwt_kurtosisValue_dec_29 (TQWT),0.0010244444444444437,0.0011578474038536376
baseline_male,mRMR,80,tqwt_TKEO_mean_dec_10 (TQWT),0.0010115740740740742,0.0019683183938580843
baseline_male,mRMR,80,tqwt_medianValue_dec_29 (TQWT),0.0009622222222222223,0.0008465498488846636
baseline_female,mRMR,80,std_delta_delta_log_energy (MFCC),0.024247267759562836,0.017654539220027448
baseline_female,mRMR,80,std_6th_delta_delta (MFCC),0.014844262295081965,0.012044028899547844
baseline_female,mRMR,80,tqwt_energy_dec_26 (TQWT),0.014797385620915031,0.010169866180736545
baseline_female,mRMR,80,std_7th_delta_delta (MFCC),0.01466666666666667,0.008085389043313572
baseline_female,mRMR,80,std_delta_log_energy (MFCC),0.014651639344262295,0.011971509890384254
baseline_female,mRMR,80,tqwt_entropy_log_dec_12 (TQWT),0.014479166666666666,0.01465955763396838
baseline_female,mRMR,80,tqwt_entropy_log_dec_27 (TQWT),0.013375,0.010585838111724595
baseline_female,mRMR,80,std_12th_delta (MFCC),0.01311111111111111,0.006312718023990051
baseline_female,mRMR,80,tqwt_entropy_log_dec_33 (TQWT),0.012119763205828778,0.010591128124585467
baseline_female,mRMR,80,std_6th_delta (MFCC),0.011799635701275044,0.009971317458632764
baseline_female,mRMR,80,mean_MFCC_2nd_coef (MFCC),0.011274590163934426,0.01062341950922664
baseline_female,mRMR,80,tqwt_energy_dec_25 (TQWT),0.01098174603174603,0.008600103860446722
baseline_female,mRMR,80,std_9th_delta_delta (MFCC),0.01024817850637523,0.008471689159843875
baseline_female,mRMR,80,locAbsJitter (Baseline),0.010240384615384611,0.009176685441563883
baseline_female,mRMR,80,tqwt_meanValue_dec_36 (TQWT),0.009852564102564099,0.005398077043191933
baseline_female,mRMR,80,std_7th_delta (MFCC),0.009783242258652096,0.005894757750871054
baseline_female,mRMR,80,tqwt_kurtosisValue_dec_18 (TQWT),0.009767094017094018,0.006104036687657101
baseline_female,mRMR,80,tqwt_TKEO_std_dec_12 (TQWT),0.00966985428051002,0.00876963275222199
baseline_female,mRMR,80,apq11Shimmer (Baseline),0.009664529914529917,0.005434875726534524
baseline_female,mRMR,80,app_entropy_shannon_5_coef (Wavelet),0.009598290598290597,0.0053574559916377
baseline_female,mRMR,80,tqwt_stdValue_dec_12 (TQWT),0.009294171220400726,0.008558527094282713
baseline_female,mRMR,80,std_8th_delta_delta (MFCC),0.009165755919854282,0.008340398781346747
baseline_female,mRMR,80,app_entropy_shannon_8_coef (Wavelet),0.008775641025641025,0.005748318464400279
baseline_female,mRMR,80,GNE_SNR_TKEO (Vocal Fold),0.008538461538461538,0.008758748381799375
baseline_female,mRMR,80,app_entropy_shannon_9_coef (Wavelet),0.008493589743589743,0.005575627382870982
baseline_female,mRMR,80,std_4th_delta_delta (MFCC),0.008467948717948716,0.0066515010236386386
baseline_female,mRMR,80,tqwt_minValue_dec_13 (TQWT),0.008445707070707072,0.006476469322258455
baseline_female,mRMR,80,tqwt_energy_dec_7 (TQWT),0.008434027777777775,0.006212973969109617
baseline_female,mRMR,80,tqwt_entropy_log_dec_26 (TQWT),0.00805260047281324,0.006793506535988565
baseline_female,mRMR,80,tqwt_entropy_log_dec_35 (TQWT),0.007825694444444444,0.007784376942818327
baseline_female,mRMR,80,app_TKEO_std_4_coef (Wavelet),0.0077905982905982895,0.006624293689237132
baseline_female,mRMR,80,tqwt_kurtosisValue_dec_20 (TQWT),0.007489379084967321,0.006654835268681549
baseline_female,mRMR,80,tqwt_kurtosisValue_dec_26 (TQWT),0.007452641165755918,0.006289178258926956
baseline_female,mRMR,80,std_9th_delta (MFCC),0.0073702185792349755,0.005873521535984624
baseline_female,mRMR,80,app_TKEO_std_8_coef (Wavelet),0.007272222222222221,0.005401955445003858
baseline_female,mRMR,80,tqwt_maxValue_dec_12 (TQWT),0.007253472222222224,0.005487093530486906
baseline_female,mRMR,80,tqwt_medianValue_dec_33 (TQWT),0.006822649572649571,0.0045877164986671375
baseline_female,mRMR,80,tqwt_entropy_shannon_dec_17 (TQWT),0.0066369047619047605,0.004953205438838013
baseline_female,mRMR,80,tqwt_energy_dec_12 (TQWT),0.006596994535519127,0.006108849290060797
baseline_female,mRMR,80,app_TKEO_std_9_coef (Wavelet),0.006565476190476189,0.0045485642038664625
baseline_female,mRMR,80,app_det_TKEO_mean_7_coef (Wavelet),0.006494444444444444,0.005439957492067924
baseline_female,mRMR,80,DFA (Baseline),0.006348816029143897,0.005488155514704464
baseline_female,mRMR,80,app_det_TKEO_mean_3_coef (Wavelet),0.006267094017094017,0.003928504239293317
baseline_female,mRMR,80,tqwt_stdValue_dec_6 (TQWT),0.0059388888888888885,0.0047194629179600186
baseline_female,mRMR,80,tqwt_energy_dec_6 (TQWT),0.0059053497942386825,0.006246983441614854
baseline_female,mRMR,80,std_11th_delta_delta (MFCC),0.005892987249544628,0.007318260308558638
baseline_female,mRMR,80,tqwt_minValue_dec_7 (TQWT),0.005809829059829059,0.0029200165498669095
baseline_female,mRMR,80,app_det_TKEO_mean_10_coef (Wavelet),0.005794973544973545,0.005850438262725384
baseline_female,mRMR,80,tqwt_stdValue_dec_13 (TQWT),0.005687500000000001,0.005648136683061391
baseline_female,mRMR,80,tqwt_energy_dec_11 (TQWT),0.0056862477231329695,0.006180774606818437
baseline_female,mRMR,80,tqwt_kurtosisValue_dec_36 (TQWT),0.005590619307832422,0.005381240319662752
baseline_female,mRMR,80,tqwt_maxValue_dec_11 (TQWT),0.005576958105646632,0.0049724887306686425
baseline_female,mRMR,80,std_10th_delta_delta (MFCC),0.005574225865209472,0.003958617818220459
baseline_female,mRMR,80,tqwt_entropy_log_dec_34 (TQWT),0.005565972222222223,0.005763946721044301
baseline_female,mRMR,80,tqwt_TKEO_std_dec_13 (TQWT),0.005542735042735041,0.0034829450370205566
baseline_female,mRMR,80,tqwt_TKEO_mean_dec_12 (TQWT),0.005523504273504273,0.0038334485545429993
baseline_female,mRMR,80,std_8th_delta (MFCC),0.005478597449908924,0.005596659721351318
baseline_female,mRMR,80,tqwt_entropy_shannon_dec_11 (TQWT),0.005470125786163521,0.004711170390412538
baseline_female,mRMR,80,std_4th_delta (MFCC),0.005432336182336183,0.00470554558264192
baseline_female,mRMR,80,app_entropy_shannon_1_coef (Wavelet),0.0053680555555555565,0.002674624282253759
baseline_female,mRMR,80,tqwt_energy_dec_24 (TQWT),0.005341269841269841,0.004431004971957932
baseline_female,mRMR,80,tqwt_maxValue_dec_13 (TQWT),0.005311868686868686,0.004305124730024043
baseline_female,mRMR,80,IMF_SNR_SEO (Vocal Fold),0.005301587301587302,0.0036105115938782017
baseline_female,mRMR,80,tqwt_entropy_shannon_dec_12 (TQWT),0.005123931623931625,0.00337874220915105
baseline_female,mRMR,80,locPctJitter (Baseline),0.005056712962962963,0.004575099803198975
baseline_female,mRMR,80,tqwt_TKEO_mean_dec_33 (TQWT),0.004963675213675213,0.004061721448177007
baseline_female,mRMR,80,tqwt_meanValue_dec_11 (TQWT),0.004891025641025642,0.004174911921812191
baseline_female,mRMR,80,ppq5Jitter (Baseline),0.004869658119658118,0.004598904921537934
baseline_female,mRMR,80,meanHarmToNoiseHarmonicity (Baseline),0.004752136752136753,0.002509253234799508
baseline_female,mRMR,80,tqwt_TKEO_std_dec_11 (TQWT),0.004683060109289617,0.004716066478556778
baseline_female,mRMR,80,GNE_NSR_SEO (Vocal Fold),0.004583333333333333,0.004370138568868396
baseline_female,mRMR,80,tqwt_stdValue_dec_11 (TQWT),0.004515027322404371,0.0043082168544543884
baseline_female,mRMR,80,mean_2nd_delta (MFCC),0.004455555555555556,0.004364507186562873
baseline_female,mRMR,80,tqwt_medianValue_dec_8 (TQWT),0.004401709401709401,0.004380811818774255
baseline_female,mRMR,80,tqwt_TKEO_std_dec_7 (TQWT),0.0043819444444444435,0.0032489835808977383
baseline_female,mRMR,80,tqwt_meanValue_dec_5 (TQWT),0.004322222222222223,0.0038902441684380987
baseline_female,mRMR,80,tqwt_kurtosisValue_dec_34 (TQWT),0.004267304189435337,0.004147559428378777
baseline_female,mRMR,80,tqwt_minValue_dec_11 (TQWT),0.004255919854280509,0.004239096841104513
baseline_female,mRMR,80,app_det_TKEO_mean_8_coef (Wavelet),0.004252645502645503,0.0041183456293885845
baseline_female,mRMR,80,tqwt_kurtosisValue_dec_35 (TQWT),0.00415251572327044,0.004776192451226975
baseline_female,mRMR,80,tqwt_energy_dec_21 (TQWT),0.004115277777777777,0.004079309965790004
baseline_female,mRMR,80,tqwt_kurtosisValue_dec_27 (TQWT),0.00409471766848816,0.0049274631275014495
baseline_female,mRMR,80,std_12th_delta_delta (MFCC),0.004092063492063492,0.0052758807893411655
baseline_female,mRMR,80,tqwt_TKEO_mean_dec_11 (TQWT),0.004065513626834381,0.0037227555097922083
baseline_female,mRMR,80,tqwt_stdValue_dec_33 (TQWT),0.00401068376068376,0.003603483538202111
baseline_female,mRMR,80,numPulses (Baseline),0.0039880952380952385,0.0026455983210212533
baseline_female,mRMR,80,mean_MFCC_7th_coef (MFCC),0.0039006410256410243,0.0032248352377213644
baseline_female,mRMR,80,std_5th_delta (MFCC),0.0038846153846153844,0.0025186616175374467
baseline_female,mRMR,80,tqwt_TKEO_mean_dec_7 (TQWT),0.0038766339869281043,0.0029266070438809335
baseline_female,mRMR,80,std_10th_delta (MFCC),0.0038606557377049164,0.003727720870309718
baseline_female,mRMR,80,tqwt_kurtosisValue_dec_25 (TQWT),0.0037423611111111112,0.0034370120140224023
baseline_female,mRMR,80,IMF_SNR_entropy (Vocal Fold),0.0036613756613756623,0.0029899042353996336
baseline_female,mRMR,80,app_entropy_shannon_10_coef (Wavelet),0.003512820512820513,0.002785471640288635
baseline_female,mRMR,80,app_TKEO_std_7_coef (Wavelet),0.003444444444444445,0.002874509585746765
baseline_female,mRMR,80,RPDE (Baseline),0.0033899572649572643,0.0037780965032839092
baseline_female,mRMR,80,tqwt_medianValue_dec_10 (TQWT),0.0033244680851063826,0.0036548418478973225
baseline_female,mRMR,80,tqwt_minValue_dec_12 (TQWT),0.0031898907103825136,0.0027779833120057736
baseline_female,mRMR,80,tqwt_entropy_shannon_dec_16 (TQWT),0.0030694444444444454,0.002308590528553386
baseline_female,mRMR,80,tqwt_TKEO_mean_dec_34 (TQWT),0.003044973544973545,0.002788341816955629
baseline_female,mRMR,80,tqwt_kurtosisValue_dec_28 (TQWT),0.0030173041894353365,0.002944024397543947
baseline_female,mRMR,80,tqwt_maxValue_dec_10 (TQWT),0.002998015873015871,0.002169598579707231
baseline_female,mRMR,80,tqwt_energy_dec_15 (TQWT),0.0029959016393442625,0.003350012820445317
baseline_female,mRMR,80,tqwt_TKEO_mean_dec_23 (TQWT),0.002968660968660968,0.002612096473085842
baseline_female,mRMR,80,mean_delta_log_energy (MFCC),0.0029669030732860525,0.002517021520405786
baseline_female,mRMR,80,tqwt_entropy_log_dec_28 (TQWT),0.002951388888888887,0.003460680581429385
baseline_female,mRMR,80,std_MFCC_8th_coef (MFCC),0.0029298941798941804,0.0026154543412062743
baseline_female,mRMR,80,tqwt_energy_dec_13 (TQWT),0.0029171220400728607,0.0031895889581655687
baseline_female,mRMR,80,tqwt_stdValue_dec_35 (TQWT),0.002848484848484848,0.002233739143702694
baseline_female,mRMR,80,tqwt_stdValue_dec_34 (TQWT),0.0027806712962962967,0.002377674066211617
baseline_female,mRMR,80,f1 (Formant Frequency),0.0027730496453900705,0.0025804015886939447
baseline_female,mRMR,80,std_MFCC_6th_coef (MFCC),0.0027520964360587003,0.0022418886326519517
baseline_female,mRMR,80,tqwt_entropy_shannon_dec_35 (TQWT),0.002746527777777778,0.0027117964546798864
baseline_female,mRMR,80,tqwt_energy_dec_8 (TQWT),0.0027304526748971195,0.002438415790518439
baseline_female,mRMR,80,tqwt_entropy_shannon_dec_34 (TQWT),0.0026562499999999998,0.00308689603317448
baseline_female,mRMR,80,tqwt_maxValue_dec_7 (TQWT),0.002619658119658119,0.0023096974552313846
baseline_female,mRMR,80,tqwt_entropy_shannon_dec_18 (TQWT),0.002617521367521368,0.0020780424546337937
baseline_female,mRMR,80,tqwt_medianValue_dec_25 (TQWT),0.0025802469135802466,0.0029548723505563148
baseline_female,mRMR,80,tqwt_medianValue_dec_22 (TQWT),0.0025213675213675217,0.0032890301484965628
baseline_female,mRMR,80,std_11th_delta (MFCC),0.0024949908925318764,0.0030588179962468187
baseline_female,mRMR,80,app_entropy_shannon_6_coef (Wavelet),0.0023846153846153848,0.002036872884804339
baseline_female,mRMR,80,tqwt_TKEO_std_dec_34 (TQWT),0.002354166666666667,0.0022672050361894776
baseline_female,mRMR,80,tqwt_maxValue_dec_6 (TQWT),0.002344650205761317,0.002333490570213055
baseline_female,mRMR,80,std_MFCC_7th_coef (MFCC),0.0022797619047619047,0.0020027024436583556
baseline_female,mRMR,80,tqwt_entropy_shannon_dec_6 (TQWT),0.0022043650793650803,0.0017419447791011847
baseline_female,mRMR,80,numPeriodsPulses (Baseline),0.002190972222222222,0.0018344579346786872
baseline_female,mRMR,80,tqwt_stdValue_dec_7 (TQWT),0.0021732804232804225,0.0019662034249510506
baseline_female,mRMR,80,tqwt_meanValue_dec_7 (TQWT),0.0021534722222222216,0.002272301425771798
baseline_female,mRMR,80,tqwt_minValue_dec_10 (TQWT),0.0021488095238095238,0.001562405093694477
baseline_female,mRMR,80,tqwt_energy_dec_14 (TQWT),0.0021070601851851853,0.0022481584323739826
baseline_female,mRMR,80,tqwt_skewnessValue_dec_27 (TQWT),0.002104700854700854,0.0028147607443401025
baseline_female,mRMR,80,tqwt_TKEO_mean_dec_35 (TQWT),0.002082010582010582,0.0018427932942195271
baseline_female,mRMR,80,b4 (Bandwidth),0.002037698412698413,0.002208713302232008
baseline_female,mRMR,80,mean_1st_delta (MFCC),0.0019548611111111108,0.0015877558926439823
baseline_female,mRMR,80,tqwt_TKEO_mean_dec_10 (TQWT),0.0019358974358974366,0.002245603491878084
baseline_female,mRMR,80,VFER_entropy (Vocal Fold),0.0019160879629629628,0.001758448345941485
baseline_female,mRMR,80,tqwt_medianValue_dec_5 (TQWT),0.0018948412698412697,0.0020285412887863746
baseline_female,mRMR,80,std_5th_delta_delta (MFCC),0.0018739316239316244,0.0016374464285071456
baseline_female,mRMR,80,tqwt_skewnessValue_dec_28 (TQWT),0.0018596866096866095,0.002038411234064866
baseline_female,mRMR,80,f2 (Formant Frequency),0.001799019607843137,0.0022457572032932387
baseline_female,mRMR,80,tqwt_energy_dec_34 (TQWT),0.0017799145299145303,0.0015325928924019496
baseline_female,mRMR,80,GNE_SNR_SEO (Vocal Fold),0.0017285353535353538,0.0016351220022582415
baseline_female,mRMR,80,VFER_mean (Vocal Fold),0.001677083333333333,0.0014201168957790476
baseline_female,mRMR,80,tqwt_medianValue_dec_29 (TQWT),0.001662393162393162,0.0016024364473521465
baseline_female,mRMR,80,tqwt_energy_dec_16 (TQWT),0.0016301587301587304,0.0016481396004828996
baseline_female,mRMR,80,tqwt_TKEO_std_dec_10 (TQWT),0.0015606995884773665,0.0018610048130037963
baseline_female,mRMR,80,tqwt_entropy_shannon_dec_7 (TQWT),0.0014404761904761902,0.0014252429478223917
baseline_female,mRMR,80,tqwt_kurtosisValue_dec_29 (TQWT),0.0014166666666666661,0.0011719884805564426
baseline_female,mRMR,80,tqwt_TKEO_std_dec_9 (TQWT),0.0013968253968253967,0.0013143489747830398
baseline_female,mRMR,80,app_det_TKEO_mean_9_coef (Wavelet),0.001152777777777778,0.0010860350018377426
baseline_female,mRMR,80,tqwt_entropy_shannon_dec_10 (TQWT),0.0010256410256410252,0.0010228546065944785
baseline,mRMR,90,std_delta_delta_log_energy (MFCC),0.016549823633156966,0.014597073551237736
baseline,mRMR,90,std_6th_delta_delta (MFCC),0.012310846560846562,0.010803973184644253
baseline,mRMR,90,std_7th_delta_delta (MFCC),0.011994929453262786,0.0070068197103041
baseline,mRMR,90,std_delta_log_energy (MFCC),0.011628968253968253,0.011015746174267343
baseline,mRMR,90,tqwt_entropy_log_dec_12 (TQWT),0.011,0.011015399949884864
baseline,mRMR,90,tqwt_entropy_log_dec_27 (TQWT),0.01004422514619883,0.008169080500501807
baseline,mRMR,90,tqwt_energy_dec_26 (TQWT),0.008934878587196467,0.007010263585772719
baseline,mRMR,90,app_entropy_shannon_5_coef (Wavelet),0.008877995642701522,0.0037802873653081425
baseline,mRMR,90,tqwt_TKEO_std_dec_12 (TQWT),0.008843474426807761,0.0077356603816375515
baseline,mRMR,90,tqwt_kurtosisValue_dec_18 (TQWT),0.00874400871459695,0.00453881997312755
baseline,mRMR,90,tqwt_energy_dec_25 (TQWT),0.00867959295929593,0.007992820914428909
baseline,mRMR,90,std_6th_delta (MFCC),0.008666666666666666,0.0069507994468765285
baseline,mRMR,90,tqwt_entropy_shannon_dec_13 (TQWT),0.008540305010893248,0.005161040589342022
baseline,mRMR,90,apq11Shimmer (Baseline),0.00841285403050109,0.006111718353355767
baseline,mRMR,90,app_entropy_shannon_4_coef (Wavelet),0.008328976034858389,0.0047439538201911385
baseline,mRMR,90,GNE_SNR_TKEO (Vocal Fold),0.008054421768707484,0.0077849023397119875
baseline,mRMR,90,tqwt_maxValue_dec_13 (TQWT),0.008040305010893246,0.004838993337325977
baseline,mRMR,90,std_8th_delta_delta (MFCC),0.007867504409171076,0.00614099489348472
baseline,mRMR,90,locAbsJitter (Baseline),0.007845117845117844,0.008885657513932745
baseline,mRMR,90,tqwt_entropy_log_dec_33 (TQWT),0.007599426807760141,0.00770240721681921
baseline,mRMR,90,std_7th_delta (MFCC),0.007503968253968252,0.004379149756652654
baseline,mRMR,90,tqwt_entropy_log_dec_28 (TQWT),0.007470555555555552,0.00666567465213135
baseline,mRMR,90,mean_MFCC_2nd_coef (MFCC),0.007349867724867726,0.007469160434638832
baseline,mRMR,90,std_9th_delta_delta (MFCC),0.007171296296296299,0.0060975646734794985
baseline,mRMR,90,tqwt_stdValue_dec_13 (TQWT),0.007125272331154683,0.004029237129309649
baseline,mRMR,90,tqwt_TKEO_std_dec_13 (TQWT),0.007092047930283225,0.0055644564130670334
baseline,mRMR,90,DFA (Baseline),0.006926366843033509,0.0063778280144768515
baseline,mRMR,90,std_9th_delta (MFCC),0.006919753086419751,0.005087768089566723
baseline,mRMR,90,tqwt_kurtosisValue_dec_20 (TQWT),0.00685467255334805,0.006971631720168279
baseline,mRMR,90,app_TKEO_std_9_coef (Wavelet),0.006825708061002179,0.005558380344802411
baseline,mRMR,90,tqwt_stdValue_dec_12 (TQWT),0.0067777777777777775,0.0069751108029736785
baseline,mRMR,90,std_4th_delta (MFCC),0.006595925925925924,0.0042353721591902975
baseline,mRMR,90,app_entropy_shannon_8_coef (Wavelet),0.006532777777777778,0.005253296081514396
baseline,mRMR,90,tqwt_entropy_log_dec_26 (TQWT),0.006281923714759535,0.00635271494814088
baseline,mRMR,90,tqwt_meanValue_dec_36 (TQWT),0.006070555555555556,0.00677704908785197
baseline,mRMR,90,app_entropy_shannon_9_coef (Wavelet),0.0060087145969498915,0.003966222095169897
baseline,mRMR,90,tqwt_maxValue_dec_7 (TQWT),0.005887777777777777,0.0029499615555494095
baseline,mRMR,90,tqwt_entropy_log_dec_35 (TQWT),0.005876666666666667,0.006562269922670482
baseline,mRMR,90,app_det_TKEO_mean_6_coef (Wavelet),0.005785555555555555,0.0044749004490973136
baseline,mRMR,90,IMF_SNR_SEO (Vocal Fold),0.005735294117647058,0.004883755797686291
baseline,mRMR,90,app_det_TKEO_mean_4_coef (Wavelet),0.00571201814058957,0.005601918492827033
baseline,mRMR,90,app_LT_TKEO_mean_1_coef (Wavelet),0.005620915032679739,0.004512014310018857
baseline,mRMR,90,tqwt_energy_dec_6 (TQWT),0.005587407407407408,0.004699614777733254
baseline,mRMR,90,IMF_NSR_TKEO (Vocal Fold),0.005576252723311548,0.004523452003644781
baseline,mRMR,90,VFER_NSR_SEO (Vocal Fold),0.005525054466230936,0.003570190669809883
baseline,mRMR,90,tqwt_TKEO_std_dec_11 (TQWT),0.005521384479717814,0.005697276611553151
baseline,mRMR,90,app_entropy_shannon_10_coef (Wavelet),0.005466230936819172,0.002991603715625878
baseline,mRMR,90,std_5th_delta (MFCC),0.00538047138047138,0.0031538420135953935
baseline,mRMR,90,tqwt_energy_dec_12 (TQWT),0.005343474426807761,0.006723086867058083
baseline,mRMR,90,std_8th_delta (MFCC),0.0052056878306878315,0.004895311536324093
baseline,mRMR,90,std_11th_delta_delta (MFCC),0.005199514991181658,0.006333448452531899
baseline,mRMR,90,numPeriodsPulses (Baseline),0.005114035087719299,0.004637194522030749
baseline,mRMR,90,tqwt_kurtosisValue_dec_26 (TQWT),0.005104056437389771,0.005477592699986958
baseline,mRMR,90,std_4th_delta_delta (MFCC),0.005091111111111111,0.00467319719899035
baseline,mRMR,90,tqwt_TKEO_mean_dec_12 (TQWT),0.005062091503267973,0.003613696449562936
baseline,mRMR,90,tqwt_minValue_dec_13 (TQWT),0.005021564327485382,0.0037644582185713477
baseline,mRMR,90,tqwt_energy_dec_11 (TQWT),0.00501741622574956,0.006558725335353927
baseline,mRMR,90,tqwt_TKEO_mean_dec_33 (TQWT),0.004970588235294119,0.004915369946718791
baseline,mRMR,90,tqwt_kurtosisValue_dec_33 (TQWT),0.0049215686274509795,0.003511367235479807
baseline,mRMR,90,tqwt_kurtosisValue_dec_35 (TQWT),0.004792426755113323,0.004481966629604464
baseline,mRMR,90,tqwt_entropy_shannon_dec_16 (TQWT),0.004787581699346404,0.003376217307765235
baseline,mRMR,90,tqwt_entropy_shannon_dec_17 (TQWT),0.004775054466230937,0.0036059754214627007
baseline,mRMR,90,std_MFCC_8th_coef (MFCC),0.004739146431199412,0.003471379406329625
baseline,mRMR,90,app_TKEO_std_4_coef (Wavelet),0.004667777777777778,0.003420749547550124
baseline,mRMR,90,tqwt_energy_dec_7 (TQWT),0.004592592592592592,0.004319344962468606
baseline,mRMR,90,app_TKEO_std_8_coef (Wavelet),0.0045332602339181296,0.004875036958078378
baseline,mRMR,90,tqwt_TKEO_std_dec_6 (TQWT),0.004522875816993464,0.0034726931225231832
baseline,mRMR,90,tqwt_entropy_shannon_dec_11 (TQWT),0.0044137645107794376,0.004618475300301114
baseline,mRMR,90,tqwt_TKEO_std_dec_7 (TQWT),0.0043173023770038685,0.004289573865474347
baseline,mRMR,90,tqwt_stdValue_dec_6 (TQWT),0.004231896075179658,0.0036790892148704023
baseline,mRMR,90,app_entropy_shannon_6_coef (Wavelet),0.004230936819172114,0.0024162979288414417
baseline,mRMR,90,app_entropy_shannon_1_coef (Wavelet),0.004221132897603485,0.004358975669069263
baseline,mRMR,90,tqwt_maxValue_dec_12 (TQWT),0.0042043650793650795,0.00420198419014605
baseline,mRMR,90,std_12th_delta_delta (MFCC),0.004184095860566449,0.004564494035233319
baseline,mRMR,90,tqwt_stdValue_dec_11 (TQWT),0.004170414462081128,0.004758682153681523
baseline,mRMR,90,tqwt_entropy_log_dec_34 (TQWT),0.00416925925925926,0.004983733072927063
baseline,mRMR,90,tqwt_kurtosisValue_dec_36 (TQWT),0.0039287918871252206,0.0037026778621549235
baseline,mRMR,90,std_10th_delta_delta (MFCC),0.003905202821869489,0.0036655197046183865
baseline,mRMR,90,tqwt_maxValue_dec_11 (TQWT),0.0038985890652557327,0.0033993252686126945
baseline,mRMR,90,tqwt_minValue_dec_12 (TQWT),0.003815255731922399,0.0035860857842025372
baseline,mRMR,90,ppq5Jitter (Baseline),0.0037766554433221098,0.0037788759758709666
baseline,mRMR,90,app_TKEO_std_7_coef (Wavelet),0.0037679738562091504,0.003669767194587404
baseline,mRMR,90,mean_MFCC_8th_coef (MFCC),0.00374400871459695,0.002543052264236228
baseline,mRMR,90,GNE_NSR_SEO (Vocal Fold),0.003721132897603486,0.0032167780815586526
baseline,mRMR,90,app_det_TKEO_mean_7_coef (Wavelet),0.003658625730994152,0.00450704873667948
baseline,mRMR,90,tqwt_kurtosisValue_dec_27 (TQWT),0.0036406525573192236,0.0034722678366953708
baseline,mRMR,90,mean_2nd_delta (MFCC),0.0035632946379215045,0.0050218608168156945
baseline,mRMR,90,tqwt_meanValue_dec_5 (TQWT),0.0035577777777777778,0.004388658867104945
baseline,mRMR,90,numPulses (Baseline),0.0035446623093681917,0.003014083912997335
baseline,mRMR,90,tqwt_entropy_shannon_dec_18 (TQWT),0.0034912854030501096,0.0023944678297580144
baseline,mRMR,90,tqwt_skewnessValue_dec_26 (TQWT),0.0034682539682539685,0.002719044210857683
baseline,mRMR,90,tqwt_medianValue_dec_33 (TQWT),0.00344553376906318,0.0038531064243615114
baseline,mRMR,90,tqwt_entropy_shannon_dec_6 (TQWT),0.0034382309941520463,0.0028761191613500847
baseline,mRMR,90,tqwt_energy_dec_21 (TQWT),0.0033691520467836245,0.003445413672143181
baseline,mRMR,90,tqwt_stdValue_dec_23 (TQWT),0.00333058305830583,0.0024685832728277464
baseline,mRMR,90,IMF_SNR_entropy (Vocal Fold),0.003229847494553377,0.003282536811427716
baseline,mRMR,90,std_10th_delta (MFCC),0.0032248677248677246,0.002931407464843092
baseline,mRMR,90,locPctJitter (Baseline),0.0032222222222222214,0.0038656851391033367
baseline,mRMR,90,app_det_TKEO_mean_10_coef (Wavelet),0.0032022222222222226,0.0029696274145582097
baseline,mRMR,90,tqwt_TKEO_std_dec_34 (TQWT),0.0031928104575163394,0.0048974168826497735
baseline,mRMR,90,tqwt_energy_dec_24 (TQWT),0.003191721132897604,0.002720386219800308
baseline,mRMR,90,app_TKEO_std_10_coef (Wavelet),0.0031655773420479305,0.0023948269611782317
baseline,mRMR,90,tqwt_kurtosisValue_dec_17 (TQWT),0.0031448801742919386,0.002542453344639808
baseline,mRMR,90,mean_MFCC_7th_coef (MFCC),0.003135555555555555,0.002502275936647274
baseline,mRMR,90,tqwt_kurtosisValue_dec_34 (TQWT),0.0031192680776014115,0.003655581557049352
baseline,mRMR,90,tqwt_stdValue_dec_28 (TQWT),0.003105442176870749,0.002783067525700322
baseline,mRMR,90,tqwt_minValue_dec_11 (TQWT),0.0030989858906525576,0.004493656439648358
baseline,mRMR,90,f1 (Formant Frequency),0.003066611387506909,0.00267682760947237
baseline,mRMR,90,std_MFCC_6th_coef (MFCC),0.0030160309563294625,0.0024747751148544517
baseline,mRMR,90,tqwt_entropy_shannon_dec_34 (TQWT),0.003008015478164731,0.004215196919862566
baseline,mRMR,90,tqwt_minValue_dec_6 (TQWT),0.002988888888888889,0.003264768353754803
baseline,mRMR,90,app_det_TKEO_mean_3_coef (Wavelet),0.0029648526077097506,0.0021481675399038537
baseline,mRMR,90,std_11th_delta (MFCC),0.0029140211640211644,0.003109675431981081
baseline,mRMR,90,mean_delta_log_energy (MFCC),0.0028327805417357656,0.0024506761612669704
baseline,mRMR,90,std_12th_delta (MFCC),0.0027952069716775606,0.0024210106701983442
baseline,mRMR,90,tqwt_kurtosisValue_dec_28 (TQWT),0.002765652557319224,0.0029906792415149565
baseline,mRMR,90,tqwt_entropy_shannon_dec_35 (TQWT),0.002757048092868988,0.004353304306087981
baseline,mRMR,90,tqwt_energy_dec_13 (TQWT),0.002752865961199295,0.0027151279276565114
baseline,mRMR,90,tqwt_stdValue_dec_33 (TQWT),0.002746352413019079,0.003325640161456677
baseline,mRMR,90,tqwt_TKEO_mean_dec_7 (TQWT),0.0026807407407407405,0.0030909739108154395
baseline,mRMR,90,tqwt_stdValue_dec_35 (TQWT),0.0026491228070175434,0.0033772468880196855
baseline,mRMR,90,tqwt_TKEO_mean_dec_11 (TQWT),0.002561912658927584,0.00292096889934258
baseline,mRMR,90,RPDE (Baseline),0.0024844444444444445,0.002462037799285053
baseline,mRMR,90,tqwt_TKEO_mean_dec_34 (TQWT),0.002474697469746975,0.00379708624034726
baseline,mRMR,90,tqwt_kurtosisValue_dec_25 (TQWT),0.0024418518518518517,0.003249238241342195
baseline,mRMR,90,tqwt_energy_dec_16 (TQWT),0.002405582922824302,0.002045261298638364
baseline,mRMR,90,tqwt_medianValue_dec_8 (TQWT),0.0023540305010893246,0.002490208916222088
baseline,mRMR,90,tqwt_maxValue_dec_10 (TQWT),0.0023485838779956428,0.001502235113158459
baseline,mRMR,90,b4 (Bandwidth),0.00233442265795207,0.002150198611459649
baseline,mRMR,90,tqwt_skewnessValue_dec_28 (TQWT),0.0023283582089552233,0.0026578573231686997
baseline,mRMR,90,meanHarmToNoiseHarmonicity (Baseline),0.002309368191721133,0.0017922447354531011
baseline,mRMR,90,tqwt_TKEO_mean_dec_35 (TQWT),0.0022844444444444435,0.0032423220151680423
baseline,mRMR,90,tqwt_meanValue_dec_11 (TQWT),0.002274098601913171,0.0030562750708730754
baseline,mRMR,90,tqwt_entropy_log_dec_11 (TQWT),0.002241830065359477,0.0018430703526272137
baseline,mRMR,90,tqwt_meanValue_dec_7 (TQWT),0.0022181751287711545,0.002319739331501613
baseline,mRMR,90,tqwt_entropy_shannon_dec_7 (TQWT),0.002201666666666667,0.002115043400067586
baseline,mRMR,90,tqwt_TKEO_mean_dec_23 (TQWT),0.002185925925925926,0.0017390729153045309
baseline,mRMR,90,tqwt_medianValue_dec_10 (TQWT),0.002149806522940851,0.0020035593694908062
baseline,mRMR,90,tqwt_minValue_dec_7 (TQWT),0.002104444444444444,0.002035895868181877
baseline,mRMR,90,tqwt_maxValue_dec_6 (TQWT),0.0020643564356435645,0.0021517106022076685
baseline,mRMR,90,tqwt_stdValue_dec_34 (TQWT),0.002059701492537313,0.0022391058073736934
baseline,mRMR,90,GNE_SNR_SEO (Vocal Fold),0.00201797385620915,0.002085849653607934
baseline,mRMR,90,tqwt_medianValue_dec_25 (TQWT),0.0019883333333333333,0.0025199967631649744
baseline,mRMR,90,tqwt_energy_dec_15 (TQWT),0.0019682539682539684,0.0023128124069833104
baseline,mRMR,90,std_5th_delta_delta (MFCC),0.0019388888888888882,0.0018635817296371877
baseline,mRMR,90,tqwt_TKEO_std_dec_9 (TQWT),0.001929193899782135,0.0018349965352893575
baseline,mRMR,90,tqwt_energy_dec_8 (TQWT),0.0019249999999999996,0.0021687077685475747
baseline,mRMR,90,tqwt_medianValue_dec_22 (TQWT),0.0018965141612200436,0.00215923206039188
baseline,mRMR,90,app_det_TKEO_mean_8_coef (Wavelet),0.0018366666666666668,0.0018041891465150831
baseline,mRMR,90,tqwt_energy_dec_14 (TQWT),0.0018223104056437388,0.001822763965504076
baseline,mRMR,90,f2 (Formant Frequency),0.0017733554449972362,0.0018743635414113782
baseline,mRMR,90,tqwt_energy_dec_10 (TQWT),0.001765795206971678,0.001420459050421463
baseline,mRMR,90,VFER_entropy (Vocal Fold),0.001738095238095238,0.001697052275091819
baseline,mRMR,90,tqwt_skewnessValue_dec_27 (TQWT),0.0017120181405895687,0.002596285678400891
baseline,mRMR,90,det_LT_entropy_log_3_coef (Wavelet),0.0016949891067538129,0.0013968938560449025
baseline,mRMR,90,tqwt_TKEO_std_dec_15 (TQWT),0.0016949891067538124,0.0013592318696474676
baseline,mRMR,90,std_MFCC_7th_coef (MFCC),0.0016819172113289762,0.001496872895025218
baseline,mRMR,90,tqwt_entropy_shannon_dec_10 (TQWT),0.0016078107810781077,0.0012654931868723157
baseline,mRMR,90,tqwt_stdValue_dec_7 (TQWT),0.001602777777777778,0.0015384613449151367
baseline,mRMR,90,mean_1st_delta (MFCC),0.0015163398692810458,0.0016080440956495854
baseline,mRMR,90,tqwt_entropy_shannon_dec_12 (TQWT),0.001510893246187364,0.0012835658826973212
baseline,mRMR,90,tqwt_TKEO_std_dec_10 (TQWT),0.0014801980198019804,0.0014060510842809177
baseline,mRMR,90,tqwt_medianValue_dec_35 (TQWT),0.0014607843137254904,0.0015230639980672064
baseline,mRMR,90,tqwt_medianValue_dec_5 (TQWT),0.0014542483660130718,0.00148742724207996
baseline,mRMR,90,app_det_TKEO_mean_9_coef (Wavelet),0.0014477124183006535,0.0016459757975466679
baseline,mRMR,90,tqwt_TKEO_mean_dec_10 (TQWT),0.0013688888888888885,0.0019878064785266653
baseline,mRMR,90,tqwt_minValue_dec_10 (TQWT),0.001364923747276689,0.0012899679880070435
baseline,mRMR,90,tqwt_kurtosisValue_dec_29 (TQWT),0.001352941176470588,0.0017298274658403097
baseline,mRMR,90,tqwt_medianValue_dec_29 (TQWT),0.0013333333333333335,0.0012358852214917671
baseline,mRMR,90,VFER_mean (Vocal Fold),0.001283798576902025,0.001350073186343916
baseline,mRMR,90,tqwt_energy_dec_34 (TQWT),0.0012834467120181406,0.0014903820220105025
baseline_male,mRMR,90,std_delta_delta_log_energy (MFCC),0.01423247863247863,0.014458297223169657
baseline_male,mRMR,90,std_delta_log_energy (MFCC),0.010882478632478635,0.011162541570571548
baseline_male,mRMR,90,tqwt_entropy_log_dec_12 (TQWT),0.010517890772128063,0.01181928690745037
baseline_male,mRMR,90,std_6th_delta_delta (MFCC),0.009982051282051282,0.008586969084319634
baseline_male,mRMR,90,std_7th_delta_delta (MFCC),0.008896581196581196,0.006304538314828585
baseline_male,mRMR,90,std_6th_delta (MFCC),0.007567094017094017,0.006625406798157126
baseline_male,mRMR,90,DFA (Baseline),0.007456837606837606,0.007111422171853021
baseline_male,mRMR,90,tqwt_entropy_shannon_dec_13 (TQWT),0.0074428571428571426,0.004835147127145951
baseline_male,mRMR,90,tqwt_energy_dec_25 (TQWT),0.007223794549266244,0.007288660644398432
baseline_male,mRMR,90,tqwt_kurtosisValue_dec_18 (TQWT),0.007077777777777777,0.004473422795970834
baseline_male,mRMR,90,tqwt_stdValue_dec_13 (TQWT),0.006712698412698415,0.005080994377728032
baseline_male,mRMR,90,tqwt_kurtosisValue_dec_20 (TQWT),0.00660508701472557,0.0070318018643016214
baseline_male,mRMR,90,apq11Shimmer (Baseline),0.0064399999999999995,0.006423764063595792
baseline_male,mRMR,90,std_4th_delta_delta (MFCC),0.006280092592592593,0.003874076838784719
baseline_male,mRMR,90,std_9th_delta_delta (MFCC),0.006276068376068375,0.005258526073968396
baseline_male,mRMR,90,std_8th_delta_delta (MFCC),0.00617051282051282,0.004762412878858015
baseline_male,mRMR,90,tqwt_entropy_shannon_dec_18 (TQWT),0.00600888888888889,0.003511017978770153
baseline_male,mRMR,90,std_4th_delta (MFCC),0.0058865740740740745,0.0037753614118169326
baseline_male,mRMR,90,std_7th_delta (MFCC),0.005840170940170941,0.0036604814973147893
baseline_male,mRMR,90,tqwt_entropy_log_dec_27 (TQWT),0.005678571428571428,0.008097012455224265
baseline_male,mRMR,90,tqwt_entropy_shannon_dec_17 (TQWT),0.00561206896551724,0.003860948690289805
baseline_male,mRMR,90,tqwt_TKEO_std_dec_12 (TQWT),0.005573504273504275,0.007082057416158711
baseline_male,mRMR,90,tqwt_entropy_log_dec_33 (TQWT),0.005411538461538461,0.006129721718315574
baseline_male,mRMR,90,tqwt_entropy_shannon_dec_16 (TQWT),0.00533174603174603,0.0033720900115493716
baseline_male,mRMR,90,tqwt_entropy_log_dec_28 (TQWT),0.005319923371647509,0.005722058321896139
baseline_male,mRMR,90,tqwt_maxValue_dec_13 (TQWT),0.005262452107279693,0.004471786398381257
baseline_male,mRMR,90,tqwt_maxValue_dec_7 (TQWT),0.005226851851851851,0.0030788167091093176
baseline_male,mRMR,90,IMF_SNR_SEO (Vocal Fold),0.005198067632850242,0.0035473311520843485
baseline_male,mRMR,90,mean_MFCC_2nd_coef (MFCC),0.005096581196581196,0.00639980583320767
baseline_male,mRMR,90,GNE_SNR_TKEO (Vocal Fold),0.004997584541062801,0.006505433422486009
baseline_male,mRMR,90,IMF_NSR_TKEO (Vocal Fold),0.004881642512077294,0.004332871529811658
baseline_male,mRMR,90,tqwt_energy_dec_6 (TQWT),0.004855555555555555,0.004164198099150287
baseline_male,mRMR,90,tqwt_energy_dec_26 (TQWT),0.004840696117804552,0.005926393961896413
baseline_male,mRMR,90,std_5th_delta (MFCC),0.004742316784869977,0.002988634235594686
baseline_male,mRMR,90,std_9th_delta (MFCC),0.0047162393162393165,0.003935475516428694
baseline_male,mRMR,90,tqwt_kurtosisValue_dec_35 (TQWT),0.004636842105263158,0.004854674772256817
baseline_male,mRMR,90,std_8th_delta (MFCC),0.004599572649572649,0.004688754477940352
baseline_male,mRMR,90,tqwt_minValue_dec_13 (TQWT),0.004586043360433605,0.004440657279077169
baseline_male,mRMR,90,tqwt_medianValue_dec_33 (TQWT),0.004548888888888891,0.0041824721246020375
baseline_male,mRMR,90,std_MFCC_8th_coef (MFCC),0.004433065595716199,0.0034698819249635586
baseline_male,mRMR,90,tqwt_entropy_log_dec_34 (TQWT),0.004344444444444444,0.004289327944956745
baseline_male,mRMR,90,tqwt_kurtosisValue_dec_17 (TQWT),0.004251111111111111,0.003029431870410269
baseline_male,mRMR,90,tqwt_meanValue_dec_5 (TQWT),0.004217460317460318,0.006064912193923505
baseline_male,mRMR,90,tqwt_entropy_log_dec_35 (TQWT),0.0041365079365079365,0.004580184126289927
baseline_male,mRMR,90,tqwt_entropy_log_dec_26 (TQWT),0.004081516095534789,0.004897439557773956
baseline_male,mRMR,90,tqwt_TKEO_std_dec_11 (TQWT),0.003967094017094017,0.005076533636398894
baseline_male,mRMR,90,tqwt_stdValue_dec_12 (TQWT),0.003913675213675213,0.006572337005011148
baseline_male,mRMR,90,tqwt_energy_dec_11 (TQWT),0.003888461538461539,0.006037469471196216
baseline_male,mRMR,90,std_11th_delta_delta (MFCC),0.003828632478632479,0.0034709868784370307
baseline_male,mRMR,90,tqwt_entropy_shannon_dec_11 (TQWT),0.0037538011695906434,0.004727379026100499
baseline_male,mRMR,90,mean_MFCC_8th_coef (MFCC),0.0037396825396825402,0.0025005259926923857
baseline_male,mRMR,90,tqwt_meanValue_dec_36 (TQWT),0.0037326388888888878,0.003689177495649347
baseline_male,mRMR,90,tqwt_maxValue_dec_12 (TQWT),0.0037209401709401716,0.004106042631166446
baseline_male,mRMR,90,tqwt_TKEO_std_dec_7 (TQWT),0.003701058201058201,0.003359420046995821
baseline_male,mRMR,90,tqwt_stdValue_dec_11 (TQWT),0.003647863247863248,0.005221986207630916
baseline_male,mRMR,90,mean_2nd_delta (MFCC),0.003642105263157893,0.006161762185945025
baseline_male,mRMR,90,tqwt_energy_dec_7 (TQWT),0.003607407407407407,0.003582934330446645
baseline_male,mRMR,90,tqwt_TKEO_std_dec_13 (TQWT),0.00357986111111111,0.005987262079338285
baseline_male,mRMR,90,tqwt_stdValue_dec_6 (TQWT),0.003542328042328041,0.0032112693371090344
baseline_male,mRMR,90,tqwt_TKEO_std_dec_34 (TQWT),0.0035349206349206356,0.005254002098832667
baseline_male,mRMR,90,tqwt_kurtosisValue_dec_28 (TQWT),0.0034696581196581194,0.0036515431110951046
baseline_male,mRMR,90,IMF_SNR_entropy (Vocal Fold),0.003411111111111111,0.0039325236675737014
baseline_male,mRMR,90,tqwt_entropy_shannon_dec_6 (TQWT),0.0033963414634146346,0.002526769186965179
baseline_male,mRMR,90,tqwt_minValue_dec_6 (TQWT),0.0033194444444444456,0.004182996170689887
baseline_male,mRMR,90,app_det_TKEO_mean_6_coef (Wavelet),0.003303240740740741,0.0020980142614079435
baseline_male,mRMR,90,std_10th_delta_delta (MFCC),0.0032803418803418797,0.0029678917581463455
baseline_male,mRMR,90,tqwt_kurtosisValue_dec_36 (TQWT),0.0032555555555555545,0.0033518451976033378
baseline_male,mRMR,90,std_12th_delta_delta (MFCC),0.0032510040160642563,0.0037151040787364253
baseline_male,mRMR,90,tqwt_entropy_shannon_dec_34 (TQWT),0.0032507936507936517,0.004846901875415885
baseline_male,mRMR,90,tqwt_energy_dec_21 (TQWT),0.0032237654320987656,0.0035368610469810957
baseline_male,mRMR,90,tqwt_energy_dec_12 (TQWT),0.003217094017094017,0.004945130939735808
baseline_male,mRMR,90,tqwt_TKEO_mean_dec_33 (TQWT),0.0031822222222222217,0.0034448871167640956
baseline_male,mRMR,90,app_entropy_shannon_1_coef (Wavelet),0.0031079365079365096,0.0031810554469568378
baseline_male,mRMR,90,mean_MFCC_7th_coef (MFCC),0.0031006944444444437,0.0024262404808711503
baseline_male,mRMR,90,b4 (Bandwidth),0.0030869565217391294,0.0025063006707104025
baseline_male,mRMR,90,tqwt_maxValue_dec_11 (TQWT),0.0030854700854700857,0.003435489417694573
baseline_male,mRMR,90,app_det_TKEO_mean_4_coef (Wavelet),0.0030603864734299515,0.004460242949515555
baseline_male,mRMR,90,app_TKEO_std_8_coef (Wavelet),0.0030569105691056904,0.00292450970895541
baseline_male,mRMR,90,tqwt_kurtosisValue_dec_33 (TQWT),0.0030531400966183576,0.002805441251515565
baseline_male,mRMR,90,app_TKEO_std_10_coef (Wavelet),0.0030412698412698408,0.0027715531600542897
baseline_male,mRMR,90,tqwt_kurtosisValue_dec_27 (TQWT),0.0030068376068376076,0.003173653317193121
baseline_male,mRMR,90,app_entropy_shannon_9_coef (Wavelet),0.0029822222222222233,0.002599892197657326
baseline_male,mRMR,90,f1 (Formant Frequency),0.002976635514018691,0.002749253238077939
baseline_male,mRMR,90,VFER_NSR_SEO (Vocal Fold),0.002968599033816425,0.003383842249264517
baseline_male,mRMR,90,tqwt_minValue_dec_12 (TQWT),0.0029675213675213665,0.0034071223280206647
baseline_male,mRMR,90,tqwt_TKEO_mean_dec_12 (TQWT),0.002955555555555555,0.002428610332710488
baseline_male,mRMR,90,mean_delta_log_energy (MFCC),0.002922118380062304,0.002708620281947195
baseline_male,mRMR,90,tqwt_kurtosisValue_dec_34 (TQWT),0.0029119658119658117,0.0038600665176495436
baseline_male,mRMR,90,tqwt_entropy_shannon_dec_35 (TQWT),0.0028666666666666667,0.004600266923545826
baseline_male,mRMR,90,tqwt_stdValue_dec_23 (TQWT),0.0028455743879472694,0.0025447399823805483
baseline_male,mRMR,90,app_TKEO_std_4_coef (Wavelet),0.002761574074074073,0.002414391253365163
baseline_male,mRMR,90,app_LT_TKEO_mean_1_coef (Wavelet),0.0027415458937198062,0.0029876565553483107
baseline_male,mRMR,90,tqwt_skewnessValue_dec_26 (TQWT),0.002741545893719806,0.002038745655931234
baseline_male,mRMR,90,app_TKEO_std_7_coef (Wavelet),0.0027079365079365077,0.0031538862332047383
baseline_male,mRMR,90,tqwt_energy_dec_24 (TQWT),0.002654589371980676,0.003051882366813271
baseline_male,mRMR,90,tqwt_TKEO_mean_dec_34 (TQWT),0.002625235404896422,0.003938548284116258
baseline_male,mRMR,90,ppq5Jitter (Baseline),0.002622931442080378,0.0026629919167058774
baseline_male,mRMR,90,tqwt_skewnessValue_dec_28 (TQWT),0.0026157894736842094,0.00276704495167666
baseline_male,mRMR,90,std_10th_delta (MFCC),0.0026004273504273505,0.002623327631142991
baseline_male,mRMR,90,std_MFCC_6th_coef (MFCC),0.0025929824561403514,0.002485566604921342
baseline_male,mRMR,90,tqwt_kurtosisValue_dec_26 (TQWT),0.002584615384615384,0.003541723770123622
baseline_male,mRMR,90,tqwt_energy_dec_16 (TQWT),0.002566978193146416,0.002280639356599415
baseline_male,mRMR,90,tqwt_TKEO_mean_dec_11 (TQWT),0.0025666666666666663,0.0027303931856706653
baseline_male,mRMR,90,tqwt_stdValue_dec_35 (TQWT),0.002538617886178862,0.0038721898256262326
baseline_male,mRMR,90,numPeriodsPulses (Baseline),0.0025330687830687824,0.0032144827644262144
baseline_male,mRMR,90,tqwt_TKEO_std_dec_6 (TQWT),0.0024879227053140095,0.0026732942824790277
baseline_male,mRMR,90,tqwt_energy_dec_13 (TQWT),0.0024585470085470087,0.002354550286614737
baseline_male,mRMR,90,tqwt_minValue_dec_11 (TQWT),0.0024542735042735043,0.004319085762903618
baseline_male,mRMR,90,GNE_NSR_SEO (Vocal Fold),0.0023601851851851848,0.002948195583242074
baseline_male,mRMR,90,tqwt_TKEO_mean_dec_35 (TQWT),0.00232375478927203,0.003970455786606491
baseline_male,mRMR,90,tqwt_meanValue_dec_7 (TQWT),0.0022809076682316115,0.0027453487652959103
baseline_male,mRMR,90,tqwt_medianValue_dec_25 (TQWT),0.002266908212560386,0.0027411688071823986
baseline_male,mRMR,90,tqwt_kurtosisValue_dec_25 (TQWT),0.0022595238095238085,0.0031412734553913457
baseline_male,mRMR,90,tqwt_stdValue_dec_33 (TQWT),0.002237588652482269,0.002485053258871099
baseline_male,mRMR,90,tqwt_medianValue_dec_22 (TQWT),0.0022244444444444443,0.0028113206013408586
baseline_male,mRMR,90,tqwt_stdValue_dec_34 (TQWT),0.002212169312169312,0.0024902236417279886
baseline_male,mRMR,90,tqwt_entropy_shannon_dec_7 (TQWT),0.0021800766283524915,0.0018663979972500801
baseline_male,mRMR,90,RPDE (Baseline),0.0021458333333333342,0.0018201875591770072
baseline_male,mRMR,90,locAbsJitter (Baseline),0.002141843971631206,0.002928238010360929
baseline_male,mRMR,90,tqwt_stdValue_dec_28 (TQWT),0.0021328502415458935,0.0024734835108047473
baseline_male,mRMR,90,app_entropy_shannon_4_coef (Wavelet),0.002122222222222222,0.0024250527583706055
baseline_male,mRMR,90,tqwt_minValue_dec_7 (TQWT),0.002090277777777778,0.0019172916923331808
baseline_male,mRMR,90,locPctJitter (Baseline),0.002075661375661376,0.002607119154999519
baseline_male,mRMR,90,app_entropy_shannon_10_coef (Wavelet),0.002066666666666667,0.0024413541754956837
baseline_male,mRMR,90,tqwt_entropy_log_dec_11 (TQWT),0.0020666666666666667,0.0018917838549491208
baseline_male,mRMR,90,std_11th_delta (MFCC),0.0020047008547008547,0.002057594902453891
baseline_male,mRMR,90,app_entropy_shannon_6_coef (Wavelet),0.002004444444444444,0.002064459249293139
baseline_male,mRMR,90,tqwt_TKEO_mean_dec_7 (TQWT),0.001964769647696477,0.0021750754705826434
baseline_male,mRMR,90,tqwt_energy_dec_8 (TQWT),0.0019577294685990338,0.002129244636651696
baseline_male,mRMR,90,tqwt_meanValue_dec_11 (TQWT),0.0019540466392318247,0.002698767845168108
baseline_male,mRMR,90,std_12th_delta (MFCC),0.0019199999999999994,0.0017452982742402704
baseline_male,mRMR,90,meanHarmToNoiseHarmonicity (Baseline),0.001904444444444445,0.0017825002965798657
baseline_male,mRMR,90,tqwt_TKEO_mean_dec_23 (TQWT),0.0018881172839506175,0.0013206598282851374
baseline_male,mRMR,90,tqwt_maxValue_dec_10 (TQWT),0.0018864734299516906,0.0015380502771108963
baseline_male,mRMR,90,tqwt_medianValue_dec_10 (TQWT),0.0018785046728971965,0.002039527377525492
baseline_male,mRMR,90,app_entropy_shannon_8_coef (Wavelet),0.0018668981481481477,0.0028898840162662758
baseline_male,mRMR,90,app_det_TKEO_mean_3_coef (Wavelet),0.0018574879227053137,0.0015409114107406323
baseline_male,mRMR,90,mean_1st_delta (MFCC),0.0018412698412698409,0.0017661617796304596
baseline_male,mRMR,90,tqwt_energy_dec_14 (TQWT),0.001808974358974359,0.001736429186690887
baseline_male,mRMR,90,tqwt_TKEO_std_dec_9 (TQWT),0.0017777777777777779,0.00165304894243946
baseline_male,mRMR,90,tqwt_maxValue_dec_6 (TQWT),0.0017411347517730495,0.0026450331959925826
baseline_male,mRMR,90,GNE_SNR_SEO (Vocal Fold),0.0016992337164750961,0.0019003496755029532
baseline_male,mRMR,90,numPulses (Baseline),0.001632407407407407,0.0022491944362618317
baseline_male,mRMR,90,app_det_TKEO_mean_7_coef (Wavelet),0.0016307588075880762,0.0014239441448068877
baseline_male,mRMR,90,tqwt_entropy_shannon_dec_12 (TQWT),0.0016266666666666658,0.0015933985436540714
baseline_male,mRMR,90,tqwt_entropy_shannon_dec_10 (TQWT),0.0015803782505910168,0.0013599432231495
baseline_male,mRMR,90,tqwt_medianValue_dec_8 (TQWT),0.001568888888888889,0.0015366135432115585
baseline_male,mRMR,90,std_5th_delta_delta (MFCC),0.0015625,0.001522249565682018
baseline_male,mRMR,90,tqwt_stdValue_dec_7 (TQWT),0.0015565134099616853,0.0016307790501328531
baseline_male,mRMR,90,tqwt_TKEO_std_dec_10 (TQWT),0.0015520094562647751,0.001779082021157309
baseline_male,mRMR,90,app_entropy_shannon_5_coef (Wavelet),0.0015488888888888885,0.0018477673674584271
baseline_male,mRMR,90,tqwt_skewnessValue_dec_27 (TQWT),0.001497584541062802,0.0030906104841478856
baseline_male,mRMR,90,det_LT_entropy_log_3_coef (Wavelet),0.001473333333333333,0.0011708547736166521
baseline_male,mRMR,90,tqwt_medianValue_dec_5 (TQWT),0.0014710144927536231,0.0014725030160036383
baseline_male,mRMR,90,tqwt_energy_dec_15 (TQWT),0.0014645299145299147,0.0015742894621337126
baseline_male,mRMR,90,std_MFCC_7th_coef (MFCC),0.0014130434782608698,0.0013940257378849798
baseline_male,mRMR,90,f2 (Formant Frequency),0.0014075804776739356,0.00140785544006396
baseline_male,mRMR,90,tqwt_energy_dec_34 (TQWT),0.0014033816425120772,0.0016711718025715768
baseline_male,mRMR,90,tqwt_minValue_dec_10 (TQWT),0.001398550724637681,0.0009498096607155139
baseline_male,mRMR,90,VFER_entropy (Vocal Fold),0.0013566978193146418,0.001808273126608746
baseline_male,mRMR,90,app_det_TKEO_mean_9_coef (Wavelet),0.0013396825396825394,0.0014704939518245088
baseline_male,mRMR,90,app_det_TKEO_mean_10_coef (Wavelet),0.0012978927203065138,0.0015552928352736157
baseline_male,mRMR,90,tqwt_kurtosisValue_dec_29 (TQWT),0.0012600000000000003,0.0011763561594235873
baseline_male,mRMR,90,app_det_TKEO_mean_8_coef (Wavelet),0.001227011494252874,0.0013570973344621626
baseline_male,mRMR,90,tqwt_TKEO_std_dec_15 (TQWT),0.0012198067632850237,0.0011668391866922556
baseline_male,mRMR,90,tqwt_TKEO_mean_dec_10 (TQWT),0.0010972222222222225,0.0017726292329463848
baseline_male,mRMR,90,VFER_mean (Vocal Fold),0.0010851505711318794,0.0012265229987625983
baseline_male,mRMR,90,tqwt_medianValue_dec_35 (TQWT),0.0009955555555555557,0.0010167417389700117
baseline_male,mRMR,90,app_TKEO_std_9_coef (Wavelet),0.0009516908212560392,0.0009979969519365492
baseline_male,mRMR,90,tqwt_medianValue_dec_29 (TQWT),0.0007266666666666667,0.0007939523665563068
baseline_male,mRMR,90,tqwt_energy_dec_10 (TQWT),0.0006999999999999999,0.0008502781738778033
baseline_female,mRMR,90,std_delta_delta_log_energy (MFCC),0.020862021857923498,0.014560978053256082
baseline_female,mRMR,90,std_6th_delta_delta (MFCC),0.015044171220400726,0.013826796861245216
baseline_female,mRMR,90,std_7th_delta_delta (MFCC),0.014408469945355187,0.008147118598479707
baseline_female,mRMR,90,std_delta_log_energy (MFCC),0.013791438979963572,0.011281498688441239
baseline_female,mRMR,90,tqwt_entropy_log_dec_27 (TQWT),0.011706699346405227,0.009300281837341797
baseline_female,mRMR,90,apq11Shimmer (Baseline),0.010965811965811966,0.007898634463527628
baseline_female,mRMR,90,tqwt_entropy_log_dec_33 (TQWT),0.010188069216757741,0.009735845067801611
baseline_female,mRMR,90,tqwt_energy_dec_26 (TQWT),0.00998447712418301,0.006767477023558284
baseline_female,mRMR,90,tqwt_energy_dec_25 (TQWT),0.009979166666666666,0.0084210798448299
baseline_female,mRMR,90,std_6th_delta (MFCC),0.009950819672131147,0.007528414622186876
baseline_female,mRMR,90,mean_MFCC_2nd_coef (MFCC),0.009723132969034612,0.008873446394645558
baseline_female,mRMR,90,app_entropy_shannon_4_coef (Wavelet),0.009455128205128204,0.005043223925140302
baseline_female,mRMR,90,tqwt_TKEO_std_dec_12 (TQWT),0.009422586520947178,0.00842861978772202
baseline_female,mRMR,90,locAbsJitter (Baseline),0.009152777777777779,0.008650894629878001
baseline_female,mRMR,90,std_8th_delta_delta (MFCC),0.009091074681238617,0.007613777818027773
baseline_female,mRMR,90,app_entropy_shannon_5_coef (Wavelet),0.008940170940170942,0.004159862354027451
baseline_female,mRMR,90,tqwt_entropy_log_dec_12 (TQWT),0.008702380952380953,0.011217518187447447
baseline_female,mRMR,90,app_TKEO_std_9_coef (Wavelet),0.008698412698412697,0.006684838496419363
baseline_female,mRMR,90,tqwt_maxValue_dec_13 (TQWT),0.008676767676767677,0.005079468458420015
baseline_female,mRMR,90,tqwt_stdValue_dec_13 (TQWT),0.008628472222222221,0.0048551402878127025
baseline_female,mRMR,90,std_7th_delta (MFCC),0.008314663023679418,0.005091898294575436
baseline_female,mRMR,90,tqwt_entropy_log_dec_35 (TQWT),0.008100694444444442,0.0065255763645094104
baseline_female,mRMR,90,tqwt_entropy_log_dec_28 (TQWT),0.00798148148148148,0.007025610996670911
baseline_female,mRMR,90,app_LT_TKEO_mean_1_coef (Wavelet),0.007952380952380952,0.004837352672266567
baseline_female,mRMR,90,tqwt_meanValue_dec_36 (TQWT),0.0079241452991453,0.007443174038443918
baseline_female,mRMR,90,std_9th_delta (MFCC),0.007779599271402551,0.006206909025942642
baseline_female,mRMR,90,tqwt_stdValue_dec_12 (TQWT),0.007766393442622951,0.006498260855127166
baseline_female,mRMR,90,std_9th_delta_delta (MFCC),0.007611566484517304,0.007138449266832503
baseline_female,mRMR,90,tqwt_kurtosisValue_dec_18 (TQWT),0.007598290598290597,0.004785095599582092
baseline_female,mRMR,90,tqwt_TKEO_mean_dec_33 (TQWT),0.007482905982905983,0.004795424537629228
baseline_female,mRMR,90,GNE_SNR_TKEO (Vocal Fold),0.007448717948717949,0.008361826081672316
baseline_female,mRMR,90,tqwt_kurtosisValue_dec_20 (TQWT),0.007263071895424837,0.005708765491270764
baseline_female,mRMR,90,tqwt_kurtosisValue_dec_26 (TQWT),0.00705601092896175,0.006134413146548239
baseline_female,mRMR,90,tqwt_entropy_log_dec_26 (TQWT),0.007020685579196218,0.006582615589418797
baseline_female,mRMR,90,tqwt_entropy_shannon_dec_13 (TQWT),0.007010416666666667,0.007698930435218628
baseline_female,mRMR,90,app_entropy_shannon_8_coef (Wavelet),0.006920940170940171,0.005176817940098709
baseline_female,mRMR,90,tqwt_TKEO_std_dec_11 (TQWT),0.0066234061930783225,0.005936218204380579
baseline_female,mRMR,90,tqwt_TKEO_std_dec_13 (TQWT),0.006621399176954732,0.003950217502872383
baseline_female,mRMR,90,DFA (Baseline),0.006524134790528235,0.0057410729135879595
baseline_female,mRMR,90,IMF_NSR_TKEO (Vocal Fold),0.00645436507936508,0.00540522276997811
baseline_female,mRMR,90,tqwt_energy_dec_12 (TQWT),0.006430327868852459,0.00745505580128509
baseline_female,mRMR,90,app_entropy_shannon_10_coef (Wavelet),0.00629059829059829,0.0034128434841786473
baseline_female,mRMR,90,app_det_TKEO_mean_4_coef (Wavelet),0.006166666666666667,0.0049552834484854705
baseline_female,mRMR,90,std_4th_delta_delta (MFCC),0.006155982905982907,0.004982750892108338
baseline_female,mRMR,90,app_entropy_shannon_1_coef (Wavelet),0.006027777777777778,0.003604622284297031
baseline_female,mRMR,90,std_4th_delta (MFCC),0.005857549857549858,0.005172363602333777
baseline_female,mRMR,90,tqwt_energy_dec_11 (TQWT),0.005840619307832423,0.006949301622470028
baseline_female,mRMR,90,app_entropy_shannon_9_coef (Wavelet),0.005758547008547009,0.004007806904968874
baseline_female,mRMR,90,VFER_NSR_SEO (Vocal Fold),0.005734126984126983,0.003123529806520435
baseline_female,mRMR,90,tqwt_energy_dec_6 (TQWT),0.005718749999999997,0.0052347003440284205
baseline_female,mRMR,90,std_5th_delta (MFCC),0.005595085470085469,0.0037933214363575166
baseline_female,mRMR,90,std_8th_delta (MFCC),0.005504098360655739,0.005078941352081021
baseline_female,mRMR,90,tqwt_stdValue_dec_11 (TQWT),0.005415300546448087,0.004736427982265745
baseline_female,mRMR,90,tqwt_TKEO_mean_dec_12 (TQWT),0.005414529914529916,0.003819025017586568
baseline_female,mRMR,90,tqwt_energy_dec_7 (TQWT),0.005385995370370368,0.004630629130557895
baseline_female,mRMR,90,tqwt_maxValue_dec_7 (TQWT),0.005356837606837609,0.002862244192489841
baseline_female,mRMR,90,tqwt_entropy_shannon_dec_11 (TQWT),0.005339622641509434,0.004913781230787074
baseline_female,mRMR,90,tqwt_maxValue_dec_12 (TQWT),0.005242714025500909,0.004169786964493252
baseline_female,mRMR,90,std_12th_delta_delta (MFCC),0.005195238095238095,0.005337889657751381
baseline_female,mRMR,90,tqwt_entropy_log_dec_34 (TQWT),0.005134027777777777,0.004893849922679064
baseline_female,mRMR,90,tqwt_maxValue_dec_11 (TQWT),0.005101548269581056,0.003902182276063497
baseline_female,mRMR,90,std_10th_delta_delta (MFCC),0.00509927140255009,0.004145105428221382
baseline_female,mRMR,90,numPeriodsPulses (Baseline),0.004983660130718954,0.004380006935780247
baseline_female,mRMR,90,tqwt_TKEO_std_dec_6 (TQWT),0.004962301587301587,0.0029563254615466716
baseline_female,mRMR,90,std_11th_delta_delta (MFCC),0.004933060109289618,0.00696277315232991
baseline_female,mRMR,90,IMF_SNR_SEO (Vocal Fold),0.004922619047619047,0.004781745634980132
baseline_female,mRMR,90,app_det_TKEO_mean_7_coef (Wavelet),0.004827777777777778,0.004866653102746313
baseline_female,mRMR,90,tqwt_entropy_shannon_dec_16 (TQWT),0.004663194444444445,0.004060344111838378
baseline_female,mRMR,90,std_10th_delta (MFCC),0.004642987249544626,0.003766840542536455
baseline_female,mRMR,90,app_det_TKEO_mean_6_coef (Wavelet),0.004602564102564102,0.003354610745438769
baseline_female,mRMR,90,std_MFCC_8th_coef (MFCC),0.004551470588235294,0.00356309045496514
baseline_female,mRMR,90,tqwt_stdValue_dec_33 (TQWT),0.004539529914529914,0.004792284426918964
baseline_female,mRMR,90,app_TKEO_std_8_coef (Wavelet),0.004538095238095239,0.004724001692965336
baseline_female,mRMR,90,tqwt_kurtosisValue_dec_33 (TQWT),0.00453373015873016,0.004039445712130337
baseline_female,mRMR,90,GNE_NSR_SEO (Vocal Fold),0.00452910052910053,0.004355230794500861
baseline_female,mRMR,90,tqwt_TKEO_std_dec_7 (TQWT),0.004483217592592592,0.004103435194679324
baseline_female,mRMR,90,tqwt_skewnessValue_dec_26 (TQWT),0.004478632478632479,0.003518592030981978
baseline_female,mRMR,90,tqwt_stdValue_dec_28 (TQWT),0.0044572649572649555,0.0027176452832545837
baseline_female,mRMR,90,tqwt_minValue_dec_13 (TQWT),0.004432539682539682,0.00383596046232753
baseline_female,mRMR,90,locPctJitter (Baseline),0.004360532407407406,0.004568332328684402
baseline_female,mRMR,90,tqwt_minValue_dec_12 (TQWT),0.004295537340619307,0.0033535253446351386
baseline_female,mRMR,90,tqwt_minValue_dec_11 (TQWT),0.004268214936247724,0.004620162354702789
baseline_female,mRMR,90,tqwt_entropy_shannon_dec_17 (TQWT),0.004193181818181817,0.002664346123394612
baseline_female,mRMR,90,tqwt_kurtosisValue_dec_35 (TQWT),0.004192348008385744,0.004402241185156725
baseline_female,mRMR,90,tqwt_kurtosisValue_dec_36 (TQWT),0.004174863387978142,0.0038447726353467624
baseline_female,mRMR,90,app_entropy_shannon_6_coef (Wavelet),0.00414957264957265,0.0025354043914680405
baseline_female,mRMR,90,ppq5Jitter (Baseline),0.004091880341880341,0.0038585331062239337
baseline_female,mRMR,90,app_TKEO_std_7_coef (Wavelet),0.00407638888888889,0.0025318207348180343
baseline_female,mRMR,90,IMF_SNR_entropy (Vocal Fold),0.004070105820105819,0.003351242103035376
baseline_female,mRMR,90,std_12th_delta (MFCC),0.003982905982905983,0.0031008295849891706
baseline_female,mRMR,90,app_det_TKEO_mean_10_coef (Wavelet),0.00398015873015873,0.0032659595930586874
baseline_female,mRMR,90,numPulses (Baseline),0.003916666666666666,0.002830056929148639
baseline_female,mRMR,90,tqwt_energy_dec_24 (TQWT),0.0038611111111111107,0.003051414986949368
baseline_female,mRMR,90,tqwt_stdValue_dec_6 (TQWT),0.003713541666666666,0.0035743068758651853
baseline_female,mRMR,90,meanHarmToNoiseHarmonicity (Baseline),0.0036196581196581193,0.0023114149005833725
baseline_female,mRMR,90,std_11th_delta (MFCC),0.0036183970856101997,0.003952565979128545
baseline_female,mRMR,90,mean_MFCC_7th_coef (MFCC),0.003569444444444443,0.0028172508990920364
baseline_female,mRMR,90,std_MFCC_6th_coef (MFCC),0.0035445492662473793,0.003088601091305004
baseline_female,mRMR,90,tqwt_stdValue_dec_23 (TQWT),0.003523809523809523,0.0024576153107988678
baseline_female,mRMR,90,tqwt_energy_dec_21 (TQWT),0.0035159722222222215,0.00405220460215984
baseline_female,mRMR,90,tqwt_kurtosisValue_dec_27 (TQWT),0.0035150273224043714,0.0034551048041665863
baseline_female,mRMR,90,tqwt_medianValue_dec_33 (TQWT),0.0034850427350427357,0.004158753168947146
baseline_female,mRMR,90,mean_2nd_delta (MFCC),0.0033773584905660388,0.004588898841749158
baseline_female,mRMR,90,tqwt_entropy_log_dec_11 (TQWT),0.0033715277777777784,0.0029063880859354916
baseline_female,mRMR,90,app_TKEO_std_4_coef (Wavelet),0.003361111111111111,0.0028478006838556537
baseline_female,mRMR,90,tqwt_kurtosisValue_dec_17 (TQWT),0.003294871794871795,0.002596607159808496
baseline_female,mRMR,90,tqwt_meanValue_dec_5 (TQWT),0.003243055555555555,0.003045325951407777
baseline_female,mRMR,90,tqwt_medianValue_dec_8 (TQWT),0.003235042735042736,0.00283548885379524
baseline_female,mRMR,90,tqwt_entropy_shannon_dec_34 (TQWT),0.00322048611111111,0.0033886377399591095
baseline_female,mRMR,90,tqwt_entropy_shannon_dec_6 (TQWT),0.0031261904761904756,0.003613810238500024
baseline_female,mRMR,90,tqwt_TKEO_mean_dec_34 (TQWT),0.0031031746031746034,0.0033663601934999406
baseline_female,mRMR,90,tqwt_maxValue_dec_10 (TQWT),0.003101190476190476,0.001580295724350617
baseline_female,mRMR,90,tqwt_kurtosisValue_dec_34 (TQWT),0.003081056466302368,0.0031416027050886267
baseline_female,mRMR,90,tqwt_TKEO_std_dec_34 (TQWT),0.003059027777777777,0.0023971736666049993
baseline_female,mRMR,90,app_TKEO_std_10_coef (Wavelet),0.0029756944444444444,0.0019213216932251007
baseline_female,mRMR,90,tqwt_entropy_shannon_dec_35 (TQWT),0.002966435185185185,0.003704538858446523
baseline_female,mRMR,90,app_det_TKEO_mean_3_coef (Wavelet),0.00291025641025641,0.0020556283043409677
baseline_female,mRMR,90,tqwt_entropy_shannon_dec_18 (TQWT),0.002908119658119658,0.002241006949367214
baseline_female,mRMR,90,tqwt_TKEO_mean_dec_11 (TQWT),0.00289937106918239,0.0030855325869652006
baseline_female,mRMR,90,mean_MFCC_8th_coef (MFCC),0.002878472222222223,0.002500293028532135
baseline_female,mRMR,90,tqwt_TKEO_mean_dec_7 (TQWT),0.0028741830065359473,0.0030155532128054007
baseline_female,mRMR,90,tqwt_meanValue_dec_11 (TQWT),0.002777777777777778,0.0034358762254808285
baseline_female,mRMR,90,tqwt_kurtosisValue_dec_25 (TQWT),0.00276736111111111,0.0030934874798026336
baseline_female,mRMR,90,tqwt_energy_dec_13 (TQWT),0.0027650273224043716,0.0024905685809021327
baseline_female,mRMR,90,tqwt_energy_dec_15 (TQWT),0.0027249544626593808,0.003175477228635048
baseline_female,mRMR,90,RPDE (Baseline),0.00272008547008547,0.0021358844943706336
baseline_female,mRMR,90,f1 (Formant Frequency),0.0026016548463356965,0.0023345000514397424
baseline_female,mRMR,90,mean_delta_log_energy (MFCC),0.0025963356973995265,0.0022727428782384415
baseline_female,mRMR,90,tqwt_stdValue_dec_7 (TQWT),0.0025211640211640217,0.00208230471961389
baseline_female,mRMR,90,tqwt_TKEO_mean_dec_35 (TQWT),0.0025132275132275137,0.0022992368951075116
baseline_female,mRMR,90,tqwt_entropy_shannon_dec_7 (TQWT),0.002496031746031745,0.0025847814681506896
baseline_female,mRMR,90,tqwt_energy_dec_16 (TQWT),0.0024623842592592596,0.0018626972131741168
baseline_female,mRMR,90,tqwt_stdValue_dec_35 (TQWT),0.0024460317460317463,0.0023613036747051606
baseline_female,mRMR,90,tqwt_minValue_dec_6 (TQWT),0.0023952991452991443,0.0018652493410145203
baseline_female,mRMR,90,tqwt_TKEO_mean_dec_23 (TQWT),0.0023767806267806267,0.0019658232197131463
baseline_female,mRMR,90,tqwt_stdValue_dec_34 (TQWT),0.002309606481481481,0.002137256011627468
baseline_female,mRMR,90,tqwt_energy_dec_8 (TQWT),0.0022767489711934155,0.0024406808989711867
baseline_female,mRMR,90,tqwt_medianValue_dec_10 (TQWT),0.0022523640661938535,0.0023050832488963947
baseline_female,mRMR,90,tqwt_medianValue_dec_22 (TQWT),0.002245726495726496,0.0020944033784172315
baseline_female,mRMR,90,tqwt_medianValue_dec_25 (TQWT),0.0022109053497942383,0.0022088029861052298
baseline_female,mRMR,90,app_det_TKEO_mean_8_coef (Wavelet),0.002177248677248677,0.0018292373677143928
baseline_female,mRMR,90,det_LT_entropy_log_3_coef (Wavelet),0.002164529914529915,0.0014607647855947783
baseline_female,mRMR,90,tqwt_meanValue_dec_7 (TQWT),0.002144444444444445,0.0019043166279032614
baseline_female,mRMR,90,tqwt_minValue_dec_7 (TQWT),0.0020790598290598298,0.0015134615672576283
baseline_female,mRMR,90,GNE_SNR_SEO (Vocal Fold),0.002068181818181818,0.002457005575403406
baseline_female,mRMR,90,tqwt_kurtosisValue_dec_28 (TQWT),0.0020642076502732244,0.0025104148408886117
baseline_female,mRMR,90,std_5th_delta_delta (MFCC),0.002032051282051282,0.0019519956289108173
baseline_female,mRMR,90,std_MFCC_7th_coef (MFCC),0.002011904761904761,0.0014549885829896847
baseline_female,mRMR,90,tqwt_energy_dec_14 (TQWT),0.0019931693989071035,0.001912276792237332
baseline_female,mRMR,90,tqwt_energy_dec_10 (TQWT),0.0019786324786324784,0.001445837677765589
baseline_female,mRMR,90,tqwt_medianValue_dec_35 (TQWT),0.0019764957264957264,0.002041015994730636
baseline_female,mRMR,90,mean_1st_delta (MFCC),0.001972222222222223,0.0016435752606771164
baseline_female,mRMR,90,tqwt_skewnessValue_dec_28 (TQWT),0.0019564989517819706,0.0026448459305446433
baseline_female,mRMR,90,tqwt_medianValue_dec_29 (TQWT),0.0019358974358974362,0.0016506220719938363
baseline_female,mRMR,90,f2 (Formant Frequency),0.0018368794326241134,0.0020711893349027225
baseline_female,mRMR,90,VFER_entropy (Vocal Fold),0.00182349537037037,0.0017544809212739765
baseline_female,mRMR,90,tqwt_kurtosisValue_dec_29 (TQWT),0.001786324786324786,0.002187280796833658
baseline_female,mRMR,90,tqwt_minValue_dec_10 (TQWT),0.0017321428571428568,0.0015988235838173596
baseline_female,mRMR,90,tqwt_medianValue_dec_5 (TQWT),0.001704365079365079,0.001918233372333442
baseline_female,mRMR,90,tqwt_maxValue_dec_6 (TQWT),0.0016697530864197528,0.0016477678213381104
baseline_female,mRMR,90,tqwt_TKEO_std_dec_9 (TQWT),0.0016527777777777778,0.001777670574913664
baseline_female,mRMR,90,VFER_mean (Vocal Fold),0.0015277777777777774,0.0014933067858931143
baseline_female,mRMR,90,b4 (Bandwidth),0.0015257936507936506,0.0016128861206852856
baseline_female,mRMR,90,tqwt_TKEO_std_dec_10 (TQWT),0.0015123456790123457,0.0012409166945338407
baseline_female,mRMR,90,tqwt_entropy_shannon_dec_12 (TQWT),0.0014465811965811966,0.0014458712652043798
baseline_female,mRMR,90,tqwt_TKEO_mean_dec_10 (TQWT),0.0014423076923076922,0.0015760717334569853
baseline_female,mRMR,90,tqwt_TKEO_std_dec_15 (TQWT),0.0014107142857142858,0.001189941790554163
baseline_female,mRMR,90,tqwt_entropy_shannon_dec_10 (TQWT),0.0014053497942386832,0.001052434252008086
baseline_female,mRMR,90,app_det_TKEO_mean_9_coef (Wavelet),0.0013368055555555553,0.001264859471975265
baseline_female,mRMR,90,tqwt_skewnessValue_dec_27 (TQWT),0.0013333333333333333,0.00189230232278251
baseline_female,mRMR,90,tqwt_energy_dec_34 (TQWT),0.0012286324786324782,0.0010636690069715082
baseline,mRMR,100,std_delta_delta_log_energy (MFCC),0.018503527336860674,0.015074108885658095
baseline,mRMR,100,std_6th_delta_delta (MFCC),0.013303571428571425,0.010462686235819679
baseline,mRMR,100,std_delta_log_energy (MFCC),0.012251322751322749,0.01187758097490143
baseline,mRMR,100,std_7th_delta_delta (MFCC),0.009841710758377427,0.006970752759766225
baseline,mRMR,100,tqwt_energy_dec_26 (TQWT),0.009223880597014926,0.007898079363776544
baseline,mRMR,100,tqwt_entropy_log_dec_27 (TQWT),0.00872111663902709,0.008230379086660914
baseline,mRMR,100,tqwt_entropy_log_dec_12 (TQWT),0.008569856985698569,0.009116286242253916
baseline,mRMR,100,std_6th_delta (MFCC),0.008518298059964726,0.006004596864180772
baseline,mRMR,100,apq11Shimmer (Baseline),0.008404139433551196,0.0056504118261407965
baseline,mRMR,100,tqwt_TKEO_std_dec_12 (TQWT),0.008169532627865963,0.008249549626378427
baseline,mRMR,100,std_9th_delta_delta (MFCC),0.008097663139329804,0.005972469989001533
baseline,mRMR,100,std_8th_delta_delta (MFCC),0.008085758377425045,0.006132354394315399
baseline,mRMR,100,app_LT_TKEO_std_3_coef (Wavelet),0.007689542483660132,0.00349090604408081
baseline,mRMR,100,app_entropy_shannon_5_coef (Wavelet),0.007684095860566447,0.0039625975829984785
baseline,mRMR,100,tqwt_entropy_log_dec_33 (TQWT),0.0072969576719576715,0.00702976167667703
baseline,mRMR,100,std_7th_delta (MFCC),0.0072773368606701945,0.004688276445875708
baseline,mRMR,100,mean_MFCC_2nd_coef (MFCC),0.007196869488536155,0.007213648490910844
baseline,mRMR,100,tqwt_kurtosisValue_dec_18 (TQWT),0.007013157894736842,0.004612421236607011
baseline,mRMR,100,std_4th_delta_delta (MFCC),0.006987777777777778,0.005994314254404901
baseline,mRMR,100,tqwt_energy_dec_25 (TQWT),0.006682618261826184,0.006620135301262317
baseline,mRMR,100,IMF_NSR_TKEO (Vocal Fold),0.006666666666666665,0.004575671426779676
baseline,mRMR,100,tqwt_energy_dec_6 (TQWT),0.006520370370370371,0.006172148277859284
baseline,mRMR,100,tqwt_entropy_shannon_dec_25 (TQWT),0.006456916099773243,0.0046820558567176405
baseline,mRMR,100,DFA (Baseline),0.006156525573192239,0.005888744083605619
baseline,mRMR,100,std_9th_delta (MFCC),0.006150352733686067,0.0050186141981595845
baseline,mRMR,100,tqwt_TKEO_std_dec_13 (TQWT),0.00609513435003631,0.0046504738871610005
baseline,mRMR,100,VFER_NSR_SEO (Vocal Fold),0.0060185185185185185,0.004145011954936041
baseline,mRMR,100,app_entropy_shannon_8_coef (Wavelet),0.00591611111111111,0.003678164256161671
baseline,mRMR,100,locAbsJitter (Baseline),0.005689113355780023,0.006758465751100892
baseline,mRMR,100,std_8th_delta (MFCC),0.005665123456790123,0.005673191073205389
baseline,mRMR,100,tqwt_stdValue_dec_12 (TQWT),0.005543871252204586,0.004931699127204349
baseline,mRMR,100,tqwt_maxValue_dec_13 (TQWT),0.005481481481481481,0.004464617242727976
baseline,mRMR,100,app_entropy_shannon_10_coef (Wavelet),0.005475,0.0036766895796801874
baseline,mRMR,100,mean_MFCC_8th_coef (MFCC),0.005464052287581699,0.003507351363620602
baseline,mRMR,100,app_entropy_shannon_4_coef (Wavelet),0.005305010893246187,0.004143346620424825
baseline,mRMR,100,tqwt_meanValue_dec_36 (TQWT),0.005289444444444445,0.004528187008018361
baseline,mRMR,100,tqwt_kurtosisValue_dec_17 (TQWT),0.005288671023965141,0.003275931552256336
baseline,mRMR,100,tqwt_entropy_log_dec_26 (TQWT),0.005239911553344388,0.005025830935148364
baseline,mRMR,100,tqwt_kurtosisValue_dec_20 (TQWT),0.005237976782752902,0.0049994075504499035
baseline,mRMR,100,tqwt_TKEO_mean_dec_12 (TQWT),0.0051622222222222226,0.00505870210515779
baseline,mRMR,100,tqwt_maxValue_dec_7 (TQWT),0.0051088888888888885,0.003694070195730831
baseline,mRMR,100,app_LT_TKEO_mean_1_coef (Wavelet),0.005080858085808581,0.005193121787939367
baseline,mRMR,100,tqwt_minValue_dec_13 (TQWT),0.005076388888888889,0.003751737150212105
baseline,mRMR,100,tqwt_entropy_log_dec_35 (TQWT),0.005020000000000001,0.0044104238632810076
baseline,mRMR,100,tqwt_kurtosisValue_dec_26 (TQWT),0.004974426807760141,0.005812125437331128
baseline,mRMR,100,tqwt_energy_dec_12 (TQWT),0.004952380952380952,0.0065712551222773365
baseline,mRMR,100,tqwt_energy_dec_11 (TQWT),0.004916005291005291,0.006400454672772918
baseline,mRMR,100,GNE_SNR_TKEO (Vocal Fold),0.004789115646258503,0.003827488423184181
baseline,mRMR,100,IMF_SNR_SEO (Vocal Fold),0.004766884531590414,0.0033003488578938972
baseline,mRMR,100,tqwt_entropy_shannon_dec_12 (TQWT),0.004672113289760349,0.003976544082714055
baseline,mRMR,100,tqwt_TKEO_std_dec_6 (TQWT),0.004663398692810457,0.003956796589425086
baseline,mRMR,100,std_4th_delta (MFCC),0.004621111111111112,0.0035092357022656552
baseline,mRMR,100,tqwt_stdValue_dec_13 (TQWT),0.004616557734204794,0.0033049827794205187
baseline,mRMR,100,app_det_TKEO_mean_7_coef (Wavelet),0.004582236842105265,0.005512622768163587
baseline,mRMR,100,app_det_TKEO_mean_2_coef (Wavelet),0.004563180827886709,0.002737545330337637
baseline,mRMR,100,std_11th_delta_delta (MFCC),0.004556437389770723,0.004302245901874443
baseline,mRMR,100,app_TKEO_std_4_coef (Wavelet),0.0044199999999999995,0.0034207072195932644
baseline,mRMR,100,tqwt_stdValue_dec_11 (TQWT),0.004413359788359789,0.004784951201196052
baseline,mRMR,100,tqwt_stdValue_dec_5 (TQWT),0.004258169934640524,0.004118890175514489
baseline,mRMR,100,tqwt_TKEO_std_dec_5 (TQWT),0.004188208616780045,0.005607238476209845
baseline,mRMR,100,tqwt_TKEO_std_dec_11 (TQWT),0.0041717372134038805,0.004611644650454528
baseline,mRMR,100,tqwt_kurtosisValue_dec_35 (TQWT),0.004131011608623549,0.003926802364277687
baseline,mRMR,100,tqwt_maxValue_dec_11 (TQWT),0.004123897707231041,0.0044917151145217014
baseline,mRMR,100,tqwt_energy_dec_7 (TQWT),0.004105859590934217,0.003566225577537085
baseline,mRMR,100,tqwt_maxValue_dec_12 (TQWT),0.00407826278659612,0.004764707682883757
baseline,mRMR,100,tqwt_entropy_shannon_dec_33 (TQWT),0.00405119825708061,0.004300537206589439
baseline,mRMR,100,tqwt_meanValue_dec_16 (TQWT),0.003983660130718954,0.004714540028984643
baseline,mRMR,100,tqwt_kurtosisValue_dec_36 (TQWT),0.003944223985890653,0.0034252467618179636
baseline,mRMR,100,ppq5Jitter (Baseline),0.003940516273849609,0.004757010082788982
baseline,mRMR,100,tqwt_energy_dec_27 (TQWT),0.0039308390022675735,0.0033799729998907502
baseline,mRMR,100,std_12th_delta_delta (MFCC),0.0039208424110384905,0.003659799559567169
baseline,mRMR,100,mean_delta_log_energy (MFCC),0.003912658927584301,0.003995373855202297
baseline,mRMR,100,tqwt_entropy_log_dec_28 (TQWT),0.0038693892568064745,0.003297361202464861
baseline,mRMR,100,tqwt_kurtosisValue_dec_27 (TQWT),0.0038516313932980594,0.005071315862342722
baseline,mRMR,100,mean_2nd_delta (MFCC),0.003782476506357104,0.004233439790687896
baseline,mRMR,100,tqwt_entropy_shannon_dec_11 (TQWT),0.0037501381978993905,0.004031785563663816
baseline,mRMR,100,numPeriodsPulses (Baseline),0.0036498538011695905,0.0030951866965919245
baseline,mRMR,100,app_TKEO_std_8_coef (Wavelet),0.0036308479532163743,0.0033355573038486865
baseline,mRMR,100,tqwt_energy_dec_21 (TQWT),0.003628654970760234,0.0032419740355588526
baseline,mRMR,100,tqwt_entropy_shannon_dec_13 (TQWT),0.003563180827886711,0.00339536613059617
baseline,mRMR,100,GNE_NSR_SEO (Vocal Fold),0.003559912854030501,0.003960396586417418
baseline,mRMR,100,app_TKEO_std_9_coef (Wavelet),0.0035566448801742914,0.0031449604283700383
baseline,mRMR,100,app_TKEO_std_7_coef (Wavelet),0.0035528322440087144,0.002967281382159359
baseline,mRMR,100,mean_MFCC_7th_coef (MFCC),0.003451666666666667,0.003094356744796146
baseline,mRMR,100,tqwt_entropy_log_dec_34 (TQWT),0.0034174074074074076,0.003748186818195892
baseline,mRMR,100,std_12th_delta (MFCC),0.003377450980392157,0.002570031128633063
baseline,mRMR,100,tqwt_minValue_dec_12 (TQWT),0.0033747795414462082,0.0032000002798314854
baseline,mRMR,100,app_det_TKEO_mean_6_coef (Wavelet),0.003374444444444444,0.0033078408120227483
baseline,mRMR,100,det_LT_entropy_log_3_coef (Wavelet),0.0033671023965141603,0.002871540600953694
baseline,mRMR,100,app_entropy_shannon_9_coef (Wavelet),0.0033600000000000006,0.0036443314871329293
baseline,mRMR,100,tqwt_stdValue_dec_6 (TQWT),0.003355168601437258,0.0030050456683007685
baseline,mRMR,100,std_10th_delta_delta (MFCC),0.003330687830687831,0.0033615571652975446
baseline,mRMR,100,std_5th_delta_delta (MFCC),0.0033288888888888886,0.0025652518447696723
baseline,mRMR,100,tqwt_minValue_dec_11 (TQWT),0.0033253968253968264,0.004240464720887407
baseline,mRMR,100,app_entropy_shannon_1_coef (Wavelet),0.0032598039215686278,0.0027981818384035474
baseline,mRMR,100,tqwt_kurtosisValue_dec_33 (TQWT),0.003247276688453159,0.0034151758482896255
baseline,mRMR,100,tqwt_entropy_shannon_dec_6 (TQWT),0.0032390350877192988,0.002601070812597827
baseline,mRMR,100,std_MFCC_6th_coef (MFCC),0.003229408512990603,0.002281313274180335
baseline,mRMR,100,f1 (Formant Frequency),0.0032250881834215168,0.002752402855433854
baseline,mRMR,100,std_10th_delta (MFCC),0.0031937830687830686,0.0031024983885160353
baseline,mRMR,100,tqwt_energy_dec_18 (TQWT),0.003179738562091504,0.0026263766518086215
baseline,mRMR,100,std_MFCC_8th_coef (MFCC),0.0031738173817381734,0.0025977570717596655
baseline,mRMR,100,tqwt_entropy_shannon_dec_18 (TQWT),0.0031198257080610023,0.0023978744178560375
baseline,mRMR,100,tqwt_energy_dec_13 (TQWT),0.0030943562610229276,0.0032219337353383676
baseline,mRMR,100,mean_1st_delta (MFCC),0.003093681917211329,0.003918711208868113
baseline,mRMR,100,tqwt_meanValue_dec_5 (TQWT),0.003088888888888889,0.0033696793506220162
baseline,mRMR,100,tqwt_minValue_dec_6 (TQWT),0.0030666666666666668,0.003878803370291415
baseline,mRMR,100,tqwt_kurtosisValue_dec_34 (TQWT),0.0030396825396825397,0.003204974190317495
baseline,mRMR,100,IMF_SNR_entropy (Vocal Fold),0.0030185185185185176,0.00254061302442292
baseline,mRMR,100,tqwt_TKEO_mean_dec_33 (TQWT),0.0030027502750275027,0.003607322767243095
baseline,mRMR,100,tqwt_entropy_shannon_dec_17 (TQWT),0.0029705665930831494,0.0026774747781451156
baseline,mRMR,100,tqwt_entropy_shannon_dec_35 (TQWT),0.002948590381426202,0.0036027259048454453
baseline,mRMR,100,std_MFCC_7th_coef (MFCC),0.002937908496732026,0.001961143220506383
baseline,mRMR,100,tqwt_entropy_shannon_dec_16 (TQWT),0.0029204793028322442,0.0025527393959682144
baseline,mRMR,100,tqwt_energy_dec_24 (TQWT),0.002872549019607843,0.0023611874974996823
baseline,mRMR,100,app_TKEO_std_2_coef (Wavelet),0.002860566448801743,0.002343996430813853
baseline,mRMR,100,tqwt_TKEO_mean_dec_11 (TQWT),0.0028499170812603647,0.003353276648120066
baseline,mRMR,100,tqwt_kurtosisValue_dec_25 (TQWT),0.0028374074074074074,0.0033522729485748236
baseline,mRMR,100,tqwt_stdValue_dec_35 (TQWT),0.0028369883040935667,0.0038306789719243627
baseline,mRMR,100,app_det_TKEO_mean_10_coef (Wavelet),0.0028255555555555564,0.0023221052246499485
baseline,mRMR,100,tqwt_skewnessValue_dec_27 (TQWT),0.0027619047619047623,0.002786546282165147
baseline,mRMR,100,app_det_TKEO_mean_3_coef (Wavelet),0.0027154195011337865,0.0023437642650487233
baseline,mRMR,100,app_TKEO_std_10_coef (Wavelet),0.0026862745098039215,0.001894700710105359
baseline,mRMR,100,tqwt_skewnessValue_dec_26 (TQWT),0.0026575963718820862,0.0019185054027980046
baseline,mRMR,100,tqwt_TKEO_std_dec_15 (TQWT),0.0026198257080610023,0.0014488674640859307
baseline,mRMR,100,locPctJitter (Baseline),0.0025928689883913765,0.00302004176721448
baseline,mRMR,100,tqwt_minValue_dec_7 (TQWT),0.002566666666666667,0.002233064526879609
baseline,mRMR,100,tqwt_TKEO_std_dec_7 (TQWT),0.002503040353786622,0.002615889059047369
baseline,mRMR,100,tqwt_skewnessValue_dec_28 (TQWT),0.0024679380873410726,0.0028550539086954698
baseline,mRMR,100,app_det_TKEO_mean_4_coef (Wavelet),0.0024331065759637185,0.001926410596651059
baseline,mRMR,100,tqwt_TKEO_mean_dec_35 (TQWT),0.002416666666666667,0.0031422812770233698
baseline,mRMR,100,numPulses (Baseline),0.0024150326797385616,0.0022296738346145152
baseline,mRMR,100,RPDE (Baseline),0.0023752759381898466,0.002635922880752903
baseline,mRMR,100,tqwt_TKEO_mean_dec_34 (TQWT),0.002315181518151816,0.0037064295649085065
baseline,mRMR,100,tqwt_TKEO_mean_dec_7 (TQWT),0.0023074074074074078,0.002297437205428551
baseline,mRMR,100,tqwt_stdValue_dec_23 (TQWT),0.002306380638063807,0.0018507370781627177
baseline,mRMR,100,tqwt_entropy_shannon_dec_15 (TQWT),0.0023055555555555555,0.0022692885765803698
baseline,mRMR,100,tqwt_medianValue_dec_8 (TQWT),0.002300653594771242,0.0027665014498022274
baseline,mRMR,100,app_entropy_shannon_6_coef (Wavelet),0.002291938997821351,0.001863221390353445
baseline,mRMR,100,app_det_TKEO_mean_8_coef (Wavelet),0.0022838888888888896,0.0024064549302555867
baseline,mRMR,100,mean_MFCC_11th_coef (MFCC),0.0022777777777777774,0.002055071461884061
baseline,mRMR,100,std_5th_delta (MFCC),0.0022536475869809206,0.002034705169339341
baseline,mRMR,100,tqwt_maxValue_dec_6 (TQWT),0.002246852764094144,0.002092305601117743
baseline,mRMR,100,tqwt_TKEO_mean_dec_23 (TQWT),0.0022333333333333333,0.0018271306289002927
baseline,mRMR,100,std_11th_delta (MFCC),0.0022120811287477957,0.002218955296857198
baseline,mRMR,100,tqwt_skewnessValue_dec_9 (TQWT),0.0021830065359477123,0.0017502886881643452
baseline,mRMR,100,tqwt_energy_dec_15 (TQWT),0.0021452821869488536,0.0025755869347785696
baseline,mRMR,100,tqwt_kurtosisValue_dec_28 (TQWT),0.00214484126984127,0.002265101684406728
baseline,mRMR,100,app_det_TKEO_mean_9_coef (Wavelet),0.0021285403050108932,0.0013451364542004325
baseline,mRMR,100,tqwt_medianValue_dec_10 (TQWT),0.002124930901050304,0.0022086734980739254
baseline,mRMR,100,tqwt_meanValue_dec_11 (TQWT),0.002096809680968096,0.002599547339576195
baseline,mRMR,100,tqwt_stdValue_dec_34 (TQWT),0.0020829187396351574,0.0033853414103989592
baseline,mRMR,100,tqwt_stdValue_dec_7 (TQWT),0.002078888888888889,0.002536106256024396
baseline,mRMR,100,tqwt_energy_dec_33 (TQWT),0.002068027210884354,0.0030516703950734486
baseline,mRMR,100,tqwt_medianValue_dec_25 (TQWT),0.0020644444444444447,0.002632535664200488
baseline,mRMR,100,tqwt_stdValue_dec_33 (TQWT),0.0020617283950617286,0.0025436736880714364
baseline,mRMR,100,tqwt_energy_dec_16 (TQWT),0.0019958949096880135,0.00195055648995788
baseline,mRMR,100,tqwt_energy_dec_8 (TQWT),0.0019694444444444442,0.002546682627809767
baseline,mRMR,100,tqwt_entropy_log_dec_11 (TQWT),0.0017962962962962963,0.0014774402727637237
baseline,mRMR,100,GNE_SNR_SEO (Vocal Fold),0.0017870370370370373,0.0018315040274678746
baseline,mRMR,100,tqwt_minValue_dec_10 (TQWT),0.0017745098039215691,0.0014654239387499573
baseline,mRMR,100,tqwt_medianValue_dec_22 (TQWT),0.001772875816993464,0.001873522132672478
baseline,mRMR,100,tqwt_meanValue_dec_34 (TQWT),0.0017647058823529417,0.0025042748109705072
baseline,mRMR,100,tqwt_energy_dec_20 (TQWT),0.001752723311546841,0.0017929263804022124
baseline,mRMR,100,tqwt_TKEO_mean_dec_24 (TQWT),0.0017276688453159046,0.0017439066467386044
baseline,mRMR,100,tqwt_TKEO_std_dec_34 (TQWT),0.001685185185185185,0.002594384649372927
baseline,mRMR,100,tqwt_entropy_shannon_dec_7 (TQWT),0.0016272222222222226,0.0015803805908204335
baseline,mRMR,100,tqwt_stdValue_dec_28 (TQWT),0.0016020408163265303,0.0012454558161988075
baseline,mRMR,100,tqwt_entropy_shannon_dec_34 (TQWT),0.001595356550580431,0.002375194149359782
baseline,mRMR,100,tqwt_medianValue_dec_33 (TQWT),0.0015718954248366012,0.0016511077162760987
baseline,mRMR,100,meanHarmToNoiseHarmonicity (Baseline),0.0015675381263616556,0.0012171769400534697
baseline,mRMR,100,VFER_entropy (Vocal Fold),0.0015517241379310344,0.0013870146408143768
baseline,mRMR,100,tqwt_TKEO_mean_dec_10 (TQWT),0.00155,0.0021552140961280716
baseline,mRMR,100,tqwt_energy_dec_14 (TQWT),0.0015443121693121695,0.0015442642280474028
baseline,mRMR,100,tqwt_energy_dec_23 (TQWT),0.0015192743764172335,0.001189041318362927
baseline,mRMR,100,VFER_mean (Vocal Fold),0.0015158730158730156,0.0013502638798590513
baseline,mRMR,100,tqwt_energy_dec_34 (TQWT),0.0014761904761904764,0.0013855362884807848
baseline,mRMR,100,tqwt_TKEO_std_dec_9 (TQWT),0.0014509803921568623,0.0011609953560278636
baseline,mRMR,100,f2 (Formant Frequency),0.0014411276948590377,0.0018459217616043381
baseline,mRMR,100,tqwt_entropy_shannon_dec_10 (TQWT),0.0014125412541254128,0.0013808970926152573
baseline,mRMR,100,tqwt_meanValue_dec_7 (TQWT),0.0013959435626102292,0.0017486388290821131
baseline,mRMR,100,tqwt_kurtosisValue_dec_29 (TQWT),0.0013605664488017435,0.0009374551678052074
baseline,mRMR,100,tqwt_medianValue_dec_5 (TQWT),0.0013391812865497074,0.0014126464957256335
baseline,mRMR,100,tqwt_energy_dec_10 (TQWT),0.001303921568627451,0.001253958301024653
baseline,mRMR,100,tqwt_TKEO_std_dec_10 (TQWT),0.0012739273927392745,0.001401982229313614
baseline,mRMR,100,b4 (Bandwidth),0.0012425742574257426,0.0013544529249094484
baseline,mRMR,100,tqwt_maxValue_dec_10 (TQWT),0.001209150326797386,0.0010319333703820962
baseline,mRMR,100,tqwt_medianValue_dec_29 (TQWT),0.00110239651416122,0.000991212151295906
baseline,mRMR,100,tqwt_medianValue_dec_35 (TQWT),0.0009553376906318079,0.0010613502613057908
baseline_male,mRMR,100,std_delta_delta_log_energy (MFCC),0.014765384615384614,0.015433709348107633
baseline_male,mRMR,100,std_delta_log_energy (MFCC),0.011417521367521366,0.010661033383349137
baseline_male,mRMR,100,std_6th_delta_delta (MFCC),0.01057393162393162,0.007757703687802061
baseline_male,mRMR,100,IMF_NSR_TKEO (Vocal Fold),0.008272946859903381,0.004782181235041355
baseline_male,mRMR,100,tqwt_kurtosisValue_dec_18 (TQWT),0.008069444444444443,0.00439937480467154
baseline_male,mRMR,100,std_7th_delta_delta (MFCC),0.007677777777777781,0.006048069054957556
baseline_male,mRMR,100,std_6th_delta (MFCC),0.007400427350427351,0.005761578493340654
baseline_male,mRMR,100,tqwt_entropy_log_dec_12 (TQWT),0.007085687382297551,0.009541544384300346
baseline_male,mRMR,100,mean_MFCC_8th_coef (MFCC),0.006882539682539682,0.00410414137110022
baseline_male,mRMR,100,tqwt_entropy_shannon_dec_25 (TQWT),0.006859903381642512,0.005023931550670425
baseline_male,mRMR,100,std_8th_delta_delta (MFCC),0.006798717948717947,0.005113955463527125
baseline_male,mRMR,100,std_9th_delta_delta (MFCC),0.006770085470085472,0.005248099422697392
baseline_male,mRMR,100,DFA (Baseline),0.006698290598290599,0.006646208750705316
baseline_male,mRMR,100,apq11Shimmer (Baseline),0.006640000000000001,0.00750145331264561
baseline_male,mRMR,100,tqwt_kurtosisValue_dec_20 (TQWT),0.006171339563862928,0.006162532029325369
baseline_male,mRMR,100,tqwt_entropy_log_dec_33 (TQWT),0.005827777777777776,0.006014778563920553
baseline_male,mRMR,100,tqwt_TKEO_std_dec_12 (TQWT),0.005817094017094016,0.007841411801089685
baseline_male,mRMR,100,tqwt_energy_dec_26 (TQWT),0.0056562824506749725,0.006949512584664966
baseline_male,mRMR,100,std_4th_delta_delta (MFCC),0.0056458333333333326,0.004517998911327261
baseline_male,mRMR,100,tqwt_kurtosisValue_dec_17 (TQWT),0.005642222222222223,0.0030491092251782423
baseline_male,mRMR,100,tqwt_maxValue_dec_7 (TQWT),0.005511574074074074,0.0036283018947151
baseline_male,mRMR,100,tqwt_stdValue_dec_13 (TQWT),0.0053603174603174585,0.003564584508573576
baseline_male,mRMR,100,std_7th_delta (MFCC),0.0052,0.0039698449171340945
baseline_male,mRMR,100,tqwt_TKEO_std_dec_5 (TQWT),0.005070048309178745,0.007363541047779782
baseline_male,mRMR,100,tqwt_energy_dec_6 (TQWT),0.005041269841269841,0.004399463559705246
baseline_male,mRMR,100,tqwt_TKEO_std_dec_6 (TQWT),0.004929951690821256,0.004316180777133863
baseline_male,mRMR,100,tqwt_energy_dec_25 (TQWT),0.004908805031446541,0.005279589162911247
baseline_male,mRMR,100,tqwt_minValue_dec_13 (TQWT),0.004886856368563687,0.004143645656779265
baseline_male,mRMR,100,IMF_SNR_SEO (Vocal Fold),0.004842995169082126,0.003903229354491889
baseline_male,mRMR,100,tqwt_energy_dec_11 (TQWT),0.004747863247863248,0.007317938951524939
baseline_male,mRMR,100,tqwt_meanValue_dec_16 (TQWT),0.004742857142857143,0.005550613491706133
baseline_male,mRMR,100,std_8th_delta (MFCC),0.004428632478632479,0.004629098766977157
baseline_male,mRMR,100,mean_MFCC_2nd_coef (MFCC),0.004236324786324787,0.005724781853921687
baseline_male,mRMR,100,tqwt_maxValue_dec_13 (TQWT),0.004101532567049806,0.004367646591854901
baseline_male,mRMR,100,tqwt_TKEO_std_dec_13 (TQWT),0.004041499330655956,0.005100914448301689
baseline_male,mRMR,100,tqwt_stdValue_dec_5 (TQWT),0.003990338164251208,0.003147112492559807
baseline_male,mRMR,100,tqwt_kurtosisValue_dec_35 (TQWT),0.0039865497076023385,0.004441115604327199
baseline_male,mRMR,100,tqwt_entropy_shannon_dec_13 (TQWT),0.003850793650793651,0.0037478572089840434
baseline_male,mRMR,100,tqwt_entropy_log_dec_35 (TQWT),0.0038468253968253975,0.0032165677859029057
baseline_male,mRMR,100,std_9th_delta (MFCC),0.0037777777777777766,0.0034231334360764294
baseline_male,mRMR,100,std_12th_delta_delta (MFCC),0.0037168674698795177,0.003181530087249628
baseline_male,mRMR,100,std_11th_delta_delta (MFCC),0.003704700854700855,0.0035330355259169757
baseline_male,mRMR,100,tqwt_maxValue_dec_12 (TQWT),0.003646153846153846,0.004243297824653919
baseline_male,mRMR,100,tqwt_meanValue_dec_36 (TQWT),0.003645833333333332,0.0039210782078854655
baseline_male,mRMR,100,tqwt_energy_dec_18 (TQWT),0.0036376811594202906,0.0031603337761357203
baseline_male,mRMR,100,mean_delta_log_energy (MFCC),0.003631879543094496,0.004359227676486373
baseline_male,mRMR,100,tqwt_energy_dec_12 (TQWT),0.0035773504273504267,0.006349160518630633
baseline_male,mRMR,100,tqwt_entropy_log_dec_34 (TQWT),0.00355,0.003957779907589169
baseline_male,mRMR,100,tqwt_stdValue_dec_11 (TQWT),0.003533760683760684,0.004675159042272675
baseline_male,mRMR,100,tqwt_entropy_log_dec_26 (TQWT),0.003524922118380062,0.003710589463853786
baseline_male,mRMR,100,tqwt_meanValue_dec_5 (TQWT),0.003513492063492063,0.0037358918346639598
baseline_male,mRMR,100,tqwt_entropy_shannon_dec_18 (TQWT),0.0035066666666666653,0.0022674813056498327
baseline_male,mRMR,100,tqwt_energy_dec_7 (TQWT),0.003485185185185186,0.003470167969821471
baseline_male,mRMR,100,tqwt_minValue_dec_7 (TQWT),0.0034560185185185184,0.0025626718890485846
baseline_male,mRMR,100,mean_2nd_delta (MFCC),0.0034362573099415202,0.005840817736168642
baseline_male,mRMR,100,tqwt_entropy_shannon_dec_17 (TQWT),0.003430041152263374,0.0027894261430742137
baseline_male,mRMR,100,tqwt_minValue_dec_6 (TQWT),0.0033657407407407408,0.004200905231541031
baseline_male,mRMR,100,tqwt_energy_dec_21 (TQWT),0.003352623456790122,0.0034033747213216845
baseline_male,mRMR,100,std_MFCC_7th_coef (MFCC),0.00335024154589372,0.0024949532275103355
baseline_male,mRMR,100,tqwt_TKEO_std_dec_11 (TQWT),0.0033316239316239313,0.004760261987070045
baseline_male,mRMR,100,tqwt_entropy_log_dec_27 (TQWT),0.003329179646936657,0.005138682621242748
baseline_male,mRMR,100,tqwt_kurtosisValue_dec_36 (TQWT),0.0032893162393162387,0.0028074934087053745
baseline_male,mRMR,100,mean_1st_delta (MFCC),0.003268253968253968,0.003989669836586156
baseline_male,mRMR,100,tqwt_stdValue_dec_12 (TQWT),0.0032675213675213673,0.004255758651662348
baseline_male,mRMR,100,tqwt_entropy_log_dec_28 (TQWT),0.0032222222222222227,0.0033346323633656016
baseline_male,mRMR,100,GNE_NSR_SEO (Vocal Fold),0.00320462962962963,0.004080004935259623
baseline_male,mRMR,100,mean_MFCC_7th_coef (MFCC),0.003190972222222222,0.00298936009802245
baseline_male,mRMR,100,tqwt_entropy_shannon_dec_16 (TQWT),0.0031777777777777776,0.002759237270223478
baseline_male,mRMR,100,tqwt_entropy_shannon_dec_35 (TQWT),0.0031396825396825395,0.003869609837595759
baseline_male,mRMR,100,f1 (Formant Frequency),0.0031128205128205114,0.0025455475562839837
baseline_male,mRMR,100,std_5th_delta_delta (MFCC),0.003048611111111111,0.0023723164560745533
baseline_male,mRMR,100,std_4th_delta (MFCC),0.0030324074074074077,0.0022713197035030322
baseline_male,mRMR,100,std_12th_delta (MFCC),0.003001157407407408,0.002434894007908865
baseline_male,mRMR,100,tqwt_entropy_shannon_dec_33 (TQWT),0.002977777777777778,0.00464783308137807
baseline_male,mRMR,100,tqwt_energy_dec_27 (TQWT),0.002971014492753623,0.0034909964167574017
baseline_male,mRMR,100,app_LT_TKEO_std_3_coef (Wavelet),0.0029688888888888885,0.00392513396926483
baseline_male,mRMR,100,app_entropy_shannon_1_coef (Wavelet),0.0029379629629629634,0.002559656352751743
baseline_male,mRMR,100,tqwt_stdValue_dec_6 (TQWT),0.0029164021164021165,0.003384699101073531
baseline_male,mRMR,100,tqwt_entropy_shannon_dec_6 (TQWT),0.0029092140921409214,0.0024695195886802416
baseline_male,mRMR,100,tqwt_skewnessValue_dec_27 (TQWT),0.002859903381642512,0.002940257979156193
baseline_male,mRMR,100,tqwt_entropy_shannon_dec_11 (TQWT),0.002858479532163743,0.0036423987817158577
baseline_male,mRMR,100,std_MFCC_8th_coef (MFCC),0.00285587002096436,0.002473894289589395
baseline_male,mRMR,100,IMF_SNR_entropy (Vocal Fold),0.002852074966532797,0.0027941802078219435
baseline_male,mRMR,100,tqwt_maxValue_dec_11 (TQWT),0.0028427350427350424,0.0039834056578673845
baseline_male,mRMR,100,tqwt_minValue_dec_12 (TQWT),0.0028358974358974366,0.003549703268475216
baseline_male,mRMR,100,VFER_NSR_SEO (Vocal Fold),0.0028212560386473434,0.002970623990998938
baseline_male,mRMR,100,std_MFCC_6th_coef (MFCC),0.0028157894736842107,0.0021173246293838687
baseline_male,mRMR,100,tqwt_stdValue_dec_35 (TQWT),0.0027689701897018974,0.00364776067436307
baseline_male,mRMR,100,app_TKEO_std_10_coef (Wavelet),0.002765079365079365,0.001745062515425502
baseline_male,mRMR,100,app_TKEO_std_4_coef (Wavelet),0.0027615740740740743,0.00257832338507097
baseline_male,mRMR,100,tqwt_kurtosisValue_dec_27 (TQWT),0.0027598290598290598,0.004505591305554948
baseline_male,mRMR,100,tqwt_energy_dec_13 (TQWT),0.002753418803418803,0.0027769264949169354
baseline_male,mRMR,100,tqwt_kurtosisValue_dec_34 (TQWT),0.0027376068376068377,0.0035660550091545775
baseline_male,mRMR,100,tqwt_skewnessValue_dec_26 (TQWT),0.002661835748792271,0.001958718363170052
baseline_male,mRMR,100,tqwt_TKEO_mean_dec_7 (TQWT),0.0026429539295392958,0.0023431286216406026
baseline_male,mRMR,100,tqwt_kurtosisValue_dec_25 (TQWT),0.0026341269841269836,0.0033855361116329205
baseline_male,mRMR,100,std_10th_delta_delta (MFCC),0.002622222222222222,0.002879770506158856
baseline_male,mRMR,100,GNE_SNR_TKEO (Vocal Fold),0.0026207729468599034,0.0029366798059468555
baseline_male,mRMR,100,tqwt_skewnessValue_dec_28 (TQWT),0.0025754385964912277,0.003092829092658111
baseline_male,mRMR,100,tqwt_meanValue_dec_34 (TQWT),0.0025714285714285704,0.0027921074224255514
baseline_male,mRMR,100,tqwt_kurtosisValue_dec_33 (TQWT),0.002564814814814815,0.00245005360541955
baseline_male,mRMR,100,tqwt_kurtosisValue_dec_26 (TQWT),0.0025632478632478632,0.003828569334852575
baseline_male,mRMR,100,tqwt_TKEO_mean_dec_35 (TQWT),0.002546934865900383,0.003572696745354785
baseline_male,mRMR,100,ppq5Jitter (Baseline),0.0025283687943262407,0.002047739505422228
baseline_male,mRMR,100,tqwt_minValue_dec_11 (TQWT),0.002432478632478632,0.0038566315364980328
baseline_male,mRMR,100,app_entropy_shannon_4_coef (Wavelet),0.0023755555555555552,0.0022017419620990256
baseline_male,mRMR,100,tqwt_TKEO_mean_dec_34 (TQWT),0.002370056497175142,0.004579171781155996
baseline_male,mRMR,100,tqwt_stdValue_dec_34 (TQWT),0.002367724867724868,0.004163136373887548
baseline_male,mRMR,100,tqwt_energy_dec_24 (TQWT),0.002364734299516908,0.0023812096946169217
baseline_male,mRMR,100,tqwt_TKEO_std_dec_7 (TQWT),0.0023497354497354498,0.0025159777674961252
baseline_male,mRMR,100,tqwt_TKEO_mean_dec_33 (TQWT),0.002349206349206349,0.0031243467099990826
baseline_male,mRMR,100,tqwt_TKEO_mean_dec_12 (TQWT),0.0023414351851851855,0.0037381426035869455
baseline_male,mRMR,100,std_10th_delta (MFCC),0.002282478632478632,0.0022228508959565405
baseline_male,mRMR,100,tqwt_entropy_shannon_dec_12 (TQWT),0.002270833333333333,0.003922415559683067
baseline_male,mRMR,100,app_entropy_shannon_8_coef (Wavelet),0.0022569444444444447,0.002884117413635107
baseline_male,mRMR,100,app_TKEO_std_8_coef (Wavelet),0.002252710027100271,0.0023200651664001793
baseline_male,mRMR,100,tqwt_energy_dec_8 (TQWT),0.0022512077294685995,0.00283739128161779
baseline_male,mRMR,100,tqwt_entropy_shannon_dec_15 (TQWT),0.0022222222222222227,0.0028582855975427817
baseline_male,mRMR,100,tqwt_TKEO_mean_dec_11 (TQWT),0.0022204678362573093,0.003285964808938994
baseline_male,mRMR,100,tqwt_kurtosisValue_dec_28 (TQWT),0.002219230769230769,0.002311475039648802
baseline_male,mRMR,100,std_5th_delta (MFCC),0.0022127659574468083,0.002055008050710172
baseline_male,mRMR,100,tqwt_medianValue_dec_33 (TQWT),0.002193333333333333,0.0016899366514416699
baseline_male,mRMR,100,tqwt_TKEO_std_dec_15 (TQWT),0.0021497584541062802,0.0019489281719008915
baseline_male,mRMR,100,tqwt_medianValue_dec_25 (TQWT),0.002118357487922706,0.0022800843472103485
baseline_male,mRMR,100,locAbsJitter (Baseline),0.002087470449172577,0.0025556955969441193
baseline_male,mRMR,100,tqwt_stdValue_dec_23 (TQWT),0.002078154425612054,0.0018006767411218579
baseline_male,mRMR,100,tqwt_stdValue_dec_28 (TQWT),0.0020410628019323666,0.0015997359353941442
baseline_male,mRMR,100,det_LT_entropy_log_3_coef (Wavelet),0.002031111111111111,0.0021667867834572383
baseline_male,mRMR,100,tqwt_stdValue_dec_7 (TQWT),0.0019959349593495932,0.0026827713878677713
baseline_male,mRMR,100,tqwt_TKEO_std_dec_34 (TQWT),0.0019809523809523814,0.002439252797980196
baseline_male,mRMR,100,tqwt_entropy_log_dec_11 (TQWT),0.0019333333333333331,0.0017534459357427161
baseline_male,mRMR,100,tqwt_maxValue_dec_6 (TQWT),0.0019267912772585668,0.0023241834255356844
baseline_male,mRMR,100,tqwt_energy_dec_20 (TQWT),0.0019266666666666666,0.0019396371289991821
baseline_male,mRMR,100,tqwt_energy_dec_16 (TQWT),0.001911214953271028,0.0017715906846667274
baseline_male,mRMR,100,app_TKEO_std_7_coef (Wavelet),0.0019099616858237543,0.001991037174115489
baseline_male,mRMR,100,app_det_TKEO_mean_10_coef (Wavelet),0.0018783524904214567,0.0014365349709688582
baseline_male,mRMR,100,app_entropy_shannon_10_coef (Wavelet),0.0018634259259259255,0.003011352050559322
baseline_male,mRMR,100,locPctJitter (Baseline),0.0018354497354497357,0.002322082924626494
baseline_male,mRMR,100,numPulses (Baseline),0.0018231481481481477,0.002103702205603253
baseline_male,mRMR,100,b4 (Bandwidth),0.0018108747044917259,0.001794858160615647
baseline_male,mRMR,100,tqwt_medianValue_dec_22 (TQWT),0.0018092592592592592,0.0018566004707400762
baseline_male,mRMR,100,tqwt_stdValue_dec_33 (TQWT),0.0017966903073286054,0.0017985986827692693
baseline_male,mRMR,100,std_11th_delta (MFCC),0.0017807692307692307,0.0017274727834002013
baseline_male,mRMR,100,tqwt_TKEO_mean_dec_23 (TQWT),0.0017638888888888884,0.001319036724711238
baseline_male,mRMR,100,tqwt_energy_dec_15 (TQWT),0.0017478632478632476,0.002157293612616639
baseline_male,mRMR,100,RPDE (Baseline),0.0017376171352074966,0.002512399258443424
baseline_male,mRMR,100,app_entropy_shannon_6_coef (Wavelet),0.0017311111111111106,0.0016151714394387917
baseline_male,mRMR,100,app_entropy_shannon_5_coef (Wavelet),0.0017288888888888887,0.003204465415416212
baseline_male,mRMR,100,numPeriodsPulses (Baseline),0.0017242063492063492,0.0017663723565809147
baseline_male,mRMR,100,app_LT_TKEO_mean_1_coef (Wavelet),0.0017127659574468082,0.0023196970915229714
baseline_male,mRMR,100,tqwt_medianValue_dec_10 (TQWT),0.001711838006230529,0.001908347447199165
baseline_male,mRMR,100,tqwt_minValue_dec_10 (TQWT),0.0016908212560386474,0.0017659810365636215
baseline_male,mRMR,100,app_TKEO_std_2_coef (Wavelet),0.0016841269841269843,0.0014806306062846982
baseline_male,mRMR,100,tqwt_TKEO_mean_dec_10 (TQWT),0.0016736111111111112,0.002306763122491424
baseline_male,mRMR,100,tqwt_medianValue_dec_8 (TQWT),0.001646666666666667,0.0013803533516369554
baseline_male,mRMR,100,app_det_TKEO_mean_3_coef (Wavelet),0.0016376811594202895,0.002230755851295145
baseline_male,mRMR,100,tqwt_meanValue_dec_7 (TQWT),0.0016158119658119658,0.0020942974515221076
baseline_male,mRMR,100,app_det_TKEO_mean_9_coef (Wavelet),0.0015968253968253975,0.0011629475869303358
baseline_male,mRMR,100,tqwt_energy_dec_14 (TQWT),0.0015773504273504273,0.0013913830131291399
baseline_male,mRMR,100,app_det_TKEO_mean_2_coef (Wavelet),0.0015748792270531401,0.0028318243143983512
baseline_male,mRMR,100,mean_MFCC_11th_coef (MFCC),0.0015622222222222218,0.0014757227916372894
baseline_male,mRMR,100,tqwt_medianValue_dec_5 (TQWT),0.0015570987654320992,0.0019009262038746481
baseline_male,mRMR,100,tqwt_skewnessValue_dec_9 (TQWT),0.001533816425120773,0.0020117261858539374
baseline_male,mRMR,100,tqwt_entropy_shannon_dec_34 (TQWT),0.0015333333333333334,0.002451410328221427
baseline_male,mRMR,100,tqwt_meanValue_dec_11 (TQWT),0.0015272536687631025,0.0026343915810669153
baseline_male,mRMR,100,tqwt_energy_dec_33 (TQWT),0.0015217391304347826,0.002091828375023662
baseline_male,mRMR,100,tqwt_TKEO_std_dec_10 (TQWT),0.0015070921985815605,0.0016652222717867353
baseline_male,mRMR,100,tqwt_TKEO_std_dec_9 (TQWT),0.0014927536231884064,0.0012374978651228355
baseline_male,mRMR,100,app_det_TKEO_mean_4_coef (Wavelet),0.001451690821256039,0.0016022098325273102
baseline_male,mRMR,100,tqwt_entropy_shannon_dec_7 (TQWT),0.0013994252873563216,0.0013780808849057895
baseline_male,mRMR,100,VFER_entropy (Vocal Fold),0.0013748701973001038,0.0013494489071062578
baseline_male,mRMR,100,app_TKEO_std_9_coef (Wavelet),0.0013671497584541066,0.0014189945436203363
baseline_male,mRMR,100,app_det_TKEO_mean_6_coef (Wavelet),0.0013379629629629629,0.0012873442662919624
baseline_male,mRMR,100,app_det_TKEO_mean_8_coef (Wavelet),0.0013256704980842914,0.0015229792081898836
baseline_male,mRMR,100,tqwt_energy_dec_23 (TQWT),0.001316425120772947,0.0011981552158171044
baseline_male,mRMR,100,tqwt_TKEO_mean_dec_24 (TQWT),0.0013142857142857142,0.0014434338297965796
baseline_male,mRMR,100,app_det_TKEO_mean_7_coef (Wavelet),0.0013008130081300813,0.0015515566810483704
baseline_male,mRMR,100,tqwt_entropy_shannon_dec_10 (TQWT),0.001299054373522458,0.00149755325984421
baseline_male,mRMR,100,GNE_SNR_SEO (Vocal Fold),0.0012825670498084294,0.0016593701710158415
baseline_male,mRMR,100,VFER_mean (Vocal Fold),0.0012180685358255448,0.0012393458207230607
baseline_male,mRMR,100,f2 (Formant Frequency),0.001208722741433022,0.0016973365764603786
baseline_male,mRMR,100,tqwt_kurtosisValue_dec_29 (TQWT),0.0011911111111111113,0.0010457598259703868
baseline_male,mRMR,100,app_entropy_shannon_9_coef (Wavelet),0.0011863425925925924,0.0026430698792994575
baseline_male,mRMR,100,tqwt_energy_dec_10 (TQWT),0.0011711111111111113,0.001101450495116868
baseline_male,mRMR,100,meanHarmToNoiseHarmonicity (Baseline),0.0011577777777777782,0.0012677843970002455
baseline_male,mRMR,100,tqwt_energy_dec_34 (TQWT),0.0011497584541062798,0.001083576491389971
baseline_male,mRMR,100,tqwt_medianValue_dec_35 (TQWT),0.0011088888888888884,0.0013376880837509947
baseline_male,mRMR,100,tqwt_maxValue_dec_10 (TQWT),0.0010507246376811599,0.0010070439608446103
baseline_male,mRMR,100,tqwt_medianValue_dec_29 (TQWT),0.0009711111111111115,0.0009047643884451898
baseline_female,mRMR,100,std_delta_delta_log_energy (MFCC),0.022909836065573775,0.015612392350942871
baseline_female,mRMR,100,std_delta_log_energy (MFCC),0.015235883424408018,0.011752705813379324
baseline_female,mRMR,100,std_6th_delta_delta (MFCC),0.014451275045537343,0.011821006888131688
baseline_female,mRMR,100,std_7th_delta_delta (MFCC),0.011908014571948997,0.008253279933128502
baseline_female,mRMR,100,apq11Shimmer (Baseline),0.010551282051282048,0.008572427514217515
baseline_female,mRMR,100,tqwt_energy_dec_26 (TQWT),0.01043971631205674,0.007626727590708905
baseline_female,mRMR,100,tqwt_entropy_log_dec_27 (TQWT),0.010052009456264773,0.008207824357572837
baseline_female,mRMR,100,mean_MFCC_2nd_coef (MFCC),0.009657559198542802,0.008579474049721796
baseline_female,mRMR,100,std_4th_delta_delta (MFCC),0.009405982905982904,0.006023917561486278
baseline_female,mRMR,100,tqwt_energy_dec_25 (TQWT),0.009384259259259262,0.007530973024465665
baseline_female,mRMR,100,std_6th_delta (MFCC),0.009381147540983605,0.006786563842334852
baseline_female,mRMR,100,tqwt_entropy_log_dec_33 (TQWT),0.009155282331511838,0.00797168358277063
baseline_female,mRMR,100,std_8th_delta_delta (MFCC),0.008974043715846994,0.007247306343409405
baseline_female,mRMR,100,tqwt_TKEO_std_dec_12 (TQWT),0.008933060109289619,0.008455380061235487
baseline_female,mRMR,100,std_9th_delta_delta (MFCC),0.008819672131147543,0.006828646020079674
baseline_female,mRMR,100,tqwt_entropy_log_dec_12 (TQWT),0.008665343915343918,0.010560355550238005
baseline_female,mRMR,100,locAbsJitter (Baseline),0.008416666666666664,0.006972025515224843
baseline_female,mRMR,100,std_7th_delta (MFCC),0.008352914389799633,0.004967397115293099
baseline_female,mRMR,100,std_9th_delta (MFCC),0.0078356102003643,0.0069080662913283694
baseline_female,mRMR,100,app_entropy_shannon_5_coef (Wavelet),0.0077735042735042744,0.004046890951993439
baseline_female,mRMR,100,tqwt_meanValue_dec_36 (TQWT),0.0077243589743589735,0.005543301484017217
baseline_female,mRMR,100,tqwt_energy_dec_6 (TQWT),0.007481944444444441,0.007655950179061641
baseline_female,mRMR,100,app_entropy_shannon_4_coef (Wavelet),0.0070470085470085465,0.004639601278763082
baseline_female,mRMR,100,app_LT_TKEO_std_3_coef (Wavelet),0.006681623931623932,0.004411809049478353
baseline_female,mRMR,100,std_8th_delta (MFCC),0.00661566484517304,0.006388141403552171
baseline_female,mRMR,100,tqwt_TKEO_mean_dec_12 (TQWT),0.0065972222222222205,0.00529099316968231
baseline_female,mRMR,100,tqwt_kurtosisValue_dec_26 (TQWT),0.006470856102003644,0.006151170266100163
baseline_female,mRMR,100,tqwt_TKEO_std_dec_13 (TQWT),0.006453968253968254,0.004282147406438809
baseline_female,mRMR,100,tqwt_entropy_log_dec_35 (TQWT),0.006411111111111111,0.00466805783873155
baseline_female,mRMR,100,app_LT_TKEO_mean_1_coef (Wavelet),0.006253086419753086,0.005265524623347885
baseline_female,mRMR,100,tqwt_kurtosisValue_dec_18 (TQWT),0.006036764705882354,0.004199021726606168
baseline_female,mRMR,100,DFA (Baseline),0.006026411657559197,0.005403778546831284
baseline_female,mRMR,100,VFER_NSR_SEO (Vocal Fold),0.005996031746031745,0.004382786716759388
baseline_female,mRMR,100,tqwt_maxValue_dec_12 (TQWT),0.005993169398907105,0.004948704804538079
baseline_female,mRMR,100,tqwt_entropy_shannon_dec_33 (TQWT),0.005982905982905985,0.004279939931574487
baseline_female,mRMR,100,app_det_TKEO_mean_7_coef (Wavelet),0.005928571428571429,0.005821113066478417
baseline_female,mRMR,100,tqwt_entropy_shannon_dec_25 (TQWT),0.005873931623931625,0.005017371403336193
baseline_female,mRMR,100,tqwt_minValue_dec_13 (TQWT),0.005837301587301586,0.0036889435100237473
baseline_female,mRMR,100,tqwt_entropy_shannon_dec_12 (TQWT),0.005814814814814815,0.003960205779207009
baseline_female,mRMR,100,tqwt_energy_dec_12 (TQWT),0.005686703096539161,0.006432039702326703
baseline_female,mRMR,100,tqwt_stdValue_dec_12 (TQWT),0.005634335154826958,0.005258009956667131
baseline_female,mRMR,100,IMF_NSR_TKEO (Vocal Fold),0.005585317460317459,0.004243152925842729
baseline_female,mRMR,100,app_TKEO_std_9_coef (Wavelet),0.005501984126984128,0.0037201731300504776
baseline_female,mRMR,100,app_TKEO_std_4_coef (Wavelet),0.005478632478632478,0.003921060809872485
baseline_female,mRMR,100,tqwt_energy_dec_7 (TQWT),0.005406828703703704,0.003867744309557344
baseline_female,mRMR,100,tqwt_entropy_log_dec_26 (TQWT),0.005301418439716311,0.004329152782839577
baseline_female,mRMR,100,tqwt_kurtosisValue_dec_17 (TQWT),0.005205128205128205,0.0035534389859583388
baseline_female,mRMR,100,tqwt_maxValue_dec_11 (TQWT),0.005192167577413479,0.004286606443525395
baseline_female,mRMR,100,tqwt_maxValue_dec_13 (TQWT),0.00517550505050505,0.004174334643692518
baseline_female,mRMR,100,tqwt_energy_dec_11 (TQWT),0.0050733151183970865,0.005640337554773029
baseline_female,mRMR,100,app_entropy_shannon_8_coef (Wavelet),0.005048076923076923,0.003151037242629628
baseline_female,mRMR,100,tqwt_TKEO_std_dec_11 (TQWT),0.00503096539162113,0.004713684909677174
baseline_female,mRMR,100,app_entropy_shannon_9_coef (Wavelet),0.005020299145299146,0.003540363413535241
baseline_female,mRMR,100,IMF_SNR_SEO (Vocal Fold),0.0049880952380952385,0.003813488506325319
baseline_female,mRMR,100,tqwt_stdValue_dec_11 (TQWT),0.004950819672131147,0.00457213560426975
baseline_female,mRMR,100,tqwt_maxValue_dec_7 (TQWT),0.004824786324786326,0.002974749123729991
baseline_female,mRMR,100,ppq5Jitter (Baseline),0.004691239316239317,0.004941877390824511
baseline_female,mRMR,100,tqwt_minValue_dec_11 (TQWT),0.004649362477231329,0.005087963342786081
baseline_female,mRMR,100,std_11th_delta_delta (MFCC),0.004614754098360656,0.004485970789828012
baseline_female,mRMR,100,tqwt_stdValue_dec_13 (TQWT),0.004545138888888888,0.0039784792798036065
baseline_female,mRMR,100,tqwt_minValue_dec_12 (TQWT),0.004531876138433515,0.0030511695492223666
baseline_female,mRMR,100,std_10th_delta (MFCC),0.004530510018214935,0.00379686579643725
baseline_female,mRMR,100,app_entropy_shannon_10_coef (Wavelet),0.004522435897435897,0.004037773550703457
baseline_female,mRMR,100,std_4th_delta (MFCC),0.004482193732193731,0.003965100631282043
baseline_female,mRMR,100,app_TKEO_std_7_coef (Wavelet),0.0044267676767676765,0.004104304696055731
baseline_female,mRMR,100,std_12th_delta_delta (MFCC),0.004323809523809524,0.004044333568001728
baseline_female,mRMR,100,tqwt_kurtosisValue_dec_20 (TQWT),0.004310874704491725,0.0038593152115367845
baseline_female,mRMR,100,tqwt_entropy_shannon_dec_13 (TQWT),0.004309027777777777,0.004568106826717108
baseline_female,mRMR,100,app_det_TKEO_mean_2_coef (Wavelet),0.004271825396825397,0.0030142210639610045
baseline_female,mRMR,100,tqwt_entropy_shannon_dec_11 (TQWT),0.004269392033542976,0.003720416607634588
baseline_female,mRMR,100,GNE_SNR_TKEO (Vocal Fold),0.004232905982905985,0.004759386544163048
baseline_female,mRMR,100,tqwt_TKEO_mean_dec_33 (TQWT),0.004178418803418804,0.003958481307001552
baseline_female,mRMR,100,det_LT_entropy_log_3_coef (Wavelet),0.004123931623931623,0.003196367425182017
baseline_female,mRMR,100,app_entropy_shannon_1_coef (Wavelet),0.004123015873015874,0.002443783821265573
baseline_female,mRMR,100,tqwt_entropy_shannon_dec_18 (TQWT),0.004119658119658119,0.0031948390737244823
baseline_female,mRMR,100,tqwt_entropy_log_dec_34 (TQWT),0.004088194444444444,0.003971332005496009
baseline_female,mRMR,100,tqwt_kurtosisValue_dec_36 (TQWT),0.004076047358834244,0.0038333512064944457
baseline_female,mRMR,100,tqwt_energy_dec_21 (TQWT),0.0040486111111111105,0.0036228134419804712
baseline_female,mRMR,100,tqwt_TKEO_std_dec_6 (TQWT),0.003980158730158729,0.0034645271396167563
baseline_female,mRMR,100,GNE_NSR_SEO (Vocal Fold),0.003966931216931218,0.003802573388364478
baseline_female,mRMR,100,app_det_TKEO_mean_3_coef (Wavelet),0.0039636752136752145,0.0023154303026041378
baseline_female,mRMR,100,tqwt_kurtosisValue_dec_27 (TQWT),0.003931238615664845,0.004489432053873458
baseline_female,mRMR,100,numPeriodsPulses (Baseline),0.003928921568627451,0.0031377317994831268
baseline_female,mRMR,100,std_10th_delta_delta (MFCC),0.0038797814207650275,0.0034363706670743556
baseline_female,mRMR,100,app_TKEO_std_8_coef (Wavelet),0.00386031746031746,0.003145262490600967
baseline_female,mRMR,100,tqwt_stdValue_dec_5 (TQWT),0.0038511904761904764,0.004001339957721363
baseline_female,mRMR,100,tqwt_entropy_log_dec_28 (TQWT),0.003815359477124183,0.0030911979194658255
baseline_female,mRMR,100,mean_MFCC_7th_coef (MFCC),0.0038055555555555555,0.0034917636490923985
baseline_female,mRMR,100,tqwt_energy_dec_27 (TQWT),0.0037457264957264946,0.0018451458017086427
baseline_female,mRMR,100,tqwt_medianValue_dec_8 (TQWT),0.003602564102564103,0.0031653826024111245
baseline_female,mRMR,100,std_12th_delta (MFCC),0.0035884773662551448,0.0026496723523312883
baseline_female,mRMR,100,tqwt_TKEO_std_dec_7 (TQWT),0.0035607638888888894,0.0027718916900601833
baseline_female,mRMR,100,mean_delta_log_energy (MFCC),0.003555555555555556,0.003145205208463803
baseline_female,mRMR,100,mean_MFCC_8th_coef (MFCC),0.003513888888888889,0.0026847422259023202
baseline_female,mRMR,100,tqwt_TKEO_mean_dec_11 (TQWT),0.003488993710691825,0.003490430727047571
baseline_female,mRMR,100,tqwt_TKEO_std_dec_5 (TQWT),0.0034444444444444453,0.0034406603055435934
baseline_female,mRMR,100,tqwt_meanValue_dec_5 (TQWT),0.0034298611111111114,0.0034068683844411113
baseline_female,mRMR,100,tqwt_kurtosisValue_dec_35 (TQWT),0.003377882599580713,0.0038003112924571178
baseline_female,mRMR,100,locPctJitter (Baseline),0.003324652777777778,0.0031424469412777113
baseline_female,mRMR,100,tqwt_entropy_shannon_dec_16 (TQWT),0.003281250000000001,0.0026020895972021425
baseline_female,mRMR,100,tqwt_stdValue_dec_35 (TQWT),0.0032515873015873014,0.003360188489790315
baseline_female,mRMR,100,mean_2nd_delta (MFCC),0.0032374213836477983,0.003717901398114641
baseline_female,mRMR,100,std_MFCC_8th_coef (MFCC),0.0032089120370370375,0.0031043363905736594
baseline_female,mRMR,100,tqwt_kurtosisValue_dec_34 (TQWT),0.0031775956284153008,0.002749850227407693
baseline_female,mRMR,100,tqwt_stdValue_dec_6 (TQWT),0.0031562500000000006,0.0027005483125729225
baseline_female,mRMR,100,std_5th_delta_delta (MFCC),0.003153846153846153,0.0024005123958146433
baseline_female,mRMR,100,IMF_SNR_entropy (Vocal Fold),0.0031365079365079365,0.002430127331566005
baseline_female,mRMR,100,tqwt_energy_dec_18 (TQWT),0.003103174603174603,0.0020224484415508437
baseline_female,mRMR,100,RPDE (Baseline),0.0030669934640522867,0.003058028438909771
baseline_female,mRMR,100,std_MFCC_6th_coef (MFCC),0.003058700209643605,0.00223278461837308
baseline_female,mRMR,100,tqwt_energy_dec_13 (TQWT),0.003046903460837886,0.003280912159950209
baseline_female,mRMR,100,tqwt_entropy_shannon_dec_35 (TQWT),0.002997106481481481,0.0031272365313671046
baseline_female,mRMR,100,tqwt_entropy_shannon_dec_17 (TQWT),0.002925396825396826,0.002230590683336463
baseline_female,mRMR,100,tqwt_medianValue_dec_10 (TQWT),0.002924940898345153,0.0030122296686284963
baseline_female,mRMR,100,tqwt_TKEO_mean_dec_35 (TQWT),0.0029060846560846564,0.002696787886170923
baseline_female,mRMR,100,app_det_TKEO_mean_10_coef (Wavelet),0.0028968253968253963,0.0020654681624655293
baseline_female,mRMR,100,tqwt_kurtosisValue_dec_25 (TQWT),0.0028937499999999996,0.0028281284233382226
baseline_female,mRMR,100,app_det_TKEO_mean_6_coef (Wavelet),0.002867521367521366,0.0026337742759710695
baseline_female,mRMR,100,tqwt_energy_dec_24 (TQWT),0.00285515873015873,0.0022045316237218737
baseline_female,mRMR,100,std_MFCC_7th_coef (MFCC),0.0028511904761904763,0.0021501561004853556
baseline_female,mRMR,100,f1 (Formant Frequency),0.002848816029143898,0.0027987935203789087
baseline_female,mRMR,100,numPulses (Baseline),0.002833333333333333,0.00189103146457165
baseline_female,mRMR,100,tqwt_entropy_shannon_dec_6 (TQWT),0.002782539682539682,0.0023083216087454715
baseline_female,mRMR,100,std_11th_delta (MFCC),0.002773224043715847,0.002688387472563233
baseline_female,mRMR,100,tqwt_kurtosisValue_dec_33 (TQWT),0.0027602880658436214,0.0031424617787754266
baseline_female,mRMR,100,tqwt_stdValue_dec_33 (TQWT),0.0027542735042735043,0.0028439364358012077
baseline_female,mRMR,100,tqwt_meanValue_dec_11 (TQWT),0.0027494212962962967,0.0027882419409289826
baseline_female,mRMR,100,tqwt_energy_dec_15 (TQWT),0.002735428051001821,0.003314796657213715
baseline_female,mRMR,100,std_5th_delta (MFCC),0.002696581196581196,0.0022268713430081263
baseline_female,mRMR,100,tqwt_skewnessValue_dec_27 (TQWT),0.002677350427350427,0.003176203427563828
baseline_female,mRMR,100,tqwt_minValue_dec_7 (TQWT),0.002658119658119658,0.001659486141519192
baseline_female,mRMR,100,app_det_TKEO_mean_8_coef (Wavelet),0.0025753968253968253,0.002428772634055421
baseline_female,mRMR,100,tqwt_energy_dec_34 (TQWT),0.0025576923076923073,0.0023928445103484786
baseline_female,mRMR,100,meanHarmToNoiseHarmonicity (Baseline),0.002555555555555556,0.0018620665850854977
baseline_female,mRMR,100,tqwt_medianValue_dec_25 (TQWT),0.002536008230452675,0.0026369147184742304
baseline_female,mRMR,100,tqwt_TKEO_mean_dec_23 (TQWT),0.0025213675213675213,0.0020456798706796693
baseline_female,mRMR,100,app_entropy_shannon_6_coef (Wavelet),0.002510683760683761,0.0016940051637033143
baseline_female,mRMR,100,tqwt_TKEO_mean_dec_34 (TQWT),0.002473544973544974,0.0025372261930797745
baseline_female,mRMR,100,tqwt_meanValue_dec_16 (TQWT),0.0024444444444444444,0.002420688346834022
baseline_female,mRMR,100,tqwt_energy_dec_16 (TQWT),0.00242650462962963,0.0022119802907784405
baseline_female,mRMR,100,mean_1st_delta (MFCC),0.002395833333333333,0.00397965051270959
baseline_female,mRMR,100,tqwt_skewnessValue_dec_28 (TQWT),0.002381027253668763,0.002401055657820181
baseline_female,mRMR,100,mean_MFCC_11th_coef (MFCC),0.0023782051282051284,0.0022030205351515632
baseline_female,mRMR,100,tqwt_skewnessValue_dec_26 (TQWT),0.0023440170940170943,0.0017520014824506265
baseline_female,mRMR,100,tqwt_energy_dec_33 (TQWT),0.002275641025641025,0.002586152898261589
baseline_female,mRMR,100,tqwt_stdValue_dec_34 (TQWT),0.002262731481481482,0.0027184703873764436
baseline_female,mRMR,100,app_TKEO_std_2_coef (Wavelet),0.002225694444444444,0.002146934034529463
baseline_female,mRMR,100,tqwt_minValue_dec_6 (TQWT),0.0022094017094017085,0.001977039177326516
baseline_female,mRMR,100,app_det_TKEO_mean_4_coef (Wavelet),0.0022051282051282054,0.0017504736685132007
baseline_female,mRMR,100,tqwt_TKEO_mean_dec_7 (TQWT),0.0022034313725490195,0.0020813068478838324
baseline_female,mRMR,100,tqwt_minValue_dec_10 (TQWT),0.0021944444444444446,0.0014748751072152135
baseline_female,mRMR,100,app_TKEO_std_10_coef (Wavelet),0.002145833333333333,0.0015358693951812348
baseline_female,mRMR,100,tqwt_stdValue_dec_7 (TQWT),0.0020808823529411768,0.0021189631686298793
baseline_female,mRMR,100,tqwt_maxValue_dec_10 (TQWT),0.002073412698412698,0.0013649247372918942
baseline_female,mRMR,100,tqwt_TKEO_std_dec_15 (TQWT),0.0020714285714285717,0.0016511903365858057
baseline_female,mRMR,100,tqwt_energy_dec_20 (TQWT),0.002053418803418804,0.0023717452962271797
baseline_female,mRMR,100,GNE_SNR_SEO (Vocal Fold),0.002053030303030303,0.0021904951378700454
baseline_female,mRMR,100,tqwt_meanValue_dec_34 (TQWT),0.0020451388888888884,0.0015862662583053268
baseline_female,mRMR,100,tqwt_skewnessValue_dec_9 (TQWT),0.002007936507936508,0.002268742370207042
baseline_female,mRMR,100,tqwt_entropy_log_dec_11 (TQWT),0.0020069444444444444,0.0016874443632657692
baseline_female,mRMR,100,tqwt_energy_dec_8 (TQWT),0.0019794238683127573,0.002126419100067061
baseline_female,mRMR,100,tqwt_entropy_shannon_dec_7 (TQWT),0.001973544973544973,0.0019354485783131862
baseline_female,mRMR,100,tqwt_energy_dec_14 (TQWT),0.0019617486338797817,0.0018305441903534564
baseline_female,mRMR,100,tqwt_kurtosisValue_dec_28 (TQWT),0.0019512750455373408,0.002014364673159123
baseline_female,mRMR,100,tqwt_medianValue_dec_22 (TQWT),0.0019484126984126986,0.0023755667661249725
baseline_female,mRMR,100,tqwt_energy_dec_10 (TQWT),0.001933760683760684,0.0016639240949164098
baseline_female,mRMR,100,tqwt_stdValue_dec_23 (TQWT),0.0018161375661375663,0.0016800567933627005
baseline_female,mRMR,100,tqwt_entropy_shannon_dec_34 (TQWT),0.0018153935185185183,0.0020654613958210936
baseline_female,mRMR,100,tqwt_medianValue_dec_33 (TQWT),0.0017585470085470089,0.0019458112475729524
baseline_female,mRMR,100,tqwt_TKEO_mean_dec_24 (TQWT),0.0016944444444444446,0.0015707632171394767
baseline_female,mRMR,100,tqwt_TKEO_mean_dec_10 (TQWT),0.0016773504273504274,0.0018577360082054383
baseline_female,mRMR,100,tqwt_maxValue_dec_6 (TQWT),0.0016585648148148148,0.0015282638335676049
baseline_female,mRMR,100,tqwt_energy_dec_23 (TQWT),0.0016068376068376074,0.0011775847683737622
baseline_female,mRMR,100,tqwt_medianValue_dec_29 (TQWT),0.0015897435897435893,0.0013144474990551074
baseline_female,mRMR,100,app_det_TKEO_mean_9_coef (Wavelet),0.001520833333333333,0.0013171109762951138
baseline_female,mRMR,100,tqwt_TKEO_std_dec_34 (TQWT),0.001517361111111111,0.0014563140359537834
baseline_female,mRMR,100,VFER_mean (Vocal Fold),0.0014826388888888892,0.0013828940502860969
baseline_female,mRMR,100,tqwt_kurtosisValue_dec_29 (TQWT),0.0014700854700854702,0.0011041518098301609
baseline_female,mRMR,100,tqwt_entropy_shannon_dec_10 (TQWT),0.0014495884773662554,0.001310504555446375
baseline_female,mRMR,100,VFER_entropy (Vocal Fold),0.0014380787037037038,0.0014419079651365723
baseline_female,mRMR,100,tqwt_TKEO_std_dec_10 (TQWT),0.001379629629629629,0.001050197983240665
baseline_female,mRMR,100,tqwt_meanValue_dec_7 (TQWT),0.0013743169398907104,0.0016377832600916564
baseline_female,mRMR,100,f2 (Formant Frequency),0.001372340425531915,0.0017571678093203395
baseline_female,mRMR,100,tqwt_stdValue_dec_28 (TQWT),0.0013333333333333337,0.001107171949531655
baseline_female,mRMR,100,tqwt_entropy_shannon_dec_15 (TQWT),0.0013119658119658117,0.0015389036253854135
baseline_female,mRMR,100,tqwt_medianValue_dec_5 (TQWT),0.0010784722222222222,0.0013056663973640586
baseline_female,mRMR,100,tqwt_TKEO_std_dec_9 (TQWT),0.0010615079365079365,0.0009160840652810319
baseline_female,mRMR,100,tqwt_medianValue_dec_35 (TQWT),0.0009316239316239319,0.0008580473391633098
baseline_female,mRMR,100,b4 (Bandwidth),0.0008518518518518518,0.0009433578777835374
