Dataset,Method,N_Features,Classifier,Outer_Fold,Inner_Fold,Split,MCC,F1,Sensitivity,Specificity,BACC,Accuracy
male,mRMR,10,RandomForest,1,0,test,0.34528826491882486,0.8732394366197184,0.8611111111111112,0.5,0.6805555555555556,0.7954545454545454
male,mRMR,10,NeuralNetwork,1,0,test,0.3888888888888889,0.8888888888888888,0.8888888888888888,0.5,0.6944444444444444,0.8181818181818182
male,mRMR,10,NaiveBayes,1,0,test,0.44739624349429946,0.8857142857142858,0.8611111111111112,0.625,0.7430555555555556,0.8181818181818182
male,mRMR,10,LogisticRegression,1,0,test,0.5880064914496507,0.9142857142857143,0.8888888888888888,0.75,0.8194444444444444,0.8636363636363636
male,mRMR,10,AdaBoost,1,0,test,0.4658474953124562,0.9210526315789473,0.9722222222222222,0.375,0.6736111111111112,0.8636363636363636
male,mRMR,10,SVM_RBF,1,0,test,0.49951243284357016,0.918918918918919,0.9444444444444444,0.5,0.7222222222222222,0.8636363636363636
male,mRMR,10,RandomForest_TUNED,1,0,test,0.4393747751637468,0.9041095890410958,0.9166666666666666,0.5,0.7083333333333333,0.8409090909090909
male,mRMR,10,AdaBoost_TUNED,1,0,test,0.573885641347411,0.9333333333333333,0.9722222222222222,0.5,0.7361111111111112,0.8863636363636364
male,mRMR,10,NeuralNetwork_TUNED,1,0,test,0.3888888888888889,0.8888888888888888,0.8888888888888888,0.5,0.6944444444444444,0.8181818181818182
male,mRMR,10,SVM_RBF_TUNED,1,0,test,0.3234983196103152,0.9113924050632911,1.0,0.125,0.5625,0.8409090909090909
male,mRMR,10,RandomForest,1,1,val,0.2825264598420043,0.7999999999999999,0.7222222222222222,0.625,0.6736111111111112,0.7045454545454546
male,mRMR,10,RandomForest,1,1,train,1.0,1.0,1.0,1.0,1.0,1.0
male,mRMR,10,NeuralNetwork,1,1,val,0.18401748249129446,0.7878787878787877,0.7222222222222222,0.5,0.6111111111111112,0.6818181818181818
male,mRMR,10,NeuralNetwork,1,1,train,1.0,1.0,1.0,1.0,1.0,1.0
male,mRMR,10,NaiveBayes,1,1,val,0.15821481751152242,0.7692307692307692,0.6944444444444444,0.5,0.5972222222222222,0.6590909090909091
male,mRMR,10,NaiveBayes,1,1,train,0.9219544457292888,0.9855072463768115,0.9714285714285714,1.0,0.9857142857142858,0.9761904761904762
male,mRMR,10,LogisticRegression,1,1,val,0.3268602252303067,0.7741935483870968,0.6666666666666666,0.75,0.7083333333333333,0.6818181818181818
male,mRMR,10,LogisticRegression,1,1,train,1.0,1.0,1.0,1.0,1.0,1.0
male,mRMR,10,AdaBoost,1,1,val,0.24056261216234406,0.823529411764706,0.7777777777777778,0.5,0.6388888888888888,0.7272727272727273
male,mRMR,10,AdaBoost,1,1,train,1.0,1.0,1.0,1.0,1.0,1.0
male,mRMR,10,SVM_RBF,1,1,val,0.408248290463863,0.8695652173913043,0.8333333333333334,0.625,0.7291666666666667,0.7954545454545454
male,mRMR,10,SVM_RBF,1,1,train,1.0,1.0,1.0,1.0,1.0,1.0
male,mRMR,10,RandomForest_TUNED,1,1,val,0.2825264598420043,0.7999999999999999,0.7222222222222222,0.625,0.6736111111111112,0.7045454545454546
male,mRMR,10,RandomForest_TUNED,1,1,train,1.0,1.0,1.0,1.0,1.0,1.0
male,mRMR,10,AdaBoost_TUNED,1,1,val,0.21134098610290408,0.8059701492537312,0.75,0.5,0.625,0.7045454545454546
male,mRMR,10,AdaBoost_TUNED,1,1,train,1.0,1.0,1.0,1.0,1.0,1.0
male,mRMR,10,NeuralNetwork_TUNED,1,1,val,0.23103442669455732,0.761904761904762,0.6666666666666666,0.625,0.6458333333333333,0.6590909090909091
male,mRMR,10,NeuralNetwork_TUNED,1,1,train,1.0,1.0,1.0,1.0,1.0,1.0
male,mRMR,10,SVM_RBF_TUNED,1,1,val,-0.07188851546895894,0.8860759493670887,0.9722222222222222,0.0,0.4861111111111111,0.7954545454545454
male,mRMR,10,SVM_RBF_TUNED,1,1,train,1.0,1.0,1.0,1.0,1.0,1.0
male,mRMR,10,RandomForest,1,2,val,0.3492151478847891,0.9210526315789475,1.0,0.14285714285714285,0.5714285714285714,0.8571428571428571
male,mRMR,10,RandomForest,1,2,train,1.0,1.0,1.0,1.0,1.0,1.0
male,mRMR,10,NeuralNetwork,1,2,val,0.3721042037676254,0.9189189189189189,0.9714285714285714,0.2857142857142857,0.6285714285714286,0.8571428571428571
male,mRMR,10,NeuralNetwork,1,2,train,1.0,1.0,1.0,1.0,1.0,1.0
male,mRMR,10,NaiveBayes,1,2,val,0.5078333750770081,0.9315068493150684,0.9714285714285714,0.42857142857142855,0.7,0.8809523809523809
male,mRMR,10,NaiveBayes,1,2,train,0.7279522854655585,0.9253731343283582,0.8611111111111112,1.0,0.9305555555555556,0.8863636363636364
male,mRMR,10,LogisticRegression,1,2,val,0.4274373669939289,0.9166666666666667,0.9428571428571428,0.42857142857142855,0.6857142857142857,0.8571428571428571
male,mRMR,10,LogisticRegression,1,2,train,0.816496580927726,0.9565217391304348,0.9166666666666666,1.0,0.9583333333333333,0.9318181818181818
male,mRMR,10,AdaBoost,1,2,val,0.12403473458920847,0.8918918918918919,0.9428571428571428,0.14285714285714285,0.5428571428571428,0.8095238095238095
male,mRMR,10,AdaBoost,1,2,train,1.0,1.0,1.0,1.0,1.0,1.0
male,mRMR,10,SVM_RBF,1,2,val,0.2,0.9066666666666667,0.9714285714285714,0.14285714285714285,0.5571428571428572,0.8333333333333334
male,mRMR,10,SVM_RBF,1,2,train,1.0,1.0,1.0,1.0,1.0,1.0
male,mRMR,10,RandomForest_TUNED,1,2,val,0.3492151478847891,0.9210526315789475,1.0,0.14285714285714285,0.5714285714285714,0.8571428571428571
male,mRMR,10,RandomForest_TUNED,1,2,train,1.0,1.0,1.0,1.0,1.0,1.0
male,mRMR,10,AdaBoost_TUNED,1,2,val,0.12403473458920847,0.8918918918918919,0.9428571428571428,0.14285714285714285,0.5428571428571428,0.8095238095238095
male,mRMR,10,AdaBoost_TUNED,1,2,train,1.0,1.0,1.0,1.0,1.0,1.0
male,mRMR,10,NeuralNetwork_TUNED,1,2,val,0.3721042037676254,0.9189189189189189,0.9714285714285714,0.2857142857142857,0.6285714285714286,0.8571428571428571
male,mRMR,10,NeuralNetwork_TUNED,1,2,train,1.0,1.0,1.0,1.0,1.0,1.0
male,mRMR,10,SVM_RBF_TUNED,1,2,val,0.0,0.9090909090909091,1.0,0.0,0.5,0.8333333333333334
male,mRMR,10,SVM_RBF_TUNED,1,2,train,1.0,1.0,1.0,1.0,1.0,1.0
male,Boruta,10,RandomForest,1,0,test,0.38821675738207223,0.9066666666666667,0.9444444444444444,0.375,0.6597222222222222,0.8409090909090909
male,Boruta,10,NeuralNetwork,1,0,test,0.4393747751637468,0.9041095890410958,0.9166666666666666,0.5,0.7083333333333333,0.8409090909090909
male,Boruta,10,NaiveBayes,1,0,test,0.2721655269759087,0.8405797101449276,0.8055555555555556,0.5,0.6527777777777778,0.75
male,Boruta,10,LogisticRegression,1,0,test,0.3888888888888889,0.8888888888888888,0.8888888888888888,0.5,0.6944444444444444,0.8181818181818182
male,Boruta,10,AdaBoost,1,0,test,0.3278050340535929,0.8918918918918918,0.9166666666666666,0.375,0.6458333333333333,0.8181818181818182
male,Boruta,10,SVM_RBF,1,0,test,0.3888888888888889,0.8888888888888888,0.8888888888888888,0.5,0.6944444444444444,0.8181818181818182
male,Boruta,10,RandomForest_TUNED,1,0,test,0.49951243284357016,0.918918918918919,0.9444444444444444,0.5,0.7222222222222222,0.8636363636363636
male,Boruta,10,AdaBoost_TUNED,1,0,test,0.38821675738207223,0.9066666666666667,0.9444444444444444,0.375,0.6597222222222222,0.8409090909090909
male,Boruta,10,NeuralNetwork_TUNED,1,0,test,0.3888888888888889,0.8888888888888888,0.8888888888888888,0.5,0.6944444444444444,0.8181818181818182
male,Boruta,10,SVM_RBF_TUNED,1,0,test,-0.07188851546895894,0.8860759493670887,0.9722222222222222,0.0,0.4861111111111111,0.7954545454545454
male,Boruta,10,RandomForest,1,1,val,0.35205245972503973,0.7936507936507936,0.6944444444444444,0.75,0.7222222222222222,0.7045454545454546
male,Boruta,10,RandomForest,1,1,train,1.0,1.0,1.0,1.0,1.0,1.0
male,Boruta,10,NeuralNetwork,1,1,val,0.30281331944409007,0.7540983606557377,0.6388888888888888,0.75,0.6944444444444444,0.6590909090909091
male,Boruta,10,NeuralNetwork,1,1,train,0.9219544457292888,0.9855072463768115,0.9714285714285714,1.0,0.9857142857142858,0.9761904761904762
male,Boruta,10,NaiveBayes,1,1,val,-0.011001639366407492,0.6984126984126984,0.6111111111111112,0.375,0.4930555555555556,0.5681818181818182
male,Boruta,10,NaiveBayes,1,1,train,0.6679474875720742,0.90625,0.8285714285714286,1.0,0.9142857142857144,0.8571428571428571
male,Boruta,10,LogisticRegression,1,1,val,0.33246955024535657,0.7017543859649122,0.5555555555555556,0.875,0.7152777777777778,0.6136363636363636
male,Boruta,10,LogisticRegression,1,1,train,0.7507571935295483,0.9393939393939393,0.8857142857142857,1.0,0.9428571428571428,0.9047619047619048
male,Boruta,10,AdaBoost,1,1,val,0.2144964840292623,0.6666666666666666,0.5277777777777778,0.75,0.6388888888888888,0.5681818181818182
male,Boruta,10,AdaBoost,1,1,train,1.0,1.0,1.0,1.0,1.0,1.0
male,Boruta,10,SVM_RBF,1,1,val,0.23570226039551584,0.6896551724137931,0.5555555555555556,0.75,0.6527777777777778,0.5909090909090909
male,Boruta,10,SVM_RBF,1,1,train,0.9219544457292888,0.9855072463768115,0.9714285714285714,1.0,0.9857142857142858,0.9761904761904762
male,Boruta,10,RandomForest_TUNED,1,1,val,0.3268602252303067,0.7741935483870968,0.6666666666666666,0.75,0.7083333333333333,0.6818181818181818
male,Boruta,10,RandomForest_TUNED,1,1,train,1.0,1.0,1.0,1.0,1.0,1.0
male,Boruta,10,AdaBoost_TUNED,1,1,val,0.23570226039551584,0.6896551724137931,0.5555555555555556,0.75,0.6527777777777778,0.5909090909090909
male,Boruta,10,AdaBoost_TUNED,1,1,train,1.0,1.0,1.0,1.0,1.0,1.0
male,Boruta,10,NeuralNetwork_TUNED,1,1,val,0.18385094394819754,0.7213114754098361,0.6111111111111112,0.625,0.6180555555555556,0.6136363636363636
male,Boruta,10,NeuralNetwork_TUNED,1,1,train,0.9219544457292888,0.9855072463768115,0.9714285714285714,1.0,0.9857142857142858,0.9761904761904762
male,Boruta,10,SVM_RBF_TUNED,1,1,val,-0.12751534261266764,0.8571428571428571,0.9166666666666666,0.0,0.4583333333333333,0.75
male,Boruta,10,SVM_RBF_TUNED,1,1,train,1.0,1.0,1.0,1.0,1.0,1.0
male,Boruta,10,RandomForest,1,2,val,-0.1,0.88,0.9428571428571428,0.0,0.4714285714285714,0.7857142857142857
male,Boruta,10,RandomForest,1,2,train,1.0,1.0,1.0,1.0,1.0,1.0
male,Boruta,10,NeuralNetwork,1,2,val,0.12403473458920847,0.8918918918918919,0.9428571428571428,0.14285714285714285,0.5428571428571428,0.8095238095238095
male,Boruta,10,NeuralNetwork,1,2,train,0.8692269873603532,0.9714285714285714,0.9444444444444444,1.0,0.9722222222222222,0.9545454545454546
male,Boruta,10,NaiveBayes,1,2,val,0.4274373669939289,0.9166666666666667,0.9428571428571428,0.42857142857142855,0.6857142857142857,0.8571428571428571
male,Boruta,10,NaiveBayes,1,2,train,0.5940885257860046,0.8571428571428571,0.75,1.0,0.875,0.7954545454545454
male,Boruta,10,LogisticRegression,1,2,val,0.6247161517603577,0.9444444444444445,0.9714285714285714,0.5714285714285714,0.7714285714285714,0.9047619047619048
male,Boruta,10,LogisticRegression,1,2,train,0.769800358919501,0.9411764705882353,0.8888888888888888,1.0,0.9444444444444444,0.9090909090909091
male,Boruta,10,AdaBoost,1,2,val,0.23015858222750019,0.888888888888889,0.9142857142857143,0.2857142857142857,0.6,0.8095238095238095
male,Boruta,10,AdaBoost,1,2,train,1.0,1.0,1.0,1.0,1.0,1.0
male,Boruta,10,SVM_RBF,1,2,val,0.4274373669939289,0.9166666666666667,0.9428571428571428,0.42857142857142855,0.6857142857142857,0.8571428571428571
male,Boruta,10,SVM_RBF,1,2,train,0.816496580927726,0.9565217391304348,0.9166666666666666,1.0,0.9583333333333333,0.9318181818181818
male,Boruta,10,RandomForest_TUNED,1,2,val,0.07254762501100116,0.8767123287671234,0.9142857142857143,0.14285714285714285,0.5285714285714286,0.7857142857142857
male,Boruta,10,RandomForest_TUNED,1,2,train,1.0,1.0,1.0,1.0,1.0,1.0
male,Boruta,10,AdaBoost_TUNED,1,2,val,0.29019050004400465,0.904109589041096,0.9428571428571428,0.2857142857142857,0.6142857142857143,0.8333333333333334
male,Boruta,10,AdaBoost_TUNED,1,2,train,1.0,1.0,1.0,1.0,1.0,1.0
male,Boruta,10,NeuralNetwork_TUNED,1,2,val,0.12403473458920847,0.8918918918918919,0.9428571428571428,0.14285714285714285,0.5428571428571428,0.8095238095238095
male,Boruta,10,NeuralNetwork_TUNED,1,2,train,0.8692269873603532,0.9714285714285714,0.9444444444444444,1.0,0.9722222222222222,0.9545454545454546
male,Boruta,10,SVM_RBF_TUNED,1,2,val,0.3492151478847891,0.9210526315789475,1.0,0.14285714285714285,0.5714285714285714,0.8571428571428571
male,Boruta,10,SVM_RBF_TUNED,1,2,train,1.0,1.0,1.0,1.0,1.0,1.0
male,mRMR,10,RandomForest,2,0,test,0.20254787341673333,0.8799999999999999,0.9166666666666666,0.25,0.5833333333333333,0.7954545454545454
male,mRMR,10,NeuralNetwork,2,0,test,0.15609763526361567,0.8648648648648649,0.8888888888888888,0.25,0.5694444444444444,0.7727272727272727
male,mRMR,10,NaiveBayes,2,0,test,0.2782706909370396,0.8767123287671232,0.8888888888888888,0.375,0.6319444444444444,0.7954545454545454
male,mRMR,10,LogisticRegression,2,0,test,0.3067859955389482,0.8571428571428571,0.8333333333333334,0.5,0.6666666666666667,0.7727272727272727
male,mRMR,10,AdaBoost,2,0,test,0.16617574758359693,0.8285714285714286,0.8055555555555556,0.375,0.5902777777777778,0.7272727272727273
male,mRMR,10,SVM_RBF,2,0,test,0.2361111111111111,0.8611111111111112,0.8611111111111112,0.375,0.6180555555555556,0.7727272727272727
male,mRMR,10,RandomForest_TUNED,2,0,test,0.2782706909370396,0.8767123287671232,0.8888888888888888,0.375,0.6319444444444444,0.7954545454545454
male,mRMR,10,AdaBoost_TUNED,2,0,test,0.16617574758359693,0.8285714285714286,0.8055555555555556,0.375,0.5902777777777778,0.7272727272727273
male,mRMR,10,NeuralNetwork_TUNED,2,0,test,0.15609763526361567,0.8648648648648649,0.8888888888888888,0.25,0.5694444444444444,0.7727272727272727
male,mRMR,10,SVM_RBF_TUNED,2,0,test,0.10626278551055637,0.883116883116883,0.9444444444444444,0.125,0.5347222222222222,0.7954545454545454
male,mRMR,10,RandomForest,2,1,val,0.38821675738207223,0.9066666666666667,0.9444444444444444,0.375,0.6597222222222222,0.8409090909090909
male,mRMR,10,RandomForest,2,1,train,1.0,1.0,1.0,1.0,1.0,1.0
male,mRMR,10,NeuralNetwork,2,1,val,0.3278050340535929,0.8918918918918918,0.9166666666666666,0.375,0.6458333333333333,0.8181818181818182
male,mRMR,10,NeuralNetwork,2,1,train,1.0,1.0,1.0,1.0,1.0,1.0
male,mRMR,10,NaiveBayes,2,1,val,0.44739624349429946,0.8857142857142858,0.8611111111111112,0.625,0.7430555555555556,0.8181818181818182
male,mRMR,10,NaiveBayes,2,1,train,0.7507571935295483,0.9393939393939393,0.8857142857142857,1.0,0.9428571428571428,0.9047619047619048
male,mRMR,10,LogisticRegression,2,1,val,0.3278050340535929,0.8918918918918918,0.9166666666666666,0.375,0.6458333333333333,0.8181818181818182
male,mRMR,10,LogisticRegression,2,1,train,0.8,0.955223880597015,0.9142857142857143,1.0,0.9571428571428571,0.9285714285714286
male,mRMR,10,AdaBoost,2,1,val,0.4658474953124562,0.9210526315789473,0.9722222222222222,0.375,0.6736111111111112,0.8636363636363636
male,mRMR,10,AdaBoost,2,1,train,1.0,1.0,1.0,1.0,1.0,1.0
male,mRMR,10,SVM_RBF,2,1,val,0.2608745973749754,0.8947368421052632,0.9444444444444444,0.25,0.5972222222222222,0.8181818181818182
male,mRMR,10,SVM_RBF,2,1,train,1.0,1.0,1.0,1.0,1.0,1.0
male,mRMR,10,RandomForest_TUNED,2,1,val,0.49951243284357016,0.918918918918919,0.9444444444444444,0.5,0.7222222222222222,0.8636363636363636
male,mRMR,10,RandomForest_TUNED,2,1,train,1.0,1.0,1.0,1.0,1.0,1.0
male,mRMR,10,AdaBoost_TUNED,2,1,val,0.3278050340535929,0.8918918918918918,0.9166666666666666,0.375,0.6458333333333333,0.8181818181818182
male,mRMR,10,AdaBoost_TUNED,2,1,train,1.0,1.0,1.0,1.0,1.0,1.0
male,mRMR,10,NeuralNetwork_TUNED,2,1,val,0.20254787341673333,0.8799999999999999,0.9166666666666666,0.25,0.5833333333333333,0.7954545454545454
male,mRMR,10,NeuralNetwork_TUNED,2,1,train,1.0,1.0,1.0,1.0,1.0,1.0
male,mRMR,10,SVM_RBF_TUNED,2,1,val,0.0,0.9,1.0,0.0,0.5,0.8181818181818182
male,mRMR,10,SVM_RBF_TUNED,2,1,train,1.0,1.0,1.0,1.0,1.0,1.0
male,mRMR,10,RandomForest,2,2,val,0.29019050004400465,0.904109589041096,0.9428571428571428,0.2857142857142857,0.6142857142857143,0.8333333333333334
male,mRMR,10,RandomForest,2,2,train,1.0,1.0,1.0,1.0,1.0,1.0
male,mRMR,10,NeuralNetwork,2,2,val,0.3142857142857143,0.8857142857142857,0.8857142857142857,0.42857142857142855,0.6571428571428571,0.8095238095238095
male,mRMR,10,NeuralNetwork,2,2,train,1.0,1.0,1.0,1.0,1.0,1.0
male,mRMR,10,NaiveBayes,2,2,val,0.2711630722733202,0.8695652173913043,0.8571428571428571,0.42857142857142855,0.6428571428571428,0.7857142857142857
male,mRMR,10,NaiveBayes,2,2,train,0.816496580927726,0.9565217391304348,0.9166666666666666,1.0,0.9583333333333333,0.9318181818181818
male,mRMR,10,LogisticRegression,2,2,val,0.29019050004400465,0.904109589041096,0.9428571428571428,0.2857142857142857,0.6142857142857143,0.8333333333333334
male,mRMR,10,LogisticRegression,2,2,train,1.0,1.0,1.0,1.0,1.0,1.0
male,mRMR,10,AdaBoost,2,2,val,0.3651483716701107,0.9014084507042254,0.9142857142857143,0.42857142857142855,0.6714285714285714,0.8333333333333334
male,mRMR,10,AdaBoost,2,2,train,1.0,1.0,1.0,1.0,1.0,1.0
male,mRMR,10,SVM_RBF,2,2,val,0.18257418583505536,0.8732394366197184,0.8857142857142857,0.2857142857142857,0.5857142857142856,0.7857142857142857
male,mRMR,10,SVM_RBF,2,2,train,1.0,1.0,1.0,1.0,1.0,1.0
male,mRMR,10,RandomForest_TUNED,2,2,val,0.3721042037676254,0.9189189189189189,0.9714285714285714,0.2857142857142857,0.6285714285714286,0.8571428571428571
male,mRMR,10,RandomForest_TUNED,2,2,train,1.0,1.0,1.0,1.0,1.0,1.0
male,mRMR,10,AdaBoost_TUNED,2,2,val,0.5078333750770081,0.9315068493150684,0.9714285714285714,0.42857142857142855,0.7,0.8809523809523809
male,mRMR,10,AdaBoost_TUNED,2,2,train,1.0,1.0,1.0,1.0,1.0,1.0
male,mRMR,10,NeuralNetwork_TUNED,2,2,val,0.3142857142857143,0.8857142857142857,0.8857142857142857,0.42857142857142855,0.6571428571428571,0.8095238095238095
male,mRMR,10,NeuralNetwork_TUNED,2,2,train,1.0,1.0,1.0,1.0,1.0,1.0
male,mRMR,10,SVM_RBF_TUNED,2,2,val,-0.06984302957695782,0.8947368421052632,0.9714285714285714,0.0,0.4857142857142857,0.8095238095238095
male,mRMR,10,SVM_RBF_TUNED,2,2,train,1.0,1.0,1.0,1.0,1.0,1.0
male,Boruta,10,RandomForest,2,0,test,0.34528826491882486,0.8732394366197184,0.8611111111111112,0.5,0.6805555555555556,0.7954545454545454
male,Boruta,10,NeuralNetwork,2,0,test,0.2361111111111111,0.8611111111111112,0.8611111111111112,0.375,0.6180555555555556,0.7727272727272727
male,Boruta,10,NaiveBayes,2,0,test,0.3268602252303067,0.7741935483870968,0.6666666666666666,0.75,0.7083333333333333,0.6818181818181818
male,Boruta,10,LogisticRegression,2,0,test,0.13608276348795434,0.8115942028985507,0.7777777777777778,0.375,0.5763888888888888,0.7045454545454546
male,Boruta,10,AdaBoost,2,0,test,0.3067859955389482,0.8571428571428571,0.8333333333333334,0.5,0.6666666666666667,0.7727272727272727
male,Boruta,10,SVM_RBF,2,0,test,0.5987994606248949,0.8955223880597015,0.8333333333333334,0.875,0.8541666666666667,0.8409090909090909
male,Boruta,10,RandomForest_TUNED,2,0,test,0.34528826491882486,0.8732394366197184,0.8611111111111112,0.5,0.6805555555555556,0.7954545454545454
male,Boruta,10,AdaBoost_TUNED,2,0,test,0.34528826491882486,0.8732394366197184,0.8611111111111112,0.5,0.6805555555555556,0.7954545454545454
male,Boruta,10,NeuralNetwork_TUNED,2,0,test,0.44739624349429946,0.8857142857142858,0.8611111111111112,0.625,0.7430555555555556,0.8181818181818182
male,Boruta,10,SVM_RBF_TUNED,2,0,test,0.10626278551055637,0.883116883116883,0.9444444444444444,0.125,0.5347222222222222,0.7954545454545454
male,Boruta,10,RandomForest,2,1,val,0.24056261216234406,0.823529411764706,0.7777777777777778,0.5,0.6388888888888888,0.7272727272727273
male,Boruta,10,RandomForest,2,1,train,1.0,1.0,1.0,1.0,1.0,1.0
male,Boruta,10,NeuralNetwork,2,1,val,0.4393747751637468,0.9041095890410958,0.9166666666666666,0.5,0.7083333333333333,0.8409090909090909
male,Boruta,10,NeuralNetwork,2,1,train,0.9219544457292888,0.9855072463768115,0.9714285714285714,1.0,0.9857142857142858,0.9761904761904762
male,Boruta,10,NaiveBayes,2,1,val,0.5407380704358751,0.819672131147541,0.6944444444444444,1.0,0.8472222222222222,0.75
male,Boruta,10,NaiveBayes,2,1,train,0.6,0.870967741935484,0.7714285714285715,1.0,0.8857142857142857,0.8095238095238095
male,Boruta,10,LogisticRegression,2,1,val,0.21134098610290408,0.8059701492537312,0.75,0.5,0.625,0.7045454545454546
male,Boruta,10,LogisticRegression,2,1,train,0.8,0.955223880597015,0.9142857142857143,1.0,0.9571428571428571,0.9285714285714286
male,Boruta,10,AdaBoost,2,1,val,0.24056261216234406,0.823529411764706,0.7777777777777778,0.5,0.6388888888888888,0.7272727272727273
male,Boruta,10,AdaBoost,2,1,train,1.0,1.0,1.0,1.0,1.0,1.0
male,Boruta,10,SVM_RBF,2,1,val,0.3728720488516333,0.8529411764705882,0.8055555555555556,0.625,0.7152777777777778,0.7727272727272727
male,Boruta,10,SVM_RBF,2,1,train,0.9219544457292888,0.9855072463768115,0.9714285714285714,1.0,0.9857142857142858,0.9761904761904762
male,Boruta,10,RandomForest_TUNED,2,1,val,0.24056261216234406,0.823529411764706,0.7777777777777778,0.5,0.6388888888888888,0.7272727272727273
male,Boruta,10,RandomForest_TUNED,2,1,train,1.0,1.0,1.0,1.0,1.0,1.0
male,Boruta,10,AdaBoost_TUNED,2,1,val,0.24056261216234406,0.823529411764706,0.7777777777777778,0.5,0.6388888888888888,0.7272727272727273
male,Boruta,10,AdaBoost_TUNED,2,1,train,1.0,1.0,1.0,1.0,1.0,1.0
male,Boruta,10,NeuralNetwork_TUNED,2,1,val,0.34528826491882486,0.8732394366197184,0.8611111111111112,0.5,0.6805555555555556,0.7954545454545454
male,Boruta,10,NeuralNetwork_TUNED,2,1,train,0.8563488385776753,0.9705882352941176,0.9428571428571428,1.0,0.9714285714285714,0.9523809523809523
male,Boruta,10,SVM_RBF_TUNED,2,1,val,0.3234983196103152,0.9113924050632911,1.0,0.125,0.5625,0.8409090909090909
male,Boruta,10,SVM_RBF_TUNED,2,1,train,1.0,1.0,1.0,1.0,1.0,1.0
male,Boruta,10,RandomForest,2,2,val,0.10846522890932808,0.8405797101449276,0.8285714285714286,0.2857142857142857,0.5571428571428572,0.7380952380952381
male,Boruta,10,RandomForest,2,2,train,1.0,1.0,1.0,1.0,1.0,1.0
male,Boruta,10,NeuralNetwork,2,2,val,0.0778498944161523,0.823529411764706,0.8,0.2857142857142857,0.5428571428571429,0.7142857142857143
male,Boruta,10,NeuralNetwork,2,2,train,0.8692269873603532,0.9714285714285714,0.9444444444444444,1.0,0.9722222222222222,0.9545454545454546
male,Boruta,10,NaiveBayes,2,2,val,0.4601415057116586,0.8787878787878788,0.8285714285714286,0.7142857142857143,0.7714285714285715,0.8095238095238095
male,Boruta,10,NaiveBayes,2,2,train,0.65546138683345,0.8923076923076924,0.8055555555555556,1.0,0.9027777777777778,0.8409090909090909
male,Boruta,10,LogisticRegression,2,2,val,0.11516335992621969,0.7812500000000001,0.7142857142857143,0.42857142857142855,0.5714285714285714,0.6666666666666666
male,Boruta,10,LogisticRegression,2,2,train,0.5635535401295892,0.8787878787878789,0.8055555555555556,0.875,0.8402777777777778,0.8181818181818182
male,Boruta,10,AdaBoost,2,2,val,0.2,0.8358208955223881,0.8,0.42857142857142855,0.6142857142857143,0.7380952380952381
male,Boruta,10,AdaBoost,2,2,train,1.0,1.0,1.0,1.0,1.0,1.0
male,Boruta,10,SVM_RBF,2,2,val,0.2533593918376833,0.8125,0.7428571428571429,0.5714285714285714,0.6571428571428571,0.7142857142857143
male,Boruta,10,SVM_RBF,2,2,train,0.816496580927726,0.9565217391304348,0.9166666666666666,1.0,0.9583333333333333,0.9318181818181818
male,Boruta,10,RandomForest_TUNED,2,2,val,0.0778498944161523,0.823529411764706,0.8,0.2857142857142857,0.5428571428571429,0.7142857142857143
male,Boruta,10,RandomForest_TUNED,2,2,train,1.0,1.0,1.0,1.0,1.0,1.0
male,Boruta,10,AdaBoost_TUNED,2,2,val,0.2711630722733202,0.8695652173913043,0.8571428571428571,0.42857142857142855,0.6428571428571428,0.7857142857142857
male,Boruta,10,AdaBoost_TUNED,2,2,train,1.0,1.0,1.0,1.0,1.0,1.0
male,Boruta,10,NeuralNetwork_TUNED,2,2,val,-0.05423261445466404,0.8115942028985507,0.8,0.14285714285714285,0.4714285714285714,0.6904761904761905
male,Boruta,10,NeuralNetwork_TUNED,2,2,train,0.8692269873603532,0.9714285714285714,0.9444444444444444,1.0,0.9722222222222222,0.9545454545454546
male,Boruta,10,SVM_RBF_TUNED,2,2,val,0.2,0.9066666666666667,0.9714285714285714,0.14285714285714285,0.5571428571428572,0.8333333333333334
male,Boruta,10,SVM_RBF_TUNED,2,2,train,1.0,1.0,1.0,1.0,1.0,1.0
male,mRMR,10,RandomForest,3,0,test,-0.0778498944161523,0.7941176470588236,0.7714285714285715,0.14285714285714285,0.4571428571428572,0.6666666666666666
male,mRMR,10,NeuralNetwork,3,0,test,0.2335496832484569,0.8529411764705883,0.8285714285714286,0.42857142857142855,0.6285714285714286,0.7619047619047619
male,mRMR,10,NaiveBayes,3,0,test,0.282842712474619,0.8307692307692307,0.7714285714285715,0.5714285714285714,0.6714285714285715,0.7380952380952381
male,mRMR,10,LogisticRegression,3,0,test,0.22587697572631282,0.7936507936507937,0.7142857142857143,0.5714285714285714,0.6428571428571428,0.6904761904761905
male,mRMR,10,AdaBoost,3,0,test,0.10846522890932808,0.8405797101449276,0.8285714285714286,0.2857142857142857,0.5571428571428572,0.7380952380952381
male,mRMR,10,SVM_RBF,3,0,test,-0.02857142857142857,0.8285714285714286,0.8285714285714286,0.14285714285714285,0.48571428571428577,0.7142857142857143
male,mRMR,10,RandomForest_TUNED,3,0,test,-0.05423261445466404,0.8115942028985507,0.8,0.14285714285714285,0.4714285714285714,0.6904761904761905
male,mRMR,10,AdaBoost_TUNED,3,0,test,0.0778498944161523,0.823529411764706,0.8,0.2857142857142857,0.5428571428571429,0.7142857142857143
male,mRMR,10,NeuralNetwork_TUNED,3,0,test,0.14285714285714285,0.8571428571428571,0.8571428571428571,0.2857142857142857,0.5714285714285714,0.7619047619047619
male,mRMR,10,SVM_RBF_TUNED,3,0,test,-0.06984302957695782,0.8947368421052632,0.9714285714285714,0.0,0.4857142857142857,0.8095238095238095
male,mRMR,10,RandomForest,3,1,val,-0.043937477516374675,0.8219178082191781,0.8333333333333334,0.125,0.4791666666666667,0.7045454545454546
male,mRMR,10,RandomForest,3,1,train,1.0,1.0,1.0,1.0,1.0,1.0
male,mRMR,10,NeuralNetwork,3,1,val,0.08333333333333333,0.8333333333333334,0.8333333333333334,0.25,0.5416666666666667,0.7272727272727273
male,mRMR,10,NeuralNetwork,3,1,train,0.9296222517045284,0.9859154929577464,0.9722222222222222,1.0,0.9861111111111112,0.9772727272727273
male,mRMR,10,NaiveBayes,3,1,val,0.2721655269759087,0.8405797101449276,0.8055555555555556,0.5,0.6527777777777778,0.75
male,mRMR,10,NaiveBayes,3,1,train,0.816496580927726,0.9565217391304348,0.9166666666666666,1.0,0.9583333333333333,0.9318181818181818
male,mRMR,10,LogisticRegression,3,1,val,0.13608276348795434,0.8115942028985507,0.7777777777777778,0.375,0.5763888888888888,0.7045454545454546
male,mRMR,10,LogisticRegression,3,1,train,0.769800358919501,0.9411764705882353,0.8888888888888888,1.0,0.9444444444444444,0.9090909090909091
male,mRMR,10,AdaBoost,3,1,val,0.34528826491882486,0.8732394366197184,0.8611111111111112,0.5,0.6805555555555556,0.7954545454545454
male,mRMR,10,AdaBoost,3,1,train,1.0,1.0,1.0,1.0,1.0,1.0
male,mRMR,10,SVM_RBF,3,1,val,-0.20504156174308183,0.7945205479452055,0.8055555555555556,0.0,0.4027777777777778,0.6590909090909091
male,mRMR,10,SVM_RBF,3,1,train,0.816496580927726,0.9565217391304348,0.9166666666666666,1.0,0.9583333333333333,0.9318181818181818
male,mRMR,10,RandomForest_TUNED,3,1,val,-0.043937477516374675,0.8219178082191781,0.8333333333333334,0.125,0.4791666666666667,0.7045454545454546
male,mRMR,10,RandomForest_TUNED,3,1,train,1.0,1.0,1.0,1.0,1.0,1.0
male,mRMR,10,AdaBoost_TUNED,3,1,val,0.2361111111111111,0.8611111111111112,0.8611111111111112,0.375,0.6180555555555556,0.7727272727272727
male,mRMR,10,AdaBoost_TUNED,3,1,train,1.0,1.0,1.0,1.0,1.0,1.0
male,mRMR,10,NeuralNetwork_TUNED,3,1,val,0.3067859955389482,0.8571428571428571,0.8333333333333334,0.5,0.6666666666666667,0.7727272727272727
male,mRMR,10,NeuralNetwork_TUNED,3,1,train,1.0,1.0,1.0,1.0,1.0,1.0
male,mRMR,10,SVM_RBF_TUNED,3,1,val,-0.07188851546895894,0.8860759493670887,0.9722222222222222,0.0,0.4861111111111111,0.7954545454545454
male,mRMR,10,SVM_RBF_TUNED,3,1,train,1.0,1.0,1.0,1.0,1.0,1.0
male,mRMR,10,RandomForest,3,2,val,0.20254787341673333,0.8799999999999999,0.9166666666666666,0.25,0.5833333333333333,0.7954545454545454
male,mRMR,10,RandomForest,3,2,train,1.0,1.0,1.0,1.0,1.0,1.0
male,mRMR,10,NeuralNetwork,3,2,val,0.05590169943749474,0.8684210526315789,0.9166666666666666,0.125,0.5208333333333333,0.7727272727272727
male,mRMR,10,NeuralNetwork,3,2,train,1.0,1.0,1.0,1.0,1.0,1.0
male,mRMR,10,NaiveBayes,3,2,val,0.2782706909370396,0.8767123287671232,0.8888888888888888,0.375,0.6319444444444444,0.7954545454545454
male,mRMR,10,NaiveBayes,3,2,train,0.7286167394050019,0.9428571428571428,0.9166666666666666,0.875,0.8958333333333333,0.9090909090909091
male,mRMR,10,LogisticRegression,3,2,val,0.025565499628245683,0.7999999999999999,0.7777777777777778,0.25,0.5138888888888888,0.6818181818181818
male,mRMR,10,LogisticRegression,3,2,train,0.9296222517045284,0.9859154929577464,0.9722222222222222,1.0,0.9861111111111112,0.9772727272727273
male,mRMR,10,AdaBoost,3,2,val,0.053121271525973054,0.8169014084507044,0.8055555555555556,0.25,0.5277777777777778,0.7045454545454546
male,mRMR,10,AdaBoost,3,2,train,1.0,1.0,1.0,1.0,1.0,1.0
male,mRMR,10,SVM_RBF,3,2,val,0.016878989451394443,0.8533333333333333,0.8888888888888888,0.125,0.5069444444444444,0.75
male,mRMR,10,SVM_RBF,3,2,train,0.9296222517045284,0.9859154929577464,0.9722222222222222,1.0,0.9861111111111112,0.9772727272727273
male,mRMR,10,RandomForest_TUNED,3,2,val,0.15609763526361567,0.8648648648648649,0.8888888888888888,0.25,0.5694444444444444,0.7727272727272727
male,mRMR,10,RandomForest_TUNED,3,2,train,1.0,1.0,1.0,1.0,1.0,1.0
male,mRMR,10,AdaBoost_TUNED,3,2,val,0.11716660671033247,0.8493150684931507,0.8611111111111112,0.25,0.5555555555555556,0.75
male,mRMR,10,AdaBoost_TUNED,3,2,train,1.0,1.0,1.0,1.0,1.0,1.0
male,mRMR,10,NeuralNetwork_TUNED,3,2,val,0.016878989451394443,0.8533333333333333,0.8888888888888888,0.125,0.5069444444444444,0.75
male,mRMR,10,NeuralNetwork_TUNED,3,2,train,1.0,1.0,1.0,1.0,1.0,1.0
male,mRMR,10,SVM_RBF_TUNED,3,2,val,0.0,0.9,1.0,0.0,0.5,0.8181818181818182
male,mRMR,10,SVM_RBF_TUNED,3,2,train,1.0,1.0,1.0,1.0,1.0,1.0
male,Boruta,10,RandomForest,3,0,test,-0.02857142857142857,0.8285714285714286,0.8285714285714286,0.14285714285714285,0.48571428571428577,0.7142857142857143
male,Boruta,10,NeuralNetwork,3,0,test,0.16952581789376897,0.8181818181818182,0.7714285714285715,0.42857142857142855,0.6,0.7142857142857143
male,Boruta,10,NaiveBayes,3,0,test,-0.10846522890932808,0.6666666666666666,0.5714285714285714,0.2857142857142857,0.42857142857142855,0.5238095238095238
male,Boruta,10,LogisticRegression,3,0,test,-0.06666666666666667,0.7096774193548386,0.6285714285714286,0.2857142857142857,0.45714285714285713,0.5714285714285714
male,Boruta,10,AdaBoost,3,0,test,0.16952581789376897,0.8181818181818182,0.7714285714285715,0.42857142857142855,0.6,0.7142857142857143
male,Boruta,10,SVM_RBF,3,0,test,-0.1,0.7761194029850748,0.7428571428571429,0.14285714285714285,0.44285714285714284,0.6428571428571429
male,Boruta,10,RandomForest_TUNED,3,0,test,-0.02857142857142857,0.8285714285714286,0.8285714285714286,0.14285714285714285,0.48571428571428577,0.7142857142857143
male,Boruta,10,AdaBoost_TUNED,3,0,test,0.0778498944161523,0.823529411764706,0.8,0.2857142857142857,0.5428571428571429,0.7142857142857143
male,Boruta,10,NeuralNetwork_TUNED,3,0,test,0.0778498944161523,0.823529411764706,0.8,0.2857142857142857,0.5428571428571429,0.7142857142857143
male,Boruta,10,SVM_RBF_TUNED,3,0,test,0.0,0.9090909090909091,1.0,0.0,0.5,0.8333333333333334
male,Boruta,10,RandomForest,3,1,val,0.15609763526361567,0.8648648648648649,0.8888888888888888,0.25,0.5694444444444444,0.7727272727272727
male,Boruta,10,RandomForest,3,1,train,1.0,1.0,1.0,1.0,1.0,1.0
male,Boruta,10,NeuralNetwork,3,1,val,-0.015609763526361568,0.8378378378378377,0.8611111111111112,0.125,0.4930555555555556,0.7272727272727273
male,Boruta,10,NeuralNetwork,3,1,train,0.8692269873603532,0.9714285714285714,0.9444444444444444,1.0,0.9722222222222222,0.9545454545454546
male,Boruta,10,NaiveBayes,3,1,val,0.13608276348795434,0.8115942028985507,0.7777777777777778,0.375,0.5763888888888888,0.7045454545454546
male,Boruta,10,NaiveBayes,3,1,train,0.5665577237325317,0.8387096774193548,0.7222222222222222,1.0,0.8611111111111112,0.7727272727272727
male,Boruta,10,LogisticRegression,3,1,val,0.11716660671033247,0.8493150684931507,0.8611111111111112,0.25,0.5555555555555556,0.75
male,Boruta,10,LogisticRegression,3,1,train,0.816496580927726,0.9565217391304348,0.9166666666666666,1.0,0.9583333333333333,0.9318181818181818
male,Boruta,10,AdaBoost,3,1,val,0.20254787341673333,0.8799999999999999,0.9166666666666666,0.25,0.5833333333333333,0.7954545454545454
male,Boruta,10,AdaBoost,3,1,train,1.0,1.0,1.0,1.0,1.0,1.0
male,Boruta,10,SVM_RBF,3,1,val,-0.043937477516374675,0.8219178082191781,0.8333333333333334,0.125,0.4791666666666667,0.7045454545454546
male,Boruta,10,SVM_RBF,3,1,train,0.769800358919501,0.9411764705882353,0.8888888888888888,1.0,0.9444444444444444,0.9090909090909091
male,Boruta,10,RandomForest_TUNED,3,1,val,0.15609763526361567,0.8648648648648649,0.8888888888888888,0.25,0.5694444444444444,0.7727272727272727
male,Boruta,10,RandomForest_TUNED,3,1,train,1.0,1.0,1.0,1.0,1.0,1.0
male,Boruta,10,AdaBoost_TUNED,3,1,val,0.20254787341673333,0.8799999999999999,0.9166666666666666,0.25,0.5833333333333333,0.7954545454545454
male,Boruta,10,AdaBoost_TUNED,3,1,train,1.0,1.0,1.0,1.0,1.0,1.0
male,Boruta,10,NeuralNetwork_TUNED,3,1,val,-0.043937477516374675,0.8219178082191781,0.8333333333333334,0.125,0.4791666666666667,0.7045454545454546
male,Boruta,10,NeuralNetwork_TUNED,3,1,train,0.816496580927726,0.9565217391304348,0.9166666666666666,1.0,0.9583333333333333,0.9318181818181818
male,Boruta,10,SVM_RBF_TUNED,3,1,val,0.0,0.9,1.0,0.0,0.5,0.8181818181818182
male,Boruta,10,SVM_RBF_TUNED,3,1,train,1.0,1.0,1.0,1.0,1.0,1.0
male,Boruta,10,RandomForest,3,2,val,0.2361111111111111,0.8611111111111112,0.8611111111111112,0.375,0.6180555555555556,0.7727272727272727
male,Boruta,10,RandomForest,3,2,train,1.0,1.0,1.0,1.0,1.0,1.0
male,Boruta,10,NeuralNetwork,3,2,val,0.44739624349429946,0.8857142857142858,0.8611111111111112,0.625,0.7430555555555556,0.8181818181818182
male,Boruta,10,NeuralNetwork,3,2,train,0.769800358919501,0.9411764705882353,0.8888888888888888,1.0,0.9444444444444444,0.9090909090909091
male,Boruta,10,NaiveBayes,3,2,val,0.46964663578423127,0.8656716417910448,0.8055555555555556,0.75,0.7777777777777778,0.7954545454545454
male,Boruta,10,NaiveBayes,3,2,train,0.769800358919501,0.9411764705882353,0.8888888888888888,1.0,0.9444444444444444,0.9090909090909091
male,Boruta,10,LogisticRegression,3,2,val,0.408248290463863,0.8695652173913043,0.8333333333333334,0.625,0.7291666666666667,0.7954545454545454
male,Boruta,10,LogisticRegression,3,2,train,0.8692269873603532,0.9714285714285714,0.9444444444444444,1.0,0.9722222222222222,0.9545454545454546
male,Boruta,10,AdaBoost,3,2,val,0.11716660671033247,0.8493150684931507,0.8611111111111112,0.25,0.5555555555555556,0.75
male,Boruta,10,AdaBoost,3,2,train,1.0,1.0,1.0,1.0,1.0,1.0
male,Boruta,10,SVM_RBF,3,2,val,0.49137176161525076,0.9014084507042254,0.8888888888888888,0.625,0.7569444444444444,0.8409090909090909
male,Boruta,10,SVM_RBF,3,2,train,0.769800358919501,0.9411764705882353,0.8888888888888888,1.0,0.9444444444444444,0.9090909090909091
male,Boruta,10,RandomForest_TUNED,3,2,val,0.34528826491882486,0.8732394366197184,0.8611111111111112,0.5,0.6805555555555556,0.7954545454545454
male,Boruta,10,RandomForest_TUNED,3,2,train,1.0,1.0,1.0,1.0,1.0,1.0
male,Boruta,10,AdaBoost_TUNED,3,2,val,-0.015609763526361568,0.8378378378378377,0.8611111111111112,0.125,0.4930555555555556,0.7272727272727273
male,Boruta,10,AdaBoost_TUNED,3,2,train,1.0,1.0,1.0,1.0,1.0,1.0
male,Boruta,10,NeuralNetwork_TUNED,3,2,val,0.3888888888888889,0.8888888888888888,0.8888888888888888,0.5,0.6944444444444444,0.8181818181818182
male,Boruta,10,NeuralNetwork_TUNED,3,2,train,0.816496580927726,0.9565217391304348,0.9166666666666666,1.0,0.9583333333333333,0.9318181818181818
male,Boruta,10,SVM_RBF_TUNED,3,2,val,0.1800205749557739,0.8974358974358975,0.9722222222222222,0.125,0.5486111111111112,0.8181818181818182
male,Boruta,10,SVM_RBF_TUNED,3,2,train,1.0,1.0,1.0,1.0,1.0,1.0
sex aware,mRMR,10,RandomForest,1,0,test,0.40883959503849804,0.8503937007874015,0.8571428571428571,0.5454545454545454,0.7012987012987013,0.7764705882352941
sex aware,mRMR,10,NeuralNetwork,1,0,test,0.4050640117636149,0.8387096774193549,0.8253968253968254,0.5909090909090909,0.7081529581529582,0.7647058823529411
sex aware,mRMR,10,NaiveBayes,1,0,test,0.5028179370566227,0.8617886178861788,0.8412698412698413,0.6818181818181818,0.7615440115440115,0.8
sex aware,mRMR,10,LogisticRegression,1,0,test,0.34800825580687894,0.7567567567567567,0.6666666666666666,0.7272727272727273,0.696969696969697,0.6823529411764706
sex aware,mRMR,10,AdaBoost,1,0,test,0.4245851541415228,0.823529411764706,0.7777777777777778,0.6818181818181818,0.7297979797979798,0.7529411764705882
sex aware,mRMR,10,SVM_RBF,1,0,test,0.38593470472868513,0.8166666666666668,0.7777777777777778,0.6363636363636364,0.7070707070707071,0.7411764705882353
sex aware,mRMR,10,RandomForest_TUNED,1,0,test,0.45663175294196795,0.8682170542635659,0.8888888888888888,0.5454545454545454,0.7171717171717171,0.8
sex aware,mRMR,10,AdaBoost_TUNED,1,0,test,0.48124094394062716,0.8403361344537815,0.7936507936507936,0.7272727272727273,0.7604617604617605,0.7764705882352941
sex aware,mRMR,10,NeuralNetwork_TUNED,1,0,test,0.3849158000916215,0.8292682926829269,0.8095238095238095,0.5909090909090909,0.7002164502164503,0.7529411764705882
sex aware,mRMR,10,SVM_RBF_TUNED,1,0,test,0.018392554269914957,0.8226950354609929,0.9206349206349206,0.09090909090909091,0.5057720057720058,0.7058823529411765
sex aware,mRMR,10,RandomForest,1,1,val,0.30151134457776363,0.8372093023255814,0.8571428571428571,0.42857142857142855,0.6428571428571428,0.75
sex aware,mRMR,10,RandomForest,1,1,train,1.0,1.0,1.0,1.0,1.0,1.0
sex aware,mRMR,10,NeuralNetwork,1,1,val,0.36851386559504445,0.8527131782945736,0.873015873015873,0.47619047619047616,0.6746031746031746,0.7738095238095238
sex aware,mRMR,10,NeuralNetwork,1,1,train,0.861716792957819,0.9579831932773109,0.9193548387096774,1.0,0.9596774193548387,0.9397590361445783
sex aware,mRMR,10,NaiveBayes,1,1,val,0.3934643115604754,0.8615384615384615,0.8888888888888888,0.47619047619047616,0.6825396825396826,0.7857142857142857
sex aware,mRMR,10,NaiveBayes,1,1,train,0.6448285067888521,0.9,0.8709677419354839,0.8095238095238095,0.8402457757296466,0.8554216867469879
sex aware,mRMR,10,LogisticRegression,1,1,val,0.3872983346207417,0.8503937007874015,0.8571428571428571,0.5238095238095238,0.6904761904761905,0.7738095238095238
sex aware,mRMR,10,LogisticRegression,1,1,train,0.7537626739063176,0.9122807017543859,0.8387096774193549,1.0,0.9193548387096775,0.8795180722891566
sex aware,mRMR,10,AdaBoost,1,1,val,0.4107200484084535,0.859375,0.873015873015873,0.5238095238095238,0.6984126984126984,0.7857142857142857
sex aware,mRMR,10,AdaBoost,1,1,train,0.8019653361361825,0.9411764705882352,0.9032258064516129,0.9523809523809523,0.9278033794162825,0.9156626506024096
sex aware,mRMR,10,SVM_RBF,1,1,val,0.34500484066310094,0.84375,0.8571428571428571,0.47619047619047616,0.6666666666666666,0.7619047619047619
sex aware,mRMR,10,SVM_RBF,1,1,train,0.8381580761249496,0.9491525423728813,0.9032258064516129,1.0,0.9516129032258065,0.927710843373494
sex aware,mRMR,10,RandomForest_TUNED,1,1,val,0.36851386559504445,0.8527131782945736,0.873015873015873,0.47619047619047616,0.6746031746031746,0.7738095238095238
sex aware,mRMR,10,RandomForest_TUNED,1,1,train,1.0,1.0,1.0,1.0,1.0,1.0
sex aware,mRMR,10,AdaBoost_TUNED,1,1,val,0.2566071597133535,0.8307692307692308,0.8571428571428571,0.38095238095238093,0.6190476190476191,0.7380952380952381
sex aware,mRMR,10,AdaBoost_TUNED,1,1,train,0.9125027618164127,0.9752066115702479,0.9516129032258065,1.0,0.9758064516129032,0.963855421686747
sex aware,mRMR,10,NeuralNetwork_TUNED,1,1,val,0.3934643115604754,0.8615384615384615,0.8888888888888888,0.47619047619047616,0.6825396825396826,0.7857142857142857
sex aware,mRMR,10,NeuralNetwork_TUNED,1,1,train,0.9125027618164127,0.9752066115702479,0.9516129032258065,1.0,0.9758064516129032,0.963855421686747
sex aware,mRMR,10,SVM_RBF_TUNED,1,1,val,0.0,0.8391608391608391,0.9523809523809523,0.047619047619047616,0.5,0.7261904761904762
sex aware,mRMR,10,SVM_RBF_TUNED,1,1,train,1.0,1.0,1.0,1.0,1.0,1.0
sex aware,mRMR,10,RandomForest,1,2,val,0.38490730600177236,0.848,0.8548387096774194,0.5238095238095238,0.6893241167434716,0.7710843373493976
sex aware,mRMR,10,RandomForest,1,2,train,1.0,1.0,1.0,1.0,1.0,1.0
sex aware,mRMR,10,NeuralNetwork,1,2,val,0.17896543270491386,0.7768595041322315,0.7580645161290323,0.42857142857142855,0.5933179723502304,0.6746987951807228
sex aware,mRMR,10,NeuralNetwork,1,2,train,0.940243570046875,0.9838709677419354,0.9682539682539683,1.0,0.9841269841269842,0.9761904761904762
sex aware,mRMR,10,NaiveBayes,1,2,val,0.5859597770166821,0.8468468468468467,0.7580645161290323,0.9047619047619048,0.8314132104454686,0.7951807228915663
sex aware,mRMR,10,NaiveBayes,1,2,train,0.5477225575051661,0.8780487804878048,0.8571428571428571,0.7142857142857143,0.7857142857142857,0.8214285714285714
sex aware,mRMR,10,LogisticRegression,1,2,val,0.19147237209583354,0.7207207207207208,0.6451612903225806,0.5714285714285714,0.6082949308755761,0.6265060240963856
sex aware,mRMR,10,LogisticRegression,1,2,train,0.6024640760767093,0.8717948717948718,0.8095238095238095,0.8571428571428571,0.8333333333333333,0.8214285714285714
sex aware,mRMR,10,AdaBoost,1,2,val,0.32915199140062723,0.7931034482758621,0.7419354838709677,0.6190476190476191,0.6804915514592934,0.7108433734939759
sex aware,mRMR,10,AdaBoost,1,2,train,0.940243570046875,0.9838709677419354,0.9682539682539683,1.0,0.9841269841269842,0.9761904761904762
sex aware,mRMR,10,SVM_RBF,1,2,val,0.08131708603363534,0.7130434782608696,0.6612903225806451,0.42857142857142855,0.5449308755760368,0.6024096385542169
sex aware,mRMR,10,SVM_RBF,1,2,train,0.8388704928078611,0.9500000000000001,0.9047619047619048,1.0,0.9523809523809523,0.9285714285714286
sex aware,mRMR,10,RandomForest_TUNED,1,2,val,0.36251920122887865,0.8387096774193549,0.8387096774193549,0.5238095238095238,0.6812596006144394,0.7590361445783133
sex aware,mRMR,10,RandomForest_TUNED,1,2,train,1.0,1.0,1.0,1.0,1.0,1.0
sex aware,mRMR,10,AdaBoost_TUNED,1,2,val,0.3623497649827886,0.8264462809917354,0.8064516129032258,0.5714285714285714,0.6889400921658986,0.7469879518072289
sex aware,mRMR,10,AdaBoost_TUNED,1,2,train,0.9692233691951198,0.9919999999999999,0.9841269841269841,1.0,0.9920634920634921,0.9880952380952381
sex aware,mRMR,10,NeuralNetwork_TUNED,1,2,val,0.3697494852127693,0.8,0.7419354838709677,0.6666666666666666,0.7043010752688172,0.7228915662650602
sex aware,mRMR,10,NeuralNetwork_TUNED,1,2,train,0.9128709291752768,0.975609756097561,0.9523809523809523,1.0,0.9761904761904762,0.9642857142857143
sex aware,mRMR,10,SVM_RBF_TUNED,1,2,val,0.0,0.8551724137931034,1.0,0.0,0.5,0.7469879518072289
sex aware,mRMR,10,SVM_RBF_TUNED,1,2,train,1.0,1.0,1.0,1.0,1.0,1.0
sex aware,Boruta,10,RandomForest,1,0,test,0.4430853143139434,0.8333333333333334,0.7936507936507936,0.6818181818181818,0.7377344877344877,0.7647058823529411
sex aware,Boruta,10,NeuralNetwork,1,0,test,0.3038948705590345,0.7222222222222222,0.6190476190476191,0.7272727272727273,0.6731601731601732,0.6470588235294118
sex aware,Boruta,10,NaiveBayes,1,0,test,0.3802281420778655,0.6236559139784946,0.4603174603174603,0.9545454545454546,0.7074314574314574,0.5882352941176471
sex aware,Boruta,10,LogisticRegression,1,0,test,0.3293041737359397,0.7169811320754716,0.6031746031746031,0.7727272727272727,0.6879509379509379,0.6470588235294118
sex aware,Boruta,10,AdaBoost,1,0,test,0.3722590517640637,0.7522935779816514,0.6507936507936508,0.7727272727272727,0.7117604617604618,0.6823529411764706
sex aware,Boruta,10,SVM_RBF,1,0,test,0.39569644604040954,0.7184466019417477,0.5873015873015873,0.8636363636363636,0.7254689754689755,0.6588235294117647
sex aware,Boruta,10,RandomForest_TUNED,1,0,test,0.462242228123936,0.8429752066115702,0.8095238095238095,0.6818181818181818,0.7456709956709957,0.7764705882352941
sex aware,Boruta,10,AdaBoost_TUNED,1,0,test,0.3870748464845321,0.7636363636363636,0.6666666666666666,0.7727272727272727,0.7196969696969697,0.6941176470588235
sex aware,Boruta,10,NeuralNetwork_TUNED,1,0,test,0.3153988151520804,0.7047619047619047,0.5873015873015873,0.7727272727272727,0.68001443001443,0.6352941176470588
sex aware,Boruta,10,SVM_RBF_TUNED,1,0,test,0.45117557952464976,0.8840579710144927,0.9682539682539683,0.36363636363636365,0.665945165945166,0.8117647058823529
sex aware,Boruta,10,RandomForest,1,1,val,0.23329882422520504,0.8333333333333334,0.873015873015873,0.3333333333333333,0.6031746031746031,0.7380952380952381
sex aware,Boruta,10,RandomForest,1,1,train,1.0,1.0,1.0,1.0,1.0,1.0
sex aware,Boruta,10,NeuralNetwork,1,1,val,0.25018944522339714,0.7833333333333334,0.746031746031746,0.5238095238095238,0.6349206349206349,0.6904761904761905
sex aware,Boruta,10,NeuralNetwork,1,1,train,0.861716792957819,0.9579831932773109,0.9193548387096774,1.0,0.9596774193548387,0.9397590361445783
sex aware,Boruta,10,NaiveBayes,1,1,val,0.41239304942116123,0.742857142857143,0.6190476190476191,0.8571428571428571,0.7380952380952381,0.6785714285714286
sex aware,Boruta,10,NaiveBayes,1,1,train,0.47918420522561705,0.74,0.5967741935483871,0.9523809523809523,0.7745775729646698,0.6867469879518072
sex aware,Boruta,10,LogisticRegression,1,1,val,0.34853574033876183,0.7678571428571428,0.6825396825396826,0.7142857142857143,0.6984126984126984,0.6904761904761905
sex aware,Boruta,10,LogisticRegression,1,1,train,0.5531430826183518,0.8256880733944956,0.7258064516129032,0.9047619047619048,0.8152841781874041,0.7710843373493976
sex aware,Boruta,10,AdaBoost,1,1,val,0.28005601680560194,0.8396946564885497,0.873015873015873,0.38095238095238093,0.626984126984127,0.75
sex aware,Boruta,10,AdaBoost,1,1,train,0.969097291357943,0.991869918699187,0.9838709677419355,1.0,0.9919354838709677,0.9879518072289156
sex aware,Boruta,10,SVM_RBF,1,1,val,0.2008213586922364,0.7521367521367521,0.6984126984126984,0.5238095238095238,0.6111111111111112,0.6547619047619048
sex aware,Boruta,10,SVM_RBF,1,1,train,0.6254341627125416,0.8545454545454544,0.7580645161290323,0.9523809523809523,0.8552227342549923,0.8072289156626506
sex aware,Boruta,10,RandomForest_TUNED,1,1,val,0.21004201260420147,0.8244274809160305,0.8571428571428571,0.3333333333333333,0.5952380952380952,0.7261904761904762
sex aware,Boruta,10,RandomForest_TUNED,1,1,train,1.0,1.0,1.0,1.0,1.0,1.0
sex aware,Boruta,10,AdaBoost_TUNED,1,1,val,0.2566071597133535,0.8307692307692308,0.8571428571428571,0.38095238095238093,0.6190476190476191,0.7380952380952381
sex aware,Boruta,10,AdaBoost_TUNED,1,1,train,0.9399949270251939,0.9836065573770492,0.967741935483871,1.0,0.9838709677419355,0.9759036144578314
sex aware,Boruta,10,NeuralNetwork_TUNED,1,1,val,0.22549380840084868,0.7868852459016393,0.7619047619047619,0.47619047619047616,0.6190476190476191,0.6904761904761905
sex aware,Boruta,10,NeuralNetwork_TUNED,1,1,train,0.794166719677258,0.9310344827586207,0.8709677419354839,1.0,0.935483870967742,0.9036144578313253
sex aware,Boruta,10,SVM_RBF_TUNED,1,1,val,0.37363235887853663,0.8794326241134751,0.9841269841269841,0.23809523809523808,0.611111111111111,0.7976190476190477
sex aware,Boruta,10,SVM_RBF_TUNED,1,1,train,1.0,1.0,1.0,1.0,1.0,1.0
sex aware,Boruta,10,RandomForest,1,2,val,0.24009354346420544,0.7933884297520662,0.7741935483870968,0.47619047619047616,0.6251920122887864,0.6987951807228916
sex aware,Boruta,10,RandomForest,1,2,train,1.0,1.0,1.0,1.0,1.0,1.0
sex aware,Boruta,10,NeuralNetwork,1,2,val,0.2222692790754274,0.743362831858407,0.6774193548387096,0.5714285714285714,0.6244239631336406,0.6506024096385542
sex aware,Boruta,10,NeuralNetwork,1,2,train,0.8869423130433381,0.9672131147540983,0.9365079365079365,1.0,0.9682539682539683,0.9523809523809523
sex aware,Boruta,10,NaiveBayes,1,2,val,0.5093497813148282,0.7346938775510204,0.5806451612903226,1.0,0.7903225806451613,0.6867469879518072
sex aware,Boruta,10,NaiveBayes,1,2,train,0.3853373177942262,0.7184466019417477,0.5873015873015873,0.8571428571428571,0.7222222222222222,0.6547619047619048
sex aware,Boruta,10,LogisticRegression,1,2,val,0.37660979707688713,0.7857142857142856,0.7096774193548387,0.7142857142857143,0.7119815668202765,0.7108433734939759
sex aware,Boruta,10,LogisticRegression,1,2,train,0.5839887052604521,0.8620689655172413,0.7936507936507936,0.8571428571428571,0.8253968253968254,0.8095238095238095
sex aware,Boruta,10,AdaBoost,1,2,val,0.2381393063165564,0.7543859649122807,0.6935483870967742,0.5714285714285714,0.6324884792626728,0.6626506024096386
sex aware,Boruta,10,AdaBoost,1,2,train,0.9066928292470475,0.976,0.9682539682539683,0.9523809523809523,0.9603174603174602,0.9642857142857143
sex aware,Boruta,10,SVM_RBF,1,2,val,0.2792086314311696,0.7610619469026549,0.6935483870967742,0.6190476190476191,0.6562980030721967,0.6746987951807228
sex aware,Boruta,10,SVM_RBF,1,2,train,0.7581753965757456,0.9243697478991596,0.873015873015873,0.9523809523809523,0.9126984126984127,0.8928571428571429
sex aware,Boruta,10,RandomForest_TUNED,1,2,val,0.22197821057629785,0.7833333333333333,0.7580645161290323,0.47619047619047616,0.6171274961597542,0.6867469879518072
sex aware,Boruta,10,RandomForest_TUNED,1,2,train,1.0,1.0,1.0,1.0,1.0,1.0
sex aware,Boruta,10,AdaBoost_TUNED,1,2,val,0.15477146829689067,0.7413793103448276,0.6935483870967742,0.47619047619047616,0.5848694316436251,0.6385542168674698
sex aware,Boruta,10,AdaBoost_TUNED,1,2,train,0.9682458365518541,0.9921259842519685,1.0,0.9523809523809523,0.9761904761904762,0.9880952380952381
sex aware,Boruta,10,NeuralNetwork_TUNED,1,2,val,0.29543079160430763,0.7719298245614036,0.7096774193548387,0.6190476190476191,0.6643625192012289,0.6867469879518072
sex aware,Boruta,10,NeuralNetwork_TUNED,1,2,train,0.8623164985025762,0.9586776859504132,0.9206349206349206,1.0,0.9603174603174602,0.9404761904761905
sex aware,Boruta,10,SVM_RBF_TUNED,1,2,val,0.1855507571025824,0.8467153284671532,0.9354838709677419,0.19047619047619047,0.5629800307219661,0.7469879518072289
sex aware,Boruta,10,SVM_RBF_TUNED,1,2,train,1.0,1.0,1.0,1.0,1.0,1.0
sex aware,mRMR,10,RandomForest,2,0,test,0.3439179697143973,0.832,0.8253968253968254,0.5238095238095238,0.6746031746031746,0.75
sex aware,mRMR,10,NeuralNetwork,2,0,test,0.3457571728813013,0.819672131147541,0.7936507936507936,0.5714285714285714,0.6825396825396826,0.7380952380952381
sex aware,mRMR,10,NaiveBayes,2,0,test,0.2813874297663251,0.8160000000000001,0.8095238095238095,0.47619047619047616,0.6428571428571428,0.7261904761904762
sex aware,mRMR,10,LogisticRegression,2,0,test,0.21110016546037452,0.7368421052631577,0.6666666666666666,0.5714285714285714,0.6190476190476191,0.6428571428571429
sex aware,mRMR,10,AdaBoost,2,0,test,0.2581988897471611,0.7692307692307692,0.7142857142857143,0.5714285714285714,0.6428571428571428,0.6785714285714286
sex aware,mRMR,10,SVM_RBF,2,0,test,0.30905754998184354,0.8,0.7619047619047619,0.5714285714285714,0.6666666666666666,0.7142857142857143
sex aware,mRMR,10,RandomForest_TUNED,2,0,test,0.3236904093603996,0.8225806451612904,0.8095238095238095,0.5238095238095238,0.6666666666666667,0.7380952380952381
sex aware,mRMR,10,AdaBoost_TUNED,2,0,test,0.23328473740792174,0.773109243697479,0.7301587301587301,0.5238095238095238,0.626984126984127,0.6785714285714286
sex aware,mRMR,10,NeuralNetwork_TUNED,2,0,test,0.408248290463863,0.823529411764706,0.7777777777777778,0.6666666666666666,0.7222222222222222,0.75
sex aware,mRMR,10,SVM_RBF_TUNED,2,0,test,0.037037037037037035,0.8472222222222222,0.9682539682539683,0.047619047619047616,0.5079365079365079,0.7380952380952381
sex aware,mRMR,10,RandomForest,2,1,val,0.7630928609827546,0.9354838709677418,0.9206349206349206,0.8636363636363636,0.8921356421356421,0.9058823529411765
sex aware,mRMR,10,RandomForest,2,1,train,1.0,1.0,1.0,1.0,1.0,1.0
sex aware,mRMR,10,NeuralNetwork,2,1,val,0.5764498149124266,0.8521739130434781,0.7777777777777778,0.8636363636363636,0.8207070707070707,0.8
sex aware,mRMR,10,NeuralNetwork,2,1,train,0.861716792957819,0.9579831932773109,0.9193548387096774,1.0,0.9596774193548387,0.9397590361445783
sex aware,mRMR,10,NaiveBayes,2,1,val,0.5776330927070037,0.8760330578512397,0.8412698412698413,0.7727272727272727,0.8069985569985569,0.8235294117647058
sex aware,mRMR,10,NaiveBayes,2,1,train,0.4667705142606174,0.8617886178861789,0.8548387096774194,0.6190476190476191,0.7369431643625193,0.7951807228915663
sex aware,mRMR,10,LogisticRegression,2,1,val,0.5592589407158036,0.8421052631578947,0.7619047619047619,0.8636363636363636,0.8127705627705628,0.788235294117647
sex aware,mRMR,10,LogisticRegression,2,1,train,0.6197861965735215,0.8793103448275862,0.8225806451612904,0.8571428571428571,0.8398617511520737,0.8313253012048193
sex aware,mRMR,10,AdaBoost,2,1,val,0.65120831333794,0.8907563025210083,0.8412698412698413,0.8636363636363636,0.8524531024531025,0.8470588235294118
sex aware,mRMR,10,AdaBoost,2,1,train,0.9399949270251939,0.9836065573770492,0.967741935483871,1.0,0.9838709677419355,0.9759036144578314
sex aware,mRMR,10,SVM_RBF,2,1,val,0.5753017106221617,0.864406779661017,0.8095238095238095,0.8181818181818182,0.8138528138528138,0.8117647058823529
sex aware,mRMR,10,SVM_RBF,2,1,train,0.815673084418728,0.9401709401709402,0.8870967741935484,1.0,0.9435483870967742,0.9156626506024096
sex aware,mRMR,10,RandomForest_TUNED,2,1,val,0.7283809499421768,0.9279999999999999,0.9206349206349206,0.8181818181818182,0.8694083694083694,0.8941176470588236
sex aware,mRMR,10,RandomForest_TUNED,2,1,train,1.0,1.0,1.0,1.0,1.0,1.0
sex aware,mRMR,10,AdaBoost_TUNED,2,1,val,0.6353285249985376,0.8925619834710743,0.8571428571428571,0.8181818181818182,0.8376623376623377,0.8470588235294118
sex aware,mRMR,10,AdaBoost_TUNED,2,1,train,0.969097291357943,0.991869918699187,0.9838709677419355,1.0,0.9919354838709677,0.9879518072289156
sex aware,mRMR,10,NeuralNetwork_TUNED,2,1,val,0.5764498149124266,0.8521739130434781,0.7777777777777778,0.8636363636363636,0.8207070707070707,0.8
sex aware,mRMR,10,NeuralNetwork_TUNED,2,1,train,0.861716792957819,0.9579831932773109,0.9193548387096774,1.0,0.9596774193548387,0.9397590361445783
sex aware,mRMR,10,SVM_RBF_TUNED,2,1,val,-0.0917311878493317,0.8356164383561644,0.9682539682539683,0.0,0.48412698412698413,0.7176470588235294
sex aware,mRMR,10,SVM_RBF_TUNED,2,1,train,1.0,1.0,1.0,1.0,1.0,1.0
sex aware,mRMR,10,RandomForest,2,2,val,0.5286873725175247,0.890625,0.9193548387096774,0.5714285714285714,0.7453917050691243,0.8313253012048193
sex aware,mRMR,10,RandomForest,2,2,train,1.0,1.0,1.0,1.0,1.0,1.0
sex aware,mRMR,10,NeuralNetwork,2,2,val,0.4667705142606174,0.8617886178861789,0.8548387096774194,0.6190476190476191,0.7369431643625193,0.7951807228915663
sex aware,mRMR,10,NeuralNetwork,2,2,train,0.8901852573648883,0.9672131147540983,0.9365079365079365,1.0,0.9682539682539683,0.9529411764705882
sex aware,mRMR,10,NaiveBayes,2,2,val,0.5629595088496362,0.8739495798319329,0.8387096774193549,0.7619047619047619,0.8003072196620584,0.8192771084337349
sex aware,mRMR,10,NaiveBayes,2,2,train,0.6930239572900715,0.9090909090909091,0.873015873015873,0.8636363636363636,0.8683261183261184,0.8705882352941177
sex aware,mRMR,10,LogisticRegression,2,2,val,0.4500266884983962,0.8141592920353982,0.7419354838709677,0.7619047619047619,0.7519201228878648,0.7469879518072289
sex aware,mRMR,10,LogisticRegression,2,2,train,0.6689175565424318,0.8771929824561403,0.7936507936507936,0.9545454545454546,0.874098124098124,0.8352941176470589
sex aware,mRMR,10,AdaBoost,2,2,val,0.5145109830733631,0.88,0.8870967741935484,0.6190476190476191,0.7530721966205838,0.8192771084337349
sex aware,mRMR,10,AdaBoost,2,2,train,0.9421072855923245,0.9838709677419354,0.9682539682539683,1.0,0.9841269841269842,0.9764705882352941
sex aware,mRMR,10,SVM_RBF,2,2,val,0.341188819986286,0.829268292682927,0.8225806451612904,0.5238095238095238,0.6731950844854071,0.7469879518072289
sex aware,mRMR,10,SVM_RBF,2,2,train,0.7859889718254929,0.9333333333333333,0.8888888888888888,0.9545454545454546,0.9217171717171717,0.9058823529411765
sex aware,mRMR,10,RandomForest_TUNED,2,2,val,0.5679624121485151,0.8976377952755904,0.9193548387096774,0.6190476190476191,0.7692012288786483,0.8433734939759037
sex aware,mRMR,10,RandomForest_TUNED,2,2,train,1.0,1.0,1.0,1.0,1.0,1.0
sex aware,mRMR,10,AdaBoost_TUNED,2,2,val,0.553763440860215,0.8870967741935484,0.8870967741935484,0.6666666666666666,0.7768817204301075,0.8313253012048193
sex aware,mRMR,10,AdaBoost_TUNED,2,2,train,0.8901852573648883,0.9672131147540983,0.9365079365079365,1.0,0.9682539682539683,0.9529411764705882
sex aware,mRMR,10,NeuralNetwork_TUNED,2,2,val,0.5145109830733631,0.88,0.8870967741935484,0.6190476190476191,0.7530721966205838,0.8192771084337349
sex aware,mRMR,10,NeuralNetwork_TUNED,2,2,train,0.9702261872276653,0.9919999999999999,0.9841269841269841,1.0,0.9920634920634921,0.9882352941176471
sex aware,mRMR,10,SVM_RBF_TUNED,2,2,val,0.0856036020434619,0.8428571428571429,0.9516129032258065,0.09523809523809523,0.5234254992319509,0.7349397590361446
sex aware,mRMR,10,SVM_RBF_TUNED,2,2,train,1.0,1.0,1.0,1.0,1.0,1.0
sex aware,Boruta,10,RandomForest,2,0,test,0.24343224778007383,0.7967479674796747,0.7777777777777778,0.47619047619047616,0.626984126984127,0.7023809523809523
sex aware,Boruta,10,NeuralNetwork,2,0,test,0.2991161661090121,0.7758620689655172,0.7142857142857143,0.6190476190476191,0.6666666666666667,0.6904761904761905
sex aware,Boruta,10,NaiveBayes,2,0,test,0.3184325228553729,0.7454545454545455,0.6507936507936508,0.7142857142857143,0.6825396825396826,0.6666666666666666
sex aware,Boruta,10,LogisticRegression,2,0,test,0.20625499529865807,0.679245283018868,0.5714285714285714,0.6666666666666666,0.6190476190476191,0.5952380952380952
sex aware,Boruta,10,AdaBoost,2,0,test,0.3155764208020858,0.7863247863247863,0.7301587301587301,0.6190476190476191,0.6746031746031746,0.7023809523809523
sex aware,Boruta,10,SVM_RBF,2,0,test,0.30806161848616215,0.7610619469026547,0.6825396825396826,0.6666666666666666,0.6746031746031746,0.6785714285714286
sex aware,Boruta,10,RandomForest_TUNED,2,0,test,0.285625490641075,0.8032786885245902,0.7777777777777778,0.5238095238095238,0.6507936507936508,0.7142857142857143
sex aware,Boruta,10,AdaBoost_TUNED,2,0,test,0.3729539518570105,0.8034188034188035,0.746031746031746,0.6666666666666666,0.7063492063492063,0.7261904761904762
sex aware,Boruta,10,NeuralNetwork_TUNED,2,0,test,0.2673935429164744,0.7543859649122807,0.6825396825396826,0.6190476190476191,0.6507936507936508,0.6666666666666666
sex aware,Boruta,10,SVM_RBF_TUNED,2,0,test,0.2566071597133535,0.8307692307692308,0.8571428571428571,0.38095238095238093,0.6190476190476191,0.7380952380952381
sex aware,Boruta,10,RandomForest,2,1,val,0.6207200740216239,0.894308943089431,0.873015873015873,0.7727272727272727,0.8228715728715729,0.8470588235294118
sex aware,Boruta,10,RandomForest,2,1,train,1.0,1.0,1.0,1.0,1.0,1.0
sex aware,Boruta,10,NeuralNetwork,2,1,val,0.6570088417223136,0.9016393442622951,0.873015873015873,0.8181818181818182,0.8455988455988457,0.8588235294117647
sex aware,Boruta,10,NeuralNetwork,2,1,train,0.8381580761249496,0.9491525423728813,0.9032258064516129,1.0,0.9516129032258065,0.927710843373494
sex aware,Boruta,10,NaiveBayes,2,1,val,0.5647166934888183,0.8288288288288289,0.7301587301587301,0.9090909090909091,0.8196248196248196,0.7764705882352941
sex aware,Boruta,10,NaiveBayes,2,1,train,0.6208447455656229,0.8672566371681416,0.7903225806451613,0.9047619047619048,0.8475422427035331,0.8192771084337349
sex aware,Boruta,10,LogisticRegression,2,1,val,0.5592589407158036,0.8421052631578947,0.7619047619047619,0.8636363636363636,0.8127705627705628,0.788235294117647
sex aware,Boruta,10,LogisticRegression,2,1,train,0.5859597770166821,0.8468468468468467,0.7580645161290323,0.9047619047619048,0.8314132104454686,0.7951807228915663
sex aware,Boruta,10,AdaBoost,2,1,val,0.5707070707070707,0.8888888888888888,0.8888888888888888,0.6818181818181818,0.7853535353535352,0.8352941176470589
sex aware,Boruta,10,AdaBoost,2,1,train,0.9125027618164127,0.9752066115702479,0.9516129032258065,1.0,0.9758064516129032,0.963855421686747
sex aware,Boruta,10,SVM_RBF,2,1,val,0.46473548663347153,0.8548387096774194,0.8412698412698413,0.6363636363636364,0.7388167388167388,0.788235294117647
sex aware,Boruta,10,SVM_RBF,2,1,train,0.7537626739063176,0.9122807017543859,0.8387096774193549,1.0,0.9193548387096775,0.8795180722891566
sex aware,Boruta,10,RandomForest_TUNED,2,1,val,0.5776330927070037,0.8760330578512397,0.8412698412698413,0.7727272727272727,0.8069985569985569,0.8235294117647058
sex aware,Boruta,10,RandomForest_TUNED,2,1,train,1.0,1.0,1.0,1.0,1.0,1.0
sex aware,Boruta,10,AdaBoost_TUNED,2,1,val,0.5707070707070707,0.8888888888888888,0.8888888888888888,0.6818181818181818,0.7853535353535352,0.8352941176470589
sex aware,Boruta,10,AdaBoost_TUNED,2,1,train,1.0,1.0,1.0,1.0,1.0,1.0
sex aware,Boruta,10,NeuralNetwork_TUNED,2,1,val,0.6207200740216239,0.894308943089431,0.873015873015873,0.7727272727272727,0.8228715728715729,0.8470588235294118
sex aware,Boruta,10,NeuralNetwork_TUNED,2,1,train,0.815673084418728,0.9401709401709402,0.8870967741935484,1.0,0.9435483870967742,0.9156626506024096
sex aware,Boruta,10,SVM_RBF_TUNED,2,1,val,0.3459208045124437,0.8592592592592592,0.9206349206349206,0.36363636363636365,0.6421356421356421,0.7764705882352941
sex aware,Boruta,10,SVM_RBF_TUNED,2,1,train,1.0,1.0,1.0,1.0,1.0,1.0
sex aware,Boruta,10,RandomForest,2,2,val,0.42626728110599077,0.8548387096774194,0.8548387096774194,0.5714285714285714,0.7131336405529953,0.7831325301204819
sex aware,Boruta,10,RandomForest,2,2,train,1.0,1.0,1.0,1.0,1.0,1.0
sex aware,Boruta,10,NeuralNetwork,2,2,val,0.36491235967344743,0.8135593220338982,0.7741935483870968,0.6190476190476191,0.6966205837173579,0.7349397590361446
sex aware,Boruta,10,NeuralNetwork,2,2,train,0.8084148218731392,0.9421487603305785,0.9047619047619048,0.9545454545454546,0.9296536796536796,0.9176470588235294
sex aware,Boruta,10,NaiveBayes,2,2,val,0.46730524746756136,0.8245614035087719,0.7580645161290323,0.7619047619047619,0.7599846390168971,0.7590361445783133
sex aware,Boruta,10,NaiveBayes,2,2,train,0.5807041677262265,0.8392857142857143,0.746031746031746,0.9090909090909091,0.8275613275613276,0.788235294117647
sex aware,Boruta,10,LogisticRegression,2,2,val,0.4168937463363184,0.7927927927927928,0.7096774193548387,0.7619047619047619,0.7357910906298003,0.7228915662650602
sex aware,Boruta,10,LogisticRegression,2,2,train,0.5105395840683334,0.8108108108108109,0.7142857142857143,0.8636363636363636,0.788961038961039,0.7529411764705882
sex aware,Boruta,10,AdaBoost,2,2,val,0.4500266884983962,0.8141592920353982,0.7419354838709677,0.7619047619047619,0.7519201228878648,0.7469879518072289
sex aware,Boruta,10,AdaBoost,2,2,train,0.8431395814107511,0.9500000000000001,0.9047619047619048,1.0,0.9523809523809523,0.9294117647058824
sex aware,Boruta,10,SVM_RBF,2,2,val,0.36491235967344743,0.8135593220338982,0.7741935483870968,0.6190476190476191,0.6966205837173579,0.7349397590361446
sex aware,Boruta,10,SVM_RBF,2,2,train,0.7975732794691257,0.943089430894309,0.9206349206349206,0.9090909090909091,0.9148629148629148,0.9176470588235294
sex aware,Boruta,10,RandomForest_TUNED,2,2,val,0.38271222028882895,0.8360655737704918,0.8225806451612904,0.5714285714285714,0.6970046082949308,0.7590361445783133
sex aware,Boruta,10,RandomForest_TUNED,2,2,train,1.0,1.0,1.0,1.0,1.0,1.0
sex aware,Boruta,10,AdaBoost_TUNED,2,2,val,0.4168937463363184,0.7927927927927928,0.7096774193548387,0.7619047619047619,0.7357910906298003,0.7228915662650602
sex aware,Boruta,10,AdaBoost_TUNED,2,2,train,0.9702261872276653,0.9919999999999999,0.9841269841269841,1.0,0.9920634920634921,0.9882352941176471
sex aware,Boruta,10,NeuralNetwork_TUNED,2,2,val,0.36491235967344743,0.8135593220338982,0.7741935483870968,0.6190476190476191,0.6966205837173579,0.7349397590361446
sex aware,Boruta,10,NeuralNetwork_TUNED,2,2,train,0.8318911534542447,0.9508196721311476,0.9206349206349206,0.9545454545454546,0.9375901875901875,0.9294117647058824
sex aware,Boruta,10,SVM_RBF_TUNED,2,2,val,0.15476128066870018,0.8270676691729323,0.8870967741935484,0.23809523809523808,0.5625960061443932,0.7228915662650602
sex aware,Boruta,10,SVM_RBF_TUNED,2,2,train,1.0,1.0,1.0,1.0,1.0,1.0
sex aware,mRMR,10,RandomForest,3,0,test,0.36621827430974147,0.8503937007874016,0.8709677419354839,0.47619047619047616,0.67357910906298,0.7710843373493976
sex aware,mRMR,10,NeuralNetwork,3,0,test,0.44130172852012234,0.7889908256880733,0.6935483870967742,0.8095238095238095,0.7515360983102919,0.7228915662650602
sex aware,mRMR,10,NaiveBayes,3,0,test,0.5007143662022572,0.8818897637795274,0.9032258064516129,0.5714285714285714,0.7373271889400921,0.8192771084337349
sex aware,mRMR,10,LogisticRegression,3,0,test,0.5639053932098806,0.8495575221238938,0.7741935483870968,0.8571428571428571,0.8156682027649769,0.7951807228915663
sex aware,mRMR,10,AdaBoost,3,0,test,0.5457340972606632,0.8760330578512397,0.8548387096774194,0.7142857142857143,0.7845622119815668,0.8192771084337349
sex aware,mRMR,10,SVM_RBF,3,0,test,0.48165257415024326,0.7962962962962964,0.6935483870967742,0.8571428571428571,0.7753456221198156,0.7349397590361446
sex aware,mRMR,10,RandomForest_TUNED,3,0,test,0.43346632025599935,0.8661417322834646,0.8870967741935484,0.5238095238095238,0.7054531490015361,0.7951807228915663
sex aware,mRMR,10,AdaBoost_TUNED,3,0,test,0.6068622080199548,0.8925619834710744,0.8709677419354839,0.7619047619047619,0.8164362519201229,0.8433734939759037
sex aware,mRMR,10,NeuralNetwork_TUNED,3,0,test,0.3697494852127693,0.8,0.7419354838709677,0.6666666666666666,0.7043010752688172,0.7228915662650602
sex aware,mRMR,10,SVM_RBF_TUNED,3,0,test,0.1251390657945562,0.8296296296296296,0.9032258064516129,0.19047619047619047,0.5468509984639016,0.7228915662650602
sex aware,mRMR,10,RandomForest,3,1,val,0.3054432734495774,0.8281250000000001,0.8412698412698413,0.45454545454545453,0.6479076479076479,0.7411764705882353
sex aware,mRMR,10,RandomForest,3,1,train,1.0,1.0,1.0,1.0,1.0,1.0
sex aware,mRMR,10,NeuralNetwork,3,1,val,0.10594569267279519,0.6902654867256637,0.6190476190476191,0.5,0.5595238095238095,0.5882352941176471
sex aware,mRMR,10,NeuralNetwork,3,1,train,0.795099935886035,0.9322033898305084,0.873015873015873,1.0,0.9365079365079365,0.9047619047619048
sex aware,mRMR,10,NaiveBayes,3,1,val,0.15972586329461033,0.7874015748031497,0.7936507936507936,0.36363636363636365,0.5786435786435786,0.6823529411764706
sex aware,mRMR,10,NaiveBayes,3,1,train,0.6270544465288199,0.9172932330827068,0.9682539682539683,0.5714285714285714,0.7698412698412698,0.8690476190476191
sex aware,mRMR,10,LogisticRegression,3,1,val,0.16052377677696242,0.7079646017699115,0.6349206349206349,0.5454545454545454,0.5901875901875901,0.611764705882353
sex aware,mRMR,10,LogisticRegression,3,1,train,0.6033980737740755,0.8833333333333334,0.8412698412698413,0.8095238095238095,0.8253968253968254,0.8333333333333334
sex aware,mRMR,10,AdaBoost,3,1,val,0.34685136354086826,0.8099173553719008,0.7777777777777778,0.5909090909090909,0.6843434343434344,0.7294117647058823
sex aware,mRMR,10,AdaBoost,3,1,train,0.940243570046875,0.9838709677419354,0.9682539682539683,1.0,0.9841269841269842,0.9761904761904762
sex aware,mRMR,10,SVM_RBF,3,1,val,0.15066675711023056,0.7241379310344827,0.6666666666666666,0.5,0.5833333333333333,0.6235294117647059
sex aware,mRMR,10,SVM_RBF,3,1,train,0.7372744860034143,0.9152542372881356,0.8571428571428571,0.9523809523809523,0.9047619047619047,0.8809523809523809
sex aware,mRMR,10,RandomForest_TUNED,3,1,val,0.3453925368937583,0.8225806451612904,0.8095238095238095,0.5454545454545454,0.6774891774891775,0.7411764705882353
sex aware,mRMR,10,RandomForest_TUNED,3,1,train,1.0,1.0,1.0,1.0,1.0,1.0
sex aware,mRMR,10,AdaBoost_TUNED,3,1,val,0.3287840951434269,0.8,0.7619047619047619,0.5909090909090909,0.6764069264069263,0.7176470588235294
sex aware,mRMR,10,AdaBoost_TUNED,3,1,train,1.0,1.0,1.0,1.0,1.0,1.0
sex aware,mRMR,10,NeuralNetwork_TUNED,3,1,val,0.19063694666395212,0.7304347826086955,0.6666666666666666,0.5454545454545454,0.606060606060606,0.6352941176470588
sex aware,mRMR,10,NeuralNetwork_TUNED,3,1,train,0.795099935886035,0.9322033898305084,0.873015873015873,1.0,0.9365079365079365,0.9047619047619048
sex aware,mRMR,10,SVM_RBF_TUNED,3,1,val,-0.23959086675243008,0.7500000000000001,0.8095238095238095,0.0,0.40476190476190477,0.6
sex aware,mRMR,10,SVM_RBF_TUNED,3,1,train,1.0,1.0,1.0,1.0,1.0,1.0
sex aware,mRMR,10,RandomForest,3,2,val,0.3903217867076899,0.8135593220338982,0.7619047619047619,0.6666666666666666,0.7142857142857142,0.7380952380952381
sex aware,mRMR,10,RandomForest,3,2,train,1.0,1.0,1.0,1.0,1.0,1.0
sex aware,mRMR,10,NeuralNetwork,3,2,val,0.3729539518570105,0.8034188034188035,0.746031746031746,0.6666666666666666,0.7063492063492063,0.7261904761904762
sex aware,mRMR,10,NeuralNetwork,3,2,train,0.8431395814107511,0.9500000000000001,0.9047619047619048,1.0,0.9523809523809523,0.9294117647058824
sex aware,mRMR,10,NaiveBayes,3,2,val,0.47643525615380605,0.8750000000000001,0.8888888888888888,0.5714285714285714,0.7301587301587301,0.8095238095238095
sex aware,mRMR,10,NaiveBayes,3,2,train,0.7118102848890859,0.9312977099236641,0.9682539682539683,0.6818181818181818,0.825036075036075,0.8941176470588236
sex aware,mRMR,10,LogisticRegression,3,2,val,0.3962969619506085,0.7999999999999999,0.7301587301587301,0.7142857142857143,0.7222222222222222,0.7261904761904762
sex aware,mRMR,10,LogisticRegression,3,2,train,0.7288383622402346,0.9166666666666667,0.873015873015873,0.9090909090909091,0.8910533910533911,0.8823529411764706
sex aware,mRMR,10,AdaBoost,3,2,val,0.44814723659031064,0.8305084745762712,0.7777777777777778,0.7142857142857143,0.746031746031746,0.7619047619047619
sex aware,mRMR,10,AdaBoost,3,2,train,0.9154754164341269,0.975609756097561,0.9523809523809523,1.0,0.9761904761904762,0.9647058823529412
sex aware,mRMR,10,SVM_RBF,3,2,val,0.3962969619506085,0.7999999999999999,0.7301587301587301,0.7142857142857143,0.7222222222222222,0.7261904761904762
sex aware,mRMR,10,SVM_RBF,3,2,train,0.7975732794691257,0.943089430894309,0.9206349206349206,0.9090909090909091,0.9148629148629148,0.9176470588235294
sex aware,mRMR,10,RandomForest_TUNED,3,2,val,0.4267937594987363,0.8333333333333334,0.7936507936507936,0.6666666666666666,0.7301587301587301,0.7619047619047619
sex aware,mRMR,10,RandomForest_TUNED,3,2,train,1.0,1.0,1.0,1.0,1.0,1.0
sex aware,mRMR,10,AdaBoost_TUNED,3,2,val,0.4130651817695881,0.8103448275862069,0.746031746031746,0.7142857142857143,0.7301587301587302,0.7380952380952381
sex aware,mRMR,10,AdaBoost_TUNED,3,2,train,0.9421072855923245,0.9838709677419354,0.9682539682539683,1.0,0.9841269841269842,0.9764705882352941
sex aware,mRMR,10,NeuralNetwork_TUNED,3,2,val,0.3396831102433787,0.7826086956521738,0.7142857142857143,0.6666666666666666,0.6904761904761905,0.7023809523809523
sex aware,mRMR,10,NeuralNetwork_TUNED,3,2,train,0.8901852573648883,0.9672131147540983,0.9365079365079365,1.0,0.9682539682539683,0.9529411764705882
sex aware,mRMR,10,SVM_RBF_TUNED,3,2,val,-0.1111111111111111,0.7971014492753622,0.873015873015873,0.047619047619047616,0.46031746031746035,0.6666666666666666
sex aware,mRMR,10,SVM_RBF_TUNED,3,2,train,1.0,1.0,1.0,1.0,1.0,1.0
sex aware,Boruta,10,RandomForest,3,0,test,0.403199766095964,0.8333333333333334,0.8064516129032258,0.6190476190476191,0.7127496159754224,0.7590361445783133
sex aware,Boruta,10,NeuralNetwork,3,0,test,0.5069660408541384,0.831858407079646,0.7580645161290323,0.8095238095238095,0.7837941628264209,0.7710843373493976
sex aware,Boruta,10,NaiveBayes,3,0,test,0.5145109830733631,0.88,0.8870967741935484,0.6190476190476191,0.7530721966205838,0.8192771084337349
sex aware,Boruta,10,LogisticRegression,3,0,test,0.4009540091767969,0.7818181818181819,0.6935483870967742,0.7619047619047619,0.727726574500768,0.7108433734939759
sex aware,Boruta,10,AdaBoost,3,0,test,0.4500266884983962,0.8141592920353982,0.7419354838709677,0.7619047619047619,0.7519201228878648,0.7469879518072289
sex aware,Boruta,10,SVM_RBF,3,0,test,0.4500266884983962,0.8141592920353982,0.7419354838709677,0.7619047619047619,0.7519201228878648,0.7469879518072289
sex aware,Boruta,10,RandomForest_TUNED,3,0,test,0.4240680742298852,0.8305084745762712,0.7903225806451613,0.6666666666666666,0.728494623655914,0.7590361445783133
sex aware,Boruta,10,AdaBoost_TUNED,3,0,test,0.46730524746756136,0.8245614035087719,0.7580645161290323,0.7619047619047619,0.7599846390168971,0.7590361445783133
sex aware,Boruta,10,NeuralNetwork_TUNED,3,0,test,0.5639053932098806,0.8495575221238938,0.7741935483870968,0.8571428571428571,0.8156682027649769,0.7951807228915663
sex aware,Boruta,10,SVM_RBF_TUNED,3,0,test,0.2067075453820471,0.8333333333333333,0.8870967741935484,0.2857142857142857,0.586405529953917,0.7349397590361446
sex aware,Boruta,10,RandomForest,3,1,val,0.32768258682878765,0.8372093023255814,0.8571428571428571,0.45454545454545453,0.6558441558441558,0.7529411764705882
sex aware,Boruta,10,RandomForest,3,1,train,1.0,1.0,1.0,1.0,1.0,1.0
sex aware,Boruta,10,NeuralNetwork,3,1,val,0.05837420208319897,0.7272727272727273,0.6984126984126984,0.36363636363636365,0.531024531024531,0.611764705882353
sex aware,Boruta,10,NeuralNetwork,3,1,train,0.7745966692414833,0.923076923076923,0.8571428571428571,1.0,0.9285714285714286,0.8928571428571429
sex aware,Boruta,10,NaiveBayes,3,1,val,0.5775064575515225,0.9007633587786259,0.9365079365079365,0.5909090909090909,0.7637085137085138,0.8470588235294118
sex aware,Boruta,10,NaiveBayes,3,1,train,0.5637981363555521,0.864406779661017,0.8095238095238095,0.8095238095238095,0.8095238095238095,0.8095238095238095
sex aware,Boruta,10,LogisticRegression,3,1,val,0.24895011434780775,0.7868852459016393,0.7619047619047619,0.5,0.6309523809523809,0.6941176470588235
sex aware,Boruta,10,LogisticRegression,3,1,train,0.6024640760767093,0.8717948717948718,0.8095238095238095,0.8571428571428571,0.8333333333333333,0.8214285714285714
sex aware,Boruta,10,AdaBoost,3,1,val,0.26406926406926406,0.8095238095238095,0.8095238095238095,0.45454545454545453,0.6320346320346321,0.7176470588235294
sex aware,Boruta,10,AdaBoost,3,1,train,0.8785882539782275,0.9677419354838709,0.9523809523809523,0.9523809523809523,0.9523809523809523,0.9523809523809523
sex aware,Boruta,10,SVM_RBF,3,1,val,0.031209389196617962,0.7317073170731706,0.7142857142857143,0.3181818181818182,0.5162337662337663,0.611764705882353
sex aware,Boruta,10,SVM_RBF,3,1,train,0.7172191381865587,0.905982905982906,0.8412698412698413,0.9523809523809523,0.8968253968253967,0.8690476190476191
sex aware,Boruta,10,RandomForest_TUNED,3,1,val,0.2632080037721975,0.8217054263565892,0.8412698412698413,0.4090909090909091,0.6251803751803752,0.7294117647058823
sex aware,Boruta,10,RandomForest_TUNED,3,1,train,1.0,1.0,1.0,1.0,1.0,1.0
sex aware,Boruta,10,AdaBoost_TUNED,3,1,val,0.34656116210252613,0.8346456692913385,0.8412698412698413,0.5,0.6706349206349207,0.7529411764705882
sex aware,Boruta,10,AdaBoost_TUNED,3,1,train,0.8520128672302584,0.9593495934959351,0.9365079365079365,0.9523809523809523,0.9444444444444444,0.9404761904761905
sex aware,Boruta,10,NeuralNetwork_TUNED,3,1,val,0.08465041534689702,0.7226890756302521,0.6825396825396826,0.4090909090909091,0.5458152958152959,0.611764705882353
sex aware,Boruta,10,NeuralNetwork_TUNED,3,1,train,0.7177405625652734,0.8947368421052632,0.8095238095238095,1.0,0.9047619047619048,0.8571428571428571
sex aware,Boruta,10,SVM_RBF_TUNED,3,1,val,0.15175196573556626,0.8450704225352113,0.9523809523809523,0.13636363636363635,0.5443722943722944,0.7411764705882353
sex aware,Boruta,10,SVM_RBF_TUNED,3,1,train,1.0,1.0,1.0,1.0,1.0,1.0
sex aware,Boruta,10,RandomForest,3,2,val,0.38655567174253413,0.8264462809917354,0.7936507936507936,0.6190476190476191,0.7063492063492063,0.75
sex aware,Boruta,10,RandomForest,3,2,train,1.0,1.0,1.0,1.0,1.0,1.0
sex aware,Boruta,10,NeuralNetwork,3,2,val,0.3396831102433787,0.7826086956521738,0.7142857142857143,0.6666666666666666,0.6904761904761905,0.7023809523809523
sex aware,Boruta,10,NeuralNetwork,3,2,train,0.8001322641986387,0.9322033898305084,0.873015873015873,1.0,0.9365079365079365,0.9058823529411765
sex aware,Boruta,10,NaiveBayes,3,2,val,0.3962969619506085,0.7999999999999999,0.7301587301587301,0.7142857142857143,0.7222222222222222,0.7261904761904762
sex aware,Boruta,10,NaiveBayes,3,2,train,0.48124094394062716,0.8403361344537815,0.7936507936507936,0.7272727272727273,0.7604617604617605,0.7764705882352941
sex aware,Boruta,10,LogisticRegression,3,2,val,0.3888888888888889,0.7747747747747749,0.6825396825396826,0.7619047619047619,0.7222222222222222,0.7023809523809523
sex aware,Boruta,10,LogisticRegression,3,2,train,0.5213336908769303,0.8347826086956522,0.7619047619047619,0.8181818181818182,0.7900432900432901,0.7764705882352941
sex aware,Boruta,10,AdaBoost,3,2,val,0.3333333333333333,0.7567567567567567,0.6666666666666666,0.7142857142857143,0.6904761904761905,0.6785714285714286
sex aware,Boruta,10,AdaBoost,3,2,train,0.8824358107224678,0.9677419354838709,0.9523809523809523,0.9545454545454546,0.9534632034632035,0.9529411764705882
sex aware,Boruta,10,SVM_RBF,3,2,val,0.34853574033876183,0.7678571428571428,0.6825396825396826,0.7142857142857143,0.6984126984126984,0.6904761904761905
sex aware,Boruta,10,SVM_RBF,3,2,train,0.6716877526549764,0.9,0.8571428571428571,0.8636363636363636,0.8603896103896104,0.8588235294117647
sex aware,Boruta,10,RandomForest_TUNED,3,2,val,0.3651483716701107,0.8292682926829269,0.8095238095238095,0.5714285714285714,0.6904761904761905,0.75
sex aware,Boruta,10,RandomForest_TUNED,3,2,train,1.0,1.0,1.0,1.0,1.0,1.0
sex aware,Boruta,10,AdaBoost_TUNED,3,2,val,0.3738120920476116,0.7636363636363636,0.6666666666666666,0.7619047619047619,0.7142857142857142,0.6904761904761905
sex aware,Boruta,10,AdaBoost_TUNED,3,2,train,0.9154754164341269,0.975609756097561,0.9523809523809523,1.0,0.9761904761904762,0.9647058823529412
sex aware,Boruta,10,NeuralNetwork_TUNED,3,2,val,0.3903217867076899,0.8135593220338982,0.7619047619047619,0.6666666666666666,0.7142857142857142,0.7380952380952381
sex aware,Boruta,10,NeuralNetwork_TUNED,3,2,train,0.7439246258045195,0.9152542372881356,0.8571428571428571,0.9545454545454546,0.9058441558441559,0.8823529411764706
sex aware,Boruta,10,SVM_RBF_TUNED,3,2,val,0.3333333333333333,0.8695652173913043,0.9523809523809523,0.2857142857142857,0.6190476190476191,0.7857142857142857
sex aware,Boruta,10,SVM_RBF_TUNED,3,2,train,1.0,1.0,1.0,1.0,1.0,1.0
female,mRMR,10,RandomForest,1,0,test,0.307329184726347,0.7547169811320754,0.7407407407407407,0.5714285714285714,0.656084656084656,0.6829268292682927
female,mRMR,10,NeuralNetwork,1,0,test,0.36226673028138096,0.7346938775510203,0.6666666666666666,0.7142857142857143,0.6904761904761905,0.6829268292682927
female,mRMR,10,NaiveBayes,1,0,test,0.36226673028138096,0.7346938775510203,0.6666666666666666,0.7142857142857143,0.6904761904761905,0.6829268292682927
female,mRMR,10,LogisticRegression,1,0,test,0.42916625387999435,0.75,0.6666666666666666,0.7857142857142857,0.7261904761904762,0.7073170731707317
female,mRMR,10,AdaBoost,1,0,test,0.33357639752971024,0.7450980392156864,0.7037037037037037,0.6428571428571429,0.6732804232804233,0.6829268292682927
female,mRMR,10,SVM_RBF,1,0,test,0.46541211876427413,0.7755102040816326,0.7037037037037037,0.7857142857142857,0.7447089947089947,0.7317073170731707
female,mRMR,10,RandomForest_TUNED,1,0,test,0.37289976240838874,0.7692307692307692,0.7407407407407407,0.6428571428571429,0.6917989417989419,0.7073170731707317
female,mRMR,10,AdaBoost_TUNED,1,0,test,0.33357639752971024,0.7450980392156864,0.7037037037037037,0.6428571428571429,0.6732804232804233,0.6829268292682927
female,mRMR,10,NeuralNetwork_TUNED,1,0,test,0.42916625387999435,0.75,0.6666666666666666,0.7857142857142857,0.7261904761904762,0.7073170731707317
female,mRMR,10,SVM_RBF_TUNED,1,0,test,0.13842325574998698,0.7741935483870968,0.8888888888888888,0.21428571428571427,0.5515873015873015,0.6585365853658537
female,mRMR,10,RandomForest,1,1,val,0.7344646618036428,0.9056603773584906,0.8888888888888888,0.8571428571428571,0.873015873015873,0.8780487804878049
female,mRMR,10,RandomForest,1,1,train,1.0,1.0,1.0,1.0,1.0,1.0
female,mRMR,10,NeuralNetwork,1,1,val,0.6276807925343189,0.8679245283018868,0.8518518518518519,0.7857142857142857,0.8187830687830688,0.8292682926829268
female,mRMR,10,NeuralNetwork,1,1,train,0.9456108576893004,0.9811320754716981,0.9629629629629629,1.0,0.9814814814814814,0.975
female,mRMR,10,NaiveBayes,1,1,val,0.6467817173476824,0.8627450980392156,0.8148148148148148,0.8571428571428571,0.8359788359788359,0.8292682926829268
female,mRMR,10,NaiveBayes,1,1,train,0.7855533190649869,0.923076923076923,0.8888888888888888,0.9230769230769231,0.905982905982906,0.9
female,mRMR,10,LogisticRegression,1,1,val,0.542379944075025,0.823529411764706,0.7777777777777778,0.7857142857142857,0.7817460317460317,0.7804878048780488
female,mRMR,10,LogisticRegression,1,1,train,0.886039886039886,0.9629629629629629,0.9629629629629629,0.9230769230769231,0.9430199430199431,0.95
female,mRMR,10,AdaBoost,1,1,val,0.783068783068783,0.9259259259259259,0.9259259259259259,0.8571428571428571,0.8915343915343915,0.9024390243902439
female,mRMR,10,AdaBoost,1,1,train,1.0,1.0,1.0,1.0,1.0,1.0
female,mRMR,10,SVM_RBF,1,1,val,0.5661375661375662,0.8518518518518519,0.8518518518518519,0.7142857142857143,0.783068783068783,0.8048780487804879
female,mRMR,10,SVM_RBF,1,1,train,0.886039886039886,0.9629629629629629,0.9629629629629629,0.9230769230769231,0.9430199430199431,0.95
female,mRMR,10,RandomForest_TUNED,1,1,val,0.7344646618036428,0.9056603773584906,0.8888888888888888,0.8571428571428571,0.873015873015873,0.8780487804878049
female,mRMR,10,RandomForest_TUNED,1,1,train,1.0,1.0,1.0,1.0,1.0,1.0
female,mRMR,10,AdaBoost_TUNED,1,1,val,0.7251964813926101,0.9090909090909091,0.9259259259259259,0.7857142857142857,0.8558201058201058,0.8780487804878049
female,mRMR,10,AdaBoost_TUNED,1,1,train,1.0,1.0,1.0,1.0,1.0,1.0
female,mRMR,10,NeuralNetwork_TUNED,1,1,val,0.6276807925343189,0.8679245283018868,0.8518518518518519,0.7857142857142857,0.8187830687830688,0.8292682926829268
female,mRMR,10,NeuralNetwork_TUNED,1,1,train,1.0,1.0,1.0,1.0,1.0,1.0
female,mRMR,10,SVM_RBF_TUNED,1,1,val,0.4566116604886569,0.8437499999999999,1.0,0.2857142857142857,0.6428571428571428,0.7560975609756098
female,mRMR,10,SVM_RBF_TUNED,1,1,train,1.0,1.0,1.0,1.0,1.0,1.0
female,mRMR,10,RandomForest,1,2,val,0.5940280741424203,0.8727272727272727,0.8888888888888888,0.6923076923076923,0.7905982905982906,0.825
female,mRMR,10,RandomForest,1,2,train,1.0,1.0,1.0,1.0,1.0,1.0
female,mRMR,10,NeuralNetwork,1,2,val,0.5229763603684907,0.823529411764706,0.7777777777777778,0.7692307692307693,0.7735042735042735,0.775
female,mRMR,10,NeuralNetwork,1,2,train,0.9480324003422907,0.9811320754716981,0.9629629629629629,1.0,0.9814814814814814,0.975609756097561
female,mRMR,10,NaiveBayes,1,2,val,0.5157239530948289,0.7916666666666667,0.7037037037037037,0.8461538461538461,0.774928774928775,0.75
female,mRMR,10,NaiveBayes,1,2,train,0.8412485310729668,0.9433962264150944,0.9259259259259259,0.9285714285714286,0.9272486772486772,0.926829268292683
female,mRMR,10,LogisticRegression,1,2,val,0.483182385978576,0.7999999999999999,0.7407407407407407,0.7692307692307693,0.754985754985755,0.75
female,mRMR,10,LogisticRegression,1,2,train,0.8555852638929972,0.9411764705882353,0.8888888888888888,1.0,0.9444444444444444,0.926829268292683
female,mRMR,10,AdaBoost,1,2,val,0.5441595441595442,0.8518518518518519,0.8518518518518519,0.6923076923076923,0.7720797720797721,0.8
female,mRMR,10,AdaBoost,1,2,train,1.0,1.0,1.0,1.0,1.0,1.0
female,mRMR,10,SVM_RBF,1,2,val,0.5229763603684907,0.823529411764706,0.7777777777777778,0.7692307692307693,0.7735042735042735,0.775
female,mRMR,10,SVM_RBF,1,2,train,0.9001028747788694,0.9615384615384615,0.9259259259259259,1.0,0.962962962962963,0.9512195121951219
female,mRMR,10,RandomForest_TUNED,1,2,val,0.5289618692410673,0.8571428571428572,0.8888888888888888,0.6153846153846154,0.7521367521367521,0.8
female,mRMR,10,RandomForest_TUNED,1,2,train,1.0,1.0,1.0,1.0,1.0,1.0
female,mRMR,10,AdaBoost_TUNED,1,2,val,0.4979844161795724,0.830188679245283,0.8148148148148148,0.6923076923076923,0.7535612535612535,0.775
female,mRMR,10,AdaBoost_TUNED,1,2,train,1.0,1.0,1.0,1.0,1.0,1.0
female,mRMR,10,NeuralNetwork_TUNED,1,2,val,0.5911561035156879,0.84,0.7777777777777778,0.8461538461538461,0.811965811965812,0.8
female,mRMR,10,NeuralNetwork_TUNED,1,2,train,0.9480324003422907,0.9811320754716981,0.9629629629629629,1.0,0.9814814814814814,0.975609756097561
female,mRMR,10,SVM_RBF_TUNED,1,2,val,0.08571714180990858,0.7999999999999999,0.9629629629629629,0.07692307692307693,0.51994301994302,0.675
female,mRMR,10,SVM_RBF_TUNED,1,2,train,1.0,1.0,1.0,1.0,1.0,1.0
female,Boruta,10,RandomForest,1,0,test,0.26745913993429266,0.7307692307692308,0.7037037037037037,0.5714285714285714,0.6375661375661376,0.6585365853658537
female,Boruta,10,NeuralNetwork,1,0,test,0.3492063492063492,0.7777777777777778,0.7777777777777778,0.5714285714285714,0.6746031746031746,0.7073170731707317
female,Boruta,10,NaiveBayes,1,0,test,0.307329184726347,0.7547169811320754,0.7407407407407407,0.5714285714285714,0.656084656084656,0.6829268292682927
female,Boruta,10,LogisticRegression,1,0,test,0.3262667427157852,0.7083333333333334,0.6296296296296297,0.7142857142857143,0.671957671957672,0.6585365853658537
female,Boruta,10,AdaBoost,1,0,test,0.3492063492063492,0.7777777777777778,0.7777777777777778,0.5714285714285714,0.6746031746031746,0.7073170731707317
female,Boruta,10,SVM_RBF,1,0,test,0.22917462425705282,0.7058823529411765,0.6666666666666666,0.5714285714285714,0.6190476190476191,0.6341463414634146
female,Boruta,10,RandomForest_TUNED,1,0,test,0.307329184726347,0.7547169811320754,0.7407407407407407,0.5714285714285714,0.656084656084656,0.6829268292682927
female,Boruta,10,AdaBoost_TUNED,1,0,test,0.3936010642502642,0.7999999999999999,0.8148148148148148,0.5714285714285714,0.693121693121693,0.7317073170731707
female,Boruta,10,NeuralNetwork_TUNED,1,0,test,0.3492063492063492,0.7777777777777778,0.7777777777777778,0.5714285714285714,0.6746031746031746,0.7073170731707317
female,Boruta,10,SVM_RBF_TUNED,1,0,test,0.11517055318010709,0.7457627118644067,0.8148148148148148,0.2857142857142857,0.5502645502645502,0.6341463414634146
female,Boruta,10,RandomForest,1,1,val,0.5208969232649949,0.830188679245283,0.8148148148148148,0.7142857142857143,0.7645502645502645,0.7804878048780488
female,Boruta,10,RandomForest,1,1,train,1.0,1.0,1.0,1.0,1.0,1.0
female,Boruta,10,NeuralNetwork,1,1,val,0.583781007356581,0.8461538461538461,0.8148148148148148,0.7857142857142857,0.8002645502645502,0.8048780487804879
female,Boruta,10,NeuralNetwork,1,1,train,1.0,1.0,1.0,1.0,1.0,1.0
female,Boruta,10,NaiveBayes,1,1,val,0.6689732243853485,0.896551724137931,0.9629629629629629,0.6428571428571429,0.8029100529100529,0.8536585365853658
female,Boruta,10,NaiveBayes,1,1,train,0.7680406801974818,0.9285714285714286,0.9629629629629629,0.7692307692307693,0.8660968660968661,0.9
female,Boruta,10,LogisticRegression,1,1,val,0.6066876735910534,0.84,0.7777777777777778,0.8571428571428571,0.8174603174603174,0.8048780487804879
female,Boruta,10,LogisticRegression,1,1,train,0.8337042473118683,0.9433962264150944,0.9259259259259259,0.9230769230769231,0.9245014245014245,0.925
female,Boruta,10,AdaBoost,1,1,val,0.583781007356581,0.8461538461538461,0.8148148148148148,0.7857142857142857,0.8002645502645502,0.8048780487804879
female,Boruta,10,AdaBoost,1,1,train,1.0,1.0,1.0,1.0,1.0,1.0
female,Boruta,10,SVM_RBF,1,1,val,0.5030451960192485,0.7999999999999999,0.7407407407407407,0.7857142857142857,0.7632275132275133,0.7560975609756098
female,Boruta,10,SVM_RBF,1,1,train,0.9456108576893004,0.9811320754716981,0.9629629629629629,1.0,0.9814814814814814,0.975
female,Boruta,10,RandomForest_TUNED,1,1,val,0.583781007356581,0.8461538461538461,0.8148148148148148,0.7857142857142857,0.8002645502645502,0.8048780487804879
female,Boruta,10,RandomForest_TUNED,1,1,train,1.0,1.0,1.0,1.0,1.0,1.0
female,Boruta,10,AdaBoost_TUNED,1,1,val,0.583781007356581,0.8461538461538461,0.8148148148148148,0.7857142857142857,0.8002645502645502,0.8048780487804879
female,Boruta,10,AdaBoost_TUNED,1,1,train,1.0,1.0,1.0,1.0,1.0,1.0
female,Boruta,10,NeuralNetwork_TUNED,1,1,val,0.5661375661375662,0.8518518518518519,0.8518518518518519,0.7142857142857143,0.783068783068783,0.8048780487804879
female,Boruta,10,NeuralNetwork_TUNED,1,1,train,1.0,1.0,1.0,1.0,1.0,1.0
female,Boruta,10,SVM_RBF_TUNED,1,1,val,0.5041328699643796,0.8363636363636364,0.8518518518518519,0.6428571428571429,0.7473544973544974,0.7804878048780488
female,Boruta,10,SVM_RBF_TUNED,1,1,train,1.0,1.0,1.0,1.0,1.0,1.0
female,Boruta,10,RandomForest,1,2,val,0.5289618692410673,0.8571428571428572,0.8888888888888888,0.6153846153846154,0.7521367521367521,0.8
female,Boruta,10,RandomForest,1,2,train,1.0,1.0,1.0,1.0,1.0,1.0
female,Boruta,10,NeuralNetwork,1,2,val,0.4452530846175245,0.7755102040816326,0.7037037037037037,0.7692307692307693,0.7364672364672364,0.725
female,Boruta,10,NeuralNetwork,1,2,train,0.8412485310729668,0.9433962264150944,0.9259259259259259,0.9285714285714286,0.9272486772486772,0.926829268292683
female,Boruta,10,NaiveBayes,1,2,val,0.6581196581196581,0.8888888888888888,0.8888888888888888,0.7692307692307693,0.829059829059829,0.85
female,Boruta,10,NaiveBayes,1,2,train,0.6672365745026809,0.8928571428571429,0.9259259259259259,0.7142857142857143,0.8201058201058201,0.8536585365853658
female,Boruta,10,LogisticRegression,1,2,val,0.3379631847096873,0.7346938775510203,0.6666666666666666,0.6923076923076923,0.6794871794871795,0.675
female,Boruta,10,LogisticRegression,1,2,train,0.8412485310729668,0.9433962264150944,0.9259259259259259,0.9285714285714286,0.9272486772486772,0.926829268292683
female,Boruta,10,AdaBoost,1,2,val,0.7087835840655705,0.912280701754386,0.9629629629629629,0.6923076923076923,0.8276353276353277,0.875
female,Boruta,10,AdaBoost,1,2,train,1.0,1.0,1.0,1.0,1.0,1.0
female,Boruta,10,SVM_RBF,1,2,val,0.5441595441595442,0.8518518518518519,0.8518518518518519,0.6923076923076923,0.7720797720797721,0.8
female,Boruta,10,SVM_RBF,1,2,train,0.783068783068783,0.9259259259259259,0.9259259259259259,0.8571428571428571,0.8915343915343915,0.9024390243902439
female,Boruta,10,RandomForest_TUNED,1,2,val,0.5940280741424203,0.8727272727272727,0.8888888888888888,0.6923076923076923,0.7905982905982906,0.825
female,Boruta,10,RandomForest_TUNED,1,2,train,1.0,1.0,1.0,1.0,1.0,1.0
female,Boruta,10,AdaBoost_TUNED,1,2,val,0.7087835840655705,0.912280701754386,0.9629629629629629,0.6923076923076923,0.8276353276353277,0.875
female,Boruta,10,AdaBoost_TUNED,1,2,train,1.0,1.0,1.0,1.0,1.0,1.0
female,Boruta,10,NeuralNetwork_TUNED,1,2,val,0.483182385978576,0.7999999999999999,0.7407407407407407,0.7692307692307693,0.754985754985755,0.75
female,Boruta,10,NeuralNetwork_TUNED,1,2,train,0.7511834906203398,0.9019607843137256,0.8518518518518519,0.9285714285714286,0.8902116402116402,0.8780487804878049
female,Boruta,10,SVM_RBF_TUNED,1,2,val,-0.1111111111111111,0.7878787878787878,0.9629629629629629,0.0,0.48148148148148145,0.65
female,Boruta,10,SVM_RBF_TUNED,1,2,train,1.0,1.0,1.0,1.0,1.0,1.0
female,mRMR,10,RandomForest,2,0,test,0.6276807925343189,0.8679245283018868,0.8518518518518519,0.7857142857142857,0.8187830687830688,0.8292682926829268
female,mRMR,10,NeuralNetwork,2,0,test,0.6276807925343189,0.8679245283018868,0.8518518518518519,0.7857142857142857,0.8187830687830688,0.8292682926829268
female,mRMR,10,NaiveBayes,2,0,test,0.5661375661375662,0.8518518518518519,0.8518518518518519,0.7142857142857143,0.783068783068783,0.8048780487804879
female,mRMR,10,LogisticRegression,2,0,test,0.39940271844744346,0.76,0.7037037037037037,0.7142857142857143,0.7089947089947091,0.7073170731707317
female,mRMR,10,AdaBoost,2,0,test,0.4576719576719577,0.8148148148148148,0.8148148148148148,0.6428571428571429,0.7288359788359788,0.7560975609756098
female,mRMR,10,SVM_RBF,2,0,test,0.47834038488248487,0.8076923076923077,0.7777777777777778,0.7142857142857143,0.746031746031746,0.7560975609756098
female,mRMR,10,RandomForest_TUNED,2,0,test,0.5661375661375662,0.8518518518518519,0.8518518518518519,0.7142857142857143,0.783068783068783,0.8048780487804879
female,mRMR,10,AdaBoost_TUNED,2,0,test,0.5041328699643796,0.8363636363636364,0.8518518518518519,0.6428571428571429,0.7473544973544974,0.7804878048780488
female,mRMR,10,NeuralNetwork_TUNED,2,0,test,0.5661375661375662,0.8518518518518519,0.8518518518518519,0.7142857142857143,0.783068783068783,0.8048780487804879
female,mRMR,10,SVM_RBF_TUNED,2,0,test,0.2839451399999733,0.8064516129032259,0.9259259259259259,0.2857142857142857,0.6058201058201058,0.7073170731707317
female,mRMR,10,RandomForest,2,1,val,0.3096557283181089,0.7931034482758621,0.8518518518518519,0.42857142857142855,0.6402116402116402,0.7073170731707317
female,mRMR,10,RandomForest,2,1,train,1.0,1.0,1.0,1.0,1.0,1.0
female,mRMR,10,NeuralNetwork,2,1,val,0.42942822700718875,0.8275862068965517,0.8888888888888888,0.5,0.6944444444444444,0.7560975609756098
female,mRMR,10,NeuralNetwork,2,1,train,0.8958064164776166,0.9615384615384615,0.9259259259259259,1.0,0.962962962962963,0.95
female,mRMR,10,NaiveBayes,2,1,val,0.6276807925343189,0.8679245283018868,0.8518518518518519,0.7857142857142857,0.8187830687830688,0.8292682926829268
female,mRMR,10,NaiveBayes,2,1,train,0.5157239530948289,0.7916666666666667,0.7037037037037037,0.8461538461538461,0.774928774928775,0.75
female,mRMR,10,LogisticRegression,2,1,val,0.6146646756784948,0.8727272727272727,0.8888888888888888,0.7142857142857143,0.8015873015873016,0.8292682926829268
female,mRMR,10,LogisticRegression,2,1,train,0.7671227843410362,0.8979591836734693,0.8148148148148148,1.0,0.9074074074074074,0.875
female,mRMR,10,AdaBoost,2,1,val,0.5541923614671027,0.8571428571428572,0.8888888888888888,0.6428571428571429,0.7658730158730158,0.8048780487804879
female,mRMR,10,AdaBoost,2,1,train,1.0,1.0,1.0,1.0,1.0,1.0
female,mRMR,10,SVM_RBF,2,1,val,0.363696483726654,0.8135593220338982,0.8888888888888888,0.42857142857142855,0.6587301587301587,0.7317073170731707
female,mRMR,10,SVM_RBF,2,1,train,0.8958064164776166,0.9615384615384615,0.9259259259259259,1.0,0.962962962962963,0.95
female,mRMR,10,RandomForest_TUNED,2,1,val,0.37657264700669,0.8070175438596491,0.8518518518518519,0.5,0.6759259259259259,0.7317073170731707
female,mRMR,10,RandomForest_TUNED,2,1,train,1.0,1.0,1.0,1.0,1.0,1.0
female,mRMR,10,AdaBoost_TUNED,2,1,val,0.5541923614671027,0.8571428571428572,0.8888888888888888,0.6428571428571429,0.7658730158730158,0.8048780487804879
female,mRMR,10,AdaBoost_TUNED,2,1,train,1.0,1.0,1.0,1.0,1.0,1.0
female,mRMR,10,NeuralNetwork_TUNED,2,1,val,0.363696483726654,0.8135593220338982,0.8888888888888888,0.42857142857142855,0.6587301587301587,0.7317073170731707
female,mRMR,10,NeuralNetwork_TUNED,2,1,train,0.8958064164776166,0.9615384615384615,0.9259259259259259,1.0,0.962962962962963,0.95
female,mRMR,10,SVM_RBF_TUNED,2,1,val,-0.1138550085106622,0.7761194029850746,0.9629629629629629,0.0,0.48148148148148145,0.6341463414634146
female,mRMR,10,SVM_RBF_TUNED,2,1,train,1.0,1.0,1.0,1.0,1.0,1.0
female,mRMR,10,RandomForest,2,2,val,0.2342878320018382,0.7307692307692308,0.7037037037037037,0.5384615384615384,0.621082621082621,0.65
female,mRMR,10,RandomForest,2,2,train,1.0,1.0,1.0,1.0,1.0,1.0
female,mRMR,10,NeuralNetwork,2,2,val,0.30195236631977024,0.7083333333333334,0.6296296296296297,0.6923076923076923,0.6609686609686609,0.65
female,mRMR,10,NeuralNetwork,2,2,train,1.0,1.0,1.0,1.0,1.0,1.0
female,mRMR,10,NaiveBayes,2,2,val,0.4803844614152614,0.7659574468085106,0.6666666666666666,0.8461538461538461,0.7564102564102564,0.725
female,mRMR,10,NaiveBayes,2,2,train,0.7511834906203398,0.9019607843137256,0.8518518518518519,0.9285714285714286,0.8902116402116402,0.8780487804878049
female,mRMR,10,LogisticRegression,2,2,val,0.3057762147373361,0.6666666666666667,0.5555555555555556,0.7692307692307693,0.6623931623931625,0.625
female,mRMR,10,LogisticRegression,2,2,train,0.7344646618036428,0.9056603773584906,0.8888888888888888,0.8571428571428571,0.873015873015873,0.8780487804878049
female,mRMR,10,AdaBoost,2,2,val,0.19506657293224094,0.6666666666666666,0.5925925925925926,0.6153846153846154,0.603988603988604,0.6
female,mRMR,10,AdaBoost,2,2,train,1.0,1.0,1.0,1.0,1.0,1.0
female,mRMR,10,SVM_RBF,2,2,val,0.4452530846175245,0.7755102040816326,0.7037037037037037,0.7692307692307693,0.7364672364672364,0.725
female,mRMR,10,SVM_RBF,2,2,train,1.0,1.0,1.0,1.0,1.0,1.0
female,mRMR,10,RandomForest_TUNED,2,2,val,0.375208668441464,0.76,0.7037037037037037,0.6923076923076923,0.698005698005698,0.7
female,mRMR,10,RandomForest_TUNED,2,2,train,1.0,1.0,1.0,1.0,1.0,1.0
female,mRMR,10,AdaBoost_TUNED,2,2,val,0.19506657293224094,0.6666666666666666,0.5925925925925926,0.6153846153846154,0.603988603988604,0.6
female,mRMR,10,AdaBoost_TUNED,2,2,train,1.0,1.0,1.0,1.0,1.0,1.0
female,mRMR,10,NeuralNetwork_TUNED,2,2,val,0.375208668441464,0.76,0.7037037037037037,0.6923076923076923,0.698005698005698,0.7
female,mRMR,10,NeuralNetwork_TUNED,2,2,train,1.0,1.0,1.0,1.0,1.0,1.0
female,mRMR,10,SVM_RBF_TUNED,2,2,val,0.0050662305843061466,0.7812500000000001,0.9259259259259259,0.07692307692307693,0.5014245014245015,0.65
female,mRMR,10,SVM_RBF_TUNED,2,2,train,1.0,1.0,1.0,1.0,1.0,1.0
female,Boruta,10,RandomForest,2,0,test,0.6146646756784948,0.8727272727272727,0.8888888888888888,0.7142857142857143,0.8015873015873016,0.8292682926829268
female,Boruta,10,NeuralNetwork,2,0,test,0.5208969232649949,0.830188679245283,0.8148148148148148,0.7142857142857143,0.7645502645502645,0.7804878048780488
female,Boruta,10,NaiveBayes,2,0,test,0.4576719576719577,0.8148148148148148,0.8148148148148148,0.6428571428571429,0.7288359788359788,0.7560975609756098
female,Boruta,10,LogisticRegression,2,0,test,0.4576719576719577,0.8148148148148148,0.8148148148148148,0.6428571428571429,0.7288359788359788,0.7560975609756098
female,Boruta,10,AdaBoost,2,0,test,0.5041328699643796,0.8363636363636364,0.8518518518518519,0.6428571428571429,0.7473544973544974,0.7804878048780488
female,Boruta,10,SVM_RBF,2,0,test,0.4576719576719577,0.8148148148148148,0.8148148148148148,0.6428571428571429,0.7288359788359788,0.7560975609756098
female,Boruta,10,RandomForest_TUNED,2,0,test,0.6146646756784948,0.8727272727272727,0.8888888888888888,0.7142857142857143,0.8015873015873016,0.8292682926829268
female,Boruta,10,AdaBoost_TUNED,2,0,test,0.4576719576719577,0.8148148148148148,0.8148148148148148,0.6428571428571429,0.7288359788359788,0.7560975609756098
female,Boruta,10,NeuralNetwork_TUNED,2,0,test,0.4576719576719577,0.8148148148148148,0.8148148148148148,0.6428571428571429,0.7288359788359788,0.7560975609756098
female,Boruta,10,SVM_RBF_TUNED,2,0,test,0.2832683449327779,0.8125,0.9629629629629629,0.21428571428571427,0.5886243386243386,0.7073170731707317
female,Boruta,10,RandomForest,2,1,val,0.6146646756784948,0.8727272727272727,0.8888888888888888,0.7142857142857143,0.8015873015873016,0.8292682926829268
female,Boruta,10,RandomForest,2,1,train,1.0,1.0,1.0,1.0,1.0,1.0
female,Boruta,10,NeuralNetwork,2,1,val,0.542379944075025,0.823529411764706,0.7777777777777778,0.7857142857142857,0.7817460317460317,0.7804878048780488
female,Boruta,10,NeuralNetwork,2,1,train,0.7294955398698875,0.8750000000000001,0.7777777777777778,1.0,0.8888888888888888,0.85
female,Boruta,10,NaiveBayes,2,1,val,0.780280787538259,0.9285714285714286,0.9629629629629629,0.7857142857142857,0.8743386243386243,0.9024390243902439
female,Boruta,10,NaiveBayes,2,1,train,0.5650471242397274,0.8461538461538461,0.8148148148148148,0.7692307692307693,0.792022792022792,0.8
female,Boruta,10,LogisticRegression,2,1,val,0.47834038488248487,0.8076923076923077,0.7777777777777778,0.7142857142857143,0.746031746031746,0.7560975609756098
female,Boruta,10,LogisticRegression,2,1,train,0.7671227843410362,0.8979591836734693,0.8148148148148148,1.0,0.9074074074074074,0.875
female,Boruta,10,AdaBoost,2,1,val,0.42942822700718875,0.8275862068965517,0.8888888888888888,0.5,0.6944444444444444,0.7560975609756098
female,Boruta,10,AdaBoost,2,1,train,1.0,1.0,1.0,1.0,1.0,1.0
female,Boruta,10,SVM_RBF,2,1,val,0.542379944075025,0.823529411764706,0.7777777777777778,0.7857142857142857,0.7817460317460317,0.7804878048780488
female,Boruta,10,SVM_RBF,2,1,train,0.7671227843410362,0.8979591836734693,0.8148148148148148,1.0,0.9074074074074074,0.875
female,Boruta,10,RandomForest_TUNED,2,1,val,0.6672365745026809,0.8928571428571429,0.9259259259259259,0.7142857142857143,0.8201058201058201,0.8536585365853658
female,Boruta,10,RandomForest_TUNED,2,1,train,1.0,1.0,1.0,1.0,1.0,1.0
female,Boruta,10,AdaBoost_TUNED,2,1,val,0.4879594489999274,0.847457627118644,0.9259259259259259,0.5,0.712962962962963,0.7804878048780488
female,Boruta,10,AdaBoost_TUNED,2,1,train,1.0,1.0,1.0,1.0,1.0,1.0
female,Boruta,10,NeuralNetwork_TUNED,2,1,val,0.542379944075025,0.823529411764706,0.7777777777777778,0.7857142857142857,0.7817460317460317,0.7804878048780488
female,Boruta,10,NeuralNetwork_TUNED,2,1,train,0.7671227843410362,0.8979591836734693,0.8148148148148148,1.0,0.9074074074074074,0.875
female,Boruta,10,SVM_RBF_TUNED,2,1,val,0.360367569878785,0.8253968253968254,0.9629629629629629,0.2857142857142857,0.6243386243386243,0.7317073170731707
female,Boruta,10,SVM_RBF_TUNED,2,1,train,1.0,1.0,1.0,1.0,1.0,1.0
female,Boruta,10,RandomForest,2,2,val,0.26723495090435206,0.72,0.6666666666666666,0.6153846153846154,0.641025641025641,0.65
female,Boruta,10,RandomForest,2,2,train,1.0,1.0,1.0,1.0,1.0,1.0
female,Boruta,10,NeuralNetwork,2,2,val,0.4140229519583885,0.7843137254901961,0.7407407407407407,0.6923076923076923,0.7165242165242165,0.725
female,Boruta,10,NeuralNetwork,2,2,train,0.9001028747788694,0.9615384615384615,0.9259259259259259,1.0,0.962962962962963,0.9512195121951219
female,Boruta,10,NaiveBayes,2,2,val,0.5650471242397274,0.8461538461538461,0.8148148148148148,0.7692307692307693,0.792022792022792,0.8
female,Boruta,10,NaiveBayes,2,2,train,0.7344646618036428,0.9056603773584906,0.8888888888888888,0.8571428571428571,0.873015873015873,0.8780487804878049
female,Boruta,10,LogisticRegression,2,2,val,0.4140229519583885,0.7843137254901961,0.7407407407407407,0.6923076923076923,0.7165242165242165,0.725
female,Boruta,10,LogisticRegression,2,2,train,0.9001028747788694,0.9615384615384615,0.9259259259259259,1.0,0.962962962962963,0.9512195121951219
female,Boruta,10,AdaBoost,2,2,val,0.26723495090435206,0.72,0.6666666666666666,0.6153846153846154,0.641025641025641,0.65
female,Boruta,10,AdaBoost,2,2,train,1.0,1.0,1.0,1.0,1.0,1.0
female,Boruta,10,SVM_RBF,2,2,val,0.36107588820421627,0.7999999999999999,0.8148148148148148,0.5384615384615384,0.6766381766381766,0.725
female,Boruta,10,SVM_RBF,2,2,train,0.9001028747788694,0.9615384615384615,0.9259259259259259,1.0,0.962962962962963,0.9512195121951219
female,Boruta,10,RandomForest_TUNED,2,2,val,0.26723495090435206,0.72,0.6666666666666666,0.6153846153846154,0.641025641025641,0.65
female,Boruta,10,RandomForest_TUNED,2,2,train,1.0,1.0,1.0,1.0,1.0,1.0
female,Boruta,10,AdaBoost_TUNED,2,2,val,0.26723495090435206,0.72,0.6666666666666666,0.6153846153846154,0.641025641025641,0.65
female,Boruta,10,AdaBoost_TUNED,2,2,train,1.0,1.0,1.0,1.0,1.0,1.0
female,Boruta,10,NeuralNetwork_TUNED,2,2,val,0.3860778058021404,0.7924528301886792,0.7777777777777778,0.6153846153846154,0.6965811965811965,0.725
female,Boruta,10,NeuralNetwork_TUNED,2,2,train,0.9001028747788694,0.9615384615384615,0.9259259259259259,1.0,0.962962962962963,0.9512195121951219
female,Boruta,10,SVM_RBF_TUNED,2,2,val,0.18681617943926834,0.7796610169491525,0.8518518518518519,0.3076923076923077,0.5797720797720798,0.675
female,Boruta,10,SVM_RBF_TUNED,2,2,train,1.0,1.0,1.0,1.0,1.0,1.0
female,mRMR,10,RandomForest,3,0,test,0.6581196581196581,0.8888888888888888,0.8888888888888888,0.7692307692307693,0.829059829059829,0.85
female,mRMR,10,NeuralNetwork,3,0,test,0.7105041671115223,0.9090909090909091,0.9259259259259259,0.7692307692307693,0.8475783475783476,0.875
female,mRMR,10,NaiveBayes,3,0,test,0.631929768778593,0.8627450980392156,0.8148148148148148,0.8461538461538461,0.8304843304843305,0.825
female,mRMR,10,LogisticRegression,3,0,test,0.631929768778593,0.8627450980392156,0.8148148148148148,0.8461538461538461,0.8304843304843305,0.825
female,mRMR,10,AdaBoost,3,0,test,0.4775519811733183,0.8363636363636364,0.8518518518518519,0.6153846153846154,0.7336182336182336,0.775
female,mRMR,10,SVM_RBF,3,0,test,0.4775519811733183,0.8363636363636364,0.8518518518518519,0.6153846153846154,0.7336182336182336,0.775
female,mRMR,10,RandomForest_TUNED,3,0,test,0.7105041671115223,0.9090909090909091,0.9259259259259259,0.7692307692307693,0.8475783475783476,0.875
female,mRMR,10,AdaBoost_TUNED,3,0,test,0.4979844161795724,0.830188679245283,0.8148148148148148,0.6923076923076923,0.7535612535612535,0.775
female,mRMR,10,NeuralNetwork_TUNED,3,0,test,0.7105041671115223,0.9090909090909091,0.9259259259259259,0.7692307692307693,0.8475783475783476,0.875
female,mRMR,10,SVM_RBF_TUNED,3,0,test,0.23076923076923078,0.8181818181818181,1.0,0.07692307692307693,0.5384615384615384,0.7
female,mRMR,10,RandomForest,3,1,val,0.2830692585361489,0.7636363636363638,0.7777777777777778,0.5,0.6388888888888888,0.6829268292682927
female,mRMR,10,RandomForest,3,1,train,1.0,1.0,1.0,1.0,1.0,1.0
female,mRMR,10,NeuralNetwork,3,1,val,0.44114814843152456,0.8214285714285715,0.8518518518518519,0.5714285714285714,0.7116402116402116,0.7560975609756098
female,mRMR,10,NeuralNetwork,3,1,train,0.9001028747788694,0.9615384615384615,0.9259259259259259,1.0,0.962962962962963,0.9512195121951219
female,mRMR,10,NaiveBayes,3,1,val,0.44114814843152456,0.8214285714285715,0.8518518518518519,0.5714285714285714,0.7116402116402116,0.7560975609756098
female,mRMR,10,NaiveBayes,3,1,train,0.7511834906203398,0.9019607843137256,0.8518518518518519,0.9285714285714286,0.8902116402116402,0.8780487804878049
female,mRMR,10,LogisticRegression,3,1,val,0.6087452564393862,0.8771929824561403,0.9259259259259259,0.6428571428571429,0.7843915343915344,0.8292682926829268
female,mRMR,10,LogisticRegression,3,1,train,0.9001028747788694,0.9615384615384615,0.9259259259259259,1.0,0.962962962962963,0.9512195121951219
female,mRMR,10,AdaBoost,3,1,val,0.44114814843152456,0.8214285714285715,0.8518518518518519,0.5714285714285714,0.7116402116402116,0.7560975609756098
female,mRMR,10,AdaBoost,3,1,train,1.0,1.0,1.0,1.0,1.0,1.0
female,mRMR,10,SVM_RBF,3,1,val,0.5041328699643796,0.8363636363636364,0.8518518518518519,0.6428571428571429,0.7473544973544974,0.7804878048780488
female,mRMR,10,SVM_RBF,3,1,train,0.9001028747788694,0.9615384615384615,0.9259259259259259,1.0,0.962962962962963,0.9512195121951219
female,mRMR,10,RandomForest_TUNED,3,1,val,0.3281039353959464,0.7857142857142857,0.8148148148148148,0.5,0.6574074074074074,0.7073170731707317
female,mRMR,10,RandomForest_TUNED,3,1,train,1.0,1.0,1.0,1.0,1.0,1.0
female,mRMR,10,AdaBoost_TUNED,3,1,val,0.42942822700718875,0.8275862068965517,0.8888888888888888,0.5,0.6944444444444444,0.7560975609756098
female,mRMR,10,AdaBoost_TUNED,3,1,train,1.0,1.0,1.0,1.0,1.0,1.0
female,mRMR,10,NeuralNetwork_TUNED,3,1,val,0.3936010642502642,0.7999999999999999,0.8148148148148148,0.5714285714285714,0.693121693121693,0.7317073170731707
female,mRMR,10,NeuralNetwork_TUNED,3,1,train,0.9001028747788694,0.9615384615384615,0.9259259259259259,1.0,0.962962962962963,0.9512195121951219
female,mRMR,10,SVM_RBF_TUNED,3,1,val,0.3144854510165755,0.8181818181818181,1.0,0.14285714285714285,0.5714285714285714,0.7073170731707317
female,mRMR,10,SVM_RBF_TUNED,3,1,train,1.0,1.0,1.0,1.0,1.0,1.0
female,mRMR,10,RandomForest,3,2,val,0.4379781708023676,0.7843137254901961,0.7407407407407407,0.7142857142857143,0.7275132275132274,0.7317073170731707
female,mRMR,10,RandomForest,3,2,train,1.0,1.0,1.0,1.0,1.0,1.0
female,mRMR,10,NeuralNetwork,3,2,val,0.33357639752971024,0.7450980392156864,0.7037037037037037,0.6428571428571429,0.6732804232804233,0.6829268292682927
female,mRMR,10,NeuralNetwork,3,2,train,0.9480324003422907,0.9811320754716981,0.9629629629629629,1.0,0.9814814814814814,0.975609756097561
female,mRMR,10,NaiveBayes,3,2,val,0.6467817173476824,0.8627450980392156,0.8148148148148148,0.8571428571428571,0.8359788359788359,0.8292682926829268
female,mRMR,10,NaiveBayes,3,2,train,0.6276807925343189,0.8679245283018868,0.8518518518518519,0.7857142857142857,0.8187830687830688,0.8292682926829268
female,mRMR,10,LogisticRegression,3,2,val,0.22917462425705282,0.7058823529411765,0.6666666666666666,0.5714285714285714,0.6190476190476191,0.6341463414634146
female,mRMR,10,LogisticRegression,3,2,train,0.7511834906203398,0.9019607843137256,0.8518518518518519,0.9285714285714286,0.8902116402116402,0.8780487804878049
female,mRMR,10,AdaBoost,3,2,val,0.3492063492063492,0.7777777777777778,0.7777777777777778,0.5714285714285714,0.6746031746031746,0.7073170731707317
female,mRMR,10,AdaBoost,3,2,train,1.0,1.0,1.0,1.0,1.0,1.0
female,mRMR,10,SVM_RBF,3,2,val,0.20054531545702303,0.7169811320754716,0.7037037037037037,0.5,0.6018518518518519,0.6341463414634146
female,mRMR,10,SVM_RBF,3,2,train,0.9480324003422907,0.9811320754716981,0.9629629629629629,1.0,0.9814814814814814,0.975609756097561
female,mRMR,10,RandomForest_TUNED,3,2,val,0.44114814843152456,0.8214285714285715,0.8518518518518519,0.5714285714285714,0.7116402116402116,0.7560975609756098
female,mRMR,10,RandomForest_TUNED,3,2,train,1.0,1.0,1.0,1.0,1.0,1.0
female,mRMR,10,AdaBoost_TUNED,3,2,val,0.3492063492063492,0.7777777777777778,0.7777777777777778,0.5714285714285714,0.6746031746031746,0.7073170731707317
female,mRMR,10,AdaBoost_TUNED,3,2,train,1.0,1.0,1.0,1.0,1.0,1.0
female,mRMR,10,NeuralNetwork_TUNED,3,2,val,0.37289976240838874,0.7692307692307692,0.7407407407407407,0.6428571428571429,0.6917989417989419,0.7073170731707317
female,mRMR,10,NeuralNetwork_TUNED,3,2,train,0.9480324003422907,0.9811320754716981,0.9629629629629629,1.0,0.9814814814814814,0.975609756097561
female,mRMR,10,SVM_RBF_TUNED,3,2,val,-0.1138550085106622,0.7761194029850746,0.9629629629629629,0.0,0.48148148148148145,0.6341463414634146
female,mRMR,10,SVM_RBF_TUNED,3,2,train,1.0,1.0,1.0,1.0,1.0,1.0
female,Boruta,10,RandomForest,3,0,test,0.5940280741424203,0.8727272727272727,0.8888888888888888,0.6923076923076923,0.7905982905982906,0.825
female,Boruta,10,NeuralNetwork,3,0,test,0.5911561035156879,0.84,0.7777777777777778,0.8461538461538461,0.811965811965812,0.8
female,Boruta,10,NaiveBayes,3,0,test,0.5289618692410673,0.8571428571428572,0.8888888888888888,0.6153846153846154,0.7521367521367521,0.8
female,Boruta,10,LogisticRegression,3,0,test,0.4140229519583885,0.7843137254901961,0.7407407407407407,0.6923076923076923,0.7165242165242165,0.725
female,Boruta,10,AdaBoost,3,0,test,0.34454092941446796,0.7692307692307692,0.7407407407407407,0.6153846153846154,0.6780626780626781,0.7
female,Boruta,10,SVM_RBF,3,0,test,0.4547940268270977,0.8076923076923077,0.7777777777777778,0.6923076923076923,0.7350427350427351,0.75
female,Boruta,10,RandomForest_TUNED,3,0,test,0.5940280741424203,0.8727272727272727,0.8888888888888888,0.6923076923076923,0.7905982905982906,0.825
female,Boruta,10,AdaBoost_TUNED,3,0,test,0.40942246376285996,0.8214285714285715,0.8518518518518519,0.5384615384615384,0.6951566951566952,0.75
female,Boruta,10,NeuralNetwork_TUNED,3,0,test,0.4452530846175245,0.7755102040816326,0.7037037037037037,0.7692307692307693,0.7364672364672364,0.725
female,Boruta,10,SVM_RBF_TUNED,3,0,test,0.38331077069024155,0.8387096774193549,0.9629629629629629,0.3076923076923077,0.6353276353276354,0.75
female,Boruta,10,RandomForest,3,1,val,0.3492063492063492,0.7777777777777778,0.7777777777777778,0.5714285714285714,0.6746031746031746,0.7073170731707317
female,Boruta,10,RandomForest,3,1,train,1.0,1.0,1.0,1.0,1.0,1.0
female,Boruta,10,NeuralNetwork,3,1,val,0.4379781708023676,0.7843137254901961,0.7407407407407407,0.7142857142857143,0.7275132275132274,0.7317073170731707
female,Boruta,10,NeuralNetwork,3,1,train,0.8412485310729668,0.9433962264150944,0.9259259259259259,0.9285714285714286,0.9272486772486772,0.926829268292683
female,Boruta,10,NaiveBayes,3,1,val,0.22004401320440153,0.7868852459016393,0.8888888888888888,0.2857142857142857,0.5873015873015872,0.6829268292682927
female,Boruta,10,NaiveBayes,3,1,train,0.7946622523047733,0.923076923076923,0.8888888888888888,0.9285714285714286,0.9087301587301587,0.9024390243902439
female,Boruta,10,LogisticRegression,3,1,val,0.3492063492063492,0.7777777777777778,0.7777777777777778,0.5714285714285714,0.6746031746031746,0.7073170731707317
female,Boruta,10,LogisticRegression,3,1,train,0.7946622523047733,0.923076923076923,0.8888888888888888,0.9285714285714286,0.9087301587301587,0.9024390243902439
female,Boruta,10,AdaBoost,3,1,val,0.26048634229034195,0.7719298245614035,0.8148148148148148,0.42857142857142855,0.6216931216931216,0.6829268292682927
female,Boruta,10,AdaBoost,3,1,train,1.0,1.0,1.0,1.0,1.0,1.0
female,Boruta,10,SVM_RBF,3,1,val,0.4379781708023676,0.7843137254901961,0.7407407407407407,0.7142857142857143,0.7275132275132274,0.7317073170731707
female,Boruta,10,SVM_RBF,3,1,train,0.8412485310729668,0.9433962264150944,0.9259259259259259,0.9285714285714286,0.9272486772486772,0.926829268292683
female,Boruta,10,RandomForest_TUNED,3,1,val,0.41411305399567094,0.7924528301886792,0.7777777777777778,0.6428571428571429,0.7103174603174603,0.7317073170731707
female,Boruta,10,RandomForest_TUNED,3,1,train,1.0,1.0,1.0,1.0,1.0,1.0
female,Boruta,10,AdaBoost_TUNED,3,1,val,0.21505972236036822,0.75,0.7777777777777778,0.42857142857142855,0.6031746031746031,0.6585365853658537
female,Boruta,10,AdaBoost_TUNED,3,1,train,1.0,1.0,1.0,1.0,1.0,1.0
female,Boruta,10,NeuralNetwork_TUNED,3,1,val,0.41411305399567094,0.7924528301886792,0.7777777777777778,0.6428571428571429,0.7103174603174603,0.7317073170731707
female,Boruta,10,NeuralNetwork_TUNED,3,1,train,0.8412485310729668,0.9433962264150944,0.9259259259259259,0.9285714285714286,0.9272486772486772,0.926829268292683
female,Boruta,10,SVM_RBF_TUNED,3,1,val,0.35673802140713584,0.819672131147541,0.9259259259259259,0.35714285714285715,0.6415343915343915,0.7317073170731707
female,Boruta,10,SVM_RBF_TUNED,3,1,train,1.0,1.0,1.0,1.0,1.0,1.0
female,Boruta,10,RandomForest,3,2,val,0.542379944075025,0.823529411764706,0.7777777777777778,0.7857142857142857,0.7817460317460317,0.7804878048780488
female,Boruta,10,RandomForest,3,2,train,1.0,1.0,1.0,1.0,1.0,1.0
female,Boruta,10,NeuralNetwork,3,2,val,0.36226673028138096,0.7346938775510203,0.6666666666666666,0.7142857142857143,0.6904761904761905,0.6829268292682927
female,Boruta,10,NeuralNetwork,3,2,train,0.6060395619242064,0.7727272727272727,0.6296296296296297,1.0,0.8148148148148149,0.7560975609756098
female,Boruta,10,NaiveBayes,3,2,val,0.6746031746031746,0.8888888888888888,0.8888888888888888,0.7857142857142857,0.8373015873015872,0.8536585365853658
female,Boruta,10,NaiveBayes,3,2,train,0.3492063492063492,0.7777777777777778,0.7777777777777778,0.5714285714285714,0.6746031746031746,0.7073170731707317
female,Boruta,10,LogisticRegression,3,2,val,0.44114814843152456,0.8214285714285715,0.8518518518518519,0.5714285714285714,0.7116402116402116,0.7560975609756098
female,Boruta,10,LogisticRegression,3,2,train,0.5320657650442036,0.7916666666666667,0.7037037037037037,0.8571428571428571,0.7804232804232805,0.7560975609756098
female,Boruta,10,AdaBoost,3,2,val,0.363696483726654,0.8135593220338982,0.8888888888888888,0.42857142857142855,0.6587301587301587,0.7317073170731707
female,Boruta,10,AdaBoost,3,2,train,1.0,1.0,1.0,1.0,1.0,1.0
female,Boruta,10,SVM_RBF,3,2,val,0.24074074074074073,0.7407407407407407,0.7407407407407407,0.5,0.6203703703703703,0.6585365853658537
female,Boruta,10,SVM_RBF,3,2,train,0.5998288577620974,0.8085106382978724,0.7037037037037037,0.9285714285714286,0.8161375661375662,0.7804878048780488
female,Boruta,10,RandomForest_TUNED,3,2,val,0.583781007356581,0.8461538461538461,0.8148148148148148,0.7857142857142857,0.8002645502645502,0.8048780487804879
female,Boruta,10,RandomForest_TUNED,3,2,train,1.0,1.0,1.0,1.0,1.0,1.0
female,Boruta,10,AdaBoost_TUNED,3,2,val,0.363696483726654,0.8135593220338982,0.8888888888888888,0.42857142857142855,0.6587301587301587,0.7317073170731707
female,Boruta,10,AdaBoost_TUNED,3,2,train,1.0,1.0,1.0,1.0,1.0,1.0
female,Boruta,10,NeuralNetwork_TUNED,3,2,val,0.36226673028138096,0.7346938775510203,0.6666666666666666,0.7142857142857143,0.6904761904761905,0.6829268292682927
female,Boruta,10,NeuralNetwork_TUNED,3,2,train,0.6349652762084127,0.8333333333333334,0.7407407407407407,0.9285714285714286,0.8346560846560847,0.8048780487804879
female,Boruta,10,SVM_RBF_TUNED,3,2,val,0.046004370622823615,0.761904761904762,0.8888888888888888,0.14285714285714285,0.5158730158730158,0.6341463414634146
female,Boruta,10,SVM_RBF_TUNED,3,2,train,1.0,1.0,1.0,1.0,1.0,1.0
baseline,mRMR,10,RandomForest,1,0,test,0.5093795093795094,0.8730158730158731,0.873015873015873,0.6363636363636364,0.7546897546897546,0.8117647058823529
baseline,mRMR,10,NeuralNetwork,1,0,test,0.4245851541415228,0.823529411764706,0.7777777777777778,0.6818181818181818,0.7297979797979798,0.7529411764705882
baseline,mRMR,10,NaiveBayes,1,0,test,0.5333964609104419,0.8818897637795274,0.8888888888888888,0.6363636363636364,0.7626262626262625,0.8235294117647058
baseline,mRMR,10,LogisticRegression,1,0,test,0.30889880287639576,0.75,0.6666666666666666,0.6818181818181818,0.6742424242424242,0.6705882352941176
baseline,mRMR,10,AdaBoost,1,0,test,0.462242228123936,0.8429752066115702,0.8095238095238095,0.6818181818181818,0.7456709956709957,0.7764705882352941
baseline,mRMR,10,SVM_RBF,1,0,test,0.3849158000916215,0.8292682926829269,0.8095238095238095,0.5909090909090909,0.7002164502164503,0.7529411764705882
baseline,mRMR,10,RandomForest_TUNED,1,0,test,0.47111802797446994,0.8661417322834646,0.873015873015873,0.5909090909090909,0.7319624819624819,0.8
baseline,mRMR,10,AdaBoost_TUNED,1,0,test,0.5244069615033281,0.8709677419354839,0.8571428571428571,0.6818181818181818,0.7694805194805194,0.8117647058823529
baseline,mRMR,10,NeuralNetwork_TUNED,1,0,test,0.3287840951434269,0.8,0.7619047619047619,0.5909090909090909,0.6764069264069263,0.7176470588235294
baseline,mRMR,10,SVM_RBF_TUNED,1,0,test,-0.006493506493506494,0.8142857142857143,0.9047619047619048,0.09090909090909091,0.49783549783549785,0.6941176470588235
baseline,mRMR,10,RandomForest,1,1,val,0.4795122238161564,0.887218045112782,0.9365079365079365,0.47619047619047616,0.7063492063492063,0.8214285714285714
baseline,mRMR,10,RandomForest,1,1,train,1.0,1.0,1.0,1.0,1.0,1.0
baseline,mRMR,10,NeuralNetwork,1,1,val,0.42857142857142855,0.8571428571428571,0.8571428571428571,0.5714285714285714,0.7142857142857142,0.7857142857142857
baseline,mRMR,10,NeuralNetwork,1,1,train,0.8864572474817403,0.9666666666666666,0.9354838709677419,1.0,0.967741935483871,0.9518072289156626
baseline,mRMR,10,NaiveBayes,1,1,val,0.4714045207910317,0.888888888888889,0.9523809523809523,0.42857142857142855,0.6904761904761905,0.8214285714285714
baseline,mRMR,10,NaiveBayes,1,1,train,0.6441146601449538,0.912,0.9193548387096774,0.7142857142857143,0.8168202764976958,0.8674698795180723
baseline,mRMR,10,LogisticRegression,1,1,val,0.4689790496105418,0.864,0.8571428571428571,0.6190476190476191,0.7380952380952381,0.7976190476190477
baseline,mRMR,10,LogisticRegression,1,1,train,0.7570576160146116,0.923076923076923,0.8709677419354839,0.9523809523809523,0.911674347158218,0.891566265060241
baseline,mRMR,10,AdaBoost,1,1,val,0.4107200484084535,0.859375,0.873015873015873,0.5238095238095238,0.6984126984126984,0.7857142857142857
baseline,mRMR,10,AdaBoost,1,1,train,0.7570576160146116,0.923076923076923,0.8709677419354839,0.9523809523809523,0.911674347158218,0.891566265060241
baseline,mRMR,10,SVM_RBF,1,1,val,0.49206349206349204,0.8730158730158731,0.873015873015873,0.6190476190476191,0.746031746031746,0.8095238095238095
baseline,mRMR,10,SVM_RBF,1,1,train,0.861716792957819,0.9579831932773109,0.9193548387096774,1.0,0.9596774193548387,0.9397590361445783
baseline,mRMR,10,RandomForest_TUNED,1,1,val,0.44865158504847125,0.8787878787878787,0.9206349206349206,0.47619047619047616,0.6984126984126984,0.8095238095238095
baseline,mRMR,10,RandomForest_TUNED,1,1,train,1.0,1.0,1.0,1.0,1.0,1.0
baseline,mRMR,10,AdaBoost_TUNED,1,1,val,0.36851386559504445,0.8527131782945736,0.873015873015873,0.47619047619047616,0.6746031746031746,0.7738095238095238
baseline,mRMR,10,AdaBoost_TUNED,1,1,train,1.0,1.0,1.0,1.0,1.0,1.0
baseline,mRMR,10,NeuralNetwork_TUNED,1,1,val,0.502518907629606,0.8837209302325582,0.9047619047619048,0.5714285714285714,0.7380952380952381,0.8214285714285714
baseline,mRMR,10,NeuralNetwork_TUNED,1,1,train,0.9399949270251939,0.9836065573770492,0.967741935483871,1.0,0.9838709677419355,0.9759036144578314
baseline,mRMR,10,SVM_RBF_TUNED,1,1,val,-0.053376051268362375,0.8226950354609929,0.9206349206349206,0.047619047619047616,0.4841269841269841,0.7023809523809523
baseline,mRMR,10,SVM_RBF_TUNED,1,1,train,1.0,1.0,1.0,1.0,1.0,1.0
baseline,mRMR,10,RandomForest,1,2,val,0.506552821785799,0.8688524590163934,0.8548387096774194,0.6666666666666666,0.760752688172043,0.8072289156626506
baseline,mRMR,10,RandomForest,1,2,train,1.0,1.0,1.0,1.0,1.0,1.0
baseline,mRMR,10,NeuralNetwork,1,2,val,0.341188819986286,0.829268292682927,0.8225806451612904,0.5238095238095238,0.6731950844854071,0.7469879518072289
baseline,mRMR,10,NeuralNetwork,1,2,train,0.8869423130433381,0.9672131147540983,0.9365079365079365,1.0,0.9682539682539683,0.9523809523809523
baseline,mRMR,10,NaiveBayes,1,2,val,0.6208447455656229,0.8672566371681416,0.7903225806451613,0.9047619047619048,0.8475422427035331,0.8192771084337349
baseline,mRMR,10,NaiveBayes,1,2,train,0.5862839018422066,0.8852459016393444,0.8571428571428571,0.7619047619047619,0.8095238095238095,0.8333333333333334
baseline,mRMR,10,LogisticRegression,1,2,val,0.34483397079286077,0.7636363636363636,0.6774193548387096,0.7142857142857143,0.695852534562212,0.6867469879518072
baseline,mRMR,10,LogisticRegression,1,2,train,0.6216235862381728,0.8813559322033897,0.8253968253968254,0.8571428571428571,0.8412698412698412,0.8333333333333334
baseline,mRMR,10,AdaBoost,1,2,val,0.3427925809227419,0.8166666666666667,0.7903225806451613,0.5714285714285714,0.6808755760368663,0.7349397590361446
baseline,mRMR,10,AdaBoost,1,2,train,0.8869423130433381,0.9672131147540983,0.9365079365079365,1.0,0.9682539682539683,0.9523809523809523
baseline,mRMR,10,SVM_RBF,1,2,val,0.3427925809227419,0.8166666666666667,0.7903225806451613,0.5714285714285714,0.6808755760368663,0.7349397590361446
baseline,mRMR,10,SVM_RBF,1,2,train,0.7581753965757456,0.9243697478991596,0.873015873015873,0.9523809523809523,0.9126984126984127,0.8928571428571429
baseline,mRMR,10,RandomForest_TUNED,1,2,val,0.506552821785799,0.8688524590163934,0.8548387096774194,0.6666666666666666,0.760752688172043,0.8072289156626506
baseline,mRMR,10,RandomForest_TUNED,1,2,train,1.0,1.0,1.0,1.0,1.0,1.0
baseline,mRMR,10,AdaBoost_TUNED,1,2,val,0.32395368156308985,0.8067226890756302,0.7741935483870968,0.5714285714285714,0.6728110599078341,0.7228915662650602
baseline,mRMR,10,AdaBoost_TUNED,1,2,train,0.9692233691951198,0.9919999999999999,0.9841269841269841,1.0,0.9920634920634921,0.9880952380952381
baseline,mRMR,10,NeuralNetwork_TUNED,1,2,val,0.4667705142606174,0.8617886178861789,0.8548387096774194,0.6190476190476191,0.7369431643625193,0.7951807228915663
baseline,mRMR,10,NeuralNetwork_TUNED,1,2,train,0.8623164985025762,0.9586776859504132,0.9206349206349206,1.0,0.9603174603174602,0.9404761904761905
baseline,mRMR,10,SVM_RBF_TUNED,1,2,val,0.0,0.8551724137931034,1.0,0.0,0.5,0.7469879518072289
baseline,mRMR,10,SVM_RBF_TUNED,1,2,train,1.0,1.0,1.0,1.0,1.0,1.0
baseline,Boruta,10,RandomForest,1,0,test,0.462242228123936,0.8429752066115702,0.8095238095238095,0.6818181818181818,0.7456709956709957,0.7764705882352941
baseline,Boruta,10,NeuralNetwork,1,0,test,0.43631043886486515,0.7254901960784315,0.5873015873015873,0.9090909090909091,0.7481962481962482,0.6705882352941176
baseline,Boruta,10,NaiveBayes,1,0,test,0.3802281420778655,0.6236559139784946,0.4603174603174603,0.9545454545454546,0.7074314574314574,0.5882352941176471
baseline,Boruta,10,LogisticRegression,1,0,test,0.36912406422608207,0.7238095238095238,0.6031746031746031,0.8181818181818182,0.7106782106782107,0.6588235294117647
baseline,Boruta,10,AdaBoost,1,0,test,0.4334141972977985,0.7964601769911505,0.7142857142857143,0.7727272727272727,0.7435064935064934,0.7294117647058823
baseline,Boruta,10,SVM_RBF,1,0,test,0.39569644604040954,0.7184466019417477,0.5873015873015873,0.8636363636363636,0.7254689754689755,0.6588235294117647
baseline,Boruta,10,RandomForest_TUNED,1,0,test,0.5199376604154698,0.8595041322314049,0.8253968253968254,0.7272727272727273,0.7763347763347763,0.8
baseline,Boruta,10,AdaBoost_TUNED,1,0,test,0.4451130752275796,0.8205128205128205,0.7619047619047619,0.7272727272727273,0.7445887445887446,0.7529411764705882
baseline,Boruta,10,NeuralNetwork_TUNED,1,0,test,0.4104712760799085,0.7000000000000001,0.5555555555555556,0.9090909090909091,0.7323232323232323,0.6470588235294118
baseline,Boruta,10,SVM_RBF_TUNED,1,0,test,0.32043867554683214,0.8633093525179856,0.9523809523809523,0.2727272727272727,0.6125541125541125,0.7764705882352941
baseline,Boruta,10,RandomForest,1,1,val,0.2581988897471611,0.8188976377952756,0.8253968253968254,0.42857142857142855,0.626984126984127,0.7261904761904762
baseline,Boruta,10,RandomForest,1,1,train,1.0,1.0,1.0,1.0,1.0,1.0
baseline,Boruta,10,NeuralNetwork,1,1,val,0.1749635530559413,0.7563025210084034,0.7142857142857143,0.47619047619047616,0.5952380952380952,0.6547619047619048
baseline,Boruta,10,NeuralNetwork,1,1,train,0.7347234502771072,0.9026548672566371,0.8225806451612904,1.0,0.9112903225806452,0.8674698795180723
baseline,Boruta,10,NaiveBayes,1,1,val,0.35740730949833976,0.7238095238095238,0.6031746031746031,0.8095238095238095,0.7063492063492063,0.6547619047619048
baseline,Boruta,10,NaiveBayes,1,1,train,0.4923950523859657,0.7524752475247525,0.6129032258064516,0.9523809523809523,0.782642089093702,0.6987951807228916
baseline,Boruta,10,LogisticRegression,1,1,val,0.3236869203725743,0.7719298245614035,0.6984126984126984,0.6666666666666666,0.6825396825396826,0.6904761904761905
baseline,Boruta,10,LogisticRegression,1,1,train,0.5531430826183518,0.8256880733944956,0.7258064516129032,0.9047619047619048,0.8152841781874041,0.7710843373493976
baseline,Boruta,10,AdaBoost,1,1,val,0.20814536170751838,0.7768595041322314,0.746031746031746,0.47619047619047616,0.6111111111111112,0.6785714285714286
baseline,Boruta,10,AdaBoost,1,1,train,0.9125027618164127,0.9752066115702479,0.9516129032258065,1.0,0.9758064516129032,0.963855421686747
baseline,Boruta,10,SVM_RBF,1,1,val,0.30806161848616215,0.7610619469026547,0.6825396825396826,0.6666666666666666,0.6746031746031746,0.6785714285714286
baseline,Boruta,10,SVM_RBF,1,1,train,0.6597494090096918,0.8749999999999999,0.7903225806451613,0.9523809523809523,0.8713517665130568,0.8313253012048193
baseline,Boruta,10,RandomForest_TUNED,1,1,val,0.285625490641075,0.8032786885245902,0.7777777777777778,0.5238095238095238,0.6507936507936508,0.7142857142857143
baseline,Boruta,10,RandomForest_TUNED,1,1,train,1.0,1.0,1.0,1.0,1.0,1.0
baseline,Boruta,10,AdaBoost_TUNED,1,1,val,0.2813874297663251,0.8160000000000001,0.8095238095238095,0.47619047619047616,0.6428571428571428,0.7261904761904762
baseline,Boruta,10,AdaBoost_TUNED,1,1,train,1.0,1.0,1.0,1.0,1.0,1.0
baseline,Boruta,10,NeuralNetwork_TUNED,1,1,val,0.19132134046495078,0.7666666666666667,0.7301587301587301,0.47619047619047616,0.6031746031746031,0.6666666666666666
baseline,Boruta,10,NeuralNetwork_TUNED,1,1,train,0.794166719677258,0.9310344827586207,0.8709677419354839,1.0,0.935483870967742,0.9036144578313253
baseline,Boruta,10,SVM_RBF_TUNED,1,1,val,0.2809757434745082,0.8633093525179856,0.9523809523809523,0.23809523809523808,0.5952380952380952,0.7738095238095238
baseline,Boruta,10,SVM_RBF_TUNED,1,1,train,1.0,1.0,1.0,1.0,1.0,1.0
baseline,Boruta,10,RandomForest,1,2,val,0.4240680742298852,0.8305084745762712,0.7903225806451613,0.6666666666666666,0.728494623655914,0.7590361445783133
baseline,Boruta,10,RandomForest,1,2,train,1.0,1.0,1.0,1.0,1.0,1.0
baseline,Boruta,10,NeuralNetwork,1,2,val,0.4009540091767969,0.7818181818181819,0.6935483870967742,0.7619047619047619,0.727726574500768,0.7108433734939759
baseline,Boruta,10,NeuralNetwork,1,2,train,0.795099935886035,0.9322033898305084,0.873015873015873,1.0,0.9365079365079365,0.9047619047619048
baseline,Boruta,10,NaiveBayes,1,2,val,0.5093497813148282,0.7346938775510204,0.5806451612903226,1.0,0.7903225806451613,0.6867469879518072
baseline,Boruta,10,NaiveBayes,1,2,train,0.3721042037676253,0.7058823529411765,0.5714285714285714,0.8571428571428571,0.7142857142857142,0.6428571428571429
baseline,Boruta,10,LogisticRegression,1,2,val,0.4332377194634481,0.8035714285714286,0.7258064516129032,0.7619047619047619,0.7438556067588326,0.7349397590361446
baseline,Boruta,10,LogisticRegression,1,2,train,0.6024640760767093,0.8717948717948718,0.8095238095238095,0.8571428571428571,0.8333333333333333,0.8214285714285714
baseline,Boruta,10,AdaBoost,1,2,val,0.3199818746903262,0.7678571428571428,0.6935483870967742,0.6666666666666666,0.6801075268817205,0.6867469879518072
baseline,Boruta,10,AdaBoost,1,2,train,0.8785882539782275,0.9677419354838709,0.9523809523809523,0.9523809523809523,0.9523809523809523,0.9523809523809523
baseline,Boruta,10,SVM_RBF,1,2,val,0.4570740475607331,0.7999999999999999,0.7096774193548387,0.8095238095238095,0.7596006144393241,0.7349397590361446
baseline,Boruta,10,SVM_RBF,1,2,train,0.816496580927726,0.9411764705882353,0.8888888888888888,1.0,0.9444444444444444,0.9166666666666666
baseline,Boruta,10,RandomForest_TUNED,1,2,val,0.3837051383847264,0.823529411764706,0.7903225806451613,0.6190476190476191,0.7046850998463902,0.7469879518072289
baseline,Boruta,10,RandomForest_TUNED,1,2,train,1.0,1.0,1.0,1.0,1.0,1.0
baseline,Boruta,10,AdaBoost_TUNED,1,2,val,0.37660979707688713,0.7857142857142856,0.7096774193548387,0.7142857142857143,0.7119815668202765,0.7108433734939759
baseline,Boruta,10,AdaBoost_TUNED,1,2,train,0.8785882539782275,0.9677419354838709,0.9523809523809523,0.9523809523809523,0.9523809523809523,0.9523809523809523
baseline,Boruta,10,NeuralNetwork_TUNED,1,2,val,0.44130172852012234,0.7889908256880733,0.6935483870967742,0.8095238095238095,0.7515360983102919,0.7228915662650602
baseline,Boruta,10,NeuralNetwork_TUNED,1,2,train,0.9128709291752768,0.975609756097561,0.9523809523809523,1.0,0.9761904761904762,0.9642857142857143
baseline,Boruta,10,SVM_RBF_TUNED,1,2,val,0.3446672042691435,0.8656716417910448,0.9354838709677419,0.3333333333333333,0.6344086021505376,0.7831325301204819
baseline,Boruta,10,SVM_RBF_TUNED,1,2,train,1.0,1.0,1.0,1.0,1.0,1.0
baseline,mRMR,10,RandomForest,2,0,test,0.3439179697143973,0.832,0.8253968253968254,0.5238095238095238,0.6746031746031746,0.75
baseline,mRMR,10,NeuralNetwork,2,0,test,0.3457571728813013,0.819672131147541,0.7936507936507936,0.5714285714285714,0.6825396825396826,0.7380952380952381
baseline,mRMR,10,NaiveBayes,2,0,test,0.2813874297663251,0.8160000000000001,0.8095238095238095,0.47619047619047616,0.6428571428571428,0.7261904761904762
baseline,mRMR,10,LogisticRegression,2,0,test,0.21110016546037452,0.7368421052631577,0.6666666666666666,0.5714285714285714,0.6190476190476191,0.6428571428571429
baseline,mRMR,10,AdaBoost,2,0,test,0.2581988897471611,0.7692307692307692,0.7142857142857143,0.5714285714285714,0.6428571428571428,0.6785714285714286
baseline,mRMR,10,SVM_RBF,2,0,test,0.30905754998184354,0.8,0.7619047619047619,0.5714285714285714,0.6666666666666666,0.7142857142857143
baseline,mRMR,10,RandomForest_TUNED,2,0,test,0.3236904093603996,0.8225806451612904,0.8095238095238095,0.5238095238095238,0.6666666666666667,0.7380952380952381
baseline,mRMR,10,AdaBoost_TUNED,2,0,test,0.23328473740792174,0.773109243697479,0.7301587301587301,0.5238095238095238,0.626984126984127,0.6785714285714286
baseline,mRMR,10,NeuralNetwork_TUNED,2,0,test,0.408248290463863,0.823529411764706,0.7777777777777778,0.6666666666666666,0.7222222222222222,0.75
baseline,mRMR,10,SVM_RBF_TUNED,2,0,test,0.037037037037037035,0.8472222222222222,0.9682539682539683,0.047619047619047616,0.5079365079365079,0.7380952380952381
baseline,mRMR,10,RandomForest,2,1,val,0.7630928609827546,0.9354838709677418,0.9206349206349206,0.8636363636363636,0.8921356421356421,0.9058823529411765
baseline,mRMR,10,RandomForest,2,1,train,1.0,1.0,1.0,1.0,1.0,1.0
baseline,mRMR,10,NeuralNetwork,2,1,val,0.5764498149124266,0.8521739130434781,0.7777777777777778,0.8636363636363636,0.8207070707070707,0.8
baseline,mRMR,10,NeuralNetwork,2,1,train,0.861716792957819,0.9579831932773109,0.9193548387096774,1.0,0.9596774193548387,0.9397590361445783
baseline,mRMR,10,NaiveBayes,2,1,val,0.5776330927070037,0.8760330578512397,0.8412698412698413,0.7727272727272727,0.8069985569985569,0.8235294117647058
baseline,mRMR,10,NaiveBayes,2,1,train,0.4667705142606174,0.8617886178861789,0.8548387096774194,0.6190476190476191,0.7369431643625193,0.7951807228915663
baseline,mRMR,10,LogisticRegression,2,1,val,0.5592589407158036,0.8421052631578947,0.7619047619047619,0.8636363636363636,0.8127705627705628,0.788235294117647
baseline,mRMR,10,LogisticRegression,2,1,train,0.6197861965735215,0.8793103448275862,0.8225806451612904,0.8571428571428571,0.8398617511520737,0.8313253012048193
baseline,mRMR,10,AdaBoost,2,1,val,0.65120831333794,0.8907563025210083,0.8412698412698413,0.8636363636363636,0.8524531024531025,0.8470588235294118
baseline,mRMR,10,AdaBoost,2,1,train,0.9399949270251939,0.9836065573770492,0.967741935483871,1.0,0.9838709677419355,0.9759036144578314
baseline,mRMR,10,SVM_RBF,2,1,val,0.5753017106221617,0.864406779661017,0.8095238095238095,0.8181818181818182,0.8138528138528138,0.8117647058823529
baseline,mRMR,10,SVM_RBF,2,1,train,0.815673084418728,0.9401709401709402,0.8870967741935484,1.0,0.9435483870967742,0.9156626506024096
baseline,mRMR,10,RandomForest_TUNED,2,1,val,0.7283809499421768,0.9279999999999999,0.9206349206349206,0.8181818181818182,0.8694083694083694,0.8941176470588236
baseline,mRMR,10,RandomForest_TUNED,2,1,train,1.0,1.0,1.0,1.0,1.0,1.0
baseline,mRMR,10,AdaBoost_TUNED,2,1,val,0.6353285249985376,0.8925619834710743,0.8571428571428571,0.8181818181818182,0.8376623376623377,0.8470588235294118
baseline,mRMR,10,AdaBoost_TUNED,2,1,train,0.969097291357943,0.991869918699187,0.9838709677419355,1.0,0.9919354838709677,0.9879518072289156
baseline,mRMR,10,NeuralNetwork_TUNED,2,1,val,0.5764498149124266,0.8521739130434781,0.7777777777777778,0.8636363636363636,0.8207070707070707,0.8
baseline,mRMR,10,NeuralNetwork_TUNED,2,1,train,0.861716792957819,0.9579831932773109,0.9193548387096774,1.0,0.9596774193548387,0.9397590361445783
baseline,mRMR,10,SVM_RBF_TUNED,2,1,val,-0.0917311878493317,0.8356164383561644,0.9682539682539683,0.0,0.48412698412698413,0.7176470588235294
baseline,mRMR,10,SVM_RBF_TUNED,2,1,train,1.0,1.0,1.0,1.0,1.0,1.0
baseline,mRMR,10,RandomForest,2,2,val,0.5286873725175247,0.890625,0.9193548387096774,0.5714285714285714,0.7453917050691243,0.8313253012048193
baseline,mRMR,10,RandomForest,2,2,train,1.0,1.0,1.0,1.0,1.0,1.0
baseline,mRMR,10,NeuralNetwork,2,2,val,0.4667705142606174,0.8617886178861789,0.8548387096774194,0.6190476190476191,0.7369431643625193,0.7951807228915663
baseline,mRMR,10,NeuralNetwork,2,2,train,0.8901852573648883,0.9672131147540983,0.9365079365079365,1.0,0.9682539682539683,0.9529411764705882
baseline,mRMR,10,NaiveBayes,2,2,val,0.5629595088496362,0.8739495798319329,0.8387096774193549,0.7619047619047619,0.8003072196620584,0.8192771084337349
baseline,mRMR,10,NaiveBayes,2,2,train,0.6930239572900715,0.9090909090909091,0.873015873015873,0.8636363636363636,0.8683261183261184,0.8705882352941177
baseline,mRMR,10,LogisticRegression,2,2,val,0.4500266884983962,0.8141592920353982,0.7419354838709677,0.7619047619047619,0.7519201228878648,0.7469879518072289
baseline,mRMR,10,LogisticRegression,2,2,train,0.6689175565424318,0.8771929824561403,0.7936507936507936,0.9545454545454546,0.874098124098124,0.8352941176470589
baseline,mRMR,10,AdaBoost,2,2,val,0.5145109830733631,0.88,0.8870967741935484,0.6190476190476191,0.7530721966205838,0.8192771084337349
baseline,mRMR,10,AdaBoost,2,2,train,0.9421072855923245,0.9838709677419354,0.9682539682539683,1.0,0.9841269841269842,0.9764705882352941
baseline,mRMR,10,SVM_RBF,2,2,val,0.341188819986286,0.829268292682927,0.8225806451612904,0.5238095238095238,0.6731950844854071,0.7469879518072289
baseline,mRMR,10,SVM_RBF,2,2,train,0.7859889718254929,0.9333333333333333,0.8888888888888888,0.9545454545454546,0.9217171717171717,0.9058823529411765
baseline,mRMR,10,RandomForest_TUNED,2,2,val,0.5679624121485151,0.8976377952755904,0.9193548387096774,0.6190476190476191,0.7692012288786483,0.8433734939759037
baseline,mRMR,10,RandomForest_TUNED,2,2,train,1.0,1.0,1.0,1.0,1.0,1.0
baseline,mRMR,10,AdaBoost_TUNED,2,2,val,0.553763440860215,0.8870967741935484,0.8870967741935484,0.6666666666666666,0.7768817204301075,0.8313253012048193
baseline,mRMR,10,AdaBoost_TUNED,2,2,train,0.8901852573648883,0.9672131147540983,0.9365079365079365,1.0,0.9682539682539683,0.9529411764705882
baseline,mRMR,10,NeuralNetwork_TUNED,2,2,val,0.5145109830733631,0.88,0.8870967741935484,0.6190476190476191,0.7530721966205838,0.8192771084337349
baseline,mRMR,10,NeuralNetwork_TUNED,2,2,train,0.9702261872276653,0.9919999999999999,0.9841269841269841,1.0,0.9920634920634921,0.9882352941176471
baseline,mRMR,10,SVM_RBF_TUNED,2,2,val,0.0856036020434619,0.8428571428571429,0.9516129032258065,0.09523809523809523,0.5234254992319509,0.7349397590361446
baseline,mRMR,10,SVM_RBF_TUNED,2,2,train,1.0,1.0,1.0,1.0,1.0,1.0
baseline,Boruta,10,RandomForest,2,0,test,0.24343224778007383,0.7967479674796747,0.7777777777777778,0.47619047619047616,0.626984126984127,0.7023809523809523
baseline,Boruta,10,NeuralNetwork,2,0,test,0.19603921176392136,0.7256637168141592,0.6507936507936508,0.5714285714285714,0.6111111111111112,0.6309523809523809
baseline,Boruta,10,NaiveBayes,2,0,test,0.2991161661090121,0.7758620689655172,0.7142857142857143,0.6190476190476191,0.6666666666666667,0.6904761904761905
baseline,Boruta,10,LogisticRegression,2,0,test,0.2201927530252721,0.6915887850467289,0.5873015873015873,0.6666666666666666,0.626984126984127,0.6071428571428571
baseline,Boruta,10,AdaBoost,2,0,test,0.30905754998184354,0.8,0.7619047619047619,0.5714285714285714,0.6666666666666666,0.7142857142857143
baseline,Boruta,10,SVM_RBF,2,0,test,0.2927700218845599,0.75,0.6666666666666666,0.6666666666666666,0.6666666666666666,0.6666666666666666
baseline,Boruta,10,RandomForest_TUNED,2,0,test,0.30429030972509225,0.8130081300813008,0.7936507936507936,0.5238095238095238,0.6587301587301587,0.7261904761904762
baseline,Boruta,10,AdaBoost_TUNED,2,0,test,0.2991161661090121,0.7758620689655172,0.7142857142857143,0.6190476190476191,0.6666666666666667,0.6904761904761905
baseline,Boruta,10,NeuralNetwork_TUNED,2,0,test,0.1933288618331376,0.6972477064220184,0.6031746031746031,0.6190476190476191,0.6111111111111112,0.6071428571428571
baseline,Boruta,10,SVM_RBF_TUNED,2,0,test,0.19364916731037085,0.8031496062992126,0.8095238095238095,0.38095238095238093,0.5952380952380952,0.7023809523809523
baseline,Boruta,10,RandomForest,2,1,val,0.5469970219780605,0.88,0.873015873015873,0.6818181818181818,0.7774170274170273,0.8235294117647058
baseline,Boruta,10,RandomForest,2,1,train,1.0,1.0,1.0,1.0,1.0,1.0
baseline,Boruta,10,NeuralNetwork,2,1,val,0.5753017106221617,0.864406779661017,0.8095238095238095,0.8181818181818182,0.8138528138528138,0.8117647058823529
baseline,Boruta,10,NeuralNetwork,2,1,train,0.815673084418728,0.9401709401709402,0.8870967741935484,1.0,0.9435483870967742,0.9156626506024096
baseline,Boruta,10,NaiveBayes,2,1,val,0.65120831333794,0.8907563025210083,0.8412698412698413,0.8636363636363636,0.8524531024531025,0.8470588235294118
baseline,Boruta,10,NaiveBayes,2,1,train,0.5032080520279996,0.8571428571428571,0.8225806451612904,0.7142857142857143,0.7684331797235023,0.7951807228915663
baseline,Boruta,10,LogisticRegression,2,1,val,0.5387477981517335,0.8448275862068966,0.7777777777777778,0.8181818181818182,0.797979797979798,0.788235294117647
baseline,Boruta,10,LogisticRegression,2,1,train,0.6031214866231308,0.8571428571428571,0.7741935483870968,0.9047619047619048,0.8394777265745008,0.8072289156626506
baseline,Boruta,10,AdaBoost,2,1,val,0.5956748938464138,0.8976377952755906,0.9047619047619048,0.6818181818181818,0.7932900432900433,0.8470588235294118
baseline,Boruta,10,AdaBoost,2,1,train,0.9125027618164127,0.9752066115702479,0.9516129032258065,1.0,0.9758064516129032,0.963855421686747
baseline,Boruta,10,SVM_RBF,2,1,val,0.5753017106221617,0.864406779661017,0.8095238095238095,0.8181818181818182,0.8138528138528138,0.8117647058823529
baseline,Boruta,10,SVM_RBF,2,1,train,0.719846647012074,0.9152542372881356,0.8709677419354839,0.9047619047619048,0.8878648233486943,0.8795180722891566
baseline,Boruta,10,RandomForest_TUNED,2,1,val,0.5707070707070707,0.8888888888888888,0.8888888888888888,0.6818181818181818,0.7853535353535352,0.8352941176470589
baseline,Boruta,10,RandomForest_TUNED,2,1,train,1.0,1.0,1.0,1.0,1.0,1.0
baseline,Boruta,10,AdaBoost_TUNED,2,1,val,0.5587376953345928,0.890625,0.9047619047619048,0.6363636363636364,0.7705627705627706,0.8352941176470589
baseline,Boruta,10,AdaBoost_TUNED,2,1,train,0.9399949270251939,0.9836065573770492,0.967741935483871,1.0,0.9838709677419355,0.9759036144578314
baseline,Boruta,10,NeuralNetwork_TUNED,2,1,val,0.5945525235388357,0.8739495798319328,0.8253968253968254,0.8181818181818182,0.8217893217893217,0.8235294117647058
baseline,Boruta,10,NeuralNetwork_TUNED,2,1,train,0.8381580761249496,0.9491525423728813,0.9032258064516129,1.0,0.9516129032258065,0.927710843373494
baseline,Boruta,10,SVM_RBF_TUNED,2,1,val,0.40259019258523887,0.8636363636363636,0.9047619047619048,0.45454545454545453,0.6796536796536796,0.788235294117647
baseline,Boruta,10,SVM_RBF_TUNED,2,1,train,1.0,1.0,1.0,1.0,1.0,1.0
baseline,Boruta,10,RandomForest,2,2,val,0.3623497649827886,0.8264462809917354,0.8064516129032258,0.5714285714285714,0.6889400921658986,0.7469879518072289
baseline,Boruta,10,RandomForest,2,2,train,1.0,1.0,1.0,1.0,1.0,1.0
baseline,Boruta,10,NeuralNetwork,2,2,val,0.32915199140062723,0.7931034482758621,0.7419354838709677,0.6190476190476191,0.6804915514592934,0.7108433734939759
baseline,Boruta,10,NeuralNetwork,2,2,train,0.8001322641986387,0.9322033898305084,0.873015873015873,1.0,0.9365079365079365,0.9058823529411765
baseline,Boruta,10,NaiveBayes,2,2,val,0.48512244488442285,0.8347826086956522,0.7741935483870968,0.7619047619047619,0.7680491551459293,0.7710843373493976
baseline,Boruta,10,NaiveBayes,2,2,train,0.5105395840683334,0.8108108108108109,0.7142857142857143,0.8636363636363636,0.788961038961039,0.7529411764705882
baseline,Boruta,10,LogisticRegression,2,2,val,0.4009540091767969,0.7818181818181819,0.6935483870967742,0.7619047619047619,0.727726574500768,0.7108433734939759
baseline,Boruta,10,LogisticRegression,2,2,train,0.4951252962421191,0.8,0.6984126984126984,0.8636363636363636,0.781024531024531,0.7411764705882353
baseline,Boruta,10,AdaBoost,2,2,val,0.3697494852127693,0.8,0.7419354838709677,0.6666666666666666,0.7043010752688172,0.7228915662650602
baseline,Boruta,10,AdaBoost,2,2,train,0.821175682735253,0.9411764705882353,0.8888888888888888,1.0,0.9444444444444444,0.9176470588235294
baseline,Boruta,10,SVM_RBF,2,2,val,0.3837051383847264,0.823529411764706,0.7903225806451613,0.6190476190476191,0.7046850998463902,0.7469879518072289
baseline,Boruta,10,SVM_RBF,2,2,train,0.8227643358526112,0.9516129032258064,0.9365079365079365,0.9090909090909091,0.9227994227994227,0.9294117647058824
baseline,Boruta,10,RandomForest_TUNED,2,2,val,0.4039796671234517,0.8455284552845529,0.8387096774193549,0.5714285714285714,0.7050691244239631,0.7710843373493976
baseline,Boruta,10,RandomForest_TUNED,2,2,train,1.0,1.0,1.0,1.0,1.0,1.0
baseline,Boruta,10,AdaBoost_TUNED,2,2,val,0.3872788324352061,0.8103448275862069,0.7580645161290323,0.6666666666666666,0.7123655913978495,0.7349397590361446
baseline,Boruta,10,AdaBoost_TUNED,2,2,train,0.8001322641986387,0.9322033898305084,0.873015873015873,1.0,0.9365079365079365,0.9058823529411765
baseline,Boruta,10,NeuralNetwork_TUNED,2,2,val,0.36491235967344743,0.8135593220338982,0.7741935483870968,0.6190476190476191,0.6966205837173579,0.7349397590361446
baseline,Boruta,10,NeuralNetwork_TUNED,2,2,train,0.8431395814107511,0.9500000000000001,0.9047619047619048,1.0,0.9523809523809523,0.9294117647058824
baseline,Boruta,10,SVM_RBF_TUNED,2,2,val,0.2067075453820471,0.8333333333333333,0.8870967741935484,0.2857142857142857,0.586405529953917,0.7349397590361446
baseline,Boruta,10,SVM_RBF_TUNED,2,2,train,1.0,1.0,1.0,1.0,1.0,1.0
baseline,mRMR,10,RandomForest,3,0,test,0.36621827430974147,0.8503937007874016,0.8709677419354839,0.47619047619047616,0.67357910906298,0.7710843373493976
baseline,mRMR,10,NeuralNetwork,3,0,test,0.44130172852012234,0.7889908256880733,0.6935483870967742,0.8095238095238095,0.7515360983102919,0.7228915662650602
baseline,mRMR,10,NaiveBayes,3,0,test,0.5007143662022572,0.8818897637795274,0.9032258064516129,0.5714285714285714,0.7373271889400921,0.8192771084337349
baseline,mRMR,10,LogisticRegression,3,0,test,0.5639053932098806,0.8495575221238938,0.7741935483870968,0.8571428571428571,0.8156682027649769,0.7951807228915663
baseline,mRMR,10,AdaBoost,3,0,test,0.5457340972606632,0.8760330578512397,0.8548387096774194,0.7142857142857143,0.7845622119815668,0.8192771084337349
baseline,mRMR,10,SVM_RBF,3,0,test,0.48165257415024326,0.7962962962962964,0.6935483870967742,0.8571428571428571,0.7753456221198156,0.7349397590361446
baseline,mRMR,10,RandomForest_TUNED,3,0,test,0.43346632025599935,0.8661417322834646,0.8870967741935484,0.5238095238095238,0.7054531490015361,0.7951807228915663
baseline,mRMR,10,AdaBoost_TUNED,3,0,test,0.6068622080199548,0.8925619834710744,0.8709677419354839,0.7619047619047619,0.8164362519201229,0.8433734939759037
baseline,mRMR,10,NeuralNetwork_TUNED,3,0,test,0.3697494852127693,0.8,0.7419354838709677,0.6666666666666666,0.7043010752688172,0.7228915662650602
baseline,mRMR,10,SVM_RBF_TUNED,3,0,test,0.1251390657945562,0.8296296296296296,0.9032258064516129,0.19047619047619047,0.5468509984639016,0.7228915662650602
baseline,mRMR,10,RandomForest,3,1,val,0.3054432734495774,0.8281250000000001,0.8412698412698413,0.45454545454545453,0.6479076479076479,0.7411764705882353
baseline,mRMR,10,RandomForest,3,1,train,1.0,1.0,1.0,1.0,1.0,1.0
baseline,mRMR,10,NeuralNetwork,3,1,val,0.10594569267279519,0.6902654867256637,0.6190476190476191,0.5,0.5595238095238095,0.5882352941176471
baseline,mRMR,10,NeuralNetwork,3,1,train,0.795099935886035,0.9322033898305084,0.873015873015873,1.0,0.9365079365079365,0.9047619047619048
baseline,mRMR,10,NaiveBayes,3,1,val,0.15972586329461033,0.7874015748031497,0.7936507936507936,0.36363636363636365,0.5786435786435786,0.6823529411764706
baseline,mRMR,10,NaiveBayes,3,1,train,0.6270544465288199,0.9172932330827068,0.9682539682539683,0.5714285714285714,0.7698412698412698,0.8690476190476191
baseline,mRMR,10,LogisticRegression,3,1,val,0.16052377677696242,0.7079646017699115,0.6349206349206349,0.5454545454545454,0.5901875901875901,0.611764705882353
baseline,mRMR,10,LogisticRegression,3,1,train,0.6033980737740755,0.8833333333333334,0.8412698412698413,0.8095238095238095,0.8253968253968254,0.8333333333333334
baseline,mRMR,10,AdaBoost,3,1,val,0.34685136354086826,0.8099173553719008,0.7777777777777778,0.5909090909090909,0.6843434343434344,0.7294117647058823
baseline,mRMR,10,AdaBoost,3,1,train,0.940243570046875,0.9838709677419354,0.9682539682539683,1.0,0.9841269841269842,0.9761904761904762
baseline,mRMR,10,SVM_RBF,3,1,val,0.16609676700970152,0.735042735042735,0.6825396825396826,0.5,0.5912698412698413,0.6352941176470588
baseline,mRMR,10,SVM_RBF,3,1,train,0.7372744860034143,0.9152542372881356,0.8571428571428571,0.9523809523809523,0.9047619047619047,0.8809523809523809
baseline,mRMR,10,RandomForest_TUNED,3,1,val,0.3453925368937583,0.8225806451612904,0.8095238095238095,0.5454545454545454,0.6774891774891775,0.7411764705882353
baseline,mRMR,10,RandomForest_TUNED,3,1,train,1.0,1.0,1.0,1.0,1.0,1.0
baseline,mRMR,10,AdaBoost_TUNED,3,1,val,0.3287840951434269,0.8,0.7619047619047619,0.5909090909090909,0.6764069264069263,0.7176470588235294
baseline,mRMR,10,AdaBoost_TUNED,3,1,train,1.0,1.0,1.0,1.0,1.0,1.0
baseline,mRMR,10,NeuralNetwork_TUNED,3,1,val,0.19063694666395212,0.7304347826086955,0.6666666666666666,0.5454545454545454,0.606060606060606,0.6352941176470588
baseline,mRMR,10,NeuralNetwork_TUNED,3,1,train,0.795099935886035,0.9322033898305084,0.873015873015873,1.0,0.9365079365079365,0.9047619047619048
baseline,mRMR,10,SVM_RBF_TUNED,3,1,val,-0.22783558086710667,0.7591240875912408,0.8253968253968254,0.0,0.4126984126984127,0.611764705882353
baseline,mRMR,10,SVM_RBF_TUNED,3,1,train,1.0,1.0,1.0,1.0,1.0,1.0
baseline,mRMR,10,RandomForest,3,2,val,0.3903217867076899,0.8135593220338982,0.7619047619047619,0.6666666666666666,0.7142857142857142,0.7380952380952381
baseline,mRMR,10,RandomForest,3,2,train,1.0,1.0,1.0,1.0,1.0,1.0
baseline,mRMR,10,NeuralNetwork,3,2,val,0.3729539518570105,0.8034188034188035,0.746031746031746,0.6666666666666666,0.7063492063492063,0.7261904761904762
baseline,mRMR,10,NeuralNetwork,3,2,train,0.8431395814107511,0.9500000000000001,0.9047619047619048,1.0,0.9523809523809523,0.9294117647058824
baseline,mRMR,10,NaiveBayes,3,2,val,0.47643525615380605,0.8750000000000001,0.8888888888888888,0.5714285714285714,0.7301587301587301,0.8095238095238095
baseline,mRMR,10,NaiveBayes,3,2,train,0.7118102848890859,0.9312977099236641,0.9682539682539683,0.6818181818181818,0.825036075036075,0.8941176470588236
baseline,mRMR,10,LogisticRegression,3,2,val,0.3962969619506085,0.7999999999999999,0.7301587301587301,0.7142857142857143,0.7222222222222222,0.7261904761904762
baseline,mRMR,10,LogisticRegression,3,2,train,0.7288383622402346,0.9166666666666667,0.873015873015873,0.9090909090909091,0.8910533910533911,0.8823529411764706
baseline,mRMR,10,AdaBoost,3,2,val,0.44814723659031064,0.8305084745762712,0.7777777777777778,0.7142857142857143,0.746031746031746,0.7619047619047619
baseline,mRMR,10,AdaBoost,3,2,train,0.9154754164341269,0.975609756097561,0.9523809523809523,1.0,0.9761904761904762,0.9647058823529412
baseline,mRMR,10,SVM_RBF,3,2,val,0.3962969619506085,0.7999999999999999,0.7301587301587301,0.7142857142857143,0.7222222222222222,0.7261904761904762
baseline,mRMR,10,SVM_RBF,3,2,train,0.773597049543601,0.9344262295081968,0.9047619047619048,0.9090909090909091,0.9069264069264069,0.9058823529411765
baseline,mRMR,10,RandomForest_TUNED,3,2,val,0.4267937594987363,0.8333333333333334,0.7936507936507936,0.6666666666666666,0.7301587301587301,0.7619047619047619
baseline,mRMR,10,RandomForest_TUNED,3,2,train,1.0,1.0,1.0,1.0,1.0,1.0
baseline,mRMR,10,AdaBoost_TUNED,3,2,val,0.4130651817695881,0.8103448275862069,0.746031746031746,0.7142857142857143,0.7301587301587302,0.7380952380952381
baseline,mRMR,10,AdaBoost_TUNED,3,2,train,0.9421072855923245,0.9838709677419354,0.9682539682539683,1.0,0.9841269841269842,0.9764705882352941
baseline,mRMR,10,NeuralNetwork_TUNED,3,2,val,0.3396831102433787,0.7826086956521738,0.7142857142857143,0.6666666666666666,0.6904761904761905,0.7023809523809523
baseline,mRMR,10,NeuralNetwork_TUNED,3,2,train,0.8901852573648883,0.9672131147540983,0.9365079365079365,1.0,0.9682539682539683,0.9529411764705882
baseline,mRMR,10,SVM_RBF_TUNED,3,2,val,-0.1111111111111111,0.7971014492753622,0.873015873015873,0.047619047619047616,0.46031746031746035,0.6666666666666666
baseline,mRMR,10,SVM_RBF_TUNED,3,2,train,1.0,1.0,1.0,1.0,1.0,1.0
baseline,Boruta,10,RandomForest,3,0,test,0.3467493371857969,0.8034188034188033,0.7580645161290323,0.6190476190476191,0.6885560675883257,0.7228915662650602
baseline,Boruta,10,NeuralNetwork,3,0,test,0.34483397079286077,0.7636363636363636,0.6774193548387096,0.7142857142857143,0.695852534562212,0.6867469879518072
baseline,Boruta,10,NaiveBayes,3,0,test,0.40872326265877046,0.7378640776699029,0.6129032258064516,0.8571428571428571,0.7350230414746544,0.6746987951807228
baseline,Boruta,10,LogisticRegression,3,0,test,0.38156312120147057,0.7428571428571429,0.6290322580645161,0.8095238095238095,0.7192780337941629,0.6746987951807228
baseline,Boruta,10,AdaBoost,3,0,test,0.48986564185000897,0.8214285714285714,0.7419354838709677,0.8095238095238095,0.7757296466973886,0.7590361445783133
baseline,Boruta,10,SVM_RBF,3,0,test,0.47324908989643966,0.8108108108108109,0.7258064516129032,0.8095238095238095,0.7676651305683564,0.7469879518072289
baseline,Boruta,10,RandomForest_TUNED,3,0,test,0.3467493371857969,0.8034188034188033,0.7580645161290323,0.6190476190476191,0.6885560675883257,0.7228915662650602
baseline,Boruta,10,AdaBoost_TUNED,3,0,test,0.5464935642365699,0.8392857142857143,0.7580645161290323,0.8571428571428571,0.8076036866359446,0.7831325301204819
baseline,Boruta,10,NeuralNetwork_TUNED,3,0,test,0.37660979707688713,0.7857142857142856,0.7096774193548387,0.7142857142857143,0.7119815668202765,0.7108433734939759
baseline,Boruta,10,SVM_RBF_TUNED,3,0,test,0.23356610456748614,0.8421052631578947,0.9032258064516129,0.2857142857142857,0.5944700460829493,0.7469879518072289
baseline,Boruta,10,RandomForest,3,1,val,0.30515178469257215,0.8160000000000001,0.8095238095238095,0.5,0.6547619047619048,0.7294117647058823
baseline,Boruta,10,RandomForest,3,1,train,1.0,1.0,1.0,1.0,1.0,1.0
baseline,Boruta,10,NeuralNetwork,3,1,val,0.11606963437473283,0.7438016528925621,0.7142857142857143,0.4090909090909091,0.5616883116883117,0.6352941176470588
baseline,Boruta,10,NeuralNetwork,3,1,train,0.795099935886035,0.9322033898305084,0.873015873015873,1.0,0.9365079365079365,0.9047619047619048
baseline,Boruta,10,NaiveBayes,3,1,val,0.27770329029685276,0.7692307692307692,0.7142857142857143,0.5909090909090909,0.6525974025974026,0.6823529411764706
baseline,Boruta,10,NaiveBayes,3,1,train,0.5,0.8108108108108109,0.7142857142857143,0.8571428571428571,0.7857142857142857,0.75
baseline,Boruta,10,LogisticRegression,3,1,val,0.19063694666395212,0.7304347826086955,0.6666666666666666,0.5454545454545454,0.606060606060606,0.6352941176470588
baseline,Boruta,10,LogisticRegression,3,1,train,0.6793662204867574,0.8869565217391304,0.8095238095238095,0.9523809523809523,0.8809523809523809,0.8452380952380952
baseline,Boruta,10,AdaBoost,3,1,val,0.24469047537120003,0.7999999999999999,0.7936507936507936,0.45454545454545453,0.624098124098124,0.7058823529411765
baseline,Boruta,10,AdaBoost,3,1,train,1.0,1.0,1.0,1.0,1.0,1.0
baseline,Boruta,10,SVM_RBF,3,1,val,0.10018165680239387,0.7333333333333333,0.6984126984126984,0.4090909090909091,0.5537518037518038,0.6235294117647059
baseline,Boruta,10,SVM_RBF,3,1,train,0.7745966692414833,0.923076923076923,0.8571428571428571,1.0,0.9285714285714286,0.8928571428571429
baseline,Boruta,10,RandomForest_TUNED,3,1,val,0.28428272916655417,0.8188976377952756,0.8253968253968254,0.45454545454545453,0.63997113997114,0.7294117647058823
baseline,Boruta,10,RandomForest_TUNED,3,1,train,1.0,1.0,1.0,1.0,1.0,1.0
baseline,Boruta,10,AdaBoost_TUNED,3,1,val,0.24211966797832354,0.8125,0.8253968253968254,0.4090909090909091,0.6172438672438673,0.7176470588235294
baseline,Boruta,10,AdaBoost_TUNED,3,1,train,1.0,1.0,1.0,1.0,1.0,1.0
baseline,Boruta,10,NeuralNetwork_TUNED,3,1,val,0.1737650666662667,0.7603305785123967,0.7301587301587301,0.45454545454545453,0.5923520923520923,0.6588235294117647
baseline,Boruta,10,NeuralNetwork_TUNED,3,1,train,0.795099935886035,0.9322033898305084,0.873015873015873,1.0,0.9365079365079365,0.9047619047619048
baseline,Boruta,10,SVM_RBF_TUNED,3,1,val,0.047410465593076045,0.7999999999999999,0.8571428571428571,0.18181818181818182,0.5194805194805194,0.6823529411764706
baseline,Boruta,10,SVM_RBF_TUNED,3,1,train,1.0,1.0,1.0,1.0,1.0,1.0
baseline,Boruta,10,RandomForest,3,2,val,0.49206349206349204,0.8730158730158731,0.873015873015873,0.6190476190476191,0.746031746031746,0.8095238095238095
baseline,Boruta,10,RandomForest,3,2,train,1.0,1.0,1.0,1.0,1.0,1.0
baseline,Boruta,10,NeuralNetwork,3,2,val,0.4660205373617539,0.8524590163934426,0.8253968253968254,0.6666666666666666,0.746031746031746,0.7857142857142857
baseline,Boruta,10,NeuralNetwork,3,2,train,0.8431395814107511,0.9500000000000001,0.9047619047619048,1.0,0.9523809523809523,0.9294117647058824
baseline,Boruta,10,NaiveBayes,3,2,val,0.5321064319306437,0.831858407079646,0.746031746031746,0.8571428571428571,0.8015873015873016,0.7738095238095238
baseline,Boruta,10,NaiveBayes,3,2,train,0.4111014428059376,0.7999999999999999,0.7301587301587301,0.7272727272727273,0.7287157287157287,0.7294117647058823
baseline,Boruta,10,LogisticRegression,3,2,val,0.41427613249958056,0.7706422018348623,0.6666666666666666,0.8095238095238095,0.7380952380952381,0.7023809523809523
baseline,Boruta,10,LogisticRegression,3,2,train,0.5263430947562603,0.8214285714285714,0.7301587301587301,0.8636363636363636,0.7968975468975469,0.7647058823529411
baseline,Boruta,10,AdaBoost,3,2,val,0.3560906739393001,0.7931034482758621,0.7301587301587301,0.6666666666666666,0.6984126984126984,0.7142857142857143
baseline,Boruta,10,AdaBoost,3,2,train,0.9421072855923245,0.9838709677419354,0.9682539682539683,1.0,0.9841269841269842,0.9764705882352941
baseline,Boruta,10,SVM_RBF,3,2,val,0.408248290463863,0.823529411764706,0.7777777777777778,0.6666666666666666,0.7222222222222222,0.75
baseline,Boruta,10,SVM_RBF,3,2,train,0.7241293834454576,0.905982905982906,0.8412698412698413,0.9545454545454546,0.897907647907648,0.8705882352941177
baseline,Boruta,10,RandomForest_TUNED,3,2,val,0.4470010414976947,0.8548387096774194,0.8412698412698413,0.6190476190476191,0.7301587301587302,0.7857142857142857
baseline,Boruta,10,RandomForest_TUNED,3,2,train,1.0,1.0,1.0,1.0,1.0,1.0
baseline,Boruta,10,AdaBoost_TUNED,3,2,val,0.3560906739393001,0.7931034482758621,0.7301587301587301,0.6666666666666666,0.6984126984126984,0.7142857142857143
baseline,Boruta,10,AdaBoost_TUNED,3,2,train,1.0,1.0,1.0,1.0,1.0,1.0
baseline,Boruta,10,NeuralNetwork_TUNED,3,2,val,0.44602577508753943,0.8429752066115702,0.8095238095238095,0.6666666666666666,0.7380952380952381,0.7738095238095238
baseline,Boruta,10,NeuralNetwork_TUNED,3,2,train,0.866110254164673,0.9586776859504132,0.9206349206349206,1.0,0.9603174603174602,0.9411764705882353
baseline,Boruta,10,SVM_RBF_TUNED,3,2,val,0.21223817998900443,0.8467153284671532,0.9206349206349206,0.23809523809523808,0.5793650793650793,0.75
baseline,Boruta,10,SVM_RBF_TUNED,3,2,train,1.0,1.0,1.0,1.0,1.0,1.0
