Dataset,Method,N_Features,Classifier,Fold,MCC,F1,Sensitivity,Specificity,Balanced_Accuracy,Accuracy
male,mRMR,10,RandomForest,1,0.43822991060110733,0.9130434782608695,0.9545454545454546,0.4,0.6772727272727272,0.8518518518518519
male,mRMR,10,RandomForest_TUNED,1,0.43822991060110733,0.9130434782608695,0.9545454545454546,0.4,0.6772727272727272,0.8518518518518519
male,mRMR,10,NeuralNetwork,1,0.3379781783072063,0.888888888888889,0.9090909090909091,0.4,0.6545454545454545,0.8148148148148148
male,mRMR,10,NeuralNetwork_TUNED,1,0.2636363636363636,0.8636363636363636,0.8636363636363636,0.4,0.6318181818181818,0.7777777777777778
male,mRMR,10,NaiveBayes,1,0.13483997249264842,0.8695652173913043,0.9090909090909091,0.2,0.5545454545454546,0.7777777777777778
male,mRMR,10,LogisticRegression,1,0.4332001127219817,0.8837209302325582,0.8636363636363636,0.6,0.7318181818181818,0.8148148148148148
male,mRMR,10,AdaBoost,1,0.3379781783072063,0.888888888888889,0.9090909090909091,0.4,0.6545454545454545,0.8148148148148148
male,mRMR,10,AdaBoost_TUNED,1,0.3379781783072063,0.888888888888889,0.9090909090909091,0.4,0.6545454545454545,0.8148148148148148
male,mRMR,10,SVM_RBF,1,0.6063726140217525,0.9333333333333332,0.9545454545454546,0.6,0.7772727272727273,0.8888888888888888
male,mRMR,10,SVM_RBF_TUNED,1,0.41137667560372115,0.9166666666666666,1.0,0.2,0.6,0.8518518518518519
male,mRMR,20,RandomForest,1,0.43822991060110733,0.9130434782608695,0.9545454545454546,0.4,0.6772727272727272,0.8518518518518519
male,mRMR,20,RandomForest_TUNED,1,0.43822991060110733,0.9130434782608695,0.9545454545454546,0.4,0.6772727272727272,0.8518518518518519
male,mRMR,20,NeuralNetwork,1,0.509090909090909,0.9090909090909091,0.9090909090909091,0.6,0.7545454545454545,0.8518518518518519
male,mRMR,20,NeuralNetwork_TUNED,1,0.6063726140217525,0.9333333333333332,0.9545454545454546,0.6,0.7772727272727273,0.8888888888888888
male,mRMR,20,NaiveBayes,1,0.3379781783072063,0.888888888888889,0.9090909090909091,0.4,0.6545454545454545,0.8148148148148148
male,mRMR,20,LogisticRegression,1,0.37067856345167494,0.8571428571428572,0.8181818181818182,0.6,0.7090909090909091,0.7777777777777778
male,mRMR,20,AdaBoost,1,0.43822991060110733,0.9130434782608695,0.9545454545454546,0.4,0.6772727272727272,0.8518518518518519
male,mRMR,20,AdaBoost_TUNED,1,0.6063726140217525,0.9333333333333332,0.9545454545454546,0.6,0.7772727272727273,0.8888888888888888
male,mRMR,20,SVM_RBF,1,0.43822991060110733,0.9130434782608695,0.9545454545454546,0.4,0.6772727272727272,0.8518518518518519
male,mRMR,20,SVM_RBF_TUNED,1,-0.09349469900084571,0.875,0.9545454545454546,0.0,0.4772727272727273,0.7777777777777778
male,mRMR,30,RandomForest,1,0.6063726140217525,0.9333333333333332,0.9545454545454546,0.6,0.7772727272727273,0.8888888888888888
male,mRMR,30,RandomForest_TUNED,1,0.43822991060110733,0.9130434782608695,0.9545454545454546,0.4,0.6772727272727272,0.8518518518518519
male,mRMR,30,NeuralNetwork,1,0.3379781783072063,0.888888888888889,0.9090909090909091,0.4,0.6545454545454545,0.8148148148148148
male,mRMR,30,NeuralNetwork_TUNED,1,0.43822991060110733,0.9130434782608695,0.9545454545454546,0.4,0.6772727272727272,0.8518518518518519
male,mRMR,30,NaiveBayes,1,0.43822991060110733,0.9130434782608695,0.9545454545454546,0.4,0.6772727272727272,0.8518518518518519
male,mRMR,30,LogisticRegression,1,0.3170777152559948,0.8292682926829269,0.7727272727272727,0.6,0.6863636363636363,0.7407407407407407
male,mRMR,30,AdaBoost,1,0.43822991060110733,0.9130434782608695,0.9545454545454546,0.4,0.6772727272727272,0.8518518518518519
male,mRMR,30,AdaBoost_TUNED,1,0.3379781783072063,0.888888888888889,0.9090909090909091,0.4,0.6545454545454545,0.8148148148148148
male,mRMR,30,SVM_RBF,1,0.43822991060110733,0.9130434782608695,0.9545454545454546,0.4,0.6772727272727272,0.8518518518518519
male,mRMR,30,SVM_RBF_TUNED,1,-0.09349469900084571,0.875,0.9545454545454546,0.0,0.4772727272727273,0.7777777777777778
male,mRMR,40,RandomForest,1,0.43822991060110733,0.9130434782608695,0.9545454545454546,0.4,0.6772727272727272,0.8518518518518519
male,mRMR,40,RandomForest_TUNED,1,0.43822991060110733,0.9130434782608695,0.9545454545454546,0.4,0.6772727272727272,0.8518518518518519
male,mRMR,40,NeuralNetwork,1,0.6063726140217525,0.9333333333333332,0.9545454545454546,0.6,0.7772727272727273,0.8888888888888888
male,mRMR,40,NeuralNetwork_TUNED,1,0.7416198487095663,0.9565217391304348,1.0,0.6,0.8,0.9259259259259259
male,mRMR,40,NaiveBayes,1,0.43822991060110733,0.9130434782608695,0.9545454545454546,0.4,0.6772727272727272,0.8518518518518519
male,mRMR,40,LogisticRegression,1,0.4332001127219817,0.8837209302325582,0.8636363636363636,0.6,0.7318181818181818,0.8148148148148148
male,mRMR,40,AdaBoost,1,0.6063726140217525,0.9333333333333332,0.9545454545454546,0.6,0.7772727272727273,0.8888888888888888
male,mRMR,40,AdaBoost_TUNED,1,0.6063726140217525,0.9333333333333332,0.9545454545454546,0.6,0.7772727272727273,0.8888888888888888
male,mRMR,40,SVM_RBF,1,0.593295878967653,0.9361702127659575,1.0,0.4,0.7,0.8888888888888888
male,mRMR,40,SVM_RBF_TUNED,1,0.593295878967653,0.9361702127659575,1.0,0.4,0.7,0.8888888888888888
male,mRMR,50,RandomForest,1,0.43822991060110733,0.9130434782608695,0.9545454545454546,0.4,0.6772727272727272,0.8518518518518519
male,mRMR,50,RandomForest_TUNED,1,0.43822991060110733,0.9130434782608695,0.9545454545454546,0.4,0.6772727272727272,0.8518518518518519
male,mRMR,50,NeuralNetwork,1,0.6063726140217525,0.9333333333333332,0.9545454545454546,0.6,0.7772727272727273,0.8888888888888888
male,mRMR,50,NeuralNetwork_TUNED,1,0.6063726140217525,0.9333333333333332,0.9545454545454546,0.6,0.7772727272727273,0.8888888888888888
male,mRMR,50,NaiveBayes,1,0.43822991060110733,0.9130434782608695,0.9545454545454546,0.4,0.6772727272727272,0.8518518518518519
male,mRMR,50,LogisticRegression,1,0.509090909090909,0.9090909090909091,0.9090909090909091,0.6,0.7545454545454545,0.8518518518518519
male,mRMR,50,AdaBoost,1,0.43822991060110733,0.9130434782608695,0.9545454545454546,0.4,0.6772727272727272,0.8518518518518519
male,mRMR,50,AdaBoost_TUNED,1,0.43822991060110733,0.9130434782608695,0.9545454545454546,0.4,0.6772727272727272,0.8518518518518519
male,mRMR,50,SVM_RBF,1,0.593295878967653,0.9361702127659575,1.0,0.4,0.7,0.8888888888888888
male,mRMR,50,SVM_RBF_TUNED,1,0.7416198487095663,0.9565217391304348,1.0,0.6,0.8,0.9259259259259259
male,mRMR,60,RandomForest,1,0.43822991060110733,0.9130434782608695,0.9545454545454546,0.4,0.6772727272727272,0.8518518518518519
male,mRMR,60,RandomForest_TUNED,1,0.43822991060110733,0.9130434782608695,0.9545454545454546,0.4,0.6772727272727272,0.8518518518518519
male,mRMR,60,NeuralNetwork,1,0.6063726140217525,0.9333333333333332,0.9545454545454546,0.6,0.7772727272727273,0.8888888888888888
male,mRMR,60,NeuralNetwork_TUNED,1,0.7416198487095663,0.9565217391304348,1.0,0.6,0.8,0.9259259259259259
male,mRMR,60,NaiveBayes,1,0.43822991060110733,0.9130434782608695,0.9545454545454546,0.4,0.6772727272727272,0.8518518518518519
male,mRMR,60,LogisticRegression,1,0.593295878967653,0.9361702127659575,1.0,0.4,0.7,0.8888888888888888
male,mRMR,60,AdaBoost,1,0.6063726140217525,0.9333333333333332,0.9545454545454546,0.6,0.7772727272727273,0.8888888888888888
male,mRMR,60,AdaBoost_TUNED,1,0.43822991060110733,0.9130434782608695,0.9545454545454546,0.4,0.6772727272727272,0.8518518518518519
male,mRMR,60,SVM_RBF,1,0.41137667560372115,0.9166666666666666,1.0,0.2,0.6,0.8518518518518519
male,mRMR,60,SVM_RBF_TUNED,1,0.7416198487095663,0.9565217391304348,1.0,0.6,0.8,0.9259259259259259
male,mRMR,70,RandomForest,1,0.43822991060110733,0.9130434782608695,0.9545454545454546,0.4,0.6772727272727272,0.8518518518518519
male,mRMR,70,RandomForest_TUNED,1,0.6063726140217525,0.9333333333333332,0.9545454545454546,0.6,0.7772727272727273,0.8888888888888888
male,mRMR,70,NeuralNetwork,1,0.7416198487095663,0.9565217391304348,1.0,0.6,0.8,0.9259259259259259
male,mRMR,70,NeuralNetwork_TUNED,1,0.6063726140217525,0.9333333333333332,0.9545454545454546,0.6,0.7772727272727273,0.8888888888888888
male,mRMR,70,NaiveBayes,1,0.43822991060110733,0.9130434782608695,0.9545454545454546,0.4,0.6772727272727272,0.8518518518518519
male,mRMR,70,LogisticRegression,1,-0.09349469900084571,0.875,0.9545454545454546,0.0,0.4772727272727273,0.7777777777777778
male,mRMR,70,AdaBoost,1,0.43822991060110733,0.9130434782608695,0.9545454545454546,0.4,0.6772727272727272,0.8518518518518519
male,mRMR,70,AdaBoost_TUNED,1,0.3379781783072063,0.888888888888889,0.9090909090909091,0.4,0.6545454545454545,0.8148148148148148
male,mRMR,70,SVM_RBF,1,0.41137667560372115,0.9166666666666666,1.0,0.2,0.6,0.8518518518518519
male,mRMR,70,SVM_RBF_TUNED,1,0.7416198487095663,0.9565217391304348,1.0,0.6,0.8,0.9259259259259259
male,mRMR,80,RandomForest,1,0.43822991060110733,0.9130434782608695,0.9545454545454546,0.4,0.6772727272727272,0.8518518518518519
male,mRMR,80,RandomForest_TUNED,1,0.43822991060110733,0.9130434782608695,0.9545454545454546,0.4,0.6772727272727272,0.8518518518518519
male,mRMR,80,NeuralNetwork,1,0.593295878967653,0.9361702127659575,1.0,0.4,0.7,0.8888888888888888
male,mRMR,80,NeuralNetwork_TUNED,1,0.7416198487095663,0.9565217391304348,1.0,0.6,0.8,0.9259259259259259
male,mRMR,80,NaiveBayes,1,0.43822991060110733,0.9130434782608695,0.9545454545454546,0.4,0.6772727272727272,0.8518518518518519
male,mRMR,80,LogisticRegression,1,0.0,0.8979591836734693,1.0,0.0,0.5,0.8148148148148148
male,mRMR,80,AdaBoost,1,0.43822991060110733,0.9130434782608695,0.9545454545454546,0.4,0.6772727272727272,0.8518518518518519
male,mRMR,80,AdaBoost_TUNED,1,0.43822991060110733,0.9130434782608695,0.9545454545454546,0.4,0.6772727272727272,0.8518518518518519
male,mRMR,80,SVM_RBF,1,0.41137667560372115,0.9166666666666666,1.0,0.2,0.6,0.8518518518518519
male,mRMR,80,SVM_RBF_TUNED,1,0.41137667560372115,0.9166666666666666,1.0,0.2,0.6,0.8518518518518519
male,mRMR,90,RandomForest,1,0.6063726140217525,0.9333333333333332,0.9545454545454546,0.6,0.7772727272727273,0.8888888888888888
male,mRMR,90,RandomForest_TUNED,1,0.6063726140217525,0.9333333333333332,0.9545454545454546,0.6,0.7772727272727273,0.8888888888888888
male,mRMR,90,NeuralNetwork,1,0.593295878967653,0.9361702127659575,1.0,0.4,0.7,0.8888888888888888
male,mRMR,90,NeuralNetwork_TUNED,1,0.593295878967653,0.9361702127659575,1.0,0.4,0.7,0.8888888888888888
male,mRMR,90,NaiveBayes,1,0.43822991060110733,0.9130434782608695,0.9545454545454546,0.4,0.6772727272727272,0.8518518518518519
male,mRMR,90,LogisticRegression,1,0.6063726140217525,0.9333333333333332,0.9545454545454546,0.6,0.7772727272727273,0.8888888888888888
male,mRMR,90,AdaBoost,1,0.43822991060110733,0.9130434782608695,0.9545454545454546,0.4,0.6772727272727272,0.8518518518518519
male,mRMR,90,AdaBoost_TUNED,1,0.43822991060110733,0.9130434782608695,0.9545454545454546,0.4,0.6772727272727272,0.8518518518518519
male,mRMR,90,SVM_RBF,1,0.41137667560372115,0.9166666666666666,1.0,0.2,0.6,0.8518518518518519
male,mRMR,90,SVM_RBF_TUNED,1,0.41137667560372115,0.9166666666666666,1.0,0.2,0.6,0.8518518518518519
male,mRMR,100,RandomForest,1,0.43822991060110733,0.9130434782608695,0.9545454545454546,0.4,0.6772727272727272,0.8518518518518519
male,mRMR,100,RandomForest_TUNED,1,0.6063726140217525,0.9333333333333332,0.9545454545454546,0.6,0.7772727272727273,0.8888888888888888
male,mRMR,100,NeuralNetwork,1,0.7416198487095663,0.9565217391304348,1.0,0.6,0.8,0.9259259259259259
male,mRMR,100,NeuralNetwork_TUNED,1,0.593295878967653,0.9361702127659575,1.0,0.4,0.7,0.8888888888888888
male,mRMR,100,NaiveBayes,1,0.43822991060110733,0.9130434782608695,0.9545454545454546,0.4,0.6772727272727272,0.8518518518518519
male,mRMR,100,LogisticRegression,1,0.2292279532375023,0.8936170212765958,0.9545454545454546,0.2,0.5772727272727273,0.8148148148148148
male,mRMR,100,AdaBoost,1,0.43822991060110733,0.9130434782608695,0.9545454545454546,0.4,0.6772727272727272,0.8518518518518519
male,mRMR,100,AdaBoost_TUNED,1,0.43822991060110733,0.9130434782608695,0.9545454545454546,0.4,0.6772727272727272,0.8518518518518519
male,mRMR,100,SVM_RBF,1,0.0,0.8979591836734693,1.0,0.0,0.5,0.8148148148148148
male,mRMR,100,SVM_RBF_TUNED,1,0.41137667560372115,0.9166666666666666,1.0,0.2,0.6,0.8518518518518519
male,Boruta,10,RandomForest,1,0.2292279532375023,0.8936170212765958,0.9545454545454546,0.2,0.5772727272727273,0.8148148148148148
male,Boruta,10,RandomForest_TUNED,1,0.2292279532375023,0.8936170212765958,0.9545454545454546,0.2,0.5772727272727273,0.8148148148148148
male,Boruta,10,NeuralNetwork,1,0.4332001127219817,0.8837209302325582,0.8636363636363636,0.6,0.7318181818181818,0.8148148148148148
male,Boruta,10,NeuralNetwork_TUNED,1,0.4332001127219817,0.8837209302325582,0.8636363636363636,0.6,0.7318181818181818,0.8148148148148148
male,Boruta,10,NaiveBayes,1,0.3170777152559948,0.8292682926829269,0.7727272727272727,0.6,0.6863636363636363,0.7407407407407407
male,Boruta,10,LogisticRegression,1,0.26967994498529685,0.7999999999999999,0.7272727272727273,0.6,0.6636363636363636,0.7037037037037037
male,Boruta,10,AdaBoost,1,0.3379781783072063,0.888888888888889,0.9090909090909091,0.4,0.6545454545454545,0.8148148148148148
male,Boruta,10,AdaBoost_TUNED,1,0.2636363636363636,0.8636363636363636,0.8636363636363636,0.4,0.6318181818181818,0.7777777777777778
male,Boruta,10,SVM_RBF,1,0.4332001127219817,0.8837209302325582,0.8636363636363636,0.6,0.7318181818181818,0.8148148148148148
male,Boruta,10,SVM_RBF_TUNED,1,0.43822991060110733,0.9130434782608695,0.9545454545454546,0.4,0.6772727272727272,0.8518518518518519
male,Boruta,20,RandomForest,1,0.2292279532375023,0.8936170212765958,0.9545454545454546,0.2,0.5772727272727273,0.8148148148148148
male,Boruta,20,RandomForest_TUNED,1,0.2292279532375023,0.8936170212765958,0.9545454545454546,0.2,0.5772727272727273,0.8148148148148148
male,Boruta,20,NeuralNetwork,1,0.509090909090909,0.9090909090909091,0.9090909090909091,0.6,0.7545454545454545,0.8518518518518519
male,Boruta,20,NeuralNetwork_TUNED,1,0.3379781783072063,0.888888888888889,0.9090909090909091,0.4,0.6545454545454545,0.8148148148148148
male,Boruta,20,NaiveBayes,1,0.3170777152559948,0.8292682926829269,0.7727272727272727,0.6,0.6863636363636363,0.7407407407407407
male,Boruta,20,LogisticRegression,1,0.37067856345167494,0.8571428571428572,0.8181818181818182,0.6,0.7090909090909091,0.7777777777777778
male,Boruta,20,AdaBoost,1,0.13483997249264842,0.8695652173913043,0.9090909090909091,0.2,0.5545454545454546,0.7777777777777778
male,Boruta,20,AdaBoost_TUNED,1,0.13483997249264842,0.8695652173913043,0.9090909090909091,0.2,0.5545454545454546,0.7777777777777778
male,Boruta,20,SVM_RBF,1,0.3379781783072063,0.888888888888889,0.9090909090909091,0.4,0.6545454545454545,0.8148148148148148
male,Boruta,20,SVM_RBF_TUNED,1,0.3379781783072063,0.888888888888889,0.9090909090909091,0.4,0.6545454545454545,0.8148148148148148
male,Boruta,30,RandomForest,1,0.43822991060110733,0.9130434782608695,0.9545454545454546,0.4,0.6772727272727272,0.8518518518518519
male,Boruta,30,RandomForest_TUNED,1,0.43822991060110733,0.9130434782608695,0.9545454545454546,0.4,0.6772727272727272,0.8518518518518519
male,Boruta,30,NeuralNetwork,1,0.3379781783072063,0.888888888888889,0.9090909090909091,0.4,0.6545454545454545,0.8148148148148148
male,Boruta,30,NeuralNetwork_TUNED,1,0.3379781783072063,0.888888888888889,0.9090909090909091,0.4,0.6545454545454545,0.8148148148148148
male,Boruta,30,NaiveBayes,1,0.3379781783072063,0.888888888888889,0.9090909090909091,0.4,0.6545454545454545,0.8148148148148148
male,Boruta,30,LogisticRegression,1,0.37067856345167494,0.8571428571428572,0.8181818181818182,0.6,0.7090909090909091,0.7777777777777778
male,Boruta,30,AdaBoost,1,0.13483997249264842,0.8695652173913043,0.9090909090909091,0.2,0.5545454545454546,0.7777777777777778
male,Boruta,30,AdaBoost_TUNED,1,0.13483997249264842,0.8695652173913043,0.9090909090909091,0.2,0.5545454545454546,0.7777777777777778
male,Boruta,30,SVM_RBF,1,0.3379781783072063,0.888888888888889,0.9090909090909091,0.4,0.6545454545454545,0.8148148148148148
male,Boruta,30,SVM_RBF_TUNED,1,0.3379781783072063,0.888888888888889,0.9090909090909091,0.4,0.6545454545454545,0.8148148148148148
male,Boruta,40,RandomForest,1,0.2292279532375023,0.8936170212765958,0.9545454545454546,0.2,0.5772727272727273,0.8148148148148148
male,Boruta,40,RandomForest_TUNED,1,0.2292279532375023,0.8936170212765958,0.9545454545454546,0.2,0.5772727272727273,0.8148148148148148
male,Boruta,40,NeuralNetwork,1,0.3379781783072063,0.888888888888889,0.9090909090909091,0.4,0.6545454545454545,0.8148148148148148
male,Boruta,40,NeuralNetwork_TUNED,1,0.509090909090909,0.9090909090909091,0.9090909090909091,0.6,0.7545454545454545,0.8518518518518519
male,Boruta,40,NaiveBayes,1,0.3379781783072063,0.888888888888889,0.9090909090909091,0.4,0.6545454545454545,0.8148148148148148
male,Boruta,40,LogisticRegression,1,0.4332001127219817,0.8837209302325582,0.8636363636363636,0.6,0.7318181818181818,0.8148148148148148
male,Boruta,40,AdaBoost,1,0.13483997249264842,0.8695652173913043,0.9090909090909091,0.2,0.5545454545454546,0.7777777777777778
male,Boruta,40,AdaBoost_TUNED,1,0.13483997249264842,0.8695652173913043,0.9090909090909091,0.2,0.5545454545454546,0.7777777777777778
male,Boruta,40,SVM_RBF,1,0.43822991060110733,0.9130434782608695,0.9545454545454546,0.4,0.6772727272727272,0.8518518518518519
male,Boruta,40,SVM_RBF_TUNED,1,0.3379781783072063,0.888888888888889,0.9090909090909091,0.4,0.6545454545454545,0.8148148148148148
male,Boruta,50,RandomForest,1,0.6063726140217525,0.9333333333333332,0.9545454545454546,0.6,0.7772727272727273,0.8888888888888888
male,Boruta,50,RandomForest_TUNED,1,0.6063726140217525,0.9333333333333332,0.9545454545454546,0.6,0.7772727272727273,0.8888888888888888
male,Boruta,50,NeuralNetwork,1,0.6063726140217525,0.9333333333333332,0.9545454545454546,0.6,0.7772727272727273,0.8888888888888888
male,Boruta,50,NeuralNetwork_TUNED,1,0.2292279532375023,0.8936170212765958,0.9545454545454546,0.2,0.5772727272727273,0.8148148148148148
male,Boruta,50,NaiveBayes,1,0.43822991060110733,0.9130434782608695,0.9545454545454546,0.4,0.6772727272727272,0.8518518518518519
male,Boruta,50,LogisticRegression,1,0.509090909090909,0.9090909090909091,0.9090909090909091,0.6,0.7545454545454545,0.8518518518518519
male,Boruta,50,AdaBoost,1,0.509090909090909,0.9090909090909091,0.9090909090909091,0.6,0.7545454545454545,0.8518518518518519
male,Boruta,50,AdaBoost_TUNED,1,0.509090909090909,0.9090909090909091,0.9090909090909091,0.6,0.7545454545454545,0.8518518518518519
male,Boruta,50,SVM_RBF,1,0.2292279532375023,0.8936170212765958,0.9545454545454546,0.2,0.5772727272727273,0.8148148148148148
male,Boruta,50,SVM_RBF_TUNED,1,0.2292279532375023,0.8936170212765958,0.9545454545454546,0.2,0.5772727272727273,0.8148148148148148
male,Boruta,60,RandomForest,1,0.6063726140217525,0.9333333333333332,0.9545454545454546,0.6,0.7772727272727273,0.8888888888888888
male,Boruta,60,RandomForest_TUNED,1,0.6063726140217525,0.9333333333333332,0.9545454545454546,0.6,0.7772727272727273,0.8888888888888888
male,Boruta,60,NeuralNetwork,1,0.3379781783072063,0.888888888888889,0.9090909090909091,0.4,0.6545454545454545,0.8148148148148148
male,Boruta,60,NeuralNetwork_TUNED,1,0.509090909090909,0.9090909090909091,0.9090909090909091,0.6,0.7545454545454545,0.8518518518518519
male,Boruta,60,NaiveBayes,1,0.43822991060110733,0.9130434782608695,0.9545454545454546,0.4,0.6772727272727272,0.8518518518518519
male,Boruta,60,LogisticRegression,1,0.7545454545454545,0.9545454545454546,0.9545454545454546,0.8,0.8772727272727273,0.9259259259259259
male,Boruta,60,AdaBoost,1,0.6063726140217525,0.9333333333333332,0.9545454545454546,0.6,0.7772727272727273,0.8888888888888888
male,Boruta,60,AdaBoost_TUNED,1,0.6063726140217525,0.9333333333333332,0.9545454545454546,0.6,0.7772727272727273,0.8888888888888888
male,Boruta,60,SVM_RBF,1,0.43822991060110733,0.9130434782608695,0.9545454545454546,0.4,0.6772727272727272,0.8518518518518519
male,Boruta,60,SVM_RBF_TUNED,1,0.43822991060110733,0.9130434782608695,0.9545454545454546,0.4,0.6772727272727272,0.8518518518518519
male,Boruta,70,RandomForest,1,0.6063726140217525,0.9333333333333332,0.9545454545454546,0.6,0.7772727272727273,0.8888888888888888
male,Boruta,70,RandomForest_TUNED,1,0.6063726140217525,0.9333333333333332,0.9545454545454546,0.6,0.7772727272727273,0.8888888888888888
male,Boruta,70,NeuralNetwork,1,0.3379781783072063,0.888888888888889,0.9090909090909091,0.4,0.6545454545454545,0.8148148148148148
male,Boruta,70,NeuralNetwork_TUNED,1,0.593295878967653,0.9361702127659575,1.0,0.4,0.7,0.8888888888888888
male,Boruta,70,NaiveBayes,1,0.43822991060110733,0.9130434782608695,0.9545454545454546,0.4,0.6772727272727272,0.8518518518518519
male,Boruta,70,LogisticRegression,1,0.6063726140217525,0.9333333333333332,0.9545454545454546,0.6,0.7772727272727273,0.8888888888888888
male,Boruta,70,AdaBoost,1,0.6063726140217525,0.9333333333333332,0.9545454545454546,0.6,0.7772727272727273,0.8888888888888888
male,Boruta,70,AdaBoost_TUNED,1,0.509090909090909,0.9090909090909091,0.9090909090909091,0.6,0.7545454545454545,0.8518518518518519
male,Boruta,70,SVM_RBF,1,0.41137667560372115,0.9166666666666666,1.0,0.2,0.6,0.8518518518518519
male,Boruta,70,SVM_RBF_TUNED,1,0.41137667560372115,0.9166666666666666,1.0,0.2,0.6,0.8518518518518519
male,Boruta,80,RandomForest,1,0.6063726140217525,0.9333333333333332,0.9545454545454546,0.6,0.7772727272727273,0.8888888888888888
male,Boruta,80,RandomForest_TUNED,1,0.6063726140217525,0.9333333333333332,0.9545454545454546,0.6,0.7772727272727273,0.8888888888888888
male,Boruta,80,NeuralNetwork,1,0.6063726140217525,0.9333333333333332,0.9545454545454546,0.6,0.7772727272727273,0.8888888888888888
male,Boruta,80,NeuralNetwork_TUNED,1,0.593295878967653,0.9361702127659575,1.0,0.4,0.7,0.8888888888888888
male,Boruta,80,NaiveBayes,1,0.43822991060110733,0.9130434782608695,0.9545454545454546,0.4,0.6772727272727272,0.8518518518518519
male,Boruta,80,LogisticRegression,1,0.6063726140217525,0.9333333333333332,0.9545454545454546,0.6,0.7772727272727273,0.8888888888888888
male,Boruta,80,AdaBoost,1,0.6063726140217525,0.9333333333333332,0.9545454545454546,0.6,0.7772727272727273,0.8888888888888888
male,Boruta,80,AdaBoost_TUNED,1,0.6063726140217525,0.9333333333333332,0.9545454545454546,0.6,0.7772727272727273,0.8888888888888888
male,Boruta,80,SVM_RBF,1,0.41137667560372115,0.9166666666666666,1.0,0.2,0.6,0.8518518518518519
male,Boruta,80,SVM_RBF_TUNED,1,0.41137667560372115,0.9166666666666666,1.0,0.2,0.6,0.8518518518518519
male,Boruta,90,RandomForest,1,0.6063726140217525,0.9333333333333332,0.9545454545454546,0.6,0.7772727272727273,0.8888888888888888
male,Boruta,90,RandomForest_TUNED,1,0.6063726140217525,0.9333333333333332,0.9545454545454546,0.6,0.7772727272727273,0.8888888888888888
male,Boruta,90,NeuralNetwork,1,0.43822991060110733,0.9130434782608695,0.9545454545454546,0.4,0.6772727272727272,0.8518518518518519
male,Boruta,90,NeuralNetwork_TUNED,1,0.593295878967653,0.9361702127659575,1.0,0.4,0.7,0.8888888888888888
male,Boruta,90,NaiveBayes,1,0.43822991060110733,0.9130434782608695,0.9545454545454546,0.4,0.6772727272727272,0.8518518518518519
male,Boruta,90,LogisticRegression,1,0.43822991060110733,0.9130434782608695,0.9545454545454546,0.4,0.6772727272727272,0.8518518518518519
male,Boruta,90,AdaBoost,1,0.6063726140217525,0.9333333333333332,0.9545454545454546,0.6,0.7772727272727273,0.8888888888888888
male,Boruta,90,AdaBoost_TUNED,1,0.6063726140217525,0.9333333333333332,0.9545454545454546,0.6,0.7772727272727273,0.8888888888888888
male,Boruta,90,SVM_RBF,1,0.41137667560372115,0.9166666666666666,1.0,0.2,0.6,0.8518518518518519
male,Boruta,90,SVM_RBF_TUNED,1,0.41137667560372115,0.9166666666666666,1.0,0.2,0.6,0.8518518518518519
male,Boruta,100,RandomForest,1,0.6063726140217525,0.9333333333333332,0.9545454545454546,0.6,0.7772727272727273,0.8888888888888888
male,Boruta,100,RandomForest_TUNED,1,0.6063726140217525,0.9333333333333332,0.9545454545454546,0.6,0.7772727272727273,0.8888888888888888
male,Boruta,100,NeuralNetwork,1,0.6063726140217525,0.9333333333333332,0.9545454545454546,0.6,0.7772727272727273,0.8888888888888888
male,Boruta,100,NeuralNetwork_TUNED,1,0.41137667560372115,0.9166666666666666,1.0,0.2,0.6,0.8518518518518519
male,Boruta,100,NaiveBayes,1,0.43822991060110733,0.9130434782608695,0.9545454545454546,0.4,0.6772727272727272,0.8518518518518519
male,Boruta,100,LogisticRegression,1,0.43822991060110733,0.9130434782608695,0.9545454545454546,0.4,0.6772727272727272,0.8518518518518519
male,Boruta,100,AdaBoost,1,0.6063726140217525,0.9333333333333332,0.9545454545454546,0.6,0.7772727272727273,0.8888888888888888
male,Boruta,100,AdaBoost_TUNED,1,0.509090909090909,0.9090909090909091,0.9090909090909091,0.6,0.7545454545454545,0.8518518518518519
male,Boruta,100,SVM_RBF,1,0.41137667560372115,0.9166666666666666,1.0,0.2,0.6,0.8518518518518519
male,Boruta,100,SVM_RBF_TUNED,1,0.41137667560372115,0.9166666666666666,1.0,0.2,0.6,0.8518518518518519
male,mRMR,10,RandomForest,2,-0.2820380374088831,0.7142857142857143,0.6818181818181818,0.0,0.3409090909090909,0.5555555555555556
male,mRMR,10,RandomForest_TUNED,2,-0.2820380374088831,0.7142857142857143,0.6818181818181818,0.0,0.3409090909090909,0.5555555555555556
male,mRMR,10,NeuralNetwork,2,-0.22727272727272727,0.7727272727272727,0.7727272727272727,0.0,0.38636363636363635,0.6296296296296297
male,mRMR,10,NeuralNetwork_TUNED,2,-0.22727272727272727,0.7727272727272727,0.7727272727272727,0.0,0.38636363636363635,0.6296296296296297
male,mRMR,10,NaiveBayes,2,-0.13483997249264842,0.8510638297872342,0.9090909090909091,0.0,0.45454545454545453,0.7407407407407407
male,mRMR,10,LogisticRegression,2,-0.20123585110162412,0.631578947368421,0.5454545454545454,0.2,0.3727272727272727,0.48148148148148145
male,mRMR,10,AdaBoost,2,-0.13483997249264842,0.7000000000000001,0.6363636363636364,0.2,0.4181818181818182,0.5555555555555556
male,mRMR,10,AdaBoost_TUNED,2,-0.06446583712203043,0.761904761904762,0.7272727272727273,0.2,0.4636363636363636,0.6296296296296297
male,mRMR,10,SVM_RBF,2,-0.3370999312316211,0.65,0.5909090909090909,0.0,0.29545454545454547,0.48148148148148145
male,mRMR,10,SVM_RBF_TUNED,2,-0.13483997249264842,0.8510638297872342,0.9090909090909091,0.0,0.45454545454545453,0.7407407407407407
male,mRMR,20,RandomForest,2,-0.2820380374088831,0.7142857142857143,0.6818181818181818,0.0,0.3409090909090909,0.5555555555555556
male,mRMR,20,RandomForest_TUNED,2,-0.2820380374088831,0.7142857142857143,0.6818181818181818,0.0,0.3409090909090909,0.5555555555555556
male,mRMR,20,NeuralNetwork,2,-0.06446583712203043,0.761904761904762,0.7272727272727273,0.2,0.4636363636363636,0.6296296296296297
male,mRMR,20,NeuralNetwork_TUNED,2,-0.22727272727272727,0.7727272727272727,0.7727272727272727,0.0,0.38636363636363635,0.6296296296296297
male,mRMR,20,NaiveBayes,2,-0.007186994682200862,0.6842105263157896,0.5909090909090909,0.4,0.4954545454545455,0.5555555555555556
male,mRMR,20,LogisticRegression,2,0.22669445147941047,0.7692307692307693,0.6818181818181818,0.6,0.6409090909090909,0.6666666666666666
male,mRMR,20,AdaBoost,2,-0.06446583712203043,0.761904761904762,0.7272727272727273,0.2,0.4636363636363636,0.6296296296296297
male,mRMR,20,AdaBoost_TUNED,2,0.06958374259266012,0.8444444444444444,0.8636363636363636,0.2,0.5318181818181819,0.7407407407407407
male,mRMR,20,SVM_RBF,2,-0.025482359571881278,0.7906976744186046,0.7727272727272727,0.2,0.48636363636363633,0.6666666666666666
male,mRMR,20,SVM_RBF_TUNED,2,-0.13483997249264842,0.8510638297872342,0.9090909090909091,0.0,0.45454545454545453,0.7407407407407407
male,mRMR,30,RandomForest,2,-0.309344112444873,0.6829268292682926,0.6363636363636364,0.0,0.3181818181818182,0.5185185185185185
male,mRMR,30,RandomForest_TUNED,2,-0.2820380374088831,0.7142857142857143,0.6818181818181818,0.0,0.3409090909090909,0.5555555555555556
male,mRMR,30,NeuralNetwork,2,-0.19881069312188604,0.8,0.8181818181818182,0.0,0.4090909090909091,0.6666666666666666
male,mRMR,30,NeuralNetwork_TUNED,2,-0.22727272727272727,0.7727272727272727,0.7727272727272727,0.0,0.38636363636363635,0.6296296296296297
male,mRMR,30,NaiveBayes,2,-0.20123585110162412,0.631578947368421,0.5454545454545454,0.2,0.3727272727272727,0.48148148148148145
male,mRMR,30,LogisticRegression,2,-0.10053683654458372,0.7317073170731707,0.6818181818181818,0.2,0.4409090909090909,0.5925925925925926
male,mRMR,30,AdaBoost,2,-0.22727272727272727,0.7727272727272727,0.7727272727272727,0.0,0.38636363636363635,0.6296296296296297
male,mRMR,30,AdaBoost_TUNED,2,-0.19881069312188604,0.8,0.8181818181818182,0.0,0.4090909090909091,0.6666666666666666
male,mRMR,30,SVM_RBF,2,0.06958374259266012,0.8444444444444444,0.8636363636363636,0.2,0.5318181818181819,0.7407407407407407
male,mRMR,30,SVM_RBF_TUNED,2,-0.13483997249264842,0.8510638297872342,0.9090909090909091,0.0,0.45454545454545453,0.7407407407407407
male,mRMR,40,RandomForest,2,-0.309344112444873,0.6829268292682926,0.6363636363636364,0.0,0.3181818181818182,0.5185185185185185
male,mRMR,40,RandomForest_TUNED,2,-0.309344112444873,0.6829268292682926,0.6363636363636364,0.0,0.3181818181818182,0.5185185185185185
male,mRMR,40,NeuralNetwork,2,0.3170777152559948,0.8292682926829269,0.7727272727272727,0.6,0.6863636363636363,0.7407407407407407
male,mRMR,40,NeuralNetwork_TUNED,2,0.20385887657505022,0.8372093023255814,0.8181818181818182,0.4,0.6090909090909091,0.7407407407407407
male,mRMR,40,NaiveBayes,2,0.029250896965085225,0.717948717948718,0.6363636363636364,0.4,0.5181818181818182,0.5925925925925926
male,mRMR,40,LogisticRegression,2,-0.06446583712203043,0.761904761904762,0.7272727272727273,0.2,0.4636363636363636,0.6296296296296297
male,mRMR,40,AdaBoost,2,0.06958374259266012,0.8444444444444444,0.8636363636363636,0.2,0.5318181818181819,0.7407407407407407
male,mRMR,40,AdaBoost_TUNED,2,0.13483997249264842,0.8695652173913043,0.9090909090909091,0.2,0.5545454545454546,0.7777777777777778
male,mRMR,40,SVM_RBF,2,-0.1685499656158105,0.8260869565217391,0.8636363636363636,0.0,0.4318181818181818,0.7037037037037037
male,mRMR,40,SVM_RBF_TUNED,2,-0.1685499656158105,0.8260869565217391,0.8636363636363636,0.0,0.4318181818181818,0.7037037037037037
male,mRMR,50,RandomForest,2,-0.2820380374088831,0.7142857142857143,0.6818181818181818,0.0,0.3409090909090909,0.5555555555555556
male,mRMR,50,RandomForest_TUNED,2,-0.2820380374088831,0.7142857142857143,0.6818181818181818,0.0,0.3409090909090909,0.5555555555555556
male,mRMR,50,NeuralNetwork,2,0.06958374259266012,0.8444444444444444,0.8636363636363636,0.2,0.5318181818181819,0.7407407407407407
male,mRMR,50,NeuralNetwork_TUNED,2,0.20385887657505022,0.8372093023255814,0.8181818181818182,0.4,0.6090909090909091,0.7407407407407407
male,mRMR,50,NaiveBayes,2,0.20385887657505022,0.8372093023255814,0.8181818181818182,0.4,0.6090909090909091,0.7407407407407407
male,mRMR,50,LogisticRegression,2,0.2636363636363636,0.8636363636363636,0.8636363636363636,0.4,0.6318181818181818,0.7777777777777778
male,mRMR,50,AdaBoost,2,-0.22727272727272727,0.7727272727272727,0.7727272727272727,0.0,0.38636363636363635,0.6296296296296297
male,mRMR,50,AdaBoost_TUNED,2,-0.025482359571881278,0.7906976744186046,0.7727272727272727,0.2,0.48636363636363633,0.6666666666666666
male,mRMR,50,SVM_RBF,2,-0.1685499656158105,0.8260869565217391,0.8636363636363636,0.0,0.4318181818181818,0.7037037037037037
male,mRMR,50,SVM_RBF_TUNED,2,-0.13483997249264842,0.8510638297872342,0.9090909090909091,0.0,0.45454545454545453,0.7407407407407407
male,mRMR,60,RandomForest,2,-0.2820380374088831,0.7142857142857143,0.6818181818181818,0.0,0.3409090909090909,0.5555555555555556
male,mRMR,60,RandomForest_TUNED,2,-0.13483997249264842,0.7000000000000001,0.6363636363636364,0.2,0.4181818181818182,0.5555555555555556
male,mRMR,60,NeuralNetwork,2,0.2636363636363636,0.8636363636363636,0.8636363636363636,0.4,0.6318181818181818,0.7777777777777778
male,mRMR,60,NeuralNetwork_TUNED,2,0.3170777152559948,0.8292682926829269,0.7727272727272727,0.6,0.6863636363636363,0.7407407407407407
male,mRMR,60,NaiveBayes,2,0.2636363636363636,0.8636363636363636,0.8636363636363636,0.4,0.6318181818181818,0.7777777777777778
male,mRMR,60,LogisticRegression,2,0.6625413488689132,0.9302325581395349,0.9090909090909091,0.8,0.8545454545454545,0.8888888888888888
male,mRMR,60,AdaBoost,2,-0.2548235957188128,0.7441860465116279,0.7272727272727273,0.0,0.36363636363636365,0.5925925925925926
male,mRMR,60,AdaBoost_TUNED,2,-0.2548235957188128,0.7441860465116279,0.7272727272727273,0.0,0.36363636363636365,0.5925925925925926
male,mRMR,60,SVM_RBF,2,-0.13483997249264842,0.8510638297872342,0.9090909090909091,0.0,0.45454545454545453,0.7407407407407407
male,mRMR,60,SVM_RBF_TUNED,2,-0.13483997249264842,0.8510638297872342,0.9090909090909091,0.0,0.45454545454545453,0.7407407407407407
male,mRMR,70,RandomForest,2,-0.2548235957188128,0.7441860465116279,0.7272727272727273,0.0,0.36363636363636365,0.5925925925925926
male,mRMR,70,RandomForest_TUNED,2,-0.2548235957188128,0.7441860465116279,0.7272727272727273,0.0,0.36363636363636365,0.5925925925925926
male,mRMR,70,NeuralNetwork,2,0.2636363636363636,0.8636363636363636,0.8636363636363636,0.4,0.6318181818181818,0.7777777777777778
male,mRMR,70,NeuralNetwork_TUNED,2,0.20385887657505022,0.8372093023255814,0.8181818181818182,0.4,0.6090909090909091,0.7407407407407407
male,mRMR,70,NaiveBayes,2,0.20385887657505022,0.8372093023255814,0.8181818181818182,0.4,0.6090909090909091,0.7407407407407407
male,mRMR,70,LogisticRegression,2,0.2292279532375023,0.8936170212765958,0.9545454545454546,0.2,0.5772727272727273,0.8148148148148148
male,mRMR,70,AdaBoost,2,-0.2820380374088831,0.7142857142857143,0.6818181818181818,0.0,0.3409090909090909,0.5555555555555556
male,mRMR,70,AdaBoost_TUNED,2,-0.19881069312188604,0.8,0.8181818181818182,0.0,0.4090909090909091,0.6666666666666666
male,mRMR,70,SVM_RBF,2,0.13483997249264842,0.8695652173913043,0.9090909090909091,0.2,0.5545454545454546,0.7777777777777778
male,mRMR,70,SVM_RBF_TUNED,2,0.13483997249264842,0.8695652173913043,0.9090909090909091,0.2,0.5545454545454546,0.7777777777777778
male,mRMR,80,RandomForest,2,-0.2548235957188128,0.7441860465116279,0.7272727272727273,0.0,0.36363636363636365,0.5925925925925926
male,mRMR,80,RandomForest_TUNED,2,-0.2820380374088831,0.7142857142857143,0.6818181818181818,0.0,0.3409090909090909,0.5555555555555556
male,mRMR,80,NeuralNetwork,2,0.13483997249264842,0.8695652173913043,0.9090909090909091,0.2,0.5545454545454546,0.7777777777777778
male,mRMR,80,NeuralNetwork_TUNED,2,0.3170777152559948,0.8292682926829269,0.7727272727272727,0.6,0.6863636363636363,0.7407407407407407
male,mRMR,80,NaiveBayes,2,0.2636363636363636,0.8636363636363636,0.8636363636363636,0.4,0.6318181818181818,0.7777777777777778
male,mRMR,80,LogisticRegression,2,0.2636363636363636,0.8636363636363636,0.8636363636363636,0.4,0.6318181818181818,0.7777777777777778
male,mRMR,80,AdaBoost,2,0.01818181818181818,0.8181818181818182,0.8181818181818182,0.2,0.5090909090909091,0.7037037037037037
male,mRMR,80,AdaBoost_TUNED,2,0.01818181818181818,0.8181818181818182,0.8181818181818182,0.2,0.5090909090909091,0.7037037037037037
male,mRMR,80,SVM_RBF,2,0.06958374259266012,0.8444444444444444,0.8636363636363636,0.2,0.5318181818181819,0.7407407407407407
male,mRMR,80,SVM_RBF_TUNED,2,0.13483997249264842,0.8695652173913043,0.9090909090909091,0.2,0.5545454545454546,0.7777777777777778
male,mRMR,90,RandomForest,2,-0.2820380374088831,0.7142857142857143,0.6818181818181818,0.0,0.3409090909090909,0.5555555555555556
male,mRMR,90,RandomForest_TUNED,2,-0.2820380374088831,0.7142857142857143,0.6818181818181818,0.0,0.3409090909090909,0.5555555555555556
male,mRMR,90,NeuralNetwork,2,0.4719399037242695,0.85,0.7727272727272727,0.8,0.7863636363636364,0.7777777777777778
male,mRMR,90,NeuralNetwork_TUNED,2,0.3809107181566457,0.7894736842105263,0.6818181818181818,0.8,0.740909090909091,0.7037037037037037
male,mRMR,90,NaiveBayes,2,0.2636363636363636,0.8636363636363636,0.8636363636363636,0.4,0.6318181818181818,0.7777777777777778
male,mRMR,90,LogisticRegression,2,0.5882507637385276,0.9047619047619048,0.8636363636363636,0.8,0.8318181818181818,0.8518518518518519
male,mRMR,90,AdaBoost,2,0.10827043935570554,0.7804878048780488,0.7272727272727273,0.4,0.5636363636363637,0.6666666666666666
male,mRMR,90,AdaBoost_TUNED,2,0.2636363636363636,0.8636363636363636,0.8636363636363636,0.4,0.6318181818181818,0.7777777777777778
male,mRMR,90,SVM_RBF,2,-0.13483997249264842,0.8510638297872342,0.9090909090909091,0.0,0.45454545454545453,0.7407407407407407
male,mRMR,90,SVM_RBF_TUNED,2,-0.13483997249264842,0.8510638297872342,0.9090909090909091,0.0,0.45454545454545453,0.7407407407407407
male,mRMR,100,RandomForest,2,-0.22727272727272727,0.7727272727272727,0.7727272727272727,0.0,0.38636363636363635,0.6296296296296297
male,mRMR,100,RandomForest_TUNED,2,-0.22727272727272727,0.7727272727272727,0.7727272727272727,0.0,0.38636363636363635,0.6296296296296297
male,mRMR,100,NeuralNetwork,2,0.4719399037242695,0.85,0.7727272727272727,0.8,0.7863636363636364,0.7777777777777778
male,mRMR,100,NeuralNetwork_TUNED,2,0.26967994498529685,0.7999999999999999,0.7272727272727273,0.6,0.6636363636363636,0.7037037037037037
male,mRMR,100,NaiveBayes,2,0.20385887657505022,0.8372093023255814,0.8181818181818182,0.4,0.6090909090909091,0.7407407407407407
male,mRMR,100,LogisticRegression,2,0.5258849911562841,0.8780487804878049,0.8181818181818182,0.8,0.8090909090909091,0.8148148148148148
male,mRMR,100,AdaBoost,2,-0.16819265754924004,0.6666666666666667,0.5909090909090909,0.2,0.3954545454545455,0.5185185185185185
male,mRMR,100,AdaBoost_TUNED,2,0.10827043935570554,0.7804878048780488,0.7272727272727273,0.4,0.5636363636363637,0.6666666666666666
male,mRMR,100,SVM_RBF,2,-0.13483997249264842,0.8510638297872342,0.9090909090909091,0.0,0.45454545454545453,0.7407407407407407
male,mRMR,100,SVM_RBF_TUNED,2,-0.1685499656158105,0.8260869565217391,0.8636363636363636,0.0,0.4318181818181818,0.7037037037037037
male,Boruta,10,RandomForest,2,-0.06446583712203043,0.761904761904762,0.7272727272727273,0.2,0.4636363636363636,0.6296296296296297
male,Boruta,10,RandomForest_TUNED,2,-0.06446583712203043,0.761904761904762,0.7272727272727273,0.2,0.4636363636363636,0.6296296296296297
male,Boruta,10,NeuralNetwork,2,-0.16819265754924004,0.6666666666666667,0.5909090909090909,0.2,0.3954545454545455,0.5185185185185185
male,Boruta,10,NeuralNetwork_TUNED,2,-0.10053683654458372,0.7317073170731707,0.6818181818181818,0.2,0.4409090909090909,0.5925925925925926
male,Boruta,10,NaiveBayes,2,-0.2345207879911715,0.5945945945945945,0.5,0.2,0.35,0.4444444444444444
male,Boruta,10,LogisticRegression,2,-0.13483997249264842,0.7000000000000001,0.6363636363636364,0.2,0.4181818181818182,0.5555555555555556
male,Boruta,10,AdaBoost,2,-0.309344112444873,0.6829268292682926,0.6363636363636364,0.0,0.3181818181818182,0.5185185185185185
male,Boruta,10,AdaBoost_TUNED,2,-0.2820380374088831,0.7142857142857143,0.6818181818181818,0.0,0.3409090909090909,0.5555555555555556
male,Boruta,10,SVM_RBF,2,-0.16819265754924004,0.6666666666666667,0.5909090909090909,0.2,0.3954545454545455,0.5185185185185185
male,Boruta,10,SVM_RBF_TUNED,2,0.01818181818181818,0.8181818181818182,0.8181818181818182,0.2,0.5090909090909091,0.7037037037037037
male,Boruta,20,RandomForest,2,-0.2820380374088831,0.7142857142857143,0.6818181818181818,0.0,0.3409090909090909,0.5555555555555556
male,Boruta,20,RandomForest_TUNED,2,-0.10053683654458372,0.7317073170731707,0.6818181818181818,0.2,0.4409090909090909,0.5925925925925926
male,Boruta,20,NeuralNetwork,2,-0.22727272727272727,0.7727272727272727,0.7727272727272727,0.0,0.38636363636363635,0.6296296296296297
male,Boruta,20,NeuralNetwork_TUNED,2,-0.2548235957188128,0.7441860465116279,0.7272727272727273,0.0,0.36363636363636365,0.5925925925925926
male,Boruta,20,NaiveBayes,2,-0.2345207879911715,0.5945945945945945,0.5,0.2,0.35,0.4444444444444444
male,Boruta,20,LogisticRegression,2,-0.2820380374088831,0.7142857142857143,0.6818181818181818,0.0,0.3409090909090909,0.5555555555555556
male,Boruta,20,AdaBoost,2,-0.2820380374088831,0.7142857142857143,0.6818181818181818,0.0,0.3409090909090909,0.5555555555555556
male,Boruta,20,AdaBoost_TUNED,2,-0.309344112444873,0.6829268292682926,0.6363636363636364,0.0,0.3181818181818182,0.5185185185185185
male,Boruta,20,SVM_RBF,2,-0.3656362120635653,0.6153846153846153,0.5454545454545454,0.0,0.2727272727272727,0.4444444444444444
male,Boruta,20,SVM_RBF_TUNED,2,-0.1685499656158105,0.8260869565217391,0.8636363636363636,0.0,0.4318181818181818,0.7037037037037037
male,Boruta,30,RandomForest,2,-0.2548235957188128,0.7441860465116279,0.7272727272727273,0.0,0.36363636363636365,0.5925925925925926
male,Boruta,30,RandomForest_TUNED,2,-0.2820380374088831,0.7142857142857143,0.6818181818181818,0.0,0.3409090909090909,0.5555555555555556
male,Boruta,30,NeuralNetwork,2,-0.22727272727272727,0.7727272727272727,0.7727272727272727,0.0,0.38636363636363635,0.6296296296296297
male,Boruta,30,NeuralNetwork_TUNED,2,-0.2820380374088831,0.7142857142857143,0.6818181818181818,0.0,0.3409090909090909,0.5555555555555556
male,Boruta,30,NaiveBayes,2,-0.2345207879911715,0.5945945945945945,0.5,0.2,0.35,0.4444444444444444
male,Boruta,30,LogisticRegression,2,-0.2820380374088831,0.7142857142857143,0.6818181818181818,0.0,0.3409090909090909,0.5555555555555556
male,Boruta,30,AdaBoost,2,-0.19881069312188604,0.8,0.8181818181818182,0.0,0.4090909090909091,0.6666666666666666
male,Boruta,30,AdaBoost_TUNED,2,-0.2548235957188128,0.7441860465116279,0.7272727272727273,0.0,0.36363636363636365,0.5925925925925926
male,Boruta,30,SVM_RBF,2,-0.13483997249264842,0.8510638297872342,0.9090909090909091,0.0,0.45454545454545453,0.7407407407407407
male,Boruta,30,SVM_RBF_TUNED,2,-0.1685499656158105,0.8260869565217391,0.8636363636363636,0.0,0.4318181818181818,0.7037037037037037
male,Boruta,40,RandomForest,2,-0.22727272727272727,0.7727272727272727,0.7727272727272727,0.0,0.38636363636363635,0.6296296296296297
male,Boruta,40,RandomForest_TUNED,2,-0.22727272727272727,0.7727272727272727,0.7727272727272727,0.0,0.38636363636363635,0.6296296296296297
male,Boruta,40,NeuralNetwork,2,-0.1685499656158105,0.8260869565217391,0.8636363636363636,0.0,0.4318181818181818,0.7037037037037037
male,Boruta,40,NeuralNetwork_TUNED,2,0.06958374259266012,0.8444444444444444,0.8636363636363636,0.2,0.5318181818181819,0.7407407407407407
male,Boruta,40,NaiveBayes,2,-0.2345207879911715,0.5945945945945945,0.5,0.2,0.35,0.4444444444444444
male,Boruta,40,LogisticRegression,2,-0.22727272727272727,0.7727272727272727,0.7727272727272727,0.0,0.38636363636363635,0.6296296296296297
male,Boruta,40,AdaBoost,2,-0.2548235957188128,0.7441860465116279,0.7272727272727273,0.0,0.36363636363636365,0.5925925925925926
male,Boruta,40,AdaBoost_TUNED,2,-0.2548235957188128,0.7441860465116279,0.7272727272727273,0.0,0.36363636363636365,0.5925925925925926
male,Boruta,40,SVM_RBF,2,-0.1685499656158105,0.8260869565217391,0.8636363636363636,0.0,0.4318181818181818,0.7037037037037037
male,Boruta,40,SVM_RBF_TUNED,2,-0.1685499656158105,0.8260869565217391,0.8636363636363636,0.0,0.4318181818181818,0.7037037037037037
male,Boruta,50,RandomForest,2,-0.22727272727272727,0.7727272727272727,0.7727272727272727,0.0,0.38636363636363635,0.6296296296296297
male,Boruta,50,RandomForest_TUNED,2,-0.22727272727272727,0.7727272727272727,0.7727272727272727,0.0,0.38636363636363635,0.6296296296296297
male,Boruta,50,NeuralNetwork,2,-0.19881069312188604,0.8,0.8181818181818182,0.0,0.4090909090909091,0.6666666666666666
male,Boruta,50,NeuralNetwork_TUNED,2,0.06958374259266012,0.8444444444444444,0.8636363636363636,0.2,0.5318181818181819,0.7407407407407407
male,Boruta,50,NaiveBayes,2,-0.2345207879911715,0.5945945945945945,0.5,0.2,0.35,0.4444444444444444
male,Boruta,50,LogisticRegression,2,0.01818181818181818,0.8181818181818182,0.8181818181818182,0.2,0.5090909090909091,0.7037037037037037
male,Boruta,50,AdaBoost,2,-0.06446583712203043,0.761904761904762,0.7272727272727273,0.2,0.4636363636363636,0.6296296296296297
male,Boruta,50,AdaBoost_TUNED,2,-0.025482359571881278,0.7906976744186046,0.7727272727272727,0.2,0.48636363636363633,0.6666666666666666
male,Boruta,50,SVM_RBF,2,-0.13483997249264842,0.8510638297872342,0.9090909090909091,0.0,0.45454545454545453,0.7407407407407407
male,Boruta,50,SVM_RBF_TUNED,2,-0.1685499656158105,0.8260869565217391,0.8636363636363636,0.0,0.4318181818181818,0.7037037037037037
male,Boruta,60,RandomForest,2,-0.2548235957188128,0.7441860465116279,0.7272727272727273,0.0,0.36363636363636365,0.5925925925925926
male,Boruta,60,RandomForest_TUNED,2,-0.2548235957188128,0.7441860465116279,0.7272727272727273,0.0,0.36363636363636365,0.5925925925925926
male,Boruta,60,NeuralNetwork,2,-0.1685499656158105,0.8260869565217391,0.8636363636363636,0.0,0.4318181818181818,0.7037037037037037
male,Boruta,60,NeuralNetwork_TUNED,2,-0.06446583712203043,0.761904761904762,0.7272727272727273,0.2,0.4636363636363636,0.6296296296296297
male,Boruta,60,NaiveBayes,2,-0.2345207879911715,0.5945945945945945,0.5,0.2,0.35,0.4444444444444444
male,Boruta,60,LogisticRegression,2,-0.025482359571881278,0.7906976744186046,0.7727272727272727,0.2,0.48636363636363633,0.6666666666666666
male,Boruta,60,AdaBoost,2,-0.22727272727272727,0.7727272727272727,0.7727272727272727,0.0,0.38636363636363635,0.6296296296296297
male,Boruta,60,AdaBoost_TUNED,2,-0.22727272727272727,0.7727272727272727,0.7727272727272727,0.0,0.38636363636363635,0.6296296296296297
male,Boruta,60,SVM_RBF,2,-0.13483997249264842,0.8510638297872342,0.9090909090909091,0.0,0.45454545454545453,0.7407407407407407
male,Boruta,60,SVM_RBF_TUNED,2,-0.13483997249264842,0.8510638297872342,0.9090909090909091,0.0,0.45454545454545453,0.7407407407407407
male,Boruta,70,RandomForest,2,-0.22727272727272727,0.7727272727272727,0.7727272727272727,0.0,0.38636363636363635,0.6296296296296297
male,Boruta,70,RandomForest_TUNED,2,-0.2820380374088831,0.7142857142857143,0.6818181818181818,0.0,0.3409090909090909,0.5555555555555556
male,Boruta,70,NeuralNetwork,2,-0.13483997249264842,0.8510638297872342,0.9090909090909091,0.0,0.45454545454545453,0.7407407407407407
male,Boruta,70,NeuralNetwork_TUNED,2,-0.19881069312188604,0.8,0.8181818181818182,0.0,0.4090909090909091,0.6666666666666666
male,Boruta,70,NaiveBayes,2,-0.2345207879911715,0.5945945945945945,0.5,0.2,0.35,0.4444444444444444
male,Boruta,70,LogisticRegression,2,-0.2548235957188128,0.7441860465116279,0.7272727272727273,0.0,0.36363636363636365,0.5925925925925926
male,Boruta,70,AdaBoost,2,-0.2548235957188128,0.7441860465116279,0.7272727272727273,0.0,0.36363636363636365,0.5925925925925926
male,Boruta,70,AdaBoost_TUNED,2,-0.19881069312188604,0.8,0.8181818181818182,0.0,0.4090909090909091,0.6666666666666666
male,Boruta,70,SVM_RBF,2,-0.13483997249264842,0.8510638297872342,0.9090909090909091,0.0,0.45454545454545453,0.7407407407407407
male,Boruta,70,SVM_RBF_TUNED,2,-0.13483997249264842,0.8510638297872342,0.9090909090909091,0.0,0.45454545454545453,0.7407407407407407
male,Boruta,80,RandomForest,2,-0.2548235957188128,0.7441860465116279,0.7272727272727273,0.0,0.36363636363636365,0.5925925925925926
male,Boruta,80,RandomForest_TUNED,2,-0.2820380374088831,0.7142857142857143,0.6818181818181818,0.0,0.3409090909090909,0.5555555555555556
male,Boruta,80,NeuralNetwork,2,-0.09349469900084571,0.875,0.9545454545454546,0.0,0.4772727272727273,0.7777777777777778
male,Boruta,80,NeuralNetwork_TUNED,2,-0.13483997249264842,0.8510638297872342,0.9090909090909091,0.0,0.45454545454545453,0.7407407407407407
male,Boruta,80,NaiveBayes,2,-0.20123585110162412,0.631578947368421,0.5454545454545454,0.2,0.3727272727272727,0.48148148148148145
male,Boruta,80,LogisticRegression,2,-0.2820380374088831,0.7142857142857143,0.6818181818181818,0.0,0.3409090909090909,0.5555555555555556
male,Boruta,80,AdaBoost,2,-0.22727272727272727,0.7727272727272727,0.7727272727272727,0.0,0.38636363636363635,0.6296296296296297
male,Boruta,80,AdaBoost_TUNED,2,-0.19881069312188604,0.8,0.8181818181818182,0.0,0.4090909090909091,0.6666666666666666
male,Boruta,80,SVM_RBF,2,-0.09349469900084571,0.875,0.9545454545454546,0.0,0.4772727272727273,0.7777777777777778
male,Boruta,80,SVM_RBF_TUNED,2,-0.13483997249264842,0.8510638297872342,0.9090909090909091,0.0,0.45454545454545453,0.7407407407407407
male,Boruta,90,RandomForest,2,-0.2820380374088831,0.7142857142857143,0.6818181818181818,0.0,0.3409090909090909,0.5555555555555556
male,Boruta,90,RandomForest_TUNED,2,-0.2820380374088831,0.7142857142857143,0.6818181818181818,0.0,0.3409090909090909,0.5555555555555556
male,Boruta,90,NeuralNetwork,2,0.06958374259266012,0.8444444444444444,0.8636363636363636,0.2,0.5318181818181819,0.7407407407407407
male,Boruta,90,NeuralNetwork_TUNED,2,0.06958374259266012,0.8444444444444444,0.8636363636363636,0.2,0.5318181818181819,0.7407407407407407
male,Boruta,90,NaiveBayes,2,-0.20123585110162412,0.631578947368421,0.5454545454545454,0.2,0.3727272727272727,0.48148148148148145
male,Boruta,90,LogisticRegression,2,-0.10053683654458372,0.7317073170731707,0.6818181818181818,0.2,0.4409090909090909,0.5925925925925926
male,Boruta,90,AdaBoost,2,0.20385887657505022,0.8372093023255814,0.8181818181818182,0.4,0.6090909090909091,0.7407407407407407
male,Boruta,90,AdaBoost_TUNED,2,-0.19881069312188604,0.8,0.8181818181818182,0.0,0.4090909090909091,0.6666666666666666
male,Boruta,90,SVM_RBF,2,-0.09349469900084571,0.875,0.9545454545454546,0.0,0.4772727272727273,0.7777777777777778
male,Boruta,90,SVM_RBF_TUNED,2,0.13483997249264842,0.8695652173913043,0.9090909090909091,0.2,0.5545454545454546,0.7777777777777778
male,Boruta,100,RandomForest,2,-0.2820380374088831,0.7142857142857143,0.6818181818181818,0.0,0.3409090909090909,0.5555555555555556
male,Boruta,100,RandomForest_TUNED,2,-0.2548235957188128,0.7441860465116279,0.7272727272727273,0.0,0.36363636363636365,0.5925925925925926
male,Boruta,100,NeuralNetwork,2,0.01818181818181818,0.8181818181818182,0.8181818181818182,0.2,0.5090909090909091,0.7037037037037037
male,Boruta,100,NeuralNetwork_TUNED,2,0.01818181818181818,0.8181818181818182,0.8181818181818182,0.2,0.5090909090909091,0.7037037037037037
male,Boruta,100,NaiveBayes,2,-0.16819265754924004,0.6666666666666667,0.5909090909090909,0.2,0.3954545454545455,0.5185185185185185
male,Boruta,100,LogisticRegression,2,-0.06446583712203043,0.761904761904762,0.7272727272727273,0.2,0.4636363636363636,0.6296296296296297
male,Boruta,100,AdaBoost,2,-0.2548235957188128,0.7441860465116279,0.7272727272727273,0.0,0.36363636363636365,0.5925925925925926
male,Boruta,100,AdaBoost_TUNED,2,-0.2548235957188128,0.7441860465116279,0.7272727272727273,0.0,0.36363636363636365,0.5925925925925926
male,Boruta,100,SVM_RBF,2,-0.13483997249264842,0.8510638297872342,0.9090909090909091,0.0,0.45454545454545453,0.7407407407407407
male,Boruta,100,SVM_RBF_TUNED,2,-0.09349469900084571,0.875,0.9545454545454546,0.0,0.4772727272727273,0.7777777777777778
male,mRMR,10,RandomForest,3,0.12923301908921092,0.8636363636363636,0.9047619047619048,0.2,0.5523809523809524,0.7692307692307693
male,mRMR,10,RandomForest_TUNED,3,0.12923301908921092,0.8636363636363636,0.9047619047619048,0.2,0.5523809523809524,0.7692307692307693
male,mRMR,10,NeuralNetwork,3,0.37227121643481725,0.7777777777777778,0.6666666666666666,0.8,0.7333333333333334,0.6923076923076923
male,mRMR,10,NeuralNetwork_TUNED,3,0.41661904489764817,0.8108108108108109,0.7142857142857143,0.8,0.7571428571428571,0.7307692307692307
male,mRMR,10,NaiveBayes,3,0.19599157740244455,0.8292682926829269,0.8095238095238095,0.4,0.6047619047619048,0.7307692307692307
male,mRMR,10,LogisticRegression,3,0.3312862310652588,0.742857142857143,0.6190476190476191,0.8,0.7095238095238096,0.6538461538461539
male,mRMR,10,AdaBoost,3,0.42761798705987897,0.8780487804878048,0.8571428571428571,0.6,0.7285714285714285,0.8076923076923077
male,mRMR,10,AdaBoost_TUNED,3,0.42761798705987897,0.8780487804878048,0.8571428571428571,0.6,0.7285714285714285,0.8076923076923077
male,mRMR,10,SVM_RBF,3,0.37227121643481725,0.7777777777777778,0.6666666666666666,0.8,0.7333333333333334,0.6923076923076923
male,mRMR,10,SVM_RBF_TUNED,3,-0.20806259464411975,0.7906976744186046,0.8095238095238095,0.0,0.40476190476190477,0.6538461538461539
male,mRMR,20,RandomForest,3,0.2571428571428571,0.8571428571428571,0.8571428571428571,0.4,0.6285714285714286,0.7692307692307693
male,mRMR,20,RandomForest_TUNED,3,0.2571428571428571,0.8571428571428571,0.8571428571428571,0.4,0.6285714285714286,0.7692307692307693
male,mRMR,20,NeuralNetwork,3,-0.09759000729485331,0.8695652173913043,0.9523809523809523,0.0,0.47619047619047616,0.7692307692307693
male,mRMR,20,NeuralNetwork_TUNED,3,0.2253744679276044,0.888888888888889,0.9523809523809523,0.2,0.5761904761904761,0.8076923076923077
male,mRMR,20,NaiveBayes,3,0.19599157740244455,0.8292682926829269,0.8095238095238095,0.4,0.6047619047619048,0.7307692307692307
male,mRMR,20,LogisticRegression,3,0.5047619047619047,0.9047619047619048,0.9047619047619048,0.6,0.7523809523809524,0.8461538461538461
male,mRMR,20,AdaBoost,3,0.5047619047619047,0.9047619047619048,0.9047619047619048,0.6,0.7523809523809524,0.8461538461538461
male,mRMR,20,AdaBoost_TUNED,3,0.6033815244679472,0.9302325581395349,0.9523809523809523,0.6,0.7761904761904761,0.8846153846153846
male,mRMR,20,SVM_RBF,3,-0.07615914142616902,0.7500000000000001,0.7142857142857143,0.2,0.4571428571428572,0.6153846153846154
male,mRMR,20,SVM_RBF_TUNED,3,0.0,0.8936170212765957,1.0,0.0,0.5,0.8076923076923077
male,mRMR,30,RandomForest,3,0.062418778393235924,0.8372093023255814,0.8571428571428571,0.2,0.5285714285714286,0.7307692307692307
male,mRMR,30,RandomForest_TUNED,3,0.2571428571428571,0.8571428571428571,0.8571428571428571,0.4,0.6285714285714286,0.7692307692307693
male,mRMR,30,NeuralNetwork,3,-0.14085904245475275,0.8444444444444444,0.9047619047619048,0.0,0.4523809523809524,0.7307692307692307
male,mRMR,30,NeuralNetwork_TUNED,3,0.12923301908921092,0.8636363636363636,0.9047619047619048,0.2,0.5523809523809524,0.7692307692307693
male,mRMR,30,NaiveBayes,3,0.19599157740244455,0.8292682926829269,0.8095238095238095,0.4,0.6047619047619048,0.7307692307692307
male,mRMR,30,LogisticRegression,3,0.3329001514305916,0.8837209302325582,0.9047619047619048,0.4,0.6523809523809524,0.8076923076923077
male,mRMR,30,AdaBoost,3,0.3329001514305916,0.8837209302325582,0.9047619047619048,0.4,0.6523809523809524,0.8076923076923077
male,mRMR,30,AdaBoost_TUNED,3,0.3329001514305916,0.8837209302325582,0.9047619047619048,0.4,0.6523809523809524,0.8076923076923077
male,mRMR,30,SVM_RBF,3,0.062418778393235924,0.8372093023255814,0.8571428571428571,0.2,0.5285714285714286,0.7307692307692307
male,mRMR,30,SVM_RBF_TUNED,3,0.2253744679276044,0.888888888888889,0.9523809523809523,0.2,0.5761904761904761,0.8076923076923077
male,mRMR,40,RandomForest,3,0.3329001514305916,0.8837209302325582,0.9047619047619048,0.4,0.6523809523809524,0.8076923076923077
male,mRMR,40,RandomForest_TUNED,3,0.12923301908921092,0.8636363636363636,0.9047619047619048,0.2,0.5523809523809524,0.7692307692307693
male,mRMR,40,NeuralNetwork,3,0.2253744679276044,0.888888888888889,0.9523809523809523,0.2,0.5761904761904761,0.8076923076923077
male,mRMR,40,NeuralNetwork_TUNED,3,0.2253744679276044,0.888888888888889,0.9523809523809523,0.2,0.5761904761904761,0.8076923076923077
male,mRMR,40,NaiveBayes,3,0.3329001514305916,0.8837209302325582,0.9047619047619048,0.4,0.6523809523809524,0.8076923076923077
male,mRMR,40,LogisticRegression,3,0.2253744679276044,0.888888888888889,0.9523809523809523,0.2,0.5761904761904761,0.8076923076923077
male,mRMR,40,AdaBoost,3,0.6592443967173135,0.9268292682926829,0.9047619047619048,0.8,0.8523809523809525,0.8846153846153846
male,mRMR,40,AdaBoost_TUNED,3,0.5047619047619047,0.9047619047619048,0.9047619047619048,0.6,0.7523809523809524,0.8461538461538461
male,mRMR,40,SVM_RBF,3,0.2253744679276044,0.888888888888889,0.9523809523809523,0.2,0.5761904761904761,0.8076923076923077
male,mRMR,40,SVM_RBF_TUNED,3,0.2253744679276044,0.888888888888889,0.9523809523809523,0.2,0.5761904761904761,0.8076923076923077
male,mRMR,50,RandomForest,3,0.3329001514305916,0.8837209302325582,0.9047619047619048,0.4,0.6523809523809524,0.8076923076923077
male,mRMR,50,RandomForest_TUNED,3,0.3329001514305916,0.8837209302325582,0.9047619047619048,0.4,0.6523809523809524,0.8076923076923077
male,mRMR,50,NeuralNetwork,3,-0.14085904245475275,0.8444444444444444,0.9047619047619048,0.0,0.4523809523809524,0.7307692307692307
male,mRMR,50,NeuralNetwork_TUNED,3,-0.09759000729485331,0.8695652173913043,0.9523809523809523,0.0,0.47619047619047616,0.7692307692307693
male,mRMR,50,NaiveBayes,3,0.3329001514305916,0.8837209302325582,0.9047619047619048,0.4,0.6523809523809524,0.8076923076923077
male,mRMR,50,LogisticRegression,3,0.12923301908921092,0.8636363636363636,0.9047619047619048,0.2,0.5523809523809524,0.7692307692307693
male,mRMR,50,AdaBoost,3,0.42761798705987897,0.8780487804878048,0.8571428571428571,0.6,0.7285714285714285,0.8076923076923077
male,mRMR,50,AdaBoost_TUNED,3,0.3329001514305916,0.8837209302325582,0.9047619047619048,0.4,0.6523809523809524,0.8076923076923077
male,mRMR,50,SVM_RBF,3,-0.09759000729485331,0.8695652173913043,0.9523809523809523,0.0,0.47619047619047616,0.7692307692307693
male,mRMR,50,SVM_RBF_TUNED,3,-0.09759000729485331,0.8695652173913043,0.9523809523809523,0.0,0.47619047619047616,0.7692307692307693
male,mRMR,60,RandomForest,3,0.6033815244679472,0.9302325581395349,0.9523809523809523,0.6,0.7761904761904761,0.8846153846153846
male,mRMR,60,RandomForest_TUNED,3,0.6033815244679472,0.9302325581395349,0.9523809523809523,0.6,0.7761904761904761,0.8846153846153846
male,mRMR,60,NeuralNetwork,3,0.12923301908921092,0.8636363636363636,0.9047619047619048,0.2,0.5523809523809524,0.7692307692307693
male,mRMR,60,NeuralNetwork_TUNED,3,0.2253744679276044,0.888888888888889,0.9523809523809523,0.2,0.5761904761904761,0.8076923076923077
male,mRMR,60,NaiveBayes,3,0.3329001514305916,0.8837209302325582,0.9047619047619048,0.4,0.6523809523809524,0.8076923076923077
male,mRMR,60,LogisticRegression,3,0.2571428571428571,0.8571428571428571,0.8571428571428571,0.4,0.6285714285714286,0.7692307692307693
male,mRMR,60,AdaBoost,3,0.42761798705987897,0.8780487804878048,0.8571428571428571,0.6,0.7285714285714285,0.8076923076923077
male,mRMR,60,AdaBoost_TUNED,3,0.3329001514305916,0.8837209302325582,0.9047619047619048,0.4,0.6523809523809524,0.8076923076923077
male,mRMR,60,SVM_RBF,3,-0.09759000729485331,0.8695652173913043,0.9523809523809523,0.0,0.47619047619047616,0.7692307692307693
male,mRMR,60,SVM_RBF_TUNED,3,-0.14085904245475275,0.8444444444444444,0.9047619047619048,0.0,0.4523809523809524,0.7307692307692307
male,mRMR,70,RandomForest,3,0.6033815244679472,0.9302325581395349,0.9523809523809523,0.6,0.7761904761904761,0.8846153846153846
male,mRMR,70,RandomForest_TUNED,3,0.6033815244679472,0.9302325581395349,0.9523809523809523,0.6,0.7761904761904761,0.8846153846153846
male,mRMR,70,NeuralNetwork,3,0.2253744679276044,0.888888888888889,0.9523809523809523,0.2,0.5761904761904761,0.8076923076923077
male,mRMR,70,NeuralNetwork_TUNED,3,0.2253744679276044,0.888888888888889,0.9523809523809523,0.2,0.5761904761904761,0.8076923076923077
male,mRMR,70,NaiveBayes,3,0.3329001514305916,0.8837209302325582,0.9047619047619048,0.4,0.6523809523809524,0.8076923076923077
male,mRMR,70,LogisticRegression,3,0.19599157740244455,0.8292682926829269,0.8095238095238095,0.4,0.6047619047619048,0.7307692307692307
male,mRMR,70,AdaBoost,3,0.12923301908921092,0.8636363636363636,0.9047619047619048,0.2,0.5523809523809524,0.7692307692307693
male,mRMR,70,AdaBoost_TUNED,3,0.3329001514305916,0.8837209302325582,0.9047619047619048,0.4,0.6523809523809524,0.8076923076923077
male,mRMR,70,SVM_RBF,3,-0.09759000729485331,0.8695652173913043,0.9523809523809523,0.0,0.47619047619047616,0.7692307692307693
male,mRMR,70,SVM_RBF_TUNED,3,-0.09759000729485331,0.8695652173913043,0.9523809523809523,0.0,0.47619047619047616,0.7692307692307693
male,mRMR,80,RandomForest,3,0.4346928823909822,0.909090909090909,0.9523809523809523,0.4,0.6761904761904762,0.8461538461538461
male,mRMR,80,RandomForest_TUNED,3,0.4346928823909822,0.909090909090909,0.9523809523809523,0.4,0.6761904761904762,0.8461538461538461
male,mRMR,80,NeuralNetwork,3,0.12923301908921092,0.8636363636363636,0.9047619047619048,0.2,0.5523809523809524,0.7692307692307693
male,mRMR,80,NeuralNetwork_TUNED,3,0.062418778393235924,0.8372093023255814,0.8571428571428571,0.2,0.5285714285714286,0.7307692307692307
male,mRMR,80,NaiveBayes,3,0.3329001514305916,0.8837209302325582,0.9047619047619048,0.4,0.6523809523809524,0.8076923076923077
male,mRMR,80,LogisticRegression,3,0.46549138385896505,0.8421052631578947,0.7619047619047619,0.8,0.780952380952381,0.7692307692307693
male,mRMR,80,AdaBoost,3,0.3329001514305916,0.8837209302325582,0.9047619047619048,0.4,0.6523809523809524,0.8076923076923077
male,mRMR,80,AdaBoost_TUNED,3,0.4346928823909822,0.909090909090909,0.9523809523809523,0.4,0.6761904761904762,0.8461538461538461
male,mRMR,80,SVM_RBF,3,-0.09759000729485331,0.8695652173913043,0.9523809523809523,0.0,0.47619047619047616,0.7692307692307693
male,mRMR,80,SVM_RBF_TUNED,3,-0.14085904245475275,0.8444444444444444,0.9047619047619048,0.0,0.4523809523809524,0.7307692307692307
male,mRMR,90,RandomForest,3,0.4346928823909822,0.909090909090909,0.9523809523809523,0.4,0.6761904761904762,0.8461538461538461
male,mRMR,90,RandomForest_TUNED,3,0.6033815244679472,0.9302325581395349,0.9523809523809523,0.6,0.7761904761904761,0.8846153846153846
male,mRMR,90,NeuralNetwork,3,0.42761798705987897,0.8780487804878048,0.8571428571428571,0.6,0.7285714285714285,0.8076923076923077
male,mRMR,90,NeuralNetwork_TUNED,3,0.3329001514305916,0.8837209302325582,0.9047619047619048,0.4,0.6523809523809524,0.8076923076923077
male,mRMR,90,NaiveBayes,3,0.3329001514305916,0.8837209302325582,0.9047619047619048,0.4,0.6523809523809524,0.8076923076923077
male,mRMR,90,LogisticRegression,3,0.5204800389058843,0.8717948717948718,0.8095238095238095,0.8,0.8047619047619048,0.8076923076923077
male,mRMR,90,AdaBoost,3,0.5047619047619047,0.9047619047619048,0.9047619047619048,0.6,0.7523809523809524,0.8461538461538461
male,mRMR,90,AdaBoost_TUNED,3,0.3329001514305916,0.8837209302325582,0.9047619047619048,0.4,0.6523809523809524,0.8076923076923077
male,mRMR,90,SVM_RBF,3,0.2253744679276044,0.888888888888889,0.9523809523809523,0.2,0.5761904761904761,0.8076923076923077
male,mRMR,90,SVM_RBF_TUNED,3,0.2253744679276044,0.888888888888889,0.9523809523809523,0.2,0.5761904761904761,0.8076923076923077
male,mRMR,100,RandomForest,3,0.6033815244679472,0.9302325581395349,0.9523809523809523,0.6,0.7761904761904761,0.8846153846153846
male,mRMR,100,RandomForest_TUNED,3,0.6033815244679472,0.9302325581395349,0.9523809523809523,0.6,0.7761904761904761,0.8846153846153846
male,mRMR,100,NeuralNetwork,3,0.5047619047619047,0.9047619047619048,0.9047619047619048,0.6,0.7523809523809524,0.8461538461538461
male,mRMR,100,NeuralNetwork_TUNED,3,0.3329001514305916,0.8837209302325582,0.9047619047619048,0.4,0.6523809523809524,0.8076923076923077
male,mRMR,100,NaiveBayes,3,0.3329001514305916,0.8837209302325582,0.9047619047619048,0.4,0.6523809523809524,0.8076923076923077
male,mRMR,100,LogisticRegression,3,0.42761798705987897,0.8780487804878048,0.8571428571428571,0.6,0.7285714285714285,0.8076923076923077
male,mRMR,100,AdaBoost,3,0.2571428571428571,0.8571428571428571,0.8571428571428571,0.4,0.6285714285714286,0.7692307692307693
male,mRMR,100,AdaBoost_TUNED,3,0.4346928823909822,0.909090909090909,0.9523809523809523,0.4,0.6761904761904762,0.8461538461538461
male,mRMR,100,SVM_RBF,3,0.2253744679276044,0.888888888888889,0.9523809523809523,0.2,0.5761904761904761,0.8076923076923077
male,mRMR,100,SVM_RBF_TUNED,3,0.2253744679276044,0.888888888888889,0.9523809523809523,0.2,0.5761904761904761,0.8076923076923077
male,Boruta,10,RandomForest,3,-0.1138550085106622,0.717948717948718,0.6666666666666666,0.2,0.43333333333333335,0.5769230769230769
male,Boruta,10,RandomForest_TUNED,3,-0.07615914142616902,0.7500000000000001,0.7142857142857143,0.2,0.4571428571428572,0.6153846153846154
male,Boruta,10,NeuralNetwork,3,0.2160246899469287,0.7567567567567567,0.6666666666666666,0.6,0.6333333333333333,0.6538461538461539
male,Boruta,10,NeuralNetwork_TUNED,3,0.37227121643481725,0.7777777777777778,0.6666666666666666,0.8,0.7333333333333334,0.6923076923076923
male,Boruta,10,NaiveBayes,3,0.41785544701867244,0.6875000000000001,0.5238095238095238,1.0,0.7619047619047619,0.6153846153846154
male,Boruta,10,LogisticRegression,3,0.2160246899469287,0.7567567567567567,0.6666666666666666,0.6,0.6333333333333333,0.6538461538461539
male,Boruta,10,AdaBoost,3,-0.1499040049715311,0.6842105263157895,0.6190476190476191,0.2,0.4095238095238095,0.5384615384615384
male,Boruta,10,AdaBoost_TUNED,3,-0.1138550085106622,0.717948717948718,0.6666666666666666,0.2,0.43333333333333335,0.5769230769230769
male,Boruta,10,SVM_RBF,3,0.17473955057144483,0.7222222222222222,0.6190476190476191,0.6,0.6095238095238096,0.6153846153846154
male,Boruta,10,SVM_RBF_TUNED,3,0.12923301908921092,0.8636363636363636,0.9047619047619048,0.2,0.5523809523809524,0.7692307692307693
male,Boruta,20,RandomForest,3,-0.07615914142616902,0.7500000000000001,0.7142857142857143,0.2,0.4571428571428572,0.6153846153846154
male,Boruta,20,RandomForest_TUNED,3,-0.07615914142616902,0.7500000000000001,0.7142857142857143,0.2,0.4571428571428572,0.6153846153846154
male,Boruta,20,NeuralNetwork,3,0.12923301908921092,0.8636363636363636,0.9047619047619048,0.2,0.5523809523809524,0.7692307692307693
male,Boruta,20,NeuralNetwork_TUNED,3,0.6033815244679472,0.9302325581395349,0.9523809523809523,0.6,0.7761904761904761,0.8846153846153846
male,Boruta,20,NaiveBayes,3,0.48795003647426655,0.7647058823529412,0.6190476190476191,1.0,0.8095238095238095,0.6923076923076923
male,Boruta,20,LogisticRegression,3,0.17473955057144483,0.7222222222222222,0.6190476190476191,0.6,0.6095238095238096,0.6153846153846154
male,Boruta,20,AdaBoost,3,0.14385615602720814,0.8,0.7619047619047619,0.4,0.5809523809523809,0.6923076923076923
male,Boruta,20,AdaBoost_TUNED,3,0.30903502310036884,0.8205128205128205,0.7619047619047619,0.6,0.680952380952381,0.7307692307692307
male,Boruta,20,SVM_RBF,3,0.42761798705987897,0.8780487804878048,0.8571428571428571,0.6,0.7285714285714285,0.8076923076923077
male,Boruta,20,SVM_RBF_TUNED,3,0.4346928823909822,0.909090909090909,0.9523809523809523,0.4,0.6761904761904762,0.8461538461538461
male,Boruta,30,RandomForest,3,-0.035634832254989916,0.7804878048780488,0.7619047619047619,0.2,0.4809523809523809,0.6538461538461539
male,Boruta,30,RandomForest_TUNED,3,-0.035634832254989916,0.7804878048780488,0.7619047619047619,0.2,0.4809523809523809,0.6538461538461539
male,Boruta,30,NeuralNetwork,3,0.12923301908921092,0.8636363636363636,0.9047619047619048,0.2,0.5523809523809524,0.7692307692307693
male,Boruta,30,NeuralNetwork_TUNED,3,0.009523809523809525,0.8095238095238095,0.8095238095238095,0.2,0.5047619047619047,0.6923076923076923
male,Boruta,30,NaiveBayes,3,0.3312862310652588,0.742857142857143,0.6190476190476191,0.8,0.7095238095238096,0.6538461538461539
male,Boruta,30,LogisticRegression,3,0.09759000729485331,0.7692307692307692,0.7142857142857143,0.4,0.5571428571428572,0.6538461538461539
male,Boruta,30,AdaBoost,3,0.3638714534805853,0.8500000000000001,0.8095238095238095,0.6,0.7047619047619047,0.7692307692307693
male,Boruta,30,AdaBoost_TUNED,3,0.3638714534805853,0.8500000000000001,0.8095238095238095,0.6,0.7047619047619047,0.7692307692307693
male,Boruta,30,SVM_RBF,3,0.12923301908921092,0.8636363636363636,0.9047619047619048,0.2,0.5523809523809524,0.7692307692307693
male,Boruta,30,SVM_RBF_TUNED,3,0.12923301908921092,0.8636363636363636,0.9047619047619048,0.2,0.5523809523809524,0.7692307692307693
male,Boruta,40,RandomForest,3,0.009523809523809525,0.8095238095238095,0.8095238095238095,0.2,0.5047619047619047,0.6923076923076923
male,Boruta,40,RandomForest_TUNED,3,-0.035634832254989916,0.7804878048780488,0.7619047619047619,0.2,0.4809523809523809,0.6538461538461539
male,Boruta,40,NeuralNetwork,3,0.2253744679276044,0.888888888888889,0.9523809523809523,0.2,0.5761904761904761,0.8076923076923077
male,Boruta,40,NeuralNetwork_TUNED,3,0.2571428571428571,0.8571428571428571,0.8571428571428571,0.4,0.6285714285714286,0.7692307692307693
male,Boruta,40,NaiveBayes,3,0.37227121643481725,0.7777777777777778,0.6666666666666666,0.8,0.7333333333333334,0.6923076923076923
male,Boruta,40,LogisticRegression,3,0.30903502310036884,0.8205128205128205,0.7619047619047619,0.6,0.680952380952381,0.7307692307692307
male,Boruta,40,AdaBoost,3,0.2160246899469287,0.7567567567567567,0.6666666666666666,0.6,0.6333333333333333,0.6538461538461539
male,Boruta,40,AdaBoost_TUNED,3,0.14385615602720814,0.8,0.7619047619047619,0.4,0.5809523809523809,0.6923076923076923
male,Boruta,40,SVM_RBF,3,0.2253744679276044,0.888888888888889,0.9523809523809523,0.2,0.5761904761904761,0.8076923076923077
male,Boruta,40,SVM_RBF_TUNED,3,0.2253744679276044,0.888888888888889,0.9523809523809523,0.2,0.5761904761904761,0.8076923076923077
male,Boruta,50,RandomForest,3,0.19599157740244455,0.8292682926829269,0.8095238095238095,0.4,0.6047619047619048,0.7307692307692307
male,Boruta,50,RandomForest_TUNED,3,0.14385615602720814,0.8,0.7619047619047619,0.4,0.5809523809523809,0.6923076923076923
male,Boruta,50,NeuralNetwork,3,0.12923301908921092,0.8636363636363636,0.9047619047619048,0.2,0.5523809523809524,0.7692307692307693
male,Boruta,50,NeuralNetwork_TUNED,3,0.009523809523809525,0.8095238095238095,0.8095238095238095,0.2,0.5047619047619047,0.6923076923076923
male,Boruta,50,NaiveBayes,3,0.30903502310036884,0.8205128205128205,0.7619047619047619,0.6,0.680952380952381,0.7307692307692307
male,Boruta,50,LogisticRegression,3,0.26035958758213296,0.7894736842105262,0.7142857142857143,0.6,0.6571428571428571,0.6923076923076923
male,Boruta,50,AdaBoost,3,0.14385615602720814,0.8,0.7619047619047619,0.4,0.5809523809523809,0.6923076923076923
male,Boruta,50,AdaBoost_TUNED,3,0.14385615602720814,0.8,0.7619047619047619,0.4,0.5809523809523809,0.6923076923076923
male,Boruta,50,SVM_RBF,3,0.2253744679276044,0.888888888888889,0.9523809523809523,0.2,0.5761904761904761,0.8076923076923077
male,Boruta,50,SVM_RBF_TUNED,3,-0.09759000729485331,0.8695652173913043,0.9523809523809523,0.0,0.47619047619047616,0.7692307692307693
male,Boruta,60,RandomForest,3,0.009523809523809525,0.8095238095238095,0.8095238095238095,0.2,0.5047619047619047,0.6923076923076923
male,Boruta,60,RandomForest_TUNED,3,0.19599157740244455,0.8292682926829269,0.8095238095238095,0.4,0.6047619047619048,0.7307692307692307
male,Boruta,60,NeuralNetwork,3,-0.14085904245475275,0.8444444444444444,0.9047619047619048,0.0,0.4523809523809524,0.7307692307692307
male,Boruta,60,NeuralNetwork_TUNED,3,0.12923301908921092,0.8636363636363636,0.9047619047619048,0.2,0.5523809523809524,0.7692307692307693
male,Boruta,60,NaiveBayes,3,0.26035958758213296,0.7894736842105262,0.7142857142857143,0.6,0.6571428571428571,0.6923076923076923
male,Boruta,60,LogisticRegression,3,0.42761798705987897,0.8780487804878048,0.8571428571428571,0.6,0.7285714285714285,0.8076923076923077
male,Boruta,60,AdaBoost,3,0.30903502310036884,0.8205128205128205,0.7619047619047619,0.6,0.680952380952381,0.7307692307692307
male,Boruta,60,AdaBoost_TUNED,3,0.3638714534805853,0.8500000000000001,0.8095238095238095,0.6,0.7047619047619047,0.7692307692307693
male,Boruta,60,SVM_RBF,3,-0.09759000729485331,0.8695652173913043,0.9523809523809523,0.0,0.47619047619047616,0.7692307692307693
male,Boruta,60,SVM_RBF_TUNED,3,0.2253744679276044,0.888888888888889,0.9523809523809523,0.2,0.5761904761904761,0.8076923076923077
male,Boruta,70,RandomForest,3,0.062418778393235924,0.8372093023255814,0.8571428571428571,0.2,0.5285714285714286,0.7307692307692307
male,Boruta,70,RandomForest_TUNED,3,0.12923301908921092,0.8636363636363636,0.9047619047619048,0.2,0.5523809523809524,0.7692307692307693
male,Boruta,70,NeuralNetwork,3,0.5916079783099616,0.9333333333333333,1.0,0.4,0.7,0.8846153846153846
male,Boruta,70,NeuralNetwork_TUNED,3,0.12923301908921092,0.8636363636363636,0.9047619047619048,0.2,0.5523809523809524,0.7692307692307693
male,Boruta,70,NaiveBayes,3,0.14385615602720814,0.8,0.7619047619047619,0.4,0.5809523809523809,0.6923076923076923
male,Boruta,70,LogisticRegression,3,0.42761798705987897,0.8780487804878048,0.8571428571428571,0.6,0.7285714285714285,0.8076923076923077
male,Boruta,70,AdaBoost,3,0.42761798705987897,0.8780487804878048,0.8571428571428571,0.6,0.7285714285714285,0.8076923076923077
male,Boruta,70,AdaBoost_TUNED,3,0.5047619047619047,0.9047619047619048,0.9047619047619048,0.6,0.7523809523809524,0.8461538461538461
male,Boruta,70,SVM_RBF,3,-0.09759000729485331,0.8695652173913043,0.9523809523809523,0.0,0.47619047619047616,0.7692307692307693
male,Boruta,70,SVM_RBF_TUNED,3,0.2253744679276044,0.888888888888889,0.9523809523809523,0.2,0.5761904761904761,0.8076923076923077
male,Boruta,80,RandomForest,3,0.2571428571428571,0.8571428571428571,0.8571428571428571,0.4,0.6285714285714286,0.7692307692307693
male,Boruta,80,RandomForest_TUNED,3,0.2571428571428571,0.8571428571428571,0.8571428571428571,0.4,0.6285714285714286,0.7692307692307693
male,Boruta,80,NeuralNetwork,3,0.4346928823909822,0.909090909090909,0.9523809523809523,0.4,0.6761904761904762,0.8461538461538461
male,Boruta,80,NeuralNetwork_TUNED,3,0.3329001514305916,0.8837209302325582,0.9047619047619048,0.4,0.6523809523809524,0.8076923076923077
male,Boruta,80,NaiveBayes,3,0.19599157740244455,0.8292682926829269,0.8095238095238095,0.4,0.6047619047619048,0.7307692307692307
male,Boruta,80,LogisticRegression,3,0.4346928823909822,0.909090909090909,0.9523809523809523,0.4,0.6761904761904762,0.8461538461538461
male,Boruta,80,AdaBoost,3,0.3329001514305916,0.8837209302325582,0.9047619047619048,0.4,0.6523809523809524,0.8076923076923077
male,Boruta,80,AdaBoost_TUNED,3,0.5047619047619047,0.9047619047619048,0.9047619047619048,0.6,0.7523809523809524,0.8461538461538461
male,Boruta,80,SVM_RBF,3,-0.09759000729485331,0.8695652173913043,0.9523809523809523,0.0,0.47619047619047616,0.7692307692307693
male,Boruta,80,SVM_RBF_TUNED,3,0.2253744679276044,0.888888888888889,0.9523809523809523,0.2,0.5761904761904761,0.8076923076923077
male,Boruta,90,RandomForest,3,0.062418778393235924,0.8372093023255814,0.8571428571428571,0.2,0.5285714285714286,0.7307692307692307
male,Boruta,90,RandomForest_TUNED,3,0.3329001514305916,0.8837209302325582,0.9047619047619048,0.4,0.6523809523809524,0.8076923076923077
male,Boruta,90,NeuralNetwork,3,0.3329001514305916,0.8837209302325582,0.9047619047619048,0.4,0.6523809523809524,0.8076923076923077
male,Boruta,90,NeuralNetwork_TUNED,3,0.3329001514305916,0.8837209302325582,0.9047619047619048,0.4,0.6523809523809524,0.8076923076923077
male,Boruta,90,NaiveBayes,3,0.2571428571428571,0.8571428571428571,0.8571428571428571,0.4,0.6285714285714286,0.7692307692307693
male,Boruta,90,LogisticRegression,3,0.14385615602720814,0.8,0.7619047619047619,0.4,0.5809523809523809,0.6923076923076923
male,Boruta,90,AdaBoost,3,0.30903502310036884,0.8205128205128205,0.7619047619047619,0.6,0.680952380952381,0.7307692307692307
male,Boruta,90,AdaBoost_TUNED,3,0.3638714534805853,0.8500000000000001,0.8095238095238095,0.6,0.7047619047619047,0.7692307692307693
male,Boruta,90,SVM_RBF,3,-0.09759000729485331,0.8695652173913043,0.9523809523809523,0.0,0.47619047619047616,0.7692307692307693
male,Boruta,90,SVM_RBF_TUNED,3,0.2253744679276044,0.888888888888889,0.9523809523809523,0.2,0.5761904761904761,0.8076923076923077
male,Boruta,100,RandomForest,3,0.5916079783099616,0.9333333333333333,1.0,0.4,0.7,0.8846153846153846
male,Boruta,100,RandomForest_TUNED,3,0.5916079783099616,0.9333333333333333,1.0,0.4,0.7,0.8846153846153846
male,Boruta,100,NeuralNetwork,3,0.3329001514305916,0.8837209302325582,0.9047619047619048,0.4,0.6523809523809524,0.8076923076923077
male,Boruta,100,NeuralNetwork_TUNED,3,0.3329001514305916,0.8837209302325582,0.9047619047619048,0.4,0.6523809523809524,0.8076923076923077
male,Boruta,100,NaiveBayes,3,0.2571428571428571,0.8571428571428571,0.8571428571428571,0.4,0.6285714285714286,0.7692307692307693
male,Boruta,100,LogisticRegression,3,0.19599157740244455,0.8292682926829269,0.8095238095238095,0.4,0.6047619047619048,0.7307692307692307
male,Boruta,100,AdaBoost,3,0.5204800389058843,0.8717948717948718,0.8095238095238095,0.8,0.8047619047619048,0.8076923076923077
male,Boruta,100,AdaBoost_TUNED,3,0.42761798705987897,0.8780487804878048,0.8571428571428571,0.6,0.7285714285714285,0.8076923076923077
male,Boruta,100,SVM_RBF,3,-0.09759000729485331,0.8695652173913043,0.9523809523809523,0.0,0.47619047619047616,0.7692307692307693
male,Boruta,100,SVM_RBF_TUNED,3,0.2253744679276044,0.888888888888889,0.9523809523809523,0.2,0.5761904761904761,0.8076923076923077
male,mRMR,10,RandomForest,4,0.521168438562221,0.9,0.8571428571428571,0.75,0.8035714285714286,0.84
male,mRMR,10,RandomForest_TUNED,4,0.521168438562221,0.9,0.8571428571428571,0.75,0.8035714285714286,0.84
male,mRMR,10,NeuralNetwork,4,0.40230863885375184,0.8421052631578947,0.7619047619047619,0.75,0.7559523809523809,0.76
male,mRMR,10,NeuralNetwork_TUNED,4,0.45684927742384673,0.8717948717948718,0.8095238095238095,0.75,0.7797619047619048,0.8
male,mRMR,10,NaiveBayes,4,0.45684927742384673,0.8717948717948718,0.8095238095238095,0.75,0.7797619047619048,0.8
male,mRMR,10,LogisticRegression,4,0.3546040716334876,0.8108108108108109,0.7142857142857143,0.75,0.7321428571428572,0.72
male,mRMR,10,AdaBoost,4,0.521168438562221,0.9,0.8571428571428571,0.75,0.8035714285714286,0.84
male,mRMR,10,AdaBoost_TUNED,4,0.40230863885375184,0.8421052631578947,0.7619047619047619,0.75,0.7559523809523809,0.76
male,mRMR,10,SVM_RBF,4,0.3546040716334876,0.8108108108108109,0.7142857142857143,0.75,0.7321428571428572,0.72
male,mRMR,10,SVM_RBF_TUNED,4,-0.12869789041755736,0.8636363636363636,0.9047619047619048,0.0,0.4523809523809524,0.76
male,mRMR,20,RandomForest,4,0.521168438562221,0.9,0.8571428571428571,0.75,0.8035714285714286,0.84
male,mRMR,20,RandomForest_TUNED,4,0.521168438562221,0.9,0.8571428571428571,0.75,0.8035714285714286,0.84
male,mRMR,20,NeuralNetwork,4,0.40476190476190477,0.9047619047619048,0.9047619047619048,0.5,0.7023809523809523,0.84
male,mRMR,20,NeuralNetwork_TUNED,4,0.3273268353539886,0.8780487804878048,0.8571428571428571,0.5,0.6785714285714286,0.8
male,mRMR,20,NaiveBayes,4,0.17459497553883238,0.8837209302325582,0.9047619047619048,0.25,0.5773809523809523,0.8
male,mRMR,20,LogisticRegression,4,0.21384434262392824,0.8205128205128205,0.7619047619047619,0.5,0.6309523809523809,0.72
male,mRMR,20,AdaBoost,4,0.600099198148979,0.9268292682926829,0.9047619047619048,0.75,0.8273809523809523,0.88
male,mRMR,20,AdaBoost_TUNED,4,0.7766431633476234,0.9500000000000001,0.9047619047619048,1.0,0.9523809523809523,0.92
male,mRMR,20,SVM_RBF,4,0.40476190476190477,0.9047619047619048,0.9047619047619048,0.5,0.7023809523809523,0.84
male,mRMR,20,SVM_RBF_TUNED,4,0.27348301713730944,0.909090909090909,0.9523809523809523,0.25,0.6011904761904762,0.84
male,mRMR,30,RandomForest,4,0.7766431633476234,0.9500000000000001,0.9047619047619048,1.0,0.9523809523809523,0.92
male,mRMR,30,RandomForest_TUNED,4,0.8728715609439696,0.975609756097561,0.9523809523809523,1.0,0.9761904761904762,0.96
male,mRMR,30,NeuralNetwork,4,0.6756639246921762,0.9545454545454545,1.0,0.5,0.75,0.92
male,mRMR,30,NeuralNetwork_TUNED,4,0.6756639246921762,0.9545454545454545,1.0,0.5,0.75,0.92
male,mRMR,30,NaiveBayes,4,0.17459497553883238,0.8837209302325582,0.9047619047619048,0.25,0.5773809523809523,0.8
male,mRMR,30,LogisticRegression,4,0.45684927742384673,0.8717948717948718,0.8095238095238095,0.75,0.7797619047619048,0.8
male,mRMR,30,AdaBoost,4,0.600099198148979,0.9268292682926829,0.9047619047619048,0.75,0.8273809523809523,0.88
male,mRMR,30,AdaBoost_TUNED,4,0.8461141122266493,0.9767441860465117,1.0,0.75,0.875,0.96
male,mRMR,30,SVM_RBF,4,-0.0890870806374748,0.888888888888889,0.9523809523809523,0.0,0.47619047619047616,0.8
male,mRMR,30,SVM_RBF_TUNED,4,0.0,0.9130434782608696,1.0,0.0,0.5,0.84
male,mRMR,40,RandomForest,4,0.521168438562221,0.9,0.8571428571428571,0.75,0.8035714285714286,0.84
male,mRMR,40,RandomForest_TUNED,4,0.521168438562221,0.9,0.8571428571428571,0.75,0.8035714285714286,0.84
male,mRMR,40,NeuralNetwork,4,0.40476190476190477,0.9047619047619048,0.9047619047619048,0.5,0.7023809523809523,0.84
male,mRMR,40,NeuralNetwork_TUNED,4,0.40476190476190477,0.9047619047619048,0.9047619047619048,0.5,0.7023809523809523,0.84
male,mRMR,40,NaiveBayes,4,0.3273268353539886,0.8780487804878048,0.8571428571428571,0.5,0.6785714285714286,0.8
male,mRMR,40,LogisticRegression,4,0.600099198148979,0.9268292682926829,0.9047619047619048,0.75,0.8273809523809523,0.88
male,mRMR,40,AdaBoost,4,0.40476190476190477,0.9047619047619048,0.9047619047619048,0.5,0.7023809523809523,0.84
male,mRMR,40,AdaBoost_TUNED,4,0.600099198148979,0.9268292682926829,0.9047619047619048,0.75,0.8273809523809523,0.88
male,mRMR,40,SVM_RBF,4,-0.0890870806374748,0.888888888888889,0.9523809523809523,0.0,0.47619047619047616,0.8
male,mRMR,40,SVM_RBF_TUNED,4,0.0,0.9130434782608696,1.0,0.0,0.5,0.84
male,mRMR,50,RandomForest,4,0.600099198148979,0.9268292682926829,0.9047619047619048,0.75,0.8273809523809523,0.88
male,mRMR,50,RandomForest_TUNED,4,0.600099198148979,0.9268292682926829,0.9047619047619048,0.75,0.8273809523809523,0.88
male,mRMR,50,NeuralNetwork,4,0.6756639246921762,0.9545454545454545,1.0,0.5,0.75,0.92
male,mRMR,50,NeuralNetwork_TUNED,4,0.5103545438827408,0.9302325581395349,0.9523809523809523,0.5,0.7261904761904762,0.88
male,mRMR,50,NaiveBayes,4,0.27348301713730944,0.909090909090909,0.9523809523809523,0.25,0.6011904761904762,0.84
male,mRMR,50,LogisticRegression,4,0.17459497553883238,0.8837209302325582,0.9047619047619048,0.25,0.5773809523809523,0.8
male,mRMR,50,AdaBoost,4,0.7023809523809523,0.9523809523809523,0.9523809523809523,0.75,0.8511904761904762,0.92
male,mRMR,50,AdaBoost_TUNED,4,0.5103545438827408,0.9302325581395349,0.9523809523809523,0.5,0.7261904761904762,0.88
male,mRMR,50,SVM_RBF,4,0.0,0.9130434782608696,1.0,0.0,0.5,0.84
male,mRMR,50,SVM_RBF_TUNED,4,0.0,0.9130434782608696,1.0,0.0,0.5,0.84
male,mRMR,60,RandomForest,4,0.6998542122237652,0.923076923076923,0.8571428571428571,1.0,0.9285714285714286,0.88
male,mRMR,60,RandomForest_TUNED,4,0.6998542122237652,0.923076923076923,0.8571428571428571,1.0,0.9285714285714286,0.88
male,mRMR,60,NeuralNetwork,4,0.6756639246921762,0.9545454545454545,1.0,0.5,0.75,0.92
male,mRMR,60,NeuralNetwork_TUNED,4,0.5103545438827408,0.9302325581395349,0.9523809523809523,0.5,0.7261904761904762,0.88
male,mRMR,60,NaiveBayes,4,0.27348301713730944,0.909090909090909,0.9523809523809523,0.25,0.6011904761904762,0.84
male,mRMR,60,LogisticRegression,4,0.16705273775766585,0.6249999999999999,0.47619047619047616,0.75,0.6130952380952381,0.52
male,mRMR,60,AdaBoost,4,0.40476190476190477,0.9047619047619048,0.9047619047619048,0.5,0.7023809523809523,0.84
male,mRMR,60,AdaBoost_TUNED,4,0.8461141122266493,0.9767441860465117,1.0,0.75,0.875,0.96
male,mRMR,60,SVM_RBF,4,0.0,0.9130434782608696,1.0,0.0,0.5,0.84
male,mRMR,60,SVM_RBF_TUNED,4,0.0,0.9130434782608696,1.0,0.0,0.5,0.84
male,mRMR,70,RandomForest,4,0.600099198148979,0.9268292682926829,0.9047619047619048,0.75,0.8273809523809523,0.88
male,mRMR,70,RandomForest_TUNED,4,0.600099198148979,0.9268292682926829,0.9047619047619048,0.75,0.8273809523809523,0.88
male,mRMR,70,NeuralNetwork,4,0.6756639246921762,0.9545454545454545,1.0,0.5,0.75,0.92
male,mRMR,70,NeuralNetwork_TUNED,4,0.5103545438827408,0.9302325581395349,0.9523809523809523,0.5,0.7261904761904762,0.88
male,mRMR,70,NaiveBayes,4,0.17459497553883238,0.8837209302325582,0.9047619047619048,0.25,0.5773809523809523,0.8
male,mRMR,70,LogisticRegression,4,0.27348301713730944,0.909090909090909,0.9523809523809523,0.25,0.6011904761904762,0.84
male,mRMR,70,AdaBoost,4,0.8461141122266493,0.9767441860465117,1.0,0.75,0.875,0.96
male,mRMR,70,AdaBoost_TUNED,4,0.8728715609439696,0.975609756097561,0.9523809523809523,1.0,0.9761904761904762,0.96
male,mRMR,70,SVM_RBF,4,0.0,0.9130434782608696,1.0,0.0,0.5,0.84
male,mRMR,70,SVM_RBF_TUNED,4,0.0,0.9130434782608696,1.0,0.0,0.5,0.84
male,mRMR,80,RandomForest,4,0.3273268353539886,0.8780487804878048,0.8571428571428571,0.5,0.6785714285714286,0.8
male,mRMR,80,RandomForest_TUNED,4,0.521168438562221,0.9,0.8571428571428571,0.75,0.8035714285714286,0.84
male,mRMR,80,NeuralNetwork,4,0.6756639246921762,0.9545454545454545,1.0,0.5,0.75,0.92
male,mRMR,80,NeuralNetwork_TUNED,4,0.5103545438827408,0.9302325581395349,0.9523809523809523,0.5,0.7261904761904762,0.88
male,mRMR,80,NaiveBayes,4,0.17459497553883238,0.8837209302325582,0.9047619047619048,0.25,0.5773809523809523,0.8
male,mRMR,80,LogisticRegression,4,0.5103545438827408,0.9302325581395349,0.9523809523809523,0.5,0.7261904761904762,0.88
male,mRMR,80,AdaBoost,4,0.8728715609439696,0.975609756097561,0.9523809523809523,1.0,0.9761904761904762,0.96
male,mRMR,80,AdaBoost_TUNED,4,0.6756639246921762,0.9545454545454545,1.0,0.5,0.75,0.92
male,mRMR,80,SVM_RBF,4,0.0,0.9130434782608696,1.0,0.0,0.5,0.84
male,mRMR,80,SVM_RBF_TUNED,4,0.6756639246921762,0.9545454545454545,1.0,0.5,0.75,0.92
male,mRMR,90,RandomForest,4,0.40476190476190477,0.9047619047619048,0.9047619047619048,0.5,0.7023809523809523,0.84
male,mRMR,90,RandomForest_TUNED,4,0.40476190476190477,0.9047619047619048,0.9047619047619048,0.5,0.7023809523809523,0.84
male,mRMR,90,NeuralNetwork,4,0.46770717334674267,0.9333333333333333,1.0,0.25,0.625,0.88
male,mRMR,90,NeuralNetwork_TUNED,4,0.46770717334674267,0.9333333333333333,1.0,0.25,0.625,0.88
male,mRMR,90,NaiveBayes,4,0.17459497553883238,0.8837209302325582,0.9047619047619048,0.25,0.5773809523809523,0.8
male,mRMR,90,LogisticRegression,4,-0.0890870806374748,0.888888888888889,0.9523809523809523,0.0,0.47619047619047616,0.8
male,mRMR,90,AdaBoost,4,0.7023809523809523,0.9523809523809523,0.9523809523809523,0.75,0.8511904761904762,0.92
male,mRMR,90,AdaBoost_TUNED,4,0.6756639246921762,0.9545454545454545,1.0,0.5,0.75,0.92
male,mRMR,90,SVM_RBF,4,0.0,0.9130434782608696,1.0,0.0,0.5,0.84
male,mRMR,90,SVM_RBF_TUNED,4,0.0,0.9130434782608696,1.0,0.0,0.5,0.84
male,mRMR,100,RandomForest,4,0.40476190476190477,0.9047619047619048,0.9047619047619048,0.5,0.7023809523809523,0.84
male,mRMR,100,RandomForest_TUNED,4,0.3273268353539886,0.8780487804878048,0.8571428571428571,0.5,0.6785714285714286,0.8
male,mRMR,100,NeuralNetwork,4,0.46770717334674267,0.9333333333333333,1.0,0.25,0.625,0.88
male,mRMR,100,NeuralNetwork_TUNED,4,0.46770717334674267,0.9333333333333333,1.0,0.25,0.625,0.88
male,mRMR,100,NaiveBayes,4,0.10714285714285714,0.8571428571428571,0.8571428571428571,0.25,0.5535714285714286,0.76
male,mRMR,100,LogisticRegression,4,-0.12869789041755736,0.8636363636363636,0.9047619047619048,0.0,0.4523809523809524,0.76
male,mRMR,100,AdaBoost,4,0.40476190476190477,0.9047619047619048,0.9047619047619048,0.5,0.7023809523809523,0.84
male,mRMR,100,AdaBoost_TUNED,4,0.8461141122266493,0.9767441860465117,1.0,0.75,0.875,0.96
male,mRMR,100,SVM_RBF,4,0.0,0.9130434782608696,1.0,0.0,0.5,0.84
male,mRMR,100,SVM_RBF_TUNED,4,0.0,0.9130434782608696,1.0,0.0,0.5,0.84
male,Boruta,10,RandomForest,4,0.21384434262392824,0.8205128205128205,0.7619047619047619,0.5,0.6309523809523809,0.72
male,Boruta,10,RandomForest_TUNED,4,0.21384434262392824,0.8205128205128205,0.7619047619047619,0.5,0.6309523809523809,0.72
male,Boruta,10,NeuralNetwork,4,0.4193139346887673,0.7272727272727273,0.5714285714285714,1.0,0.7857142857142857,0.64
male,Boruta,10,NeuralNetwork_TUNED,4,0.5819143739626463,0.8648648648648648,0.7619047619047619,1.0,0.8809523809523809,0.8
male,Boruta,10,NaiveBayes,4,0.2721655269759087,0.5,0.3333333333333333,1.0,0.6666666666666666,0.44
male,Boruta,10,LogisticRegression,4,0.16705273775766585,0.6249999999999999,0.47619047619047616,0.75,0.6130952380952381,0.52
male,Boruta,10,AdaBoost,4,0.31180478223116176,0.7777777777777778,0.6666666666666666,0.75,0.7083333333333333,0.68
male,Boruta,10,AdaBoost_TUNED,4,0.5819143739626463,0.8648648648648648,0.7619047619047619,1.0,0.8809523809523809,0.8
male,Boruta,10,SVM_RBF,4,0.3546040716334876,0.8108108108108109,0.7142857142857143,0.75,0.7321428571428572,0.72
male,Boruta,10,SVM_RBF_TUNED,4,0.5103545438827408,0.9302325581395349,0.9523809523809523,0.5,0.7261904761904762,0.88
male,Boruta,20,RandomForest,4,0.7766431633476234,0.9500000000000001,0.9047619047619048,1.0,0.9523809523809523,0.92
male,Boruta,20,RandomForest_TUNED,4,0.7766431633476234,0.9500000000000001,0.9047619047619048,1.0,0.9523809523809523,0.92
male,Boruta,20,NeuralNetwork,4,0.521168438562221,0.9,0.8571428571428571,0.75,0.8035714285714286,0.84
male,Boruta,20,NeuralNetwork_TUNED,4,0.45684927742384673,0.8717948717948718,0.8095238095238095,0.75,0.7797619047619048,0.8
male,Boruta,20,NaiveBayes,4,0.3868589716493314,0.6875000000000001,0.5238095238095238,1.0,0.7619047619047619,0.6
male,Boruta,20,LogisticRegression,4,0.40230863885375184,0.8421052631578947,0.7619047619047619,0.75,0.7559523809523809,0.76
male,Boruta,20,AdaBoost,4,0.17459497553883238,0.8837209302325582,0.9047619047619048,0.25,0.5773809523809523,0.8
male,Boruta,20,AdaBoost_TUNED,4,0.17459497553883238,0.8837209302325582,0.9047619047619048,0.25,0.5773809523809523,0.8
male,Boruta,20,SVM_RBF,4,0.600099198148979,0.9268292682926829,0.9047619047619048,0.75,0.8273809523809523,0.88
male,Boruta,20,SVM_RBF_TUNED,4,0.17459497553883238,0.8837209302325582,0.9047619047619048,0.25,0.5773809523809523,0.8
male,Boruta,30,RandomForest,4,0.600099198148979,0.9268292682926829,0.9047619047619048,0.75,0.8273809523809523,0.88
male,Boruta,30,RandomForest_TUNED,4,0.600099198148979,0.9268292682926829,0.9047619047619048,0.75,0.8273809523809523,0.88
male,Boruta,30,NeuralNetwork,4,0.521168438562221,0.9,0.8571428571428571,0.75,0.8035714285714286,0.84
male,Boruta,30,NeuralNetwork_TUNED,4,0.600099198148979,0.9268292682926829,0.9047619047619048,0.75,0.8273809523809523,0.88
male,Boruta,30,NaiveBayes,4,0.45425676257949793,0.7647058823529412,0.6190476190476191,1.0,0.8095238095238095,0.68
male,Boruta,30,LogisticRegression,4,0.521168438562221,0.9,0.8571428571428571,0.75,0.8035714285714286,0.84
male,Boruta,30,AdaBoost,4,0.600099198148979,0.9268292682926829,0.9047619047619048,0.75,0.8273809523809523,0.88
male,Boruta,30,AdaBoost_TUNED,4,0.600099198148979,0.9268292682926829,0.9047619047619048,0.75,0.8273809523809523,0.88
male,Boruta,30,SVM_RBF,4,0.521168438562221,0.9,0.8571428571428571,0.75,0.8035714285714286,0.84
male,Boruta,30,SVM_RBF_TUNED,4,-0.12869789041755736,0.8636363636363636,0.9047619047619048,0.0,0.4523809523809524,0.76
male,Boruta,40,RandomForest,4,0.40476190476190477,0.9047619047619048,0.9047619047619048,0.5,0.7023809523809523,0.84
male,Boruta,40,RandomForest_TUNED,4,0.40476190476190477,0.9047619047619048,0.9047619047619048,0.5,0.7023809523809523,0.84
male,Boruta,40,NeuralNetwork,4,0.40476190476190477,0.9047619047619048,0.9047619047619048,0.5,0.7023809523809523,0.84
male,Boruta,40,NeuralNetwork_TUNED,4,0.3273268353539886,0.8780487804878048,0.8571428571428571,0.5,0.6785714285714286,0.8
male,Boruta,40,NaiveBayes,4,0.45425676257949793,0.7647058823529412,0.6190476190476191,1.0,0.8095238095238095,0.68
male,Boruta,40,LogisticRegression,4,0.6998542122237652,0.923076923076923,0.8571428571428571,1.0,0.9285714285714286,0.88
male,Boruta,40,AdaBoost,4,0.40476190476190477,0.9047619047619048,0.9047619047619048,0.5,0.7023809523809523,0.84
male,Boruta,40,AdaBoost_TUNED,4,0.600099198148979,0.9268292682926829,0.9047619047619048,0.75,0.8273809523809523,0.88
male,Boruta,40,SVM_RBF,4,0.40476190476190477,0.9047619047619048,0.9047619047619048,0.5,0.7023809523809523,0.84
male,Boruta,40,SVM_RBF_TUNED,4,-0.12869789041755736,0.8636363636363636,0.9047619047619048,0.0,0.4523809523809524,0.76
male,Boruta,50,RandomForest,4,0.40476190476190477,0.9047619047619048,0.9047619047619048,0.5,0.7023809523809523,0.84
male,Boruta,50,RandomForest_TUNED,4,0.3273268353539886,0.8780487804878048,0.8571428571428571,0.5,0.6785714285714286,0.8
male,Boruta,50,NeuralNetwork,4,0.5103545438827408,0.9302325581395349,0.9523809523809523,0.5,0.7261904761904762,0.88
male,Boruta,50,NeuralNetwork_TUNED,4,0.40476190476190477,0.9047619047619048,0.9047619047619048,0.5,0.7023809523809523,0.84
male,Boruta,50,NaiveBayes,4,0.5819143739626463,0.8648648648648648,0.7619047619047619,1.0,0.8809523809523809,0.8
male,Boruta,50,LogisticRegression,4,0.600099198148979,0.9268292682926829,0.9047619047619048,0.75,0.8273809523809523,0.88
male,Boruta,50,AdaBoost,4,0.600099198148979,0.9268292682926829,0.9047619047619048,0.75,0.8273809523809523,0.88
male,Boruta,50,AdaBoost_TUNED,4,0.7023809523809523,0.9523809523809523,0.9523809523809523,0.75,0.8511904761904762,0.92
male,Boruta,50,SVM_RBF,4,0.5103545438827408,0.9302325581395349,0.9523809523809523,0.5,0.7261904761904762,0.88
male,Boruta,50,SVM_RBF_TUNED,4,0.5103545438827408,0.9302325581395349,0.9523809523809523,0.5,0.7261904761904762,0.88
male,Boruta,60,RandomForest,4,0.7023809523809523,0.9523809523809523,0.9523809523809523,0.75,0.8511904761904762,0.92
male,Boruta,60,RandomForest_TUNED,4,0.5103545438827408,0.9302325581395349,0.9523809523809523,0.5,0.7261904761904762,0.88
male,Boruta,60,NeuralNetwork,4,0.5103545438827408,0.9302325581395349,0.9523809523809523,0.5,0.7261904761904762,0.88
male,Boruta,60,NeuralNetwork_TUNED,4,0.5103545438827408,0.9302325581395349,0.9523809523809523,0.5,0.7261904761904762,0.88
male,Boruta,60,NaiveBayes,4,0.45684927742384673,0.8717948717948718,0.8095238095238095,0.75,0.7797619047619048,0.8
male,Boruta,60,LogisticRegression,4,0.521168438562221,0.9,0.8571428571428571,0.75,0.8035714285714286,0.84
male,Boruta,60,AdaBoost,4,0.600099198148979,0.9268292682926829,0.9047619047619048,0.75,0.8273809523809523,0.88
male,Boruta,60,AdaBoost_TUNED,4,0.7023809523809523,0.9523809523809523,0.9523809523809523,0.75,0.8511904761904762,0.92
male,Boruta,60,SVM_RBF,4,0.5103545438827408,0.9302325581395349,0.9523809523809523,0.5,0.7261904761904762,0.88
male,Boruta,60,SVM_RBF_TUNED,4,0.0,0.9130434782608696,1.0,0.0,0.5,0.84
male,Boruta,70,RandomForest,4,0.5103545438827408,0.9302325581395349,0.9523809523809523,0.5,0.7261904761904762,0.88
male,Boruta,70,RandomForest_TUNED,4,0.5103545438827408,0.9302325581395349,0.9523809523809523,0.5,0.7261904761904762,0.88
male,Boruta,70,NeuralNetwork,4,0.5103545438827408,0.9302325581395349,0.9523809523809523,0.5,0.7261904761904762,0.88
male,Boruta,70,NeuralNetwork_TUNED,4,0.5103545438827408,0.9302325581395349,0.9523809523809523,0.5,0.7261904761904762,0.88
male,Boruta,70,NaiveBayes,4,0.26569371377681855,0.8500000000000001,0.8095238095238095,0.5,0.6547619047619048,0.76
male,Boruta,70,LogisticRegression,4,0.40230863885375184,0.8421052631578947,0.7619047619047619,0.75,0.7559523809523809,0.76
male,Boruta,70,AdaBoost,4,0.5103545438827408,0.9302325581395349,0.9523809523809523,0.5,0.7261904761904762,0.88
male,Boruta,70,AdaBoost_TUNED,4,0.5103545438827408,0.9302325581395349,0.9523809523809523,0.5,0.7261904761904762,0.88
male,Boruta,70,SVM_RBF,4,0.27348301713730944,0.909090909090909,0.9523809523809523,0.25,0.6011904761904762,0.84
male,Boruta,70,SVM_RBF_TUNED,4,0.27348301713730944,0.909090909090909,0.9523809523809523,0.25,0.6011904761904762,0.84
male,Boruta,80,RandomForest,4,0.40476190476190477,0.9047619047619048,0.9047619047619048,0.5,0.7023809523809523,0.84
male,Boruta,80,RandomForest_TUNED,4,0.5103545438827408,0.9302325581395349,0.9523809523809523,0.5,0.7261904761904762,0.88
male,Boruta,80,NeuralNetwork,4,0.27348301713730944,0.909090909090909,0.9523809523809523,0.25,0.6011904761904762,0.84
male,Boruta,80,NeuralNetwork_TUNED,4,0.5103545438827408,0.9302325581395349,0.9523809523809523,0.5,0.7261904761904762,0.88
male,Boruta,80,NaiveBayes,4,0.26569371377681855,0.8500000000000001,0.8095238095238095,0.5,0.6547619047619048,0.76
male,Boruta,80,LogisticRegression,4,0.45684927742384673,0.8717948717948718,0.8095238095238095,0.75,0.7797619047619048,0.8
male,Boruta,80,AdaBoost,4,0.27348301713730944,0.909090909090909,0.9523809523809523,0.25,0.6011904761904762,0.84
male,Boruta,80,AdaBoost_TUNED,4,0.27348301713730944,0.909090909090909,0.9523809523809523,0.25,0.6011904761904762,0.84
male,Boruta,80,SVM_RBF,4,0.27348301713730944,0.909090909090909,0.9523809523809523,0.25,0.6011904761904762,0.84
male,Boruta,80,SVM_RBF_TUNED,4,0.27348301713730944,0.909090909090909,0.9523809523809523,0.25,0.6011904761904762,0.84
male,Boruta,90,RandomForest,4,0.40476190476190477,0.9047619047619048,0.9047619047619048,0.5,0.7023809523809523,0.84
male,Boruta,90,RandomForest_TUNED,4,0.600099198148979,0.9268292682926829,0.9047619047619048,0.75,0.8273809523809523,0.88
male,Boruta,90,NeuralNetwork,4,0.5103545438827408,0.9302325581395349,0.9523809523809523,0.5,0.7261904761904762,0.88
male,Boruta,90,NeuralNetwork_TUNED,4,0.5103545438827408,0.9302325581395349,0.9523809523809523,0.5,0.7261904761904762,0.88
male,Boruta,90,NaiveBayes,4,0.26569371377681855,0.8500000000000001,0.8095238095238095,0.5,0.6547619047619048,0.76
male,Boruta,90,LogisticRegression,4,0.26569371377681855,0.8500000000000001,0.8095238095238095,0.5,0.6547619047619048,0.76
male,Boruta,90,AdaBoost,4,0.40476190476190477,0.9047619047619048,0.9047619047619048,0.5,0.7023809523809523,0.84
male,Boruta,90,AdaBoost_TUNED,4,0.5103545438827408,0.9302325581395349,0.9523809523809523,0.5,0.7261904761904762,0.88
male,Boruta,90,SVM_RBF,4,0.27348301713730944,0.909090909090909,0.9523809523809523,0.25,0.6011904761904762,0.84
male,Boruta,90,SVM_RBF_TUNED,4,0.27348301713730944,0.909090909090909,0.9523809523809523,0.25,0.6011904761904762,0.84
male,Boruta,100,RandomForest,4,0.40476190476190477,0.9047619047619048,0.9047619047619048,0.5,0.7023809523809523,0.84
male,Boruta,100,RandomForest_TUNED,4,0.600099198148979,0.9268292682926829,0.9047619047619048,0.75,0.8273809523809523,0.88
male,Boruta,100,NeuralNetwork,4,0.5103545438827408,0.9302325581395349,0.9523809523809523,0.5,0.7261904761904762,0.88
male,Boruta,100,NeuralNetwork_TUNED,4,0.5103545438827408,0.9302325581395349,0.9523809523809523,0.5,0.7261904761904762,0.88
male,Boruta,100,NaiveBayes,4,0.26569371377681855,0.8500000000000001,0.8095238095238095,0.5,0.6547619047619048,0.76
male,Boruta,100,LogisticRegression,4,0.26569371377681855,0.8500000000000001,0.8095238095238095,0.5,0.6547619047619048,0.76
male,Boruta,100,AdaBoost,4,0.40476190476190477,0.9047619047619048,0.9047619047619048,0.5,0.7023809523809523,0.84
male,Boruta,100,AdaBoost_TUNED,4,0.5103545438827408,0.9302325581395349,0.9523809523809523,0.5,0.7261904761904762,0.88
male,Boruta,100,SVM_RBF,4,0.27348301713730944,0.909090909090909,0.9523809523809523,0.25,0.6011904761904762,0.84
male,Boruta,100,SVM_RBF_TUNED,4,0.27348301713730944,0.909090909090909,0.9523809523809523,0.25,0.6011904761904762,0.84
male,mRMR,10,RandomForest,5,0.17459497553883238,0.8837209302325582,0.9047619047619048,0.25,0.5773809523809523,0.8
male,mRMR,10,RandomForest_TUNED,5,0.17459497553883238,0.8837209302325582,0.9047619047619048,0.25,0.5773809523809523,0.8
male,mRMR,10,NeuralNetwork,5,-0.12869789041755736,0.8636363636363636,0.9047619047619048,0.0,0.4523809523809524,0.76
male,mRMR,10,NeuralNetwork_TUNED,5,-0.12869789041755736,0.8636363636363636,0.9047619047619048,0.0,0.4523809523809524,0.76
male,mRMR,10,NaiveBayes,5,0.3273268353539886,0.8780487804878048,0.8571428571428571,0.5,0.6785714285714286,0.8
male,mRMR,10,LogisticRegression,5,0.40476190476190477,0.9047619047619048,0.9047619047619048,0.5,0.7023809523809523,0.84
male,mRMR,10,AdaBoost,5,0.27348301713730944,0.909090909090909,0.9523809523809523,0.25,0.6011904761904762,0.84
male,mRMR,10,AdaBoost_TUNED,5,0.0,0.9130434782608696,1.0,0.0,0.5,0.84
male,mRMR,10,SVM_RBF,5,-0.0890870806374748,0.888888888888889,0.9523809523809523,0.0,0.47619047619047616,0.8
male,mRMR,10,SVM_RBF_TUNED,5,-0.12869789041755736,0.8636363636363636,0.9047619047619048,0.0,0.4523809523809524,0.76
male,mRMR,20,RandomForest,5,0.46770717334674267,0.9333333333333333,1.0,0.25,0.625,0.88
male,mRMR,20,RandomForest_TUNED,5,0.6756639246921762,0.9545454545454545,1.0,0.5,0.75,0.92
male,mRMR,20,NeuralNetwork,5,0.46770717334674267,0.9333333333333333,1.0,0.25,0.625,0.88
male,mRMR,20,NeuralNetwork_TUNED,5,0.46770717334674267,0.9333333333333333,1.0,0.25,0.625,0.88
male,mRMR,20,NaiveBayes,5,0.40476190476190477,0.9047619047619048,0.9047619047619048,0.5,0.7023809523809523,0.84
male,mRMR,20,LogisticRegression,5,0.27348301713730944,0.909090909090909,0.9523809523809523,0.25,0.6011904761904762,0.84
male,mRMR,20,AdaBoost,5,0.17459497553883238,0.8837209302325582,0.9047619047619048,0.25,0.5773809523809523,0.8
male,mRMR,20,AdaBoost_TUNED,5,0.27348301713730944,0.909090909090909,0.9523809523809523,0.25,0.6011904761904762,0.84
male,mRMR,20,SVM_RBF,5,0.27348301713730944,0.909090909090909,0.9523809523809523,0.25,0.6011904761904762,0.84
male,mRMR,20,SVM_RBF_TUNED,5,0.0,0.9130434782608696,1.0,0.0,0.5,0.84
male,mRMR,30,RandomForest,5,0.46770717334674267,0.9333333333333333,1.0,0.25,0.625,0.88
male,mRMR,30,RandomForest_TUNED,5,0.46770717334674267,0.9333333333333333,1.0,0.25,0.625,0.88
male,mRMR,30,NeuralNetwork,5,0.46770717334674267,0.9333333333333333,1.0,0.25,0.625,0.88
male,mRMR,30,NeuralNetwork_TUNED,5,0.27348301713730944,0.909090909090909,0.9523809523809523,0.25,0.6011904761904762,0.84
male,mRMR,30,NaiveBayes,5,0.5103545438827408,0.9302325581395349,0.9523809523809523,0.5,0.7261904761904762,0.88
male,mRMR,30,LogisticRegression,5,-0.12869789041755736,0.8636363636363636,0.9047619047619048,0.0,0.4523809523809524,0.76
male,mRMR,30,AdaBoost,5,0.17459497553883238,0.8837209302325582,0.9047619047619048,0.25,0.5773809523809523,0.8
male,mRMR,30,AdaBoost_TUNED,5,0.600099198148979,0.9268292682926829,0.9047619047619048,0.75,0.8273809523809523,0.88
male,mRMR,30,SVM_RBF,5,0.0,0.9130434782608696,1.0,0.0,0.5,0.84
male,mRMR,30,SVM_RBF_TUNED,5,-0.0890870806374748,0.888888888888889,0.9523809523809523,0.0,0.47619047619047616,0.8
male,mRMR,40,RandomForest,5,0.0,0.9130434782608696,1.0,0.0,0.5,0.84
male,mRMR,40,RandomForest_TUNED,5,0.46770717334674267,0.9333333333333333,1.0,0.25,0.625,0.88
male,mRMR,40,NeuralNetwork,5,0.0,0.9130434782608696,1.0,0.0,0.5,0.84
male,mRMR,40,NeuralNetwork_TUNED,5,-0.0890870806374748,0.888888888888889,0.9523809523809523,0.0,0.47619047619047616,0.8
male,mRMR,40,NaiveBayes,5,0.40476190476190477,0.9047619047619048,0.9047619047619048,0.5,0.7023809523809523,0.84
male,mRMR,40,LogisticRegression,5,-0.12869789041755736,0.8636363636363636,0.9047619047619048,0.0,0.4523809523809524,0.76
male,mRMR,40,AdaBoost,5,0.27348301713730944,0.909090909090909,0.9523809523809523,0.25,0.6011904761904762,0.84
male,mRMR,40,AdaBoost_TUNED,5,0.17459497553883238,0.8837209302325582,0.9047619047619048,0.25,0.5773809523809523,0.8
male,mRMR,40,SVM_RBF,5,0.0,0.9130434782608696,1.0,0.0,0.5,0.84
male,mRMR,40,SVM_RBF_TUNED,5,0.0,0.9130434782608696,1.0,0.0,0.5,0.84
male,mRMR,50,RandomForest,5,0.46770717334674267,0.9333333333333333,1.0,0.25,0.625,0.88
male,mRMR,50,RandomForest_TUNED,5,0.46770717334674267,0.9333333333333333,1.0,0.25,0.625,0.88
male,mRMR,50,NeuralNetwork,5,0.0,0.9130434782608696,1.0,0.0,0.5,0.84
male,mRMR,50,NeuralNetwork_TUNED,5,-0.0890870806374748,0.888888888888889,0.9523809523809523,0.0,0.47619047619047616,0.8
male,mRMR,50,NaiveBayes,5,0.5103545438827408,0.9302325581395349,0.9523809523809523,0.5,0.7261904761904762,0.88
male,mRMR,50,LogisticRegression,5,0.17459497553883238,0.8837209302325582,0.9047619047619048,0.25,0.5773809523809523,0.8
male,mRMR,50,AdaBoost,5,0.17459497553883238,0.8837209302325582,0.9047619047619048,0.25,0.5773809523809523,0.8
male,mRMR,50,AdaBoost_TUNED,5,0.27348301713730944,0.909090909090909,0.9523809523809523,0.25,0.6011904761904762,0.84
male,mRMR,50,SVM_RBF,5,0.0,0.9130434782608696,1.0,0.0,0.5,0.84
male,mRMR,50,SVM_RBF_TUNED,5,0.0,0.9130434782608696,1.0,0.0,0.5,0.84
male,mRMR,60,RandomForest,5,0.27348301713730944,0.909090909090909,0.9523809523809523,0.25,0.6011904761904762,0.84
male,mRMR,60,RandomForest_TUNED,5,0.27348301713730944,0.909090909090909,0.9523809523809523,0.25,0.6011904761904762,0.84
male,mRMR,60,NeuralNetwork,5,0.0,0.9130434782608696,1.0,0.0,0.5,0.84
male,mRMR,60,NeuralNetwork_TUNED,5,-0.0890870806374748,0.888888888888889,0.9523809523809523,0.0,0.47619047619047616,0.8
male,mRMR,60,NaiveBayes,5,0.5103545438827408,0.9302325581395349,0.9523809523809523,0.5,0.7261904761904762,0.88
male,mRMR,60,LogisticRegression,5,0.27348301713730944,0.909090909090909,0.9523809523809523,0.25,0.6011904761904762,0.84
male,mRMR,60,AdaBoost,5,0.40476190476190477,0.9047619047619048,0.9047619047619048,0.5,0.7023809523809523,0.84
male,mRMR,60,AdaBoost_TUNED,5,0.10714285714285714,0.8571428571428571,0.8571428571428571,0.25,0.5535714285714286,0.76
male,mRMR,60,SVM_RBF,5,0.0,0.9130434782608696,1.0,0.0,0.5,0.84
male,mRMR,60,SVM_RBF_TUNED,5,0.0,0.9130434782608696,1.0,0.0,0.5,0.84
male,mRMR,70,RandomForest,5,0.46770717334674267,0.9333333333333333,1.0,0.25,0.625,0.88
male,mRMR,70,RandomForest_TUNED,5,0.46770717334674267,0.9333333333333333,1.0,0.25,0.625,0.88
male,mRMR,70,NeuralNetwork,5,0.0,0.9130434782608696,1.0,0.0,0.5,0.84
male,mRMR,70,NeuralNetwork_TUNED,5,0.0,0.9130434782608696,1.0,0.0,0.5,0.84
male,mRMR,70,NaiveBayes,5,0.5103545438827408,0.9302325581395349,0.9523809523809523,0.5,0.7261904761904762,0.88
male,mRMR,70,LogisticRegression,5,0.10714285714285714,0.8571428571428571,0.8571428571428571,0.25,0.5535714285714286,0.76
male,mRMR,70,AdaBoost,5,0.46770717334674267,0.9333333333333333,1.0,0.25,0.625,0.88
male,mRMR,70,AdaBoost_TUNED,5,0.27348301713730944,0.909090909090909,0.9523809523809523,0.25,0.6011904761904762,0.84
male,mRMR,70,SVM_RBF,5,0.0,0.9130434782608696,1.0,0.0,0.5,0.84
male,mRMR,70,SVM_RBF_TUNED,5,0.0,0.9130434782608696,1.0,0.0,0.5,0.84
male,mRMR,80,RandomForest,5,0.46770717334674267,0.9333333333333333,1.0,0.25,0.625,0.88
male,mRMR,80,RandomForest_TUNED,5,0.46770717334674267,0.9333333333333333,1.0,0.25,0.625,0.88
male,mRMR,80,NeuralNetwork,5,-0.0890870806374748,0.888888888888889,0.9523809523809523,0.0,0.47619047619047616,0.8
male,mRMR,80,NeuralNetwork_TUNED,5,0.27348301713730944,0.909090909090909,0.9523809523809523,0.25,0.6011904761904762,0.84
male,mRMR,80,NaiveBayes,5,0.5103545438827408,0.9302325581395349,0.9523809523809523,0.5,0.7261904761904762,0.88
male,mRMR,80,LogisticRegression,5,0.27348301713730944,0.909090909090909,0.9523809523809523,0.25,0.6011904761904762,0.84
male,mRMR,80,AdaBoost,5,0.27348301713730944,0.909090909090909,0.9523809523809523,0.25,0.6011904761904762,0.84
male,mRMR,80,AdaBoost_TUNED,5,0.46770717334674267,0.9333333333333333,1.0,0.25,0.625,0.88
male,mRMR,80,SVM_RBF,5,0.0,0.9130434782608696,1.0,0.0,0.5,0.84
male,mRMR,80,SVM_RBF_TUNED,5,0.0,0.9130434782608696,1.0,0.0,0.5,0.84
male,mRMR,90,RandomForest,5,0.46770717334674267,0.9333333333333333,1.0,0.25,0.625,0.88
male,mRMR,90,RandomForest_TUNED,5,0.46770717334674267,0.9333333333333333,1.0,0.25,0.625,0.88
male,mRMR,90,NeuralNetwork,5,0.0,0.9130434782608696,1.0,0.0,0.5,0.84
male,mRMR,90,NeuralNetwork_TUNED,5,-0.0890870806374748,0.888888888888889,0.9523809523809523,0.0,0.47619047619047616,0.8
male,mRMR,90,NaiveBayes,5,0.5103545438827408,0.9302325581395349,0.9523809523809523,0.5,0.7261904761904762,0.88
male,mRMR,90,LogisticRegression,5,-0.12869789041755736,0.8636363636363636,0.9047619047619048,0.0,0.4523809523809524,0.76
male,mRMR,90,AdaBoost,5,-0.0890870806374748,0.888888888888889,0.9523809523809523,0.0,0.47619047619047616,0.8
male,mRMR,90,AdaBoost_TUNED,5,0.0,0.9130434782608696,1.0,0.0,0.5,0.84
male,mRMR,90,SVM_RBF,5,0.0,0.9130434782608696,1.0,0.0,0.5,0.84
male,mRMR,90,SVM_RBF_TUNED,5,0.0,0.9130434782608696,1.0,0.0,0.5,0.84
male,mRMR,100,RandomForest,5,0.46770717334674267,0.9333333333333333,1.0,0.25,0.625,0.88
male,mRMR,100,RandomForest_TUNED,5,0.46770717334674267,0.9333333333333333,1.0,0.25,0.625,0.88
male,mRMR,100,NeuralNetwork,5,-0.0890870806374748,0.888888888888889,0.9523809523809523,0.0,0.47619047619047616,0.8
male,mRMR,100,NeuralNetwork_TUNED,5,0.0,0.9130434782608696,1.0,0.0,0.5,0.84
male,mRMR,100,NaiveBayes,5,0.5103545438827408,0.9302325581395349,0.9523809523809523,0.5,0.7261904761904762,0.88
male,mRMR,100,LogisticRegression,5,0.17459497553883238,0.8837209302325582,0.9047619047619048,0.25,0.5773809523809523,0.8
male,mRMR,100,AdaBoost,5,0.0,0.9130434782608696,1.0,0.0,0.5,0.84
male,mRMR,100,AdaBoost_TUNED,5,0.46770717334674267,0.9333333333333333,1.0,0.25,0.625,0.88
male,mRMR,100,SVM_RBF,5,0.0,0.9130434782608696,1.0,0.0,0.5,0.84
male,mRMR,100,SVM_RBF_TUNED,5,0.0,0.9130434782608696,1.0,0.0,0.5,0.84
male,Boruta,10,RandomForest,5,0.17459497553883238,0.8837209302325582,0.9047619047619048,0.25,0.5773809523809523,0.8
male,Boruta,10,RandomForest_TUNED,5,0.3273268353539886,0.8780487804878048,0.8571428571428571,0.5,0.6785714285714286,0.8
male,Boruta,10,NeuralNetwork,5,0.40476190476190477,0.9047619047619048,0.9047619047619048,0.5,0.7023809523809523,0.84
male,Boruta,10,NeuralNetwork_TUNED,5,0.5103545438827408,0.9302325581395349,0.9523809523809523,0.5,0.7261904761904762,0.88
male,Boruta,10,NaiveBayes,5,0.21384434262392824,0.8205128205128205,0.7619047619047619,0.5,0.6309523809523809,0.72
male,Boruta,10,LogisticRegression,5,0.010218988991416097,0.8,0.7619047619047619,0.25,0.5059523809523809,0.68
male,Boruta,10,AdaBoost,5,0.0545544725589981,0.8292682926829269,0.8095238095238095,0.25,0.5297619047619048,0.72
male,Boruta,10,AdaBoost_TUNED,5,0.40476190476190477,0.9047619047619048,0.9047619047619048,0.5,0.7023809523809523,0.84
male,Boruta,10,SVM_RBF,5,0.3273268353539886,0.8780487804878048,0.8571428571428571,0.5,0.6785714285714286,0.8
male,Boruta,10,SVM_RBF_TUNED,5,0.0,0.9130434782608696,1.0,0.0,0.5,0.84
male,Boruta,20,RandomForest,5,0.0,0.9130434782608696,1.0,0.0,0.5,0.84
male,Boruta,20,RandomForest_TUNED,5,0.6756639246921762,0.9545454545454545,1.0,0.5,0.75,0.92
male,Boruta,20,NeuralNetwork,5,-0.0890870806374748,0.888888888888889,0.9523809523809523,0.0,0.47619047619047616,0.8
male,Boruta,20,NeuralNetwork_TUNED,5,-0.0890870806374748,0.888888888888889,0.9523809523809523,0.0,0.47619047619047616,0.8
male,Boruta,20,NaiveBayes,5,0.010218988991416097,0.8,0.7619047619047619,0.25,0.5059523809523809,0.68
male,Boruta,20,LogisticRegression,5,0.0545544725589981,0.8292682926829269,0.8095238095238095,0.25,0.5297619047619048,0.72
male,Boruta,20,AdaBoost,5,-0.12869789041755736,0.8636363636363636,0.9047619047619048,0.0,0.4523809523809524,0.76
male,Boruta,20,AdaBoost_TUNED,5,-0.12869789041755736,0.8636363636363636,0.9047619047619048,0.0,0.4523809523809524,0.76
male,Boruta,20,SVM_RBF,5,0.0,0.9130434782608696,1.0,0.0,0.5,0.84
male,Boruta,20,SVM_RBF_TUNED,5,0.0,0.9130434782608696,1.0,0.0,0.5,0.84
male,Boruta,30,RandomForest,5,-0.0890870806374748,0.888888888888889,0.9523809523809523,0.0,0.47619047619047616,0.8
male,Boruta,30,RandomForest_TUNED,5,-0.0890870806374748,0.888888888888889,0.9523809523809523,0.0,0.47619047619047616,0.8
male,Boruta,30,NeuralNetwork,5,-0.12869789041755736,0.8636363636363636,0.9047619047619048,0.0,0.4523809523809524,0.76
male,Boruta,30,NeuralNetwork_TUNED,5,-0.0890870806374748,0.888888888888889,0.9523809523809523,0.0,0.47619047619047616,0.8
male,Boruta,30,NaiveBayes,5,0.21384434262392824,0.8205128205128205,0.7619047619047619,0.5,0.6309523809523809,0.72
male,Boruta,30,LogisticRegression,5,0.10714285714285714,0.8571428571428571,0.8571428571428571,0.25,0.5535714285714286,0.76
male,Boruta,30,AdaBoost,5,-0.12869789041755736,0.8636363636363636,0.9047619047619048,0.0,0.4523809523809524,0.76
male,Boruta,30,AdaBoost_TUNED,5,-0.12869789041755736,0.8636363636363636,0.9047619047619048,0.0,0.4523809523809524,0.76
male,Boruta,30,SVM_RBF,5,-0.0890870806374748,0.888888888888889,0.9523809523809523,0.0,0.47619047619047616,0.8
male,Boruta,30,SVM_RBF_TUNED,5,0.0,0.9130434782608696,1.0,0.0,0.5,0.84
male,Boruta,40,RandomForest,5,0.0,0.9130434782608696,1.0,0.0,0.5,0.84
male,Boruta,40,RandomForest_TUNED,5,0.46770717334674267,0.9333333333333333,1.0,0.25,0.625,0.88
male,Boruta,40,NeuralNetwork,5,-0.0890870806374748,0.888888888888889,0.9523809523809523,0.0,0.47619047619047616,0.8
male,Boruta,40,NeuralNetwork_TUNED,5,-0.0890870806374748,0.888888888888889,0.9523809523809523,0.0,0.47619047619047616,0.8
male,Boruta,40,NaiveBayes,5,0.10714285714285714,0.8571428571428571,0.8571428571428571,0.25,0.5535714285714286,0.76
male,Boruta,40,LogisticRegression,5,0.17459497553883238,0.8837209302325582,0.9047619047619048,0.25,0.5773809523809523,0.8
male,Boruta,40,AdaBoost,5,-0.12869789041755736,0.8636363636363636,0.9047619047619048,0.0,0.4523809523809524,0.76
male,Boruta,40,AdaBoost_TUNED,5,-0.12869789041755736,0.8636363636363636,0.9047619047619048,0.0,0.4523809523809524,0.76
male,Boruta,40,SVM_RBF,5,0.0,0.9130434782608696,1.0,0.0,0.5,0.84
male,Boruta,40,SVM_RBF_TUNED,5,0.0,0.9130434782608696,1.0,0.0,0.5,0.84
male,Boruta,50,RandomForest,5,0.46770717334674267,0.9333333333333333,1.0,0.25,0.625,0.88
male,Boruta,50,RandomForest_TUNED,5,0.46770717334674267,0.9333333333333333,1.0,0.25,0.625,0.88
male,Boruta,50,NeuralNetwork,5,-0.0890870806374748,0.888888888888889,0.9523809523809523,0.0,0.47619047619047616,0.8
male,Boruta,50,NeuralNetwork_TUNED,5,0.0,0.9130434782608696,1.0,0.0,0.5,0.84
male,Boruta,50,NaiveBayes,5,0.3273268353539886,0.8780487804878048,0.8571428571428571,0.5,0.6785714285714286,0.8
male,Boruta,50,LogisticRegression,5,0.27348301713730944,0.909090909090909,0.9523809523809523,0.25,0.6011904761904762,0.84
male,Boruta,50,AdaBoost,5,-0.12869789041755736,0.8636363636363636,0.9047619047619048,0.0,0.4523809523809524,0.76
male,Boruta,50,AdaBoost_TUNED,5,-0.0890870806374748,0.888888888888889,0.9523809523809523,0.0,0.47619047619047616,0.8
male,Boruta,50,SVM_RBF,5,0.0,0.9130434782608696,1.0,0.0,0.5,0.84
male,Boruta,50,SVM_RBF_TUNED,5,0.0,0.9130434782608696,1.0,0.0,0.5,0.84
male,Boruta,60,RandomForest,5,0.0,0.9130434782608696,1.0,0.0,0.5,0.84
male,Boruta,60,RandomForest_TUNED,5,0.46770717334674267,0.9333333333333333,1.0,0.25,0.625,0.88
male,Boruta,60,NeuralNetwork,5,-0.0890870806374748,0.888888888888889,0.9523809523809523,0.0,0.47619047619047616,0.8
male,Boruta,60,NeuralNetwork_TUNED,5,0.0,0.9130434782608696,1.0,0.0,0.5,0.84
male,Boruta,60,NaiveBayes,5,0.3273268353539886,0.8780487804878048,0.8571428571428571,0.5,0.6785714285714286,0.8
male,Boruta,60,LogisticRegression,5,-0.0890870806374748,0.888888888888889,0.9523809523809523,0.0,0.47619047619047616,0.8
male,Boruta,60,AdaBoost,5,-0.0890870806374748,0.888888888888889,0.9523809523809523,0.0,0.47619047619047616,0.8
male,Boruta,60,AdaBoost_TUNED,5,-0.0890870806374748,0.888888888888889,0.9523809523809523,0.0,0.47619047619047616,0.8
male,Boruta,60,SVM_RBF,5,0.0,0.9130434782608696,1.0,0.0,0.5,0.84
male,Boruta,60,SVM_RBF_TUNED,5,0.0,0.9130434782608696,1.0,0.0,0.5,0.84
male,Boruta,70,RandomForest,5,0.27348301713730944,0.909090909090909,0.9523809523809523,0.25,0.6011904761904762,0.84
male,Boruta,70,RandomForest_TUNED,5,0.27348301713730944,0.909090909090909,0.9523809523809523,0.25,0.6011904761904762,0.84
male,Boruta,70,NeuralNetwork,5,-0.0890870806374748,0.888888888888889,0.9523809523809523,0.0,0.47619047619047616,0.8
male,Boruta,70,NeuralNetwork_TUNED,5,0.0,0.9130434782608696,1.0,0.0,0.5,0.84
male,Boruta,70,NaiveBayes,5,0.3273268353539886,0.8780487804878048,0.8571428571428571,0.5,0.6785714285714286,0.8
male,Boruta,70,LogisticRegression,5,-0.0890870806374748,0.888888888888889,0.9523809523809523,0.0,0.47619047619047616,0.8
male,Boruta,70,AdaBoost,5,-0.0890870806374748,0.888888888888889,0.9523809523809523,0.0,0.47619047619047616,0.8
male,Boruta,70,AdaBoost_TUNED,5,-0.0890870806374748,0.888888888888889,0.9523809523809523,0.0,0.47619047619047616,0.8
male,Boruta,70,SVM_RBF,5,0.0,0.9130434782608696,1.0,0.0,0.5,0.84
male,Boruta,70,SVM_RBF_TUNED,5,0.0,0.9130434782608696,1.0,0.0,0.5,0.84
male,Boruta,80,RandomForest,5,0.46770717334674267,0.9333333333333333,1.0,0.25,0.625,0.88
male,Boruta,80,RandomForest_TUNED,5,0.46770717334674267,0.9333333333333333,1.0,0.25,0.625,0.88
male,Boruta,80,NeuralNetwork,5,-0.0890870806374748,0.888888888888889,0.9523809523809523,0.0,0.47619047619047616,0.8
male,Boruta,80,NeuralNetwork_TUNED,5,0.0,0.9130434782608696,1.0,0.0,0.5,0.84
male,Boruta,80,NaiveBayes,5,0.10714285714285714,0.8571428571428571,0.8571428571428571,0.25,0.5535714285714286,0.76
male,Boruta,80,LogisticRegression,5,0.6756639246921762,0.9545454545454545,1.0,0.5,0.75,0.92
male,Boruta,80,AdaBoost,5,-0.12869789041755736,0.8636363636363636,0.9047619047619048,0.0,0.4523809523809524,0.76
male,Boruta,80,AdaBoost_TUNED,5,-0.0890870806374748,0.888888888888889,0.9523809523809523,0.0,0.47619047619047616,0.8
male,Boruta,80,SVM_RBF,5,0.0,0.9130434782608696,1.0,0.0,0.5,0.84
male,Boruta,80,SVM_RBF_TUNED,5,0.0,0.9130434782608696,1.0,0.0,0.5,0.84
male,Boruta,90,RandomForest,5,0.27348301713730944,0.909090909090909,0.9523809523809523,0.25,0.6011904761904762,0.84
male,Boruta,90,RandomForest_TUNED,5,0.27348301713730944,0.909090909090909,0.9523809523809523,0.25,0.6011904761904762,0.84
male,Boruta,90,NeuralNetwork,5,-0.0890870806374748,0.888888888888889,0.9523809523809523,0.0,0.47619047619047616,0.8
male,Boruta,90,NeuralNetwork_TUNED,5,0.0,0.9130434782608696,1.0,0.0,0.5,0.84
male,Boruta,90,NaiveBayes,5,0.3273268353539886,0.8780487804878048,0.8571428571428571,0.5,0.6785714285714286,0.8
male,Boruta,90,LogisticRegression,5,0.27348301713730944,0.909090909090909,0.9523809523809523,0.25,0.6011904761904762,0.84
male,Boruta,90,AdaBoost,5,-0.0890870806374748,0.888888888888889,0.9523809523809523,0.0,0.47619047619047616,0.8
male,Boruta,90,AdaBoost_TUNED,5,-0.0890870806374748,0.888888888888889,0.9523809523809523,0.0,0.47619047619047616,0.8
male,Boruta,90,SVM_RBF,5,0.0,0.9130434782608696,1.0,0.0,0.5,0.84
male,Boruta,90,SVM_RBF_TUNED,5,0.0,0.9130434782608696,1.0,0.0,0.5,0.84
male,Boruta,100,RandomForest,5,0.27348301713730944,0.909090909090909,0.9523809523809523,0.25,0.6011904761904762,0.84
male,Boruta,100,RandomForest_TUNED,5,0.27348301713730944,0.909090909090909,0.9523809523809523,0.25,0.6011904761904762,0.84
male,Boruta,100,NeuralNetwork,5,-0.0890870806374748,0.888888888888889,0.9523809523809523,0.0,0.47619047619047616,0.8
male,Boruta,100,NeuralNetwork_TUNED,5,-0.0890870806374748,0.888888888888889,0.9523809523809523,0.0,0.47619047619047616,0.8
male,Boruta,100,NaiveBayes,5,0.3273268353539886,0.8780487804878048,0.8571428571428571,0.5,0.6785714285714286,0.8
male,Boruta,100,LogisticRegression,5,0.27348301713730944,0.909090909090909,0.9523809523809523,0.25,0.6011904761904762,0.84
male,Boruta,100,AdaBoost,5,0.0,0.9130434782608696,1.0,0.0,0.5,0.84
male,Boruta,100,AdaBoost_TUNED,5,-0.0890870806374748,0.888888888888889,0.9523809523809523,0.0,0.47619047619047616,0.8
male,Boruta,100,SVM_RBF,5,0.0,0.9130434782608696,1.0,0.0,0.5,0.84
male,Boruta,100,SVM_RBF_TUNED,5,-0.0890870806374748,0.888888888888889,0.9523809523809523,0.0,0.47619047619047616,0.8
