Dataset,Method,N_Features,Classifier,Fold,MCC,F1,Sensitivity,Specificity,Balanced_Accuracy,Accuracy
baseline,mRMR,10,RandomForest,1,0.41536110022181316,0.8169014084507042,0.7631578947368421,0.6923076923076923,0.7277327935222673,0.7450980392156863
baseline,mRMR,10,RandomForest_TUNED,1,0.41536110022181316,0.8169014084507042,0.7631578947368421,0.6923076923076923,0.7277327935222673,0.7450980392156863
baseline,mRMR,10,NeuralNetwork,1,0.5729469132063221,0.8571428571428572,0.7894736842105263,0.8461538461538461,0.8178137651821862,0.803921568627451
baseline,mRMR,10,NeuralNetwork_TUNED,1,0.5408420485294111,0.861111111111111,0.8157894736842105,0.7692307692307693,0.7925101214574899,0.803921568627451
baseline,mRMR,10,NaiveBayes,1,0.5438851189301883,0.8405797101449276,0.7631578947368421,0.8461538461538461,0.8046558704453441,0.7843137254901961
baseline,mRMR,10,LogisticRegression,1,0.5064793509296248,0.78125,0.6578947368421053,0.9230769230769231,0.7904858299595142,0.7254901960784313
baseline,mRMR,10,AdaBoost,1,0.2674252412015544,0.7536231884057972,0.6842105263157895,0.6153846153846154,0.6497975708502024,0.6666666666666666
baseline,mRMR,10,AdaBoost_TUNED,1,0.21731315491152986,0.716417910447761,0.631578947368421,0.6153846153846154,0.6234817813765182,0.6274509803921569
baseline,mRMR,10,SVM_RBF,1,0.4517318263539771,0.8115942028985507,0.7368421052631579,0.7692307692307693,0.7530364372469636,0.7450980392156863
baseline,mRMR,10,SVM_RBF_TUNED,1,0.42044095640556883,0.8780487804878049,0.9473684210526315,0.38461538461538464,0.6659919028340081,0.803921568627451
baseline,mRMR,20,RandomForest,1,0.4798886566027475,0.8285714285714286,0.7631578947368421,0.7692307692307693,0.7661943319838057,0.7647058823529411
baseline,mRMR,20,RandomForest_TUNED,1,0.5438851189301883,0.8405797101449276,0.7631578947368421,0.8461538461538461,0.8046558704453441,0.7843137254901961
baseline,mRMR,20,NeuralNetwork,1,0.4467659691368385,0.8533333333333334,0.8421052631578947,0.6153846153846154,0.728744939271255,0.7843137254901961
baseline,mRMR,20,NeuralNetwork_TUNED,1,0.4180321236831189,0.8571428571428572,0.868421052631579,0.5384615384615384,0.7034412955465588,0.7843137254901961
baseline,mRMR,20,NaiveBayes,1,0.5111443592620367,0.8648648648648649,0.8421052631578947,0.6923076923076923,0.7672064777327935,0.803921568627451
baseline,mRMR,20,LogisticRegression,1,0.39900120246051385,0.7761194029850746,0.6842105263157895,0.7692307692307693,0.7267206477732794,0.7058823529411765
baseline,mRMR,20,AdaBoost,1,0.4798886566027475,0.8285714285714286,0.7631578947368421,0.7692307692307693,0.7661943319838057,0.7647058823529411
baseline,mRMR,20,AdaBoost_TUNED,1,0.47721735962610745,0.8493150684931505,0.8157894736842105,0.6923076923076923,0.7540485829959513,0.7843137254901961
baseline,mRMR,20,SVM_RBF,1,0.44539933408304444,0.8333333333333333,0.7894736842105263,0.6923076923076923,0.7408906882591093,0.7647058823529411
baseline,mRMR,20,SVM_RBF_TUNED,1,0.4590119166637268,0.8717948717948718,0.8947368421052632,0.5384615384615384,0.7165991902834008,0.803921568627451
baseline,mRMR,30,RandomForest,1,0.44539933408304444,0.8333333333333333,0.7894736842105263,0.6923076923076923,0.7408906882591093,0.7647058823529411
baseline,mRMR,30,RandomForest_TUNED,1,0.44539933408304444,0.8333333333333333,0.7894736842105263,0.6923076923076923,0.7408906882591093,0.7647058823529411
baseline,mRMR,30,NeuralNetwork,1,0.5684026070835869,0.8974358974358975,0.9210526315789473,0.6153846153846154,0.7682186234817814,0.8431372549019608
baseline,mRMR,30,NeuralNetwork_TUNED,1,0.5870445344129555,0.8947368421052632,0.8947368421052632,0.6923076923076923,0.7935222672064777,0.8431372549019608
baseline,mRMR,30,NaiveBayes,1,0.5438851189301883,0.8405797101449276,0.7631578947368421,0.8461538461538461,0.8046558704453441,0.7843137254901961
baseline,mRMR,30,LogisticRegression,1,0.4248294319718444,0.7941176470588235,0.7105263157894737,0.7692307692307693,0.7398785425101215,0.7254901960784313
baseline,mRMR,30,AdaBoost,1,0.5408420485294111,0.861111111111111,0.8157894736842105,0.7692307692307693,0.7925101214574899,0.803921568627451
baseline,mRMR,30,AdaBoost_TUNED,1,0.6362847629757777,0.8888888888888888,0.8421052631578947,0.8461538461538461,0.8441295546558705,0.8431372549019608
baseline,mRMR,30,SVM_RBF,1,0.4180321236831189,0.8571428571428572,0.868421052631579,0.5384615384615384,0.7034412955465588,0.7843137254901961
baseline,mRMR,30,SVM_RBF_TUNED,1,0.412370327615048,0.8809523809523809,0.9736842105263158,0.3076923076923077,0.6406882591093117,0.803921568627451
baseline,mRMR,40,RandomForest,1,0.6362847629757777,0.8888888888888888,0.8421052631578947,0.8461538461538461,0.8441295546558705,0.8431372549019608
baseline,mRMR,40,RandomForest_TUNED,1,0.5729469132063221,0.8571428571428572,0.7894736842105263,0.8461538461538461,0.8178137651821862,0.803921568627451
baseline,mRMR,40,NeuralNetwork,1,0.4590119166637268,0.8717948717948718,0.8947368421052632,0.5384615384615384,0.7165991902834008,0.803921568627451
baseline,mRMR,40,NeuralNetwork_TUNED,1,0.4590119166637268,0.8717948717948718,0.8947368421052632,0.5384615384615384,0.7165991902834008,0.803921568627451
baseline,mRMR,40,NaiveBayes,1,0.6036581323223685,0.8732394366197183,0.8157894736842105,0.8461538461538461,0.8309716599190283,0.8235294117647058
baseline,mRMR,40,LogisticRegression,1,0.5438851189301883,0.8405797101449276,0.7631578947368421,0.8461538461538461,0.8046558704453441,0.7843137254901961
baseline,mRMR,40,AdaBoost,1,0.6036581323223685,0.8732394366197183,0.8157894736842105,0.8461538461538461,0.8309716599190283,0.8235294117647058
baseline,mRMR,40,AdaBoost_TUNED,1,0.5095096162720908,0.8450704225352113,0.7894736842105263,0.7692307692307693,0.7793522267206479,0.7843137254901961
baseline,mRMR,40,SVM_RBF,1,0.43737346348253053,0.875,0.9210526315789473,0.46153846153846156,0.6912955465587045,0.803921568627451
baseline,mRMR,40,SVM_RBF_TUNED,1,0.34541172847256507,0.8735632183908045,1.0,0.15384615384615385,0.5769230769230769,0.7843137254901961
baseline,mRMR,50,RandomForest,1,0.6362847629757777,0.8888888888888888,0.8421052631578947,0.8461538461538461,0.8441295546558705,0.8431372549019608
baseline,mRMR,50,RandomForest_TUNED,1,0.5438851189301883,0.8405797101449276,0.7631578947368421,0.8461538461538461,0.8046558704453441,0.7843137254901961
baseline,mRMR,50,NeuralNetwork,1,0.5684026070835869,0.8974358974358975,0.9210526315789473,0.6153846153846154,0.7682186234817814,0.8431372549019608
baseline,mRMR,50,NeuralNetwork_TUNED,1,0.4590119166637268,0.8717948717948718,0.8947368421052632,0.5384615384615384,0.7165991902834008,0.803921568627451
baseline,mRMR,50,NaiveBayes,1,0.6362847629757777,0.8888888888888888,0.8421052631578947,0.8461538461538461,0.8441295546558705,0.8431372549019608
baseline,mRMR,50,LogisticRegression,1,0.5095096162720908,0.8450704225352113,0.7894736842105263,0.7692307692307693,0.7793522267206479,0.7843137254901961
baseline,mRMR,50,AdaBoost,1,0.44539933408304444,0.8333333333333333,0.7894736842105263,0.6923076923076923,0.7408906882591093,0.7647058823529411
baseline,mRMR,50,AdaBoost_TUNED,1,0.47721735962610745,0.8493150684931505,0.8157894736842105,0.6923076923076923,0.7540485829959513,0.7843137254901961
baseline,mRMR,50,SVM_RBF,1,0.36629775046030444,0.8641975308641974,0.9210526315789473,0.38461538461538464,0.652834008097166,0.7843137254901961
baseline,mRMR,50,SVM_RBF_TUNED,1,0.34500484066310094,0.8674698795180723,0.9473684210526315,0.3076923076923077,0.6275303643724697,0.7843137254901961
baseline,mRMR,60,RandomForest,1,0.47721735962610745,0.8493150684931505,0.8157894736842105,0.6923076923076923,0.7540485829959513,0.7843137254901961
baseline,mRMR,60,RandomForest_TUNED,1,0.47721735962610745,0.8493150684931505,0.8157894736842105,0.6923076923076923,0.7540485829959513,0.7843137254901961
baseline,mRMR,60,NeuralNetwork,1,0.5870445344129555,0.8947368421052632,0.8947368421052632,0.6923076923076923,0.7935222672064777,0.8431372549019608
baseline,mRMR,60,NeuralNetwork_TUNED,1,0.5240999759609252,0.8831168831168831,0.8947368421052632,0.6153846153846154,0.7550607287449393,0.8235294117647058
baseline,mRMR,60,NaiveBayes,1,0.5729469132063221,0.8571428571428572,0.7894736842105263,0.8461538461538461,0.8178137651821862,0.803921568627451
baseline,mRMR,60,LogisticRegression,1,0.4798886566027475,0.8285714285714286,0.7631578947368421,0.7692307692307693,0.7661943319838057,0.7647058823529411
baseline,mRMR,60,AdaBoost,1,0.44539933408304444,0.8333333333333333,0.7894736842105263,0.6923076923076923,0.7408906882591093,0.7647058823529411
baseline,mRMR,60,AdaBoost_TUNED,1,0.47721735962610745,0.8493150684931505,0.8157894736842105,0.6923076923076923,0.7540485829959513,0.7843137254901961
baseline,mRMR,60,SVM_RBF,1,0.412370327615048,0.8809523809523809,0.9736842105263158,0.3076923076923077,0.6406882591093117,0.803921568627451
baseline,mRMR,60,SVM_RBF_TUNED,1,0.2610689843893829,0.8571428571428571,0.9473684210526315,0.23076923076923078,0.5890688259109311,0.7647058823529411
baseline,mRMR,70,RandomForest,1,0.6098881559376576,0.8918918918918918,0.868421052631579,0.7692307692307693,0.8188259109311742,0.8431372549019608
baseline,mRMR,70,RandomForest_TUNED,1,0.5741818430561134,0.8767123287671234,0.8421052631578947,0.7692307692307693,0.8056680161943319,0.8235294117647058
baseline,mRMR,70,NeuralNetwork,1,0.504394630150693,0.8860759493670887,0.9210526315789473,0.5384615384615384,0.7297570850202428,0.8235294117647058
baseline,mRMR,70,NeuralNetwork_TUNED,1,0.5553948742635308,0.9,0.9473684210526315,0.5384615384615384,0.742914979757085,0.8431372549019608
baseline,mRMR,70,NaiveBayes,1,0.6036581323223685,0.8732394366197183,0.8157894736842105,0.8461538461538461,0.8309716599190283,0.8235294117647058
baseline,mRMR,70,LogisticRegression,1,0.38025287619610154,0.8219178082191781,0.7894736842105263,0.6153846153846154,0.7024291497975709,0.7450980392156863
baseline,mRMR,70,AdaBoost,1,0.4467659691368385,0.8533333333333334,0.8421052631578947,0.6153846153846154,0.728744939271255,0.7843137254901961
baseline,mRMR,70,AdaBoost_TUNED,1,0.47721735962610745,0.8493150684931505,0.8157894736842105,0.6923076923076923,0.7540485829959513,0.7843137254901961
baseline,mRMR,70,SVM_RBF,1,0.34500484066310094,0.8674698795180723,0.9473684210526315,0.3076923076923077,0.6275303643724697,0.7843137254901961
baseline,mRMR,70,SVM_RBF_TUNED,1,0.34500484066310094,0.8674698795180723,0.9473684210526315,0.3076923076923077,0.6275303643724697,0.7843137254901961
baseline,mRMR,80,RandomForest,1,0.6711463264861193,0.904109589041096,0.868421052631579,0.8461538461538461,0.8572874493927125,0.8627450980392157
baseline,mRMR,80,RandomForest_TUNED,1,0.6362847629757777,0.8888888888888888,0.8421052631578947,0.8461538461538461,0.8441295546558705,0.8431372549019608
baseline,mRMR,80,NeuralNetwork,1,0.5553948742635308,0.9,0.9473684210526315,0.5384615384615384,0.742914979757085,0.8431372549019608
baseline,mRMR,80,NeuralNetwork_TUNED,1,0.36629775046030444,0.8641975308641974,0.9210526315789473,0.38461538461538464,0.652834008097166,0.7843137254901961
baseline,mRMR,80,NaiveBayes,1,0.5729469132063221,0.8571428571428572,0.7894736842105263,0.8461538461538461,0.8178137651821862,0.803921568627451
baseline,mRMR,80,LogisticRegression,1,0.5111443592620367,0.8648648648648649,0.8421052631578947,0.6923076923076923,0.7672064777327935,0.803921568627451
baseline,mRMR,80,AdaBoost,1,0.6362847629757777,0.8888888888888888,0.8421052631578947,0.8461538461538461,0.8441295546558705,0.8431372549019608
baseline,mRMR,80,AdaBoost_TUNED,1,0.6978066483726462,0.9014084507042254,0.8421052631578947,0.9230769230769231,0.8825910931174089,0.8627450980392157
baseline,mRMR,80,SVM_RBF,1,0.34500484066310094,0.8674698795180723,0.9473684210526315,0.3076923076923077,0.6275303643724697,0.7843137254901961
baseline,mRMR,80,SVM_RBF_TUNED,1,0.23620866709956997,0.8604651162790697,0.9736842105263158,0.15384615384615385,0.5637651821862348,0.7647058823529411
baseline,mRMR,90,RandomForest,1,0.6362847629757777,0.8888888888888888,0.8421052631578947,0.8461538461538461,0.8441295546558705,0.8431372549019608
baseline,mRMR,90,RandomForest_TUNED,1,0.5408420485294111,0.861111111111111,0.8157894736842105,0.7692307692307693,0.7925101214574899,0.803921568627451
baseline,mRMR,90,NeuralNetwork,1,0.7310389133021057,0.9367088607594938,0.9736842105263158,0.6923076923076923,0.832995951417004,0.9019607843137255
baseline,mRMR,90,NeuralNetwork_TUNED,1,0.5870445344129555,0.8947368421052632,0.8947368421052632,0.6923076923076923,0.7935222672064777,0.8431372549019608
baseline,mRMR,90,NaiveBayes,1,0.6036581323223685,0.8732394366197183,0.8157894736842105,0.8461538461538461,0.8309716599190283,0.8235294117647058
baseline,mRMR,90,LogisticRegression,1,0.47721735962610745,0.8493150684931505,0.8157894736842105,0.6923076923076923,0.7540485829959513,0.7843137254901961
baseline,mRMR,90,AdaBoost,1,0.5095096162720908,0.8450704225352113,0.7894736842105263,0.7692307692307693,0.7793522267206479,0.7843137254901961
baseline,mRMR,90,AdaBoost_TUNED,1,0.6362847629757777,0.8888888888888888,0.8421052631578947,0.8461538461538461,0.8441295546558705,0.8431372549019608
baseline,mRMR,90,SVM_RBF,1,0.2896940736209102,0.8536585365853658,0.9210526315789473,0.3076923076923077,0.6143724696356275,0.7647058823529411
baseline,mRMR,90,SVM_RBF_TUNED,1,0.04499212706658476,0.8372093023255814,0.9473684210526315,0.07692307692307693,0.5121457489878543,0.7254901960784313
baseline,mRMR,100,RandomForest,1,0.4467659691368385,0.8533333333333334,0.8421052631578947,0.6153846153846154,0.728744939271255,0.7843137254901961
baseline,mRMR,100,RandomForest_TUNED,1,0.5111443592620367,0.8648648648648649,0.8421052631578947,0.6923076923076923,0.7672064777327935,0.803921568627451
baseline,mRMR,100,NeuralNetwork,1,0.5684026070835869,0.8974358974358975,0.9210526315789473,0.6153846153846154,0.7682186234817814,0.8431372549019608
baseline,mRMR,100,NeuralNetwork_TUNED,1,0.5240999759609252,0.8831168831168831,0.8947368421052632,0.6153846153846154,0.7550607287449393,0.8235294117647058
baseline,mRMR,100,NaiveBayes,1,0.5729469132063221,0.8571428571428572,0.7894736842105263,0.8461538461538461,0.8178137651821862,0.803921568627451
baseline,mRMR,100,LogisticRegression,1,0.48380566801619435,0.868421052631579,0.868421052631579,0.6153846153846154,0.7419028340080972,0.803921568627451
baseline,mRMR,100,AdaBoost,1,0.5095096162720908,0.8450704225352113,0.7894736842105263,0.7692307692307693,0.7793522267206479,0.7843137254901961
baseline,mRMR,100,AdaBoost_TUNED,1,0.47721735962610745,0.8493150684931505,0.8157894736842105,0.6923076923076923,0.7540485829959513,0.7843137254901961
baseline,mRMR,100,SVM_RBF,1,0.16406940580098942,0.8470588235294116,0.9473684210526315,0.15384615384615385,0.5506072874493927,0.7450980392156863
baseline,mRMR,100,SVM_RBF_TUNED,1,0.2896940736209102,0.8536585365853658,0.9210526315789473,0.3076923076923077,0.6143724696356275,0.7647058823529411
baseline,Boruta,10,RandomForest,1,0.554929649401115,0.8181818181818182,0.7105263157894737,0.9230769230769231,0.8168016194331984,0.7647058823529411
baseline,Boruta,10,RandomForest_TUNED,1,0.4645098023740963,0.7878787878787878,0.6842105263157895,0.8461538461538461,0.7651821862348178,0.7254901960784313
baseline,Boruta,10,NeuralNetwork,1,0.554929649401115,0.8181818181818182,0.7105263157894737,0.9230769230769231,0.8168016194331984,0.7647058823529411
baseline,Boruta,10,NeuralNetwork_TUNED,1,0.5162484236619882,0.8235294117647058,0.7368421052631579,0.8461538461538461,0.791497975708502,0.7647058823529411
baseline,Boruta,10,NaiveBayes,1,0.3979414932394492,0.6779661016949152,0.5263157894736842,0.9230769230769231,0.7246963562753037,0.6274509803921569
baseline,Boruta,10,LogisticRegression,1,0.4613064531574389,0.7419354838709677,0.6052631578947368,0.9230769230769231,0.76417004048583,0.6862745098039216
baseline,Boruta,10,AdaBoost,1,0.5064793509296248,0.78125,0.6578947368421053,0.9230769230769231,0.7904858299595142,0.7254901960784313
baseline,Boruta,10,AdaBoost_TUNED,1,0.554929649401115,0.8181818181818182,0.7105263157894737,0.9230769230769231,0.8168016194331984,0.7647058823529411
baseline,Boruta,10,SVM_RBF,1,0.4164777937957891,0.7499999999999999,0.631578947368421,0.8461538461538461,0.7388663967611335,0.6862745098039216
baseline,Boruta,10,SVM_RBF_TUNED,1,0.5553948742635308,0.9,0.9473684210526315,0.5384615384615384,0.742914979757085,0.8431372549019608
baseline,Boruta,20,RandomForest,1,0.39900120246051385,0.7761194029850746,0.6842105263157895,0.7692307692307693,0.7267206477732794,0.7058823529411765
baseline,Boruta,20,RandomForest_TUNED,1,0.4248294319718444,0.7941176470588235,0.7105263157894737,0.7692307692307693,0.7398785425101215,0.7254901960784313
baseline,Boruta,20,NeuralNetwork,1,0.4798886566027475,0.8285714285714286,0.7631578947368421,0.7692307692307693,0.7661943319838057,0.7647058823529411
baseline,Boruta,20,NeuralNetwork_TUNED,1,0.4400969610582463,0.7692307692307692,0.6578947368421053,0.8461538461538461,0.7520242914979758,0.7058823529411765
baseline,Boruta,20,NaiveBayes,1,0.39353622040873293,0.7301587301587301,0.6052631578947368,0.8461538461538461,0.7257085020242915,0.6666666666666666
baseline,Boruta,20,LogisticRegression,1,0.4400969610582463,0.7692307692307692,0.6578947368421053,0.8461538461538461,0.7520242914979758,0.7058823529411765
baseline,Boruta,20,AdaBoost,1,0.4645098023740963,0.7878787878787878,0.6842105263157895,0.8461538461538461,0.7651821862348178,0.7254901960784313
baseline,Boruta,20,AdaBoost_TUNED,1,0.4898452262350058,0.8059701492537312,0.7105263157894737,0.8461538461538461,0.7783400809716599,0.7450980392156863
baseline,Boruta,20,SVM_RBF,1,0.3499566196366778,0.7384615384615385,0.631578947368421,0.7692307692307693,0.7004048582995952,0.6666666666666666
baseline,Boruta,20,SVM_RBF_TUNED,1,0.24258129169556586,0.8395061728395061,0.8947368421052632,0.3076923076923077,0.6012145748987854,0.7450980392156863
baseline,Boruta,30,RandomForest,1,0.5162484236619882,0.8235294117647058,0.7368421052631579,0.8461538461538461,0.791497975708502,0.7647058823529411
baseline,Boruta,30,RandomForest_TUNED,1,0.5162484236619882,0.8235294117647058,0.7368421052631579,0.8461538461538461,0.791497975708502,0.7647058823529411
baseline,Boruta,30,NeuralNetwork,1,0.4467659691368385,0.8533333333333334,0.8421052631578947,0.6153846153846154,0.728744939271255,0.7843137254901961
baseline,Boruta,30,NeuralNetwork_TUNED,1,0.5240999759609252,0.8831168831168831,0.8947368421052632,0.6153846153846154,0.7550607287449393,0.8235294117647058
baseline,Boruta,30,NaiveBayes,1,0.48353777754256866,0.7619047619047619,0.631578947368421,0.9230769230769231,0.7773279352226721,0.7058823529411765
baseline,Boruta,30,LogisticRegression,1,0.32121258417153553,0.7887323943661972,0.7368421052631579,0.6153846153846154,0.6761133603238867,0.7058823529411765
baseline,Boruta,30,AdaBoost,1,0.5302373024798148,0.7999999999999999,0.6842105263157895,0.9230769230769231,0.8036437246963564,0.7450980392156863
baseline,Boruta,30,AdaBoost_TUNED,1,0.4645098023740963,0.7878787878787878,0.6842105263157895,0.8461538461538461,0.7651821862348178,0.7254901960784313
baseline,Boruta,30,SVM_RBF,1,0.2777503469992803,0.8354430379746836,0.868421052631579,0.38461538461538464,0.6265182186234818,0.7450980392156863
baseline,Boruta,30,SVM_RBF_TUNED,1,0.04499212706658476,0.8372093023255814,0.9473684210526315,0.07692307692307693,0.5121457489878543,0.7254901960784313
baseline,Boruta,40,RandomForest,1,0.4798886566027475,0.8285714285714286,0.7631578947368421,0.7692307692307693,0.7661943319838057,0.7647058823529411
baseline,Boruta,40,RandomForest_TUNED,1,0.4798886566027475,0.8285714285714286,0.7631578947368421,0.7692307692307693,0.7661943319838057,0.7647058823529411
baseline,Boruta,40,NeuralNetwork,1,0.39107248857498667,0.860759493670886,0.8947368421052632,0.46153846153846156,0.6781376518218624,0.7843137254901961
baseline,Boruta,40,NeuralNetwork_TUNED,1,0.5475848382783375,0.88,0.868421052631579,0.6923076923076923,0.7803643724696356,0.8235294117647058
baseline,Boruta,40,NaiveBayes,1,0.5302373024798148,0.7999999999999999,0.6842105263157895,0.9230769230769231,0.8036437246963564,0.7450980392156863
baseline,Boruta,40,LogisticRegression,1,0.34995661963667773,0.8055555555555555,0.7631578947368421,0.6153846153846154,0.6892712550607287,0.7254901960784313
baseline,Boruta,40,AdaBoost,1,0.5729469132063221,0.8571428571428572,0.7894736842105263,0.8461538461538461,0.8178137651821862,0.803921568627451
baseline,Boruta,40,AdaBoost_TUNED,1,0.47721735962610745,0.8493150684931505,0.8157894736842105,0.6923076923076923,0.7540485829959513,0.7843137254901961
baseline,Boruta,40,SVM_RBF,1,0.39107248857498667,0.860759493670886,0.8947368421052632,0.46153846153846156,0.6781376518218624,0.7843137254901961
baseline,Boruta,40,SVM_RBF_TUNED,1,0.43737346348253053,0.875,0.9210526315789473,0.46153846153846156,0.6912955465587045,0.803921568627451
baseline,Boruta,50,RandomForest,1,0.5438851189301883,0.8405797101449276,0.7631578947368421,0.8461538461538461,0.8046558704453441,0.7843137254901961
baseline,Boruta,50,RandomForest_TUNED,1,0.5438851189301883,0.8405797101449276,0.7631578947368421,0.8461538461538461,0.8046558704453441,0.7843137254901961
baseline,Boruta,50,NeuralNetwork,1,0.3193520527015302,0.8500000000000001,0.8947368421052632,0.38461538461538464,0.6396761133603239,0.7647058823529411
baseline,Boruta,50,NeuralNetwork_TUNED,1,0.43737346348253053,0.875,0.9210526315789473,0.46153846153846156,0.6912955465587045,0.803921568627451
baseline,Boruta,50,NaiveBayes,1,0.5064793509296248,0.78125,0.6578947368421053,0.9230769230769231,0.7904858299595142,0.7254901960784313
baseline,Boruta,50,LogisticRegression,1,0.34995661963667773,0.8055555555555555,0.7631578947368421,0.6153846153846154,0.6892712550607287,0.7254901960784313
baseline,Boruta,50,AdaBoost,1,0.4798886566027475,0.8285714285714286,0.7631578947368421,0.7692307692307693,0.7661943319838057,0.7647058823529411
baseline,Boruta,50,AdaBoost_TUNED,1,0.41536110022181316,0.8169014084507042,0.7631578947368421,0.6923076923076923,0.7277327935222673,0.7450980392156863
baseline,Boruta,50,SVM_RBF,1,0.504394630150693,0.8860759493670887,0.9210526315789473,0.5384615384615384,0.7297570850202428,0.8235294117647058
baseline,Boruta,50,SVM_RBF_TUNED,1,0.504394630150693,0.8860759493670887,0.9210526315789473,0.5384615384615384,0.7297570850202428,0.8235294117647058
baseline,Boruta,60,RandomForest,1,0.5729469132063221,0.8571428571428572,0.7894736842105263,0.8461538461538461,0.8178137651821862,0.803921568627451
baseline,Boruta,60,RandomForest_TUNED,1,0.5729469132063221,0.8571428571428572,0.7894736842105263,0.8461538461538461,0.8178137651821862,0.803921568627451
baseline,Boruta,60,NeuralNetwork,1,0.4180321236831189,0.8571428571428572,0.868421052631579,0.5384615384615384,0.7034412955465588,0.7843137254901961
baseline,Boruta,60,NeuralNetwork_TUNED,1,0.6902834008097166,0.9210526315789473,0.9210526315789473,0.7692307692307693,0.8451417004048583,0.8823529411764706
baseline,Boruta,60,NaiveBayes,1,0.5064793509296248,0.78125,0.6578947368421053,0.9230769230769231,0.7904858299595142,0.7254901960784313
baseline,Boruta,60,LogisticRegression,1,0.3334104402817007,0.7647058823529413,0.6842105263157895,0.6923076923076923,0.688259109311741,0.6862745098039216
baseline,Boruta,60,AdaBoost,1,0.6036581323223685,0.8732394366197183,0.8157894736842105,0.8461538461538461,0.8309716599190283,0.8235294117647058
baseline,Boruta,60,AdaBoost_TUNED,1,0.6036581323223685,0.8732394366197183,0.8157894736842105,0.8461538461538461,0.8309716599190283,0.8235294117647058
baseline,Boruta,60,SVM_RBF,1,0.490014209225043,0.8888888888888888,0.9473684210526315,0.46153846153846156,0.7044534412955465,0.8235294117647058
baseline,Boruta,60,SVM_RBF_TUNED,1,0.5553948742635308,0.9,0.9473684210526315,0.5384615384615384,0.742914979757085,0.8431372549019608
baseline,Boruta,70,RandomForest,1,0.6036581323223685,0.8732394366197183,0.8157894736842105,0.8461538461538461,0.8309716599190283,0.8235294117647058
baseline,Boruta,70,RandomForest_TUNED,1,0.5438851189301883,0.8405797101449276,0.7631578947368421,0.8461538461538461,0.8046558704453441,0.7843137254901961
baseline,Boruta,70,NeuralNetwork,1,0.6137306679897816,0.9135802469135803,0.9736842105263158,0.5384615384615384,0.7560728744939271,0.8627450980392157
baseline,Boruta,70,NeuralNetwork_TUNED,1,0.504394630150693,0.8860759493670887,0.9210526315789473,0.5384615384615384,0.7297570850202428,0.8235294117647058
baseline,Boruta,70,NaiveBayes,1,0.48353777754256866,0.7619047619047619,0.631578947368421,0.9230769230769231,0.7773279352226721,0.7058823529411765
baseline,Boruta,70,LogisticRegression,1,0.44539933408304444,0.8333333333333333,0.7894736842105263,0.6923076923076923,0.7408906882591093,0.7647058823529411
baseline,Boruta,70,AdaBoost,1,0.6036581323223685,0.8732394366197183,0.8157894736842105,0.8461538461538461,0.8309716599190283,0.8235294117647058
baseline,Boruta,70,AdaBoost_TUNED,1,0.5408420485294111,0.861111111111111,0.8157894736842105,0.7692307692307693,0.7925101214574899,0.803921568627451
baseline,Boruta,70,SVM_RBF,1,0.34500484066310094,0.8674698795180723,0.9473684210526315,0.3076923076923077,0.6275303643724697,0.7843137254901961
baseline,Boruta,70,SVM_RBF_TUNED,1,0.34500484066310094,0.8674698795180723,0.9473684210526315,0.3076923076923077,0.6275303643724697,0.7843137254901961
baseline,Boruta,80,RandomForest,1,0.5408420485294111,0.861111111111111,0.8157894736842105,0.7692307692307693,0.7925101214574899,0.803921568627451
baseline,Boruta,80,RandomForest_TUNED,1,0.5095096162720908,0.8450704225352113,0.7894736842105263,0.7692307692307693,0.7793522267206479,0.7843137254901961
baseline,Boruta,80,NeuralNetwork,1,0.6777932975034471,0.9230769230769231,0.9473684210526315,0.6923076923076923,0.819838056680162,0.8823529411764706
baseline,Boruta,80,NeuralNetwork_TUNED,1,0.5870445344129555,0.8947368421052632,0.8947368421052632,0.6923076923076923,0.7935222672064777,0.8431372549019608
baseline,Boruta,80,NaiveBayes,1,0.5064793509296248,0.78125,0.6578947368421053,0.9230769230769231,0.7904858299595142,0.7254901960784313
baseline,Boruta,80,LogisticRegression,1,0.2832883927660957,0.7945205479452055,0.7631578947368421,0.5384615384615384,0.6508097165991903,0.7058823529411765
baseline,Boruta,80,AdaBoost,1,0.5729469132063221,0.8571428571428572,0.7894736842105263,0.8461538461538461,0.8178137651821862,0.803921568627451
baseline,Boruta,80,AdaBoost_TUNED,1,0.6484037074198364,0.9066666666666667,0.8947368421052632,0.7692307692307693,0.8319838056680162,0.8627450980392157
baseline,Boruta,80,SVM_RBF,1,0.412370327615048,0.8809523809523809,0.9736842105263158,0.3076923076923077,0.6406882591093117,0.803921568627451
baseline,Boruta,80,SVM_RBF_TUNED,1,0.33142019971799863,0.8705882352941177,0.9736842105263158,0.23076923076923078,0.6022267206477733,0.7843137254901961
baseline,Boruta,90,RandomForest,1,0.5741818430561134,0.8767123287671234,0.8421052631578947,0.7692307692307693,0.8056680161943319,0.8235294117647058
baseline,Boruta,90,RandomForest_TUNED,1,0.6362847629757777,0.8888888888888888,0.8421052631578947,0.8461538461538461,0.8441295546558705,0.8431372549019608
baseline,Boruta,90,NeuralNetwork,1,0.5684026070835869,0.8974358974358975,0.9210526315789473,0.6153846153846154,0.7682186234817814,0.8431372549019608
baseline,Boruta,90,NeuralNetwork_TUNED,1,0.504394630150693,0.8860759493670887,0.9210526315789473,0.5384615384615384,0.7297570850202428,0.8235294117647058
baseline,Boruta,90,NaiveBayes,1,0.5302373024798148,0.7999999999999999,0.6842105263157895,0.9230769230769231,0.8036437246963564,0.7450980392156863
baseline,Boruta,90,LogisticRegression,1,0.41240056258641605,0.8378378378378377,0.8157894736842105,0.6153846153846154,0.715587044534413,0.7647058823529411
baseline,Boruta,90,AdaBoost,1,0.5741818430561134,0.8767123287671234,0.8421052631578947,0.7692307692307693,0.8056680161943319,0.8235294117647058
baseline,Boruta,90,AdaBoost_TUNED,1,0.5408420485294111,0.861111111111111,0.8157894736842105,0.7692307692307693,0.7925101214574899,0.803921568627451
baseline,Boruta,90,SVM_RBF,1,0.48464965712197516,0.891566265060241,0.9736842105263158,0.38461538461538464,0.6791497975708503,0.8235294117647058
baseline,Boruta,90,SVM_RBF_TUNED,1,0.34500484066310094,0.8674698795180723,0.9473684210526315,0.3076923076923077,0.6275303643724697,0.7843137254901961
baseline,Boruta,100,RandomForest,1,0.6711463264861193,0.904109589041096,0.868421052631579,0.8461538461538461,0.8572874493927125,0.8627450980392157
baseline,Boruta,100,RandomForest_TUNED,1,0.5729469132063221,0.8571428571428572,0.7894736842105263,0.8461538461538461,0.8178137651821862,0.803921568627451
baseline,Boruta,100,NeuralNetwork,1,0.490014209225043,0.8888888888888888,0.9473684210526315,0.46153846153846156,0.7044534412955465,0.8235294117647058
baseline,Boruta,100,NeuralNetwork_TUNED,1,0.6301678282387314,0.9090909090909091,0.9210526315789473,0.6923076923076923,0.8066801619433198,0.8627450980392157
baseline,Boruta,100,NaiveBayes,1,0.4898452262350058,0.8059701492537312,0.7105263157894737,0.8461538461538461,0.7783400809716599,0.7450980392156863
baseline,Boruta,100,LogisticRegression,1,0.47721735962610745,0.8493150684931505,0.8157894736842105,0.6923076923076923,0.7540485829959513,0.7843137254901961
baseline,Boruta,100,AdaBoost,1,0.6036581323223685,0.8732394366197183,0.8157894736842105,0.8461538461538461,0.8309716599190283,0.8235294117647058
baseline,Boruta,100,AdaBoost_TUNED,1,0.6036581323223685,0.8732394366197183,0.8157894736842105,0.8461538461538461,0.8309716599190283,0.8235294117647058
baseline,Boruta,100,SVM_RBF,1,0.412370327615048,0.8809523809523809,0.9736842105263158,0.3076923076923077,0.6406882591093117,0.803921568627451
baseline,Boruta,100,SVM_RBF_TUNED,1,0.412370327615048,0.8809523809523809,0.9736842105263158,0.3076923076923077,0.6406882591093117,0.803921568627451
baseline,mRMR,10,RandomForest,2,0.2773279352226721,0.8157894736842104,0.8157894736842105,0.46153846153846156,0.638663967611336,0.7254901960784313
baseline,mRMR,10,RandomForest_TUNED,2,0.34594709999533957,0.8266666666666665,0.8157894736842105,0.5384615384615384,0.6771255060728745,0.7450980392156863
baseline,mRMR,10,NeuralNetwork,2,0.22706406812125787,0.7605633802816901,0.7105263157894737,0.5384615384615384,0.6244939271255061,0.6666666666666666
baseline,mRMR,10,NeuralNetwork_TUNED,2,0.3499566196366778,0.7384615384615385,0.631578947368421,0.7692307692307693,0.7004048582995952,0.6666666666666666
baseline,mRMR,10,NaiveBayes,2,0.24512823085384058,0.8,0.7894736842105263,0.46153846153846156,0.6255060728744939,0.7058823529411765
baseline,mRMR,10,LogisticRegression,2,0.22706406812125787,0.7605633802816901,0.7105263157894737,0.5384615384615384,0.6244939271255061,0.6666666666666666
baseline,mRMR,10,AdaBoost,2,0.2836701083200588,0.7272727272727273,0.631578947368421,0.6923076923076923,0.6619433198380567,0.6470588235294118
baseline,mRMR,10,AdaBoost_TUNED,2,0.24199144859155694,0.7352941176470588,0.6578947368421053,0.6153846153846154,0.6366396761133604,0.6470588235294118
baseline,mRMR,10,SVM_RBF,2,0.29377214339559826,0.7714285714285714,0.7105263157894737,0.6153846153846154,0.6629554655870445,0.6862745098039216
baseline,mRMR,10,SVM_RBF_TUNED,2,-0.04153370206194728,0.8095238095238095,0.8947368421052632,0.07692307692307693,0.4858299595141701,0.6862745098039216
baseline,mRMR,20,RandomForest,2,0.3193520527015302,0.8500000000000001,0.8947368421052632,0.38461538461538464,0.6396761133603239,0.7647058823529411
baseline,mRMR,20,RandomForest_TUNED,2,0.2777503469992803,0.8354430379746836,0.868421052631579,0.38461538461538464,0.6265182186234818,0.7450980392156863
baseline,mRMR,20,NeuralNetwork,2,0.3119642714053126,0.8311688311688312,0.8421052631578947,0.46153846153846156,0.6518218623481782,0.7450980392156863
baseline,mRMR,20,NeuralNetwork_TUNED,2,0.3119642714053126,0.8311688311688312,0.8421052631578947,0.46153846153846156,0.6518218623481782,0.7450980392156863
baseline,mRMR,20,NaiveBayes,2,0.17408906882591094,0.7894736842105263,0.7894736842105263,0.38461538461538464,0.5870445344129555,0.6862745098039216
baseline,mRMR,20,LogisticRegression,2,0.22706406812125787,0.7605633802816901,0.7105263157894737,0.5384615384615384,0.6244939271255061,0.6666666666666666
baseline,mRMR,20,AdaBoost,2,0.34594709999533957,0.8266666666666665,0.8157894736842105,0.5384615384615384,0.6771255060728745,0.7450980392156863
baseline,mRMR,20,AdaBoost_TUNED,2,0.4467659691368385,0.8533333333333334,0.8421052631578947,0.6153846153846154,0.728744939271255,0.7843137254901961
baseline,mRMR,20,SVM_RBF,2,0.3193520527015302,0.8500000000000001,0.8947368421052632,0.38461538461538464,0.6396761133603239,0.7647058823529411
baseline,mRMR,20,SVM_RBF_TUNED,2,0.16406940580098942,0.8470588235294116,0.9473684210526315,0.15384615384615385,0.5506072874493927,0.7450980392156863
baseline,mRMR,30,RandomForest,2,0.24023053582400655,0.8205128205128205,0.8421052631578947,0.38461538461538464,0.6133603238866396,0.7254901960784313
baseline,mRMR,30,RandomForest_TUNED,2,0.3119642714053126,0.8311688311688312,0.8421052631578947,0.46153846153846156,0.6518218623481782,0.7450980392156863
baseline,mRMR,30,NeuralNetwork,2,0.3193520527015302,0.8500000000000001,0.8947368421052632,0.38461538461538464,0.6396761133603239,0.7647058823529411
baseline,mRMR,30,NeuralNetwork_TUNED,2,0.2777503469992803,0.8354430379746836,0.868421052631579,0.38461538461538464,0.6265182186234818,0.7450980392156863
baseline,mRMR,30,NaiveBayes,2,0.2773279352226721,0.8157894736842104,0.8157894736842105,0.46153846153846156,0.638663967611336,0.7254901960784313
baseline,mRMR,30,LogisticRegression,2,0.21491296923517456,0.7837837837837838,0.7631578947368421,0.46153846153846156,0.6123481781376519,0.6862745098039216
baseline,mRMR,30,AdaBoost,2,0.24512823085384058,0.8,0.7894736842105263,0.46153846153846156,0.6255060728744939,0.7058823529411765
baseline,mRMR,30,AdaBoost_TUNED,2,0.34594709999533957,0.8266666666666665,0.8157894736842105,0.5384615384615384,0.6771255060728745,0.7450980392156863
baseline,mRMR,30,SVM_RBF,2,0.20536002420422675,0.8433734939759038,0.9210526315789473,0.23076923076923078,0.5759109311740891,0.7450980392156863
baseline,mRMR,30,SVM_RBF_TUNED,2,0.2610689843893829,0.8571428571428571,0.9473684210526315,0.23076923076923078,0.5890688259109311,0.7647058823529411
baseline,mRMR,40,RandomForest,2,0.24023053582400655,0.8205128205128205,0.8421052631578947,0.38461538461538464,0.6133603238866396,0.7254901960784313
baseline,mRMR,40,RandomForest_TUNED,2,0.24023053582400655,0.8205128205128205,0.8421052631578947,0.38461538461538464,0.6133603238866396,0.7254901960784313
baseline,mRMR,40,NeuralNetwork,2,0.3193520527015302,0.8500000000000001,0.8947368421052632,0.38461538461538464,0.6396761133603239,0.7647058823529411
baseline,mRMR,40,NeuralNetwork_TUNED,2,0.24023053582400655,0.8205128205128205,0.8421052631578947,0.38461538461538464,0.6133603238866396,0.7254901960784313
baseline,mRMR,40,NaiveBayes,2,0.2773279352226721,0.8157894736842104,0.8157894736842105,0.46153846153846156,0.638663967611336,0.7254901960784313
baseline,mRMR,40,LogisticRegression,2,0.3136567659107953,0.8108108108108109,0.7894736842105263,0.5384615384615384,0.6639676113360324,0.7254901960784313
baseline,mRMR,40,AdaBoost,2,0.38025287619610154,0.8219178082191781,0.7894736842105263,0.6153846153846154,0.7024291497975709,0.7450980392156863
baseline,mRMR,40,AdaBoost_TUNED,2,0.3136567659107953,0.8108108108108109,0.7894736842105263,0.5384615384615384,0.6639676113360324,0.7254901960784313
baseline,mRMR,40,SVM_RBF,2,0.42044095640556883,0.8780487804878049,0.9473684210526315,0.38461538461538464,0.6659919028340081,0.803921568627451
baseline,mRMR,40,SVM_RBF_TUNED,2,0.36629775046030444,0.8641975308641974,0.9210526315789473,0.38461538461538464,0.652834008097166,0.7843137254901961
baseline,mRMR,50,RandomForest,2,0.2777503469992803,0.8354430379746836,0.868421052631579,0.38461538461538464,0.6265182186234818,0.7450980392156863
baseline,mRMR,50,RandomForest_TUNED,2,0.2777503469992803,0.8354430379746836,0.868421052631579,0.38461538461538464,0.6265182186234818,0.7450980392156863
baseline,mRMR,50,NeuralNetwork,2,0.3193520527015302,0.8500000000000001,0.8947368421052632,0.38461538461538464,0.6396761133603239,0.7647058823529411
baseline,mRMR,50,NeuralNetwork_TUNED,2,0.20133064192052993,0.825,0.868421052631579,0.3076923076923077,0.5880566801619433,0.7254901960784313
baseline,mRMR,50,NaiveBayes,2,0.2773279352226721,0.8157894736842104,0.8157894736842105,0.46153846153846156,0.638663967611336,0.7254901960784313
baseline,mRMR,50,LogisticRegression,2,0.20071388679202368,0.742857142857143,0.6842105263157895,0.5384615384615384,0.611336032388664,0.6470588235294118
baseline,mRMR,50,AdaBoost,2,0.3805668016194332,0.8421052631578947,0.8421052631578947,0.5384615384615384,0.6902834008097165,0.7647058823529411
baseline,mRMR,50,AdaBoost_TUNED,2,0.3805668016194332,0.8421052631578947,0.8421052631578947,0.5384615384615384,0.6902834008097165,0.7647058823529411
baseline,mRMR,50,SVM_RBF,2,0.34500484066310094,0.8674698795180723,0.9473684210526315,0.3076923076923077,0.6275303643724697,0.7843137254901961
baseline,mRMR,50,SVM_RBF_TUNED,2,0.16406940580098942,0.8470588235294116,0.9473684210526315,0.15384615384615385,0.5506072874493927,0.7450980392156863
baseline,mRMR,60,RandomForest,2,0.2777503469992803,0.8354430379746836,0.868421052631579,0.38461538461538464,0.6265182186234818,0.7450980392156863
baseline,mRMR,60,RandomForest_TUNED,2,0.2777503469992803,0.8354430379746836,0.868421052631579,0.38461538461538464,0.6265182186234818,0.7450980392156863
baseline,mRMR,60,NeuralNetwork,2,0.24258129169556586,0.8395061728395061,0.8947368421052632,0.3076923076923077,0.6012145748987854,0.7450980392156863
baseline,mRMR,60,NeuralNetwork_TUNED,2,0.2777503469992803,0.8354430379746836,0.868421052631579,0.38461538461538464,0.6265182186234818,0.7450980392156863
baseline,mRMR,60,NaiveBayes,2,0.21491296923517456,0.7837837837837838,0.7631578947368421,0.46153846153846156,0.6123481781376519,0.6862745098039216
baseline,mRMR,60,LogisticRegression,2,0.34995661963667773,0.8055555555555555,0.7631578947368421,0.6153846153846154,0.6892712550607287,0.7254901960784313
baseline,mRMR,60,AdaBoost,2,0.34594709999533957,0.8266666666666665,0.8157894736842105,0.5384615384615384,0.6771255060728745,0.7450980392156863
baseline,mRMR,60,AdaBoost_TUNED,2,0.41240056258641605,0.8378378378378377,0.8157894736842105,0.6153846153846154,0.715587044534413,0.7647058823529411
baseline,mRMR,60,SVM_RBF,2,0.16406940580098942,0.8470588235294116,0.9473684210526315,0.15384615384615385,0.5506072874493927,0.7450980392156863
baseline,mRMR,60,SVM_RBF_TUNED,2,0.16406940580098942,0.8470588235294116,0.9473684210526315,0.15384615384615385,0.5506072874493927,0.7450980392156863
baseline,mRMR,70,RandomForest,2,0.2777503469992803,0.8354430379746836,0.868421052631579,0.38461538461538464,0.6265182186234818,0.7450980392156863
baseline,mRMR,70,RandomForest_TUNED,2,0.2777503469992803,0.8354430379746836,0.868421052631579,0.38461538461538464,0.6265182186234818,0.7450980392156863
baseline,mRMR,70,NeuralNetwork,2,0.2896940736209102,0.8536585365853658,0.9210526315789473,0.3076923076923077,0.6143724696356275,0.7647058823529411
baseline,mRMR,70,NeuralNetwork_TUNED,2,0.36629775046030444,0.8641975308641974,0.9210526315789473,0.38461538461538464,0.652834008097166,0.7843137254901961
baseline,mRMR,70,NaiveBayes,2,0.24512823085384058,0.8,0.7894736842105263,0.46153846153846156,0.6255060728744939,0.7058823529411765
baseline,mRMR,70,LogisticRegression,2,0.3805668016194332,0.8421052631578947,0.8421052631578947,0.5384615384615384,0.6902834008097165,0.7647058823529411
baseline,mRMR,70,AdaBoost,2,0.34594709999533957,0.8266666666666665,0.8157894736842105,0.5384615384615384,0.6771255060728745,0.7450980392156863
baseline,mRMR,70,AdaBoost_TUNED,2,0.3805668016194332,0.8421052631578947,0.8421052631578947,0.5384615384615384,0.6902834008097165,0.7647058823529411
baseline,mRMR,70,SVM_RBF,2,0.23620866709956997,0.8604651162790697,0.9736842105263158,0.15384615384615385,0.5637651821862348,0.7647058823529411
baseline,mRMR,70,SVM_RBF_TUNED,2,0.16406940580098942,0.8470588235294116,0.9473684210526315,0.15384615384615385,0.5506072874493927,0.7450980392156863
baseline,mRMR,80,RandomForest,2,0.24023053582400655,0.8205128205128205,0.8421052631578947,0.38461538461538464,0.6133603238866396,0.7254901960784313
baseline,mRMR,80,RandomForest_TUNED,2,0.24023053582400655,0.8205128205128205,0.8421052631578947,0.38461538461538464,0.6133603238866396,0.7254901960784313
baseline,mRMR,80,NeuralNetwork,2,0.34500484066310094,0.8674698795180723,0.9473684210526315,0.3076923076923077,0.6275303643724697,0.7843137254901961
baseline,mRMR,80,NeuralNetwork_TUNED,2,0.2896940736209102,0.8536585365853658,0.9210526315789473,0.3076923076923077,0.6143724696356275,0.7647058823529411
baseline,mRMR,80,NaiveBayes,2,0.3119642714053126,0.8311688311688312,0.8421052631578947,0.46153846153846156,0.6518218623481782,0.7450980392156863
baseline,mRMR,80,LogisticRegression,2,0.48380566801619435,0.868421052631579,0.868421052631579,0.6153846153846154,0.7419028340080972,0.803921568627451
baseline,mRMR,80,AdaBoost,2,0.4467659691368385,0.8533333333333334,0.8421052631578947,0.6153846153846154,0.728744939271255,0.7843137254901961
baseline,mRMR,80,AdaBoost_TUNED,2,0.3805668016194332,0.8421052631578947,0.8421052631578947,0.5384615384615384,0.6902834008097165,0.7647058823529411
baseline,mRMR,80,SVM_RBF,2,0.23620866709956997,0.8604651162790697,0.9736842105263158,0.15384615384615385,0.5637651821862348,0.7647058823529411
baseline,mRMR,80,SVM_RBF_TUNED,2,0.10976764116371782,0.8333333333333333,0.9210526315789473,0.15384615384615385,0.5374493927125505,0.7254901960784313
baseline,mRMR,90,RandomForest,2,0.24023053582400655,0.8205128205128205,0.8421052631578947,0.38461538461538464,0.6133603238866396,0.7254901960784313
baseline,mRMR,90,RandomForest_TUNED,2,0.34962122624386666,0.8461538461538461,0.868421052631579,0.46153846153846156,0.6649797570850202,0.7647058823529411
baseline,mRMR,90,NeuralNetwork,2,0.2777503469992803,0.8354430379746836,0.868421052631579,0.38461538461538464,0.6265182186234818,0.7450980392156863
baseline,mRMR,90,NeuralNetwork_TUNED,2,0.2896940736209102,0.8536585365853658,0.9210526315789473,0.3076923076923077,0.6143724696356275,0.7647058823529411
baseline,mRMR,90,NaiveBayes,2,0.2773279352226721,0.8157894736842104,0.8157894736842105,0.46153846153846156,0.638663967611336,0.7254901960784313
baseline,mRMR,90,LogisticRegression,2,0.5240999759609252,0.8831168831168831,0.8947368421052632,0.6153846153846154,0.7550607287449393,0.8235294117647058
baseline,mRMR,90,AdaBoost,2,0.34594709999533957,0.8266666666666665,0.8157894736842105,0.5384615384615384,0.6771255060728745,0.7450980392156863
baseline,mRMR,90,AdaBoost_TUNED,2,0.3805668016194332,0.8421052631578947,0.8421052631578947,0.5384615384615384,0.6902834008097165,0.7647058823529411
baseline,mRMR,90,SVM_RBF,2,0.16406940580098942,0.8470588235294116,0.9473684210526315,0.15384615384615385,0.5506072874493927,0.7450980392156863
baseline,mRMR,90,SVM_RBF_TUNED,2,0.16406940580098942,0.8470588235294116,0.9473684210526315,0.15384615384615385,0.5506072874493927,0.7450980392156863
baseline,mRMR,100,RandomForest,2,0.2777503469992803,0.8354430379746836,0.868421052631579,0.38461538461538464,0.6265182186234818,0.7450980392156863
baseline,mRMR,100,RandomForest_TUNED,2,0.2777503469992803,0.8354430379746836,0.868421052631579,0.38461538461538464,0.6265182186234818,0.7450980392156863
baseline,mRMR,100,NeuralNetwork,2,0.2777503469992803,0.8354430379746836,0.868421052631579,0.38461538461538464,0.6265182186234818,0.7450980392156863
baseline,mRMR,100,NeuralNetwork_TUNED,2,0.2777503469992803,0.8354430379746836,0.868421052631579,0.38461538461538464,0.6265182186234818,0.7450980392156863
baseline,mRMR,100,NaiveBayes,2,0.2773279352226721,0.8157894736842104,0.8157894736842105,0.46153846153846156,0.638663967611336,0.7254901960784313
baseline,mRMR,100,LogisticRegression,2,0.48380566801619435,0.868421052631579,0.868421052631579,0.6153846153846154,0.7419028340080972,0.803921568627451
baseline,mRMR,100,AdaBoost,2,0.4467659691368385,0.8533333333333334,0.8421052631578947,0.6153846153846154,0.728744939271255,0.7843137254901961
baseline,mRMR,100,AdaBoost_TUNED,2,0.3805668016194332,0.8421052631578947,0.8421052631578947,0.5384615384615384,0.6902834008097165,0.7647058823529411
baseline,mRMR,100,SVM_RBF,2,0.16406940580098942,0.8470588235294116,0.9473684210526315,0.15384615384615385,0.5506072874493927,0.7450980392156863
baseline,mRMR,100,SVM_RBF_TUNED,2,0.2610689843893829,0.8571428571428571,0.9473684210526315,0.23076923076923078,0.5890688259109311,0.7647058823529411
baseline,Boruta,10,RandomForest,2,0.16442820542357392,0.810126582278481,0.8421052631578947,0.3076923076923077,0.5748987854251012,0.7058823529411765
baseline,Boruta,10,RandomForest_TUNED,2,0.20133064192052993,0.825,0.868421052631579,0.3076923076923077,0.5880566801619433,0.7254901960784313
baseline,Boruta,10,NeuralNetwork,2,0.29377214339559826,0.7714285714285714,0.7105263157894737,0.6153846153846154,0.6629554655870445,0.6862745098039216
baseline,Boruta,10,NeuralNetwork_TUNED,2,0.15907119074394444,0.7499999999999999,0.7105263157894737,0.46153846153846156,0.5860323886639676,0.6470588235294118
baseline,Boruta,10,NaiveBayes,2,0.16967593679354073,0.6769230769230768,0.5789473684210527,0.6153846153846154,0.597165991902834,0.5882352941176471
baseline,Boruta,10,LogisticRegression,2,0.13291555207098021,0.732394366197183,0.6842105263157895,0.46153846153846156,0.5728744939271255,0.6274509803921569
baseline,Boruta,10,AdaBoost,2,0.3136567659107953,0.8108108108108109,0.7894736842105263,0.5384615384615384,0.6639676113360324,0.7254901960784313
baseline,Boruta,10,AdaBoost_TUNED,2,0.34594709999533957,0.8266666666666665,0.8157894736842105,0.5384615384615384,0.6771255060728745,0.7450980392156863
baseline,Boruta,10,SVM_RBF,2,0.38025287619610154,0.8219178082191781,0.7894736842105263,0.6153846153846154,0.7024291497975709,0.7450980392156863
baseline,Boruta,10,SVM_RBF_TUNED,2,0.2896940736209102,0.8536585365853658,0.9210526315789473,0.3076923076923077,0.6143724696356275,0.7647058823529411
baseline,Boruta,20,RandomForest,2,0.2777503469992803,0.8354430379746836,0.868421052631579,0.38461538461538464,0.6265182186234818,0.7450980392156863
baseline,Boruta,20,RandomForest_TUNED,2,0.2777503469992803,0.8354430379746836,0.868421052631579,0.38461538461538464,0.6265182186234818,0.7450980392156863
baseline,Boruta,20,NeuralNetwork,2,0.3136567659107953,0.8108108108108109,0.7894736842105263,0.5384615384615384,0.6639676113360324,0.7254901960784313
baseline,Boruta,20,NeuralNetwork_TUNED,2,0.3805668016194332,0.8421052631578947,0.8421052631578947,0.5384615384615384,0.6902834008097165,0.7647058823529411
baseline,Boruta,20,NaiveBayes,2,0.12646913113703787,0.6865671641791046,0.6052631578947368,0.5384615384615384,0.5718623481781376,0.5882352941176471
baseline,Boruta,20,LogisticRegression,2,0.2545139051903111,0.7777777777777778,0.7368421052631579,0.5384615384615384,0.6376518218623481,0.6862745098039216
baseline,Boruta,20,AdaBoost,2,0.34594709999533957,0.8266666666666665,0.8157894736842105,0.5384615384615384,0.6771255060728745,0.7450980392156863
baseline,Boruta,20,AdaBoost_TUNED,2,0.34594709999533957,0.8266666666666665,0.8157894736842105,0.5384615384615384,0.6771255060728745,0.7450980392156863
baseline,Boruta,20,SVM_RBF,2,0.2773279352226721,0.8157894736842104,0.8157894736842105,0.46153846153846156,0.638663967611336,0.7254901960784313
baseline,Boruta,20,SVM_RBF_TUNED,2,0.23620866709956997,0.8604651162790697,0.9736842105263158,0.15384615384615385,0.5637651821862348,0.7647058823529411
baseline,Boruta,30,RandomForest,2,0.24023053582400655,0.8205128205128205,0.8421052631578947,0.38461538461538464,0.6133603238866396,0.7254901960784313
baseline,Boruta,30,RandomForest_TUNED,2,0.2058964191275063,0.8051948051948051,0.8157894736842105,0.38461538461538464,0.6002024291497976,0.7058823529411765
baseline,Boruta,30,NeuralNetwork,2,0.34962122624386666,0.8461538461538461,0.868421052631579,0.46153846153846156,0.6649797570850202,0.7647058823529411
baseline,Boruta,30,NeuralNetwork_TUNED,2,0.34962122624386666,0.8461538461538461,0.868421052631579,0.46153846153846156,0.6649797570850202,0.7647058823529411
baseline,Boruta,30,NaiveBayes,2,0.19325026129304004,0.6969696969696969,0.6052631578947368,0.6153846153846154,0.6103238866396761,0.6078431372549019
baseline,Boruta,30,LogisticRegression,2,0.3136567659107953,0.8108108108108109,0.7894736842105263,0.5384615384615384,0.6639676113360324,0.7254901960784313
baseline,Boruta,30,AdaBoost,2,0.44539933408304444,0.8333333333333333,0.7894736842105263,0.6923076923076923,0.7408906882591093,0.7647058823529411
baseline,Boruta,30,AdaBoost_TUNED,2,0.44539933408304444,0.8333333333333333,0.7894736842105263,0.6923076923076923,0.7408906882591093,0.7647058823529411
baseline,Boruta,30,SVM_RBF,2,0.39107248857498667,0.860759493670886,0.8947368421052632,0.46153846153846156,0.6781376518218624,0.7843137254901961
baseline,Boruta,30,SVM_RBF_TUNED,2,0.20536002420422675,0.8433734939759038,0.9210526315789473,0.23076923076923078,0.5759109311740891,0.7450980392156863
baseline,Boruta,40,RandomForest,2,0.3193520527015302,0.8500000000000001,0.8947368421052632,0.38461538461538464,0.6396761133603239,0.7647058823529411
baseline,Boruta,40,RandomForest_TUNED,2,0.3193520527015302,0.8500000000000001,0.8947368421052632,0.38461538461538464,0.6396761133603239,0.7647058823529411
baseline,Boruta,40,NeuralNetwork,2,0.2777503469992803,0.8354430379746836,0.868421052631579,0.38461538461538464,0.6265182186234818,0.7450980392156863
baseline,Boruta,40,NeuralNetwork_TUNED,2,0.2058964191275063,0.8051948051948051,0.8157894736842105,0.38461538461538464,0.6002024291497976,0.7058823529411765
baseline,Boruta,40,NaiveBayes,2,0.21731315491152986,0.716417910447761,0.631578947368421,0.6153846153846154,0.6234817813765182,0.6274509803921569
baseline,Boruta,40,LogisticRegression,2,0.47721735962610745,0.8493150684931505,0.8157894736842105,0.6923076923076923,0.7540485829959513,0.7843137254901961
baseline,Boruta,40,AdaBoost,2,0.2832883927660957,0.7945205479452055,0.7631578947368421,0.5384615384615384,0.6508097165991903,0.7058823529411765
baseline,Boruta,40,AdaBoost_TUNED,2,0.38025287619610154,0.8219178082191781,0.7894736842105263,0.6153846153846154,0.7024291497975709,0.7450980392156863
baseline,Boruta,40,SVM_RBF,2,0.24258129169556586,0.8395061728395061,0.8947368421052632,0.3076923076923077,0.6012145748987854,0.7450980392156863
baseline,Boruta,40,SVM_RBF_TUNED,2,-0.0032813881160197885,0.8235294117647057,0.9210526315789473,0.07692307692307693,0.4989878542510121,0.7058823529411765
baseline,Boruta,50,RandomForest,2,0.2777503469992803,0.8354430379746836,0.868421052631579,0.38461538461538464,0.6265182186234818,0.7450980392156863
baseline,Boruta,50,RandomForest_TUNED,2,0.2777503469992803,0.8354430379746836,0.868421052631579,0.38461538461538464,0.6265182186234818,0.7450980392156863
baseline,Boruta,50,NeuralNetwork,2,0.20133064192052993,0.825,0.868421052631579,0.3076923076923077,0.5880566801619433,0.7254901960784313
baseline,Boruta,50,NeuralNetwork_TUNED,2,0.39107248857498667,0.860759493670886,0.8947368421052632,0.46153846153846156,0.6781376518218624,0.7843137254901961
baseline,Boruta,50,NaiveBayes,2,0.10765563018844906,0.7142857142857143,0.6578947368421053,0.46153846153846156,0.5597165991902835,0.6078431372549019
baseline,Boruta,50,LogisticRegression,2,0.38025287619610154,0.8219178082191781,0.7894736842105263,0.6153846153846154,0.7024291497975709,0.7450980392156863
baseline,Boruta,50,AdaBoost,2,0.3136567659107953,0.8108108108108109,0.7894736842105263,0.5384615384615384,0.6639676113360324,0.7254901960784313
baseline,Boruta,50,AdaBoost_TUNED,2,0.4467659691368385,0.8533333333333334,0.8421052631578947,0.6153846153846154,0.728744939271255,0.7843137254901961
baseline,Boruta,50,SVM_RBF,2,0.10976764116371782,0.8333333333333333,0.9210526315789473,0.15384615384615385,0.5374493927125505,0.7254901960784313
baseline,Boruta,50,SVM_RBF_TUNED,2,-0.0032813881160197885,0.8235294117647057,0.9210526315789473,0.07692307692307693,0.4989878542510121,0.7058823529411765
baseline,Boruta,60,RandomForest,2,0.13083984540414642,0.7948717948717949,0.8157894736842105,0.3076923076923077,0.561740890688259,0.6862745098039216
baseline,Boruta,60,RandomForest_TUNED,2,0.2777503469992803,0.8354430379746836,0.868421052631579,0.38461538461538464,0.6265182186234818,0.7450980392156863
baseline,Boruta,60,NeuralNetwork,2,0.24258129169556586,0.8395061728395061,0.8947368421052632,0.3076923076923077,0.6012145748987854,0.7450980392156863
baseline,Boruta,60,NeuralNetwork_TUNED,2,0.20133064192052993,0.825,0.868421052631579,0.3076923076923077,0.5880566801619433,0.7254901960784313
baseline,Boruta,60,NaiveBayes,2,0.13291555207098021,0.732394366197183,0.6842105263157895,0.46153846153846156,0.5728744939271255,0.6274509803921569
baseline,Boruta,60,LogisticRegression,2,0.2773279352226721,0.8157894736842104,0.8157894736842105,0.46153846153846156,0.638663967611336,0.7254901960784313
baseline,Boruta,60,AdaBoost,2,0.3136567659107953,0.8108108108108109,0.7894736842105263,0.5384615384615384,0.6639676113360324,0.7254901960784313
baseline,Boruta,60,AdaBoost_TUNED,2,0.34594709999533957,0.8266666666666665,0.8157894736842105,0.5384615384615384,0.6771255060728745,0.7450980392156863
baseline,Boruta,60,SVM_RBF,2,0.10976764116371782,0.8333333333333333,0.9210526315789473,0.15384615384615385,0.5374493927125505,0.7254901960784313
baseline,Boruta,60,SVM_RBF_TUNED,2,0.10976764116371782,0.8333333333333333,0.9210526315789473,0.15384615384615385,0.5374493927125505,0.7254901960784313
baseline,Boruta,70,RandomForest,2,0.34962122624386666,0.8461538461538461,0.868421052631579,0.46153846153846156,0.6649797570850202,0.7647058823529411
baseline,Boruta,70,RandomForest_TUNED,2,0.34962122624386666,0.8461538461538461,0.868421052631579,0.46153846153846156,0.6649797570850202,0.7647058823529411
baseline,Boruta,70,NeuralNetwork,2,0.3193520527015302,0.8500000000000001,0.8947368421052632,0.38461538461538464,0.6396761133603239,0.7647058823529411
baseline,Boruta,70,NeuralNetwork_TUNED,2,0.2896940736209102,0.8536585365853658,0.9210526315789473,0.3076923076923077,0.6143724696356275,0.7647058823529411
baseline,Boruta,70,NaiveBayes,2,0.13291555207098021,0.732394366197183,0.6842105263157895,0.46153846153846156,0.5728744939271255,0.6274509803921569
baseline,Boruta,70,LogisticRegression,2,0.4467659691368385,0.8533333333333334,0.8421052631578947,0.6153846153846154,0.728744939271255,0.7843137254901961
baseline,Boruta,70,AdaBoost,2,0.41240056258641605,0.8378378378378377,0.8157894736842105,0.6153846153846154,0.715587044534413,0.7647058823529411
baseline,Boruta,70,AdaBoost_TUNED,2,0.3805668016194332,0.8421052631578947,0.8421052631578947,0.5384615384615384,0.6902834008097165,0.7647058823529411
baseline,Boruta,70,SVM_RBF,2,0.1589471908362516,0.8292682926829269,0.8947368421052632,0.23076923076923078,0.562753036437247,0.7254901960784313
baseline,Boruta,70,SVM_RBF_TUNED,2,0.20536002420422675,0.8433734939759038,0.9210526315789473,0.23076923076923078,0.5759109311740891,0.7450980392156863
baseline,Boruta,80,RandomForest,2,0.34962122624386666,0.8461538461538461,0.868421052631579,0.46153846153846156,0.6649797570850202,0.7647058823529411
baseline,Boruta,80,RandomForest_TUNED,2,0.2777503469992803,0.8354430379746836,0.868421052631579,0.38461538461538464,0.6265182186234818,0.7450980392156863
baseline,Boruta,80,NeuralNetwork,2,0.20133064192052993,0.825,0.868421052631579,0.3076923076923077,0.5880566801619433,0.7254901960784313
baseline,Boruta,80,NeuralNetwork_TUNED,2,0.2896940736209102,0.8536585365853658,0.9210526315789473,0.3076923076923077,0.6143724696356275,0.7647058823529411
baseline,Boruta,80,NaiveBayes,2,0.13291555207098021,0.732394366197183,0.6842105263157895,0.46153846153846156,0.5728744939271255,0.6274509803921569
baseline,Boruta,80,LogisticRegression,2,0.3805668016194332,0.8421052631578947,0.8421052631578947,0.5384615384615384,0.6902834008097165,0.7647058823529411
baseline,Boruta,80,AdaBoost,2,0.3805668016194332,0.8421052631578947,0.8421052631578947,0.5384615384615384,0.6902834008097165,0.7647058823529411
baseline,Boruta,80,AdaBoost_TUNED,2,0.3119642714053126,0.8311688311688312,0.8421052631578947,0.46153846153846156,0.6518218623481782,0.7450980392156863
baseline,Boruta,80,SVM_RBF,2,0.20536002420422675,0.8433734939759038,0.9210526315789473,0.23076923076923078,0.5759109311740891,0.7450980392156863
baseline,Boruta,80,SVM_RBF_TUNED,2,0.10976764116371782,0.8333333333333333,0.9210526315789473,0.15384615384615385,0.5374493927125505,0.7254901960784313
baseline,Boruta,90,RandomForest,2,0.20133064192052993,0.825,0.868421052631579,0.3076923076923077,0.5880566801619433,0.7254901960784313
baseline,Boruta,90,RandomForest_TUNED,2,0.2777503469992803,0.8354430379746836,0.868421052631579,0.38461538461538464,0.6265182186234818,0.7450980392156863
baseline,Boruta,90,NeuralNetwork,2,0.24258129169556586,0.8395061728395061,0.8947368421052632,0.3076923076923077,0.6012145748987854,0.7450980392156863
baseline,Boruta,90,NeuralNetwork_TUNED,2,0.2777503469992803,0.8354430379746836,0.868421052631579,0.38461538461538464,0.6265182186234818,0.7450980392156863
baseline,Boruta,90,NaiveBayes,2,0.15907119074394444,0.7499999999999999,0.7105263157894737,0.46153846153846156,0.5860323886639676,0.6470588235294118
baseline,Boruta,90,LogisticRegression,2,0.5240999759609252,0.8831168831168831,0.8947368421052632,0.6153846153846154,0.7550607287449393,0.8235294117647058
baseline,Boruta,90,AdaBoost,2,0.3805668016194332,0.8421052631578947,0.8421052631578947,0.5384615384615384,0.6902834008097165,0.7647058823529411
baseline,Boruta,90,AdaBoost_TUNED,2,0.3805668016194332,0.8421052631578947,0.8421052631578947,0.5384615384615384,0.6902834008097165,0.7647058823529411
baseline,Boruta,90,SVM_RBF,2,0.2896940736209102,0.8536585365853658,0.9210526315789473,0.3076923076923077,0.6143724696356275,0.7647058823529411
baseline,Boruta,90,SVM_RBF_TUNED,2,0.34500484066310094,0.8674698795180723,0.9473684210526315,0.3076923076923077,0.6275303643724697,0.7843137254901961
baseline,Boruta,100,RandomForest,2,0.16442820542357392,0.810126582278481,0.8421052631578947,0.3076923076923077,0.5748987854251012,0.7058823529411765
baseline,Boruta,100,RandomForest_TUNED,2,0.20133064192052993,0.825,0.868421052631579,0.3076923076923077,0.5880566801619433,0.7254901960784313
baseline,Boruta,100,NeuralNetwork,2,0.3193520527015302,0.8500000000000001,0.8947368421052632,0.38461538461538464,0.6396761133603239,0.7647058823529411
baseline,Boruta,100,NeuralNetwork_TUNED,2,0.36629775046030444,0.8641975308641974,0.9210526315789473,0.38461538461538464,0.652834008097166,0.7843137254901961
baseline,Boruta,100,NaiveBayes,2,0.18632390933608978,0.7671232876712328,0.7368421052631579,0.46153846153846156,0.5991902834008097,0.6666666666666666
baseline,Boruta,100,LogisticRegression,2,0.4590119166637268,0.8717948717948718,0.8947368421052632,0.5384615384615384,0.7165991902834008,0.803921568627451
baseline,Boruta,100,AdaBoost,2,0.34962122624386666,0.8461538461538461,0.868421052631579,0.46153846153846156,0.6649797570850202,0.7647058823529411
baseline,Boruta,100,AdaBoost_TUNED,2,0.3119642714053126,0.8311688311688312,0.8421052631578947,0.46153846153846156,0.6518218623481782,0.7450980392156863
baseline,Boruta,100,SVM_RBF,2,0.2610689843893829,0.8571428571428571,0.9473684210526315,0.23076923076923078,0.5890688259109311,0.7647058823529411
baseline,Boruta,100,SVM_RBF_TUNED,2,0.34500484066310094,0.8674698795180723,0.9473684210526315,0.3076923076923077,0.6275303643724697,0.7843137254901961
baseline,mRMR,10,RandomForest,3,0.6301678282387314,0.9090909090909091,0.9210526315789473,0.6923076923076923,0.8066801619433198,0.8627450980392157
baseline,mRMR,10,RandomForest_TUNED,3,0.5684026070835869,0.8974358974358975,0.9210526315789473,0.6153846153846154,0.7682186234817814,0.8431372549019608
baseline,mRMR,10,NeuralNetwork,3,0.6711463264861193,0.904109589041096,0.868421052631579,0.8461538461538461,0.8572874493927125,0.8627450980392157
baseline,mRMR,10,NeuralNetwork_TUNED,3,0.5741818430561134,0.8767123287671234,0.8421052631578947,0.7692307692307693,0.8056680161943319,0.8235294117647058
baseline,mRMR,10,NaiveBayes,3,0.6734162850445311,0.925,0.9736842105263158,0.6153846153846154,0.7945344129554657,0.8823529411764706
baseline,mRMR,10,LogisticRegression,3,0.5741818430561134,0.8767123287671234,0.8421052631578947,0.7692307692307693,0.8056680161943319,0.8235294117647058
baseline,mRMR,10,AdaBoost,3,0.41240056258641605,0.8378378378378377,0.8157894736842105,0.6153846153846154,0.715587044534413,0.7647058823529411
baseline,mRMR,10,AdaBoost_TUNED,3,0.41240056258641605,0.8378378378378377,0.8157894736842105,0.6153846153846154,0.715587044534413,0.7647058823529411
baseline,mRMR,10,SVM_RBF,3,0.44539933408304444,0.8333333333333333,0.7894736842105263,0.6923076923076923,0.7408906882591093,0.7647058823529411
baseline,mRMR,10,SVM_RBF_TUNED,3,0.10976764116371782,0.8333333333333333,0.9210526315789473,0.15384615384615385,0.5374493927125505,0.7254901960784313
baseline,mRMR,20,RandomForest,3,0.6777932975034471,0.9230769230769231,0.9473684210526315,0.6923076923076923,0.819838056680162,0.8823529411764706
baseline,mRMR,20,RandomForest_TUNED,3,0.6777932975034471,0.9230769230769231,0.9473684210526315,0.6923076923076923,0.819838056680162,0.8823529411764706
baseline,mRMR,20,NeuralNetwork,3,0.6777932975034471,0.9230769230769231,0.9473684210526315,0.6923076923076923,0.819838056680162,0.8823529411764706
baseline,mRMR,20,NeuralNetwork_TUNED,3,0.6177167717263994,0.9113924050632912,0.9473684210526315,0.6153846153846154,0.7813765182186234,0.8627450980392157
baseline,mRMR,20,NaiveBayes,3,0.5095096162720908,0.8450704225352113,0.7894736842105263,0.7692307692307693,0.7793522267206479,0.7843137254901961
baseline,mRMR,20,LogisticRegression,3,0.4517318263539771,0.8115942028985507,0.7368421052631579,0.7692307692307693,0.7530364372469636,0.7450980392156863
baseline,mRMR,20,AdaBoost,3,0.48380566801619435,0.868421052631579,0.868421052631579,0.6153846153846154,0.7419028340080972,0.803921568627451
baseline,mRMR,20,AdaBoost_TUNED,3,0.38025287619610154,0.8219178082191781,0.7894736842105263,0.6153846153846154,0.7024291497975709,0.7450980392156863
baseline,mRMR,20,SVM_RBF,3,0.6177167717263994,0.9113924050632912,0.9473684210526315,0.6153846153846154,0.7813765182186234,0.8627450980392157
baseline,mRMR,20,SVM_RBF_TUNED,3,0.24258129169556586,0.8395061728395061,0.8947368421052632,0.3076923076923077,0.6012145748987854,0.7450980392156863
baseline,mRMR,30,RandomForest,3,0.6137306679897816,0.9135802469135803,0.9736842105263158,0.5384615384615384,0.7560728744939271,0.8627450980392157
baseline,mRMR,30,RandomForest_TUNED,3,0.5684026070835869,0.8974358974358975,0.9210526315789473,0.6153846153846154,0.7682186234817814,0.8431372549019608
baseline,mRMR,30,NeuralNetwork,3,0.5684026070835869,0.8974358974358975,0.9210526315789473,0.6153846153846154,0.7682186234817814,0.8431372549019608
baseline,mRMR,30,NeuralNetwork_TUNED,3,0.504394630150693,0.8860759493670887,0.9210526315789473,0.5384615384615384,0.7297570850202428,0.8235294117647058
baseline,mRMR,30,NaiveBayes,3,0.5111443592620367,0.8648648648648649,0.8421052631578947,0.6923076923076923,0.7672064777327935,0.803921568627451
baseline,mRMR,30,LogisticRegression,3,0.5111443592620367,0.8648648648648649,0.8421052631578947,0.6923076923076923,0.7672064777327935,0.803921568627451
baseline,mRMR,30,AdaBoost,3,0.48380566801619435,0.868421052631579,0.868421052631579,0.6153846153846154,0.7419028340080972,0.803921568627451
baseline,mRMR,30,AdaBoost_TUNED,3,0.3805668016194332,0.8421052631578947,0.8421052631578947,0.5384615384615384,0.6902834008097165,0.7647058823529411
baseline,mRMR,30,SVM_RBF,3,0.3193520527015302,0.8500000000000001,0.8947368421052632,0.38461538461538464,0.6396761133603239,0.7647058823529411
baseline,mRMR,30,SVM_RBF_TUNED,3,0.23620866709956997,0.8604651162790697,0.9736842105263158,0.15384615384615385,0.5637651821862348,0.7647058823529411
baseline,mRMR,40,RandomForest,3,0.6177167717263994,0.9113924050632912,0.9473684210526315,0.6153846153846154,0.7813765182186234,0.8627450980392157
baseline,mRMR,40,RandomForest_TUNED,3,0.6777932975034471,0.9230769230769231,0.9473684210526315,0.6923076923076923,0.819838056680162,0.8823529411764706
baseline,mRMR,40,NeuralNetwork,3,0.6777932975034471,0.9230769230769231,0.9473684210526315,0.6923076923076923,0.819838056680162,0.8823529411764706
baseline,mRMR,40,NeuralNetwork_TUNED,3,0.5553948742635308,0.9,0.9473684210526315,0.5384615384615384,0.742914979757085,0.8431372549019608
baseline,mRMR,40,NaiveBayes,3,0.5111443592620367,0.8648648648648649,0.8421052631578947,0.6923076923076923,0.7672064777327935,0.803921568627451
baseline,mRMR,40,LogisticRegression,3,0.5111443592620367,0.8648648648648649,0.8421052631578947,0.6923076923076923,0.7672064777327935,0.803921568627451
baseline,mRMR,40,AdaBoost,3,0.4590119166637268,0.8717948717948718,0.8947368421052632,0.5384615384615384,0.7165991902834008,0.803921568627451
baseline,mRMR,40,AdaBoost_TUNED,3,0.4590119166637268,0.8717948717948718,0.8947368421052632,0.5384615384615384,0.7165991902834008,0.803921568627451
baseline,mRMR,40,SVM_RBF,3,0.490014209225043,0.8888888888888888,0.9473684210526315,0.46153846153846156,0.7044534412955465,0.8235294117647058
baseline,mRMR,40,SVM_RBF_TUNED,3,-0.0827170191868511,0.8409090909090909,0.9736842105263158,0.0,0.4868421052631579,0.7254901960784313
baseline,mRMR,50,RandomForest,3,0.6177167717263994,0.9113924050632912,0.9473684210526315,0.6153846153846154,0.7813765182186234,0.8627450980392157
baseline,mRMR,50,RandomForest_TUNED,3,0.5553948742635308,0.9,0.9473684210526315,0.5384615384615384,0.742914979757085,0.8431372549019608
baseline,mRMR,50,NeuralNetwork,3,0.6734162850445311,0.925,0.9736842105263158,0.6153846153846154,0.7945344129554657,0.8823529411764706
baseline,mRMR,50,NeuralNetwork_TUNED,3,0.6137306679897816,0.9135802469135803,0.9736842105263158,0.5384615384615384,0.7560728744939271,0.8627450980392157
baseline,mRMR,50,NaiveBayes,3,0.5408420485294111,0.861111111111111,0.8157894736842105,0.7692307692307693,0.7925101214574899,0.803921568627451
baseline,mRMR,50,LogisticRegression,3,0.5111443592620367,0.8648648648648649,0.8421052631578947,0.6923076923076923,0.7672064777327935,0.803921568627451
baseline,mRMR,50,AdaBoost,3,0.4467659691368385,0.8533333333333334,0.8421052631578947,0.6153846153846154,0.728744939271255,0.7843137254901961
baseline,mRMR,50,AdaBoost_TUNED,3,0.48380566801619435,0.868421052631579,0.868421052631579,0.6153846153846154,0.7419028340080972,0.803921568627451
baseline,mRMR,50,SVM_RBF,3,0.34500484066310094,0.8674698795180723,0.9473684210526315,0.3076923076923077,0.6275303643724697,0.7843137254901961
baseline,mRMR,50,SVM_RBF_TUNED,3,0.2610689843893829,0.8571428571428571,0.9473684210526315,0.23076923076923078,0.5890688259109311,0.7647058823529411
baseline,mRMR,60,RandomForest,3,0.6734162850445311,0.925,0.9736842105263158,0.6153846153846154,0.7945344129554657,0.8823529411764706
baseline,mRMR,60,RandomForest_TUNED,3,0.6734162850445311,0.925,0.9736842105263158,0.6153846153846154,0.7945344129554657,0.8823529411764706
baseline,mRMR,60,NeuralNetwork,3,0.7871839879233071,0.9487179487179489,0.9736842105263158,0.7692307692307693,0.8714574898785425,0.9215686274509803
baseline,mRMR,60,NeuralNetwork_TUNED,3,0.7310389133021057,0.9367088607594938,0.9736842105263158,0.6923076923076923,0.832995951417004,0.9019607843137255
baseline,mRMR,60,NaiveBayes,3,0.5095096162720908,0.8450704225352113,0.7894736842105263,0.7692307692307693,0.7793522267206479,0.7843137254901961
baseline,mRMR,60,LogisticRegression,3,0.6301678282387314,0.9090909090909091,0.9210526315789473,0.6923076923076923,0.8066801619433198,0.8627450980392157
baseline,mRMR,60,AdaBoost,3,0.48380566801619435,0.868421052631579,0.868421052631579,0.6153846153846154,0.7419028340080972,0.803921568627451
baseline,mRMR,60,AdaBoost_TUNED,3,0.5475848382783375,0.88,0.868421052631579,0.6923076923076923,0.7803643724696356,0.8235294117647058
baseline,mRMR,60,SVM_RBF,3,0.33142019971799863,0.8705882352941177,0.9736842105263158,0.23076923076923078,0.6022267206477733,0.7843137254901961
baseline,mRMR,60,SVM_RBF_TUNED,3,0.33142019971799863,0.8705882352941177,0.9736842105263158,0.23076923076923078,0.6022267206477733,0.7843137254901961
baseline,mRMR,70,RandomForest,3,0.6734162850445311,0.925,0.9736842105263158,0.6153846153846154,0.7945344129554657,0.8823529411764706
baseline,mRMR,70,RandomForest_TUNED,3,0.6734162850445311,0.925,0.9736842105263158,0.6153846153846154,0.7945344129554657,0.8823529411764706
baseline,mRMR,70,NeuralNetwork,3,0.7871839879233071,0.9487179487179489,0.9736842105263158,0.7692307692307693,0.8714574898785425,0.9215686274509803
baseline,mRMR,70,NeuralNetwork_TUNED,3,0.6777932975034471,0.9230769230769231,0.9473684210526315,0.6923076923076923,0.819838056680162,0.8823529411764706
baseline,mRMR,70,NaiveBayes,3,0.5741818430561134,0.8767123287671234,0.8421052631578947,0.7692307692307693,0.8056680161943319,0.8235294117647058
baseline,mRMR,70,LogisticRegression,3,0.6902834008097166,0.9210526315789473,0.9210526315789473,0.7692307692307693,0.8451417004048583,0.8823529411764706
baseline,mRMR,70,AdaBoost,3,0.4467659691368385,0.8533333333333334,0.8421052631578947,0.6153846153846154,0.728744939271255,0.7843137254901961
baseline,mRMR,70,AdaBoost_TUNED,3,0.48380566801619435,0.868421052631579,0.868421052631579,0.6153846153846154,0.7419028340080972,0.803921568627451
baseline,mRMR,70,SVM_RBF,3,0.5511878391902274,0.9024390243902439,0.9736842105263158,0.46153846153846156,0.7176113360323887,0.8431372549019608
baseline,mRMR,70,SVM_RBF_TUNED,3,0.6137306679897816,0.9135802469135803,0.9736842105263158,0.5384615384615384,0.7560728744939271,0.8627450980392157
baseline,mRMR,80,RandomForest,3,0.6177167717263994,0.9113924050632912,0.9473684210526315,0.6153846153846154,0.7813765182186234,0.8627450980392157
baseline,mRMR,80,RandomForest_TUNED,3,0.6177167717263994,0.9113924050632912,0.9473684210526315,0.6153846153846154,0.7813765182186234,0.8627450980392157
baseline,mRMR,80,NeuralNetwork,3,0.842303532794344,0.9610389610389611,0.9736842105263158,0.8461538461538461,0.909919028340081,0.9411764705882353
baseline,mRMR,80,NeuralNetwork_TUNED,3,0.7362356805165376,0.935064935064935,0.9473684210526315,0.7692307692307693,0.8582995951417004,0.9019607843137255
baseline,mRMR,80,NaiveBayes,3,0.6484037074198364,0.9066666666666667,0.8947368421052632,0.7692307692307693,0.8319838056680162,0.8627450980392157
baseline,mRMR,80,LogisticRegression,3,0.6902834008097166,0.9210526315789473,0.9210526315789473,0.7692307692307693,0.8451417004048583,0.8823529411764706
baseline,mRMR,80,AdaBoost,3,0.47721735962610745,0.8493150684931505,0.8157894736842105,0.6923076923076923,0.7540485829959513,0.7843137254901961
baseline,mRMR,80,AdaBoost_TUNED,3,0.5111443592620367,0.8648648648648649,0.8421052631578947,0.6923076923076923,0.7672064777327935,0.803921568627451
baseline,mRMR,80,SVM_RBF,3,0.48464965712197516,0.891566265060241,0.9736842105263158,0.38461538461538464,0.6791497975708503,0.8235294117647058
baseline,mRMR,80,SVM_RBF_TUNED,3,0.5511878391902274,0.9024390243902439,0.9736842105263158,0.46153846153846156,0.7176113360323887,0.8431372549019608
baseline,mRMR,90,RandomForest,3,0.6301678282387314,0.9090909090909091,0.9210526315789473,0.6923076923076923,0.8066801619433198,0.8627450980392157
baseline,mRMR,90,RandomForest_TUNED,3,0.6301678282387314,0.9090909090909091,0.9210526315789473,0.6923076923076923,0.8066801619433198,0.8627450980392157
baseline,mRMR,90,NeuralNetwork,3,0.7871839879233071,0.9487179487179489,0.9736842105263158,0.7692307692307693,0.8714574898785425,0.9215686274509803
baseline,mRMR,90,NeuralNetwork_TUNED,3,0.6777932975034471,0.9230769230769231,0.9473684210526315,0.6923076923076923,0.819838056680162,0.8823529411764706
baseline,mRMR,90,NaiveBayes,3,0.6902834008097166,0.9210526315789473,0.9210526315789473,0.7692307692307693,0.8451417004048583,0.8823529411764706
baseline,mRMR,90,LogisticRegression,3,0.6902834008097166,0.9210526315789473,0.9210526315789473,0.7692307692307693,0.8451417004048583,0.8823529411764706
baseline,mRMR,90,AdaBoost,3,0.5095096162720908,0.8450704225352113,0.7894736842105263,0.7692307692307693,0.7793522267206479,0.7843137254901961
baseline,mRMR,90,AdaBoost_TUNED,3,0.4467659691368385,0.8533333333333334,0.8421052631578947,0.6153846153846154,0.728744939271255,0.7843137254901961
baseline,mRMR,90,SVM_RBF,3,0.48464965712197516,0.891566265060241,0.9736842105263158,0.38461538461538464,0.6791497975708503,0.8235294117647058
baseline,mRMR,90,SVM_RBF_TUNED,3,0.5511878391902274,0.9024390243902439,0.9736842105263158,0.46153846153846156,0.7176113360323887,0.8431372549019608
baseline,mRMR,100,RandomForest,3,0.6777932975034471,0.9230769230769231,0.9473684210526315,0.6923076923076923,0.819838056680162,0.8823529411764706
baseline,mRMR,100,RandomForest_TUNED,3,0.7310389133021057,0.9367088607594938,0.9736842105263158,0.6923076923076923,0.832995951417004,0.9019607843137255
baseline,mRMR,100,NeuralNetwork,3,0.6777932975034471,0.9230769230769231,0.9473684210526315,0.6923076923076923,0.819838056680162,0.8823529411764706
baseline,mRMR,100,NeuralNetwork_TUNED,3,0.6301678282387314,0.9090909090909091,0.9210526315789473,0.6923076923076923,0.8066801619433198,0.8627450980392157
baseline,mRMR,100,NaiveBayes,3,0.6711463264861193,0.904109589041096,0.868421052631579,0.8461538461538461,0.8572874493927125,0.8627450980392157
baseline,mRMR,100,LogisticRegression,3,0.7086319526132783,0.918918918918919,0.8947368421052632,0.8461538461538461,0.8704453441295547,0.8823529411764706
baseline,mRMR,100,AdaBoost,3,0.5240999759609252,0.8831168831168831,0.8947368421052632,0.6153846153846154,0.7550607287449393,0.8235294117647058
baseline,mRMR,100,AdaBoost_TUNED,3,0.48380566801619435,0.868421052631579,0.868421052631579,0.6153846153846154,0.7419028340080972,0.803921568627451
baseline,mRMR,100,SVM_RBF,3,0.4987709936350078,0.8941176470588235,1.0,0.3076923076923077,0.6538461538461539,0.8235294117647058
baseline,mRMR,100,SVM_RBF_TUNED,3,0.42044095640556883,0.8780487804878049,0.9473684210526315,0.38461538461538464,0.6659919028340081,0.803921568627451
baseline,Boruta,10,RandomForest,3,0.3334104402817007,0.7647058823529413,0.6842105263157895,0.6923076923076923,0.688259109311741,0.6862745098039216
baseline,Boruta,10,RandomForest_TUNED,3,0.32121258417153553,0.7887323943661972,0.7368421052631579,0.6153846153846154,0.6761133603238867,0.7058823529411765
baseline,Boruta,10,NeuralNetwork,3,0.4645098023740963,0.7878787878787878,0.6842105263157895,0.8461538461538461,0.7651821862348178,0.7254901960784313
baseline,Boruta,10,NeuralNetwork_TUNED,3,0.21731315491152986,0.716417910447761,0.631578947368421,0.6153846153846154,0.6234817813765182,0.6274509803921569
baseline,Boruta,10,NaiveBayes,3,0.3492688208690724,0.6885245901639344,0.5526315789473685,0.8461538461538461,0.6993927125506073,0.6274509803921569
baseline,Boruta,10,LogisticRegression,3,0.37408995534707756,0.7575757575757577,0.6578947368421053,0.7692307692307693,0.7135627530364372,0.6862745098039216
baseline,Boruta,10,AdaBoost,3,0.3334104402817007,0.7647058823529413,0.6842105263157895,0.6923076923076923,0.688259109311741,0.6862745098039216
baseline,Boruta,10,AdaBoost_TUNED,3,0.41536110022181316,0.8169014084507042,0.7631578947368421,0.6923076923076923,0.7277327935222673,0.7450980392156863
baseline,Boruta,10,SVM_RBF,3,0.3499566196366778,0.7384615384615385,0.631578947368421,0.7692307692307693,0.7004048582995952,0.6666666666666666
baseline,Boruta,10,SVM_RBF_TUNED,3,0.42044095640556883,0.8780487804878049,0.9473684210526315,0.38461538461538464,0.6659919028340081,0.803921568627451
baseline,Boruta,20,RandomForest,3,0.4467659691368385,0.8533333333333334,0.8421052631578947,0.6153846153846154,0.728744939271255,0.7843137254901961
baseline,Boruta,20,RandomForest_TUNED,3,0.48380566801619435,0.868421052631579,0.868421052631579,0.6153846153846154,0.7419028340080972,0.803921568627451
baseline,Boruta,20,NeuralNetwork,3,0.5870445344129555,0.8947368421052632,0.8947368421052632,0.6923076923076923,0.7935222672064777,0.8431372549019608
baseline,Boruta,20,NeuralNetwork_TUNED,3,0.4180321236831189,0.8571428571428572,0.868421052631579,0.5384615384615384,0.7034412955465588,0.7843137254901961
baseline,Boruta,20,NaiveBayes,3,0.4185950115099141,0.7000000000000001,0.5526315789473685,0.9230769230769231,0.7378542510121457,0.6470588235294118
baseline,Boruta,20,LogisticRegression,3,0.4517318263539771,0.8115942028985507,0.7368421052631579,0.7692307692307693,0.7530364372469636,0.7450980392156863
baseline,Boruta,20,AdaBoost,3,0.32121258417153553,0.7887323943661972,0.7368421052631579,0.6153846153846154,0.6761133603238867,0.7058823529411765
baseline,Boruta,20,AdaBoost_TUNED,3,0.32121258417153553,0.7887323943661972,0.7368421052631579,0.6153846153846154,0.6761133603238867,0.7058823529411765
baseline,Boruta,20,SVM_RBF,3,0.41240056258641605,0.8378378378378377,0.8157894736842105,0.6153846153846154,0.715587044534413,0.7647058823529411
baseline,Boruta,20,SVM_RBF_TUNED,3,0.412370327615048,0.8809523809523809,0.9736842105263158,0.3076923076923077,0.6406882591093117,0.803921568627451
baseline,Boruta,30,RandomForest,3,0.5240999759609252,0.8831168831168831,0.8947368421052632,0.6153846153846154,0.7550607287449393,0.8235294117647058
baseline,Boruta,30,RandomForest_TUNED,3,0.4467659691368385,0.8533333333333334,0.8421052631578947,0.6153846153846154,0.728744939271255,0.7843137254901961
baseline,Boruta,30,NeuralNetwork,3,0.4180321236831189,0.8571428571428572,0.868421052631579,0.5384615384615384,0.7034412955465588,0.7843137254901961
baseline,Boruta,30,NeuralNetwork_TUNED,3,0.39107248857498667,0.860759493670886,0.8947368421052632,0.46153846153846156,0.6781376518218624,0.7843137254901961
baseline,Boruta,30,NaiveBayes,3,0.5064793509296248,0.78125,0.6578947368421053,0.9230769230769231,0.7904858299595142,0.7254901960784313
baseline,Boruta,30,LogisticRegression,3,0.44539933408304444,0.8333333333333333,0.7894736842105263,0.6923076923076923,0.7408906882591093,0.7647058823529411
baseline,Boruta,30,AdaBoost,3,0.2832883927660957,0.7945205479452055,0.7631578947368421,0.5384615384615384,0.6508097165991903,0.7058823529411765
baseline,Boruta,30,AdaBoost_TUNED,3,0.2773279352226721,0.8157894736842104,0.8157894736842105,0.46153846153846156,0.638663967611336,0.7254901960784313
baseline,Boruta,30,SVM_RBF,3,0.504394630150693,0.8860759493670887,0.9210526315789473,0.5384615384615384,0.7297570850202428,0.8235294117647058
baseline,Boruta,30,SVM_RBF_TUNED,3,0.0,0.8539325842696629,1.0,0.0,0.5,0.7450980392156863
baseline,Boruta,40,RandomForest,3,0.5870445344129555,0.8947368421052632,0.8947368421052632,0.6923076923076923,0.7935222672064777,0.8431372549019608
baseline,Boruta,40,RandomForest_TUNED,3,0.5475848382783375,0.88,0.868421052631579,0.6923076923076923,0.7803643724696356,0.8235294117647058
baseline,Boruta,40,NeuralNetwork,3,0.7935222672064778,0.9473684210526315,0.9473684210526315,0.8461538461538461,0.8967611336032388,0.9215686274509803
baseline,Boruta,40,NeuralNetwork_TUNED,3,0.7362356805165376,0.935064935064935,0.9473684210526315,0.7692307692307693,0.8582995951417004,0.9019607843137255
baseline,Boruta,40,NaiveBayes,3,0.5438851189301883,0.8405797101449276,0.7631578947368421,0.8461538461538461,0.8046558704453441,0.7843137254901961
baseline,Boruta,40,LogisticRegression,3,0.6036581323223685,0.8732394366197183,0.8157894736842105,0.8461538461538461,0.8309716599190283,0.8235294117647058
baseline,Boruta,40,AdaBoost,3,0.47721735962610745,0.8493150684931505,0.8157894736842105,0.6923076923076923,0.7540485829959513,0.7843137254901961
baseline,Boruta,40,AdaBoost_TUNED,3,0.5741818430561134,0.8767123287671234,0.8421052631578947,0.7692307692307693,0.8056680161943319,0.8235294117647058
baseline,Boruta,40,SVM_RBF,3,0.6177167717263994,0.9113924050632912,0.9473684210526315,0.6153846153846154,0.7813765182186234,0.8627450980392157
baseline,Boruta,40,SVM_RBF_TUNED,3,0.33142019971799863,0.8705882352941177,0.9736842105263158,0.23076923076923078,0.6022267206477733,0.7843137254901961
baseline,Boruta,50,RandomForest,3,0.6777932975034471,0.9230769230769231,0.9473684210526315,0.6923076923076923,0.819838056680162,0.8823529411764706
baseline,Boruta,50,RandomForest_TUNED,3,0.5111443592620367,0.8648648648648649,0.8421052631578947,0.6923076923076923,0.7672064777327935,0.803921568627451
baseline,Boruta,50,NeuralNetwork,3,0.6777932975034471,0.9230769230769231,0.9473684210526315,0.6923076923076923,0.819838056680162,0.8823529411764706
baseline,Boruta,50,NeuralNetwork_TUNED,3,0.6777932975034471,0.9230769230769231,0.9473684210526315,0.6923076923076923,0.819838056680162,0.8823529411764706
baseline,Boruta,50,NaiveBayes,3,0.6076674153521319,0.8529411764705883,0.7631578947368421,0.9230769230769231,0.8431174089068827,0.803921568627451
baseline,Boruta,50,LogisticRegression,3,0.5095096162720908,0.8450704225352113,0.7894736842105263,0.7692307692307693,0.7793522267206479,0.7843137254901961
baseline,Boruta,50,AdaBoost,3,0.2545139051903111,0.7777777777777778,0.7368421052631579,0.5384615384615384,0.6376518218623481,0.6862745098039216
baseline,Boruta,50,AdaBoost_TUNED,3,0.47721735962610745,0.8493150684931505,0.8157894736842105,0.6923076923076923,0.7540485829959513,0.7843137254901961
baseline,Boruta,50,SVM_RBF,3,0.6734162850445311,0.925,0.9736842105263158,0.6153846153846154,0.7945344129554657,0.8823529411764706
baseline,Boruta,50,SVM_RBF_TUNED,3,0.5553948742635308,0.9,0.9473684210526315,0.5384615384615384,0.742914979757085,0.8431372549019608
baseline,Boruta,60,RandomForest,3,0.6777932975034471,0.9230769230769231,0.9473684210526315,0.6923076923076923,0.819838056680162,0.8823529411764706
baseline,Boruta,60,RandomForest_TUNED,3,0.6777932975034471,0.9230769230769231,0.9473684210526315,0.6923076923076923,0.819838056680162,0.8823529411764706
baseline,Boruta,60,NeuralNetwork,3,0.7871839879233071,0.9487179487179489,0.9736842105263158,0.7692307692307693,0.8714574898785425,0.9215686274509803
baseline,Boruta,60,NeuralNetwork_TUNED,3,0.7310389133021057,0.9367088607594938,0.9736842105263158,0.6923076923076923,0.832995951417004,0.9019607843137255
baseline,Boruta,60,NaiveBayes,3,0.6453494964281338,0.8484848484848484,0.7368421052631579,1.0,0.868421052631579,0.803921568627451
baseline,Boruta,60,LogisticRegression,3,0.7086319526132783,0.918918918918919,0.8947368421052632,0.8461538461538461,0.8704453441295547,0.8823529411764706
baseline,Boruta,60,AdaBoost,3,0.5240999759609252,0.8831168831168831,0.8947368421052632,0.6153846153846154,0.7550607287449393,0.8235294117647058
baseline,Boruta,60,AdaBoost_TUNED,3,0.5408420485294111,0.861111111111111,0.8157894736842105,0.7692307692307693,0.7925101214574899,0.803921568627451
baseline,Boruta,60,SVM_RBF,3,0.7310389133021057,0.9367088607594938,0.9736842105263158,0.6923076923076923,0.832995951417004,0.9019607843137255
baseline,Boruta,60,SVM_RBF_TUNED,3,0.6137306679897816,0.9135802469135803,0.9736842105263158,0.5384615384615384,0.7560728744939271,0.8627450980392157
baseline,Boruta,70,RandomForest,3,0.7362356805165376,0.935064935064935,0.9473684210526315,0.7692307692307693,0.8582995951417004,0.9019607843137255
baseline,Boruta,70,RandomForest_TUNED,3,0.6777932975034471,0.9230769230769231,0.9473684210526315,0.6923076923076923,0.819838056680162,0.8823529411764706
baseline,Boruta,70,NeuralNetwork,3,0.6777932975034471,0.9230769230769231,0.9473684210526315,0.6923076923076923,0.819838056680162,0.8823529411764706
baseline,Boruta,70,NeuralNetwork_TUNED,3,0.6177167717263994,0.9113924050632912,0.9473684210526315,0.6153846153846154,0.7813765182186234,0.8627450980392157
baseline,Boruta,70,NaiveBayes,3,0.554929649401115,0.8181818181818182,0.7105263157894737,0.9230769230769231,0.8168016194331984,0.7647058823529411
baseline,Boruta,70,LogisticRegression,3,0.7935222672064778,0.9473684210526315,0.9473684210526315,0.8461538461538461,0.8967611336032388,0.9215686274509803
baseline,Boruta,70,AdaBoost,3,0.48380566801619435,0.868421052631579,0.868421052631579,0.6153846153846154,0.7419028340080972,0.803921568627451
baseline,Boruta,70,AdaBoost_TUNED,3,0.7086319526132783,0.918918918918919,0.8947368421052632,0.8461538461538461,0.8704453441295547,0.8823529411764706
baseline,Boruta,70,SVM_RBF,3,0.6734162850445311,0.925,0.9736842105263158,0.6153846153846154,0.7945344129554657,0.8823529411764706
baseline,Boruta,70,SVM_RBF_TUNED,3,0.5511878391902274,0.9024390243902439,0.9736842105263158,0.46153846153846156,0.7176113360323887,0.8431372549019608
baseline,Boruta,80,RandomForest,3,0.7310389133021057,0.9367088607594938,0.9736842105263158,0.6923076923076923,0.832995951417004,0.9019607843137255
baseline,Boruta,80,RandomForest_TUNED,3,0.7310389133021057,0.9367088607594938,0.9736842105263158,0.6923076923076923,0.832995951417004,0.9019607843137255
baseline,Boruta,80,NeuralNetwork,3,0.7362356805165376,0.935064935064935,0.9473684210526315,0.7692307692307693,0.8582995951417004,0.9019607843137255
baseline,Boruta,80,NeuralNetwork_TUNED,3,0.5553948742635308,0.9,0.9473684210526315,0.5384615384615384,0.742914979757085,0.8431372549019608
baseline,Boruta,80,NaiveBayes,3,0.6453494964281338,0.8484848484848484,0.7368421052631579,1.0,0.868421052631579,0.803921568627451
baseline,Boruta,80,LogisticRegression,3,0.6301678282387314,0.9090909090909091,0.9210526315789473,0.6923076923076923,0.8066801619433198,0.8627450980392157
baseline,Boruta,80,AdaBoost,3,0.5475848382783375,0.88,0.868421052631579,0.6923076923076923,0.7803643724696356,0.8235294117647058
baseline,Boruta,80,AdaBoost_TUNED,3,0.6177167717263994,0.9113924050632912,0.9473684210526315,0.6153846153846154,0.7813765182186234,0.8627450980392157
baseline,Boruta,80,SVM_RBF,3,0.6137306679897816,0.9135802469135803,0.9736842105263158,0.5384615384615384,0.7560728744939271,0.8627450980392157
baseline,Boruta,80,SVM_RBF_TUNED,3,0.5553948742635308,0.9,0.9473684210526315,0.5384615384615384,0.742914979757085,0.8431372549019608
baseline,Boruta,90,RandomForest,3,0.6734162850445311,0.925,0.9736842105263158,0.6153846153846154,0.7945344129554657,0.8823529411764706
baseline,Boruta,90,RandomForest_TUNED,3,0.7310389133021057,0.9367088607594938,0.9736842105263158,0.6923076923076923,0.832995951417004,0.9019607843137255
baseline,Boruta,90,NeuralNetwork,3,0.6777932975034471,0.9230769230769231,0.9473684210526315,0.6923076923076923,0.819838056680162,0.8823529411764706
baseline,Boruta,90,NeuralNetwork_TUNED,3,0.5553948742635308,0.9,0.9473684210526315,0.5384615384615384,0.742914979757085,0.8431372549019608
baseline,Boruta,90,NaiveBayes,3,0.6453494964281338,0.8484848484848484,0.7368421052631579,1.0,0.868421052631579,0.803921568627451
baseline,Boruta,90,LogisticRegression,3,0.5475848382783375,0.88,0.868421052631579,0.6923076923076923,0.7803643724696356,0.8235294117647058
baseline,Boruta,90,AdaBoost,3,0.5870445344129555,0.8947368421052632,0.8947368421052632,0.6923076923076923,0.7935222672064777,0.8431372549019608
baseline,Boruta,90,AdaBoost_TUNED,3,0.5741818430561134,0.8767123287671234,0.8421052631578947,0.7692307692307693,0.8056680161943319,0.8235294117647058
baseline,Boruta,90,SVM_RBF,3,0.5511878391902274,0.9024390243902439,0.9736842105263158,0.46153846153846156,0.7176113360323887,0.8431372549019608
baseline,Boruta,90,SVM_RBF_TUNED,3,0.412370327615048,0.8809523809523809,0.9736842105263158,0.3076923076923077,0.6406882591093117,0.803921568627451
baseline,Boruta,100,RandomForest,3,0.6734162850445311,0.925,0.9736842105263158,0.6153846153846154,0.7945344129554657,0.8823529411764706
baseline,Boruta,100,RandomForest_TUNED,3,0.7310389133021057,0.9367088607594938,0.9736842105263158,0.6923076923076923,0.832995951417004,0.9019607843137255
baseline,Boruta,100,NeuralNetwork,3,0.6777932975034471,0.9230769230769231,0.9473684210526315,0.6923076923076923,0.819838056680162,0.8823529411764706
baseline,Boruta,100,NeuralNetwork_TUNED,3,0.5553948742635308,0.9,0.9473684210526315,0.5384615384615384,0.742914979757085,0.8431372549019608
baseline,Boruta,100,NaiveBayes,3,0.6453494964281338,0.8484848484848484,0.7368421052631579,1.0,0.868421052631579,0.803921568627451
baseline,Boruta,100,LogisticRegression,3,0.5475848382783375,0.88,0.868421052631579,0.6923076923076923,0.7803643724696356,0.8235294117647058
baseline,Boruta,100,AdaBoost,3,0.5870445344129555,0.8947368421052632,0.8947368421052632,0.6923076923076923,0.7935222672064777,0.8431372549019608
baseline,Boruta,100,AdaBoost_TUNED,3,0.5741818430561134,0.8767123287671234,0.8421052631578947,0.7692307692307693,0.8056680161943319,0.8235294117647058
baseline,Boruta,100,SVM_RBF,3,0.7310389133021057,0.9367088607594938,0.9736842105263158,0.6923076923076923,0.832995951417004,0.9019607843137255
baseline,Boruta,100,SVM_RBF_TUNED,3,0.5511878391902274,0.9024390243902439,0.9736842105263158,0.46153846153846156,0.7176113360323887,0.8431372549019608
baseline,mRMR,10,RandomForest,4,0.05582696638250824,0.7142857142857142,0.6756756756756757,0.38461538461538464,0.5301455301455301,0.6
baseline,mRMR,10,RandomForest_TUNED,4,0.05582696638250824,0.7142857142857142,0.6756756756756757,0.38461538461538464,0.5301455301455301,0.6
baseline,mRMR,10,NeuralNetwork,4,0.3270333791660449,0.7575757575757576,0.6756756756756757,0.6923076923076923,0.683991683991684,0.68
baseline,mRMR,10,NeuralNetwork_TUNED,4,0.23465106866716218,0.7272727272727273,0.6486486486486487,0.6153846153846154,0.632016632016632,0.64
baseline,mRMR,10,NaiveBayes,4,0.1935116157401718,0.7352941176470588,0.6756756756756757,0.5384615384615384,0.6070686070686071,0.64
baseline,mRMR,10,LogisticRegression,4,0.34315712154128813,0.7301587301587302,0.6216216216216216,0.7692307692307693,0.6954261954261954,0.66
baseline,mRMR,10,AdaBoost,4,0.030397383505836883,0.6956521739130435,0.6486486486486487,0.38461538461538464,0.5166320166320166,0.58
baseline,mRMR,10,AdaBoost_TUNED,4,0.09957393819639909,0.7058823529411764,0.6486486486486487,0.46153846153846156,0.5550935550935552,0.6
baseline,mRMR,10,SVM_RBF,4,0.20943147772372675,0.7076923076923075,0.6216216216216216,0.6153846153846154,0.6185031185031185,0.62
baseline,mRMR,10,SVM_RBF_TUNED,4,0.49748531515612265,0.891566265060241,1.0,0.3076923076923077,0.6538461538461539,0.82
baseline,mRMR,20,RandomForest,4,0.40794505318629176,0.8333333333333334,0.8108108108108109,0.6153846153846154,0.7130977130977132,0.76
baseline,mRMR,20,RandomForest_TUNED,4,0.5209965732441684,0.88,0.8918918918918919,0.6153846153846154,0.7536382536382537,0.82
baseline,mRMR,20,NeuralNetwork,4,0.41423498036626505,0.8533333333333334,0.8648648648648649,0.5384615384615384,0.7016632016632016,0.78
baseline,mRMR,20,NeuralNetwork_TUNED,4,0.47308957489313735,0.8450704225352113,0.8108108108108109,0.6923076923076923,0.7515592515592515,0.78
baseline,mRMR,20,NaiveBayes,4,0.15208035669717762,0.7428571428571429,0.7027027027027027,0.46153846153846156,0.5821205821205822,0.64
baseline,mRMR,20,LogisticRegression,4,0.45925657558814553,0.7812500000000001,0.6756756756756757,0.8461538461538461,0.7609147609147608,0.72
baseline,mRMR,20,AdaBoost,4,0.28744929328394453,0.7647058823529411,0.7027027027027027,0.6153846153846154,0.659043659043659,0.68
baseline,mRMR,20,AdaBoost_TUNED,4,0.5053565007845382,0.8405797101449275,0.7837837837837838,0.7692307692307693,0.7765072765072765,0.78
baseline,mRMR,20,SVM_RBF,4,0.507443846646363,0.8611111111111112,0.8378378378378378,0.6923076923076923,0.7650727650727651,0.8
baseline,mRMR,20,SVM_RBF_TUNED,4,0.45568964636789805,0.868421052631579,0.8918918918918919,0.5384615384615384,0.7151767151767152,0.8
baseline,mRMR,30,RandomForest,4,0.47308957489313735,0.8450704225352113,0.8108108108108109,0.6923076923076923,0.7515592515592515,0.78
baseline,mRMR,30,RandomForest_TUNED,4,0.47308957489313735,0.8450704225352113,0.8108108108108109,0.6923076923076923,0.7515592515592515,0.78
baseline,mRMR,30,NeuralNetwork,4,0.43437554663146477,0.8717948717948718,0.918918918918919,0.46153846153846156,0.6902286902286903,0.8
baseline,mRMR,30,NeuralNetwork_TUNED,4,0.553057389973395,0.8974358974358975,0.9459459459459459,0.5384615384615384,0.7422037422037422,0.84
baseline,mRMR,30,NaiveBayes,4,0.27234927234927236,0.8108108108108109,0.8108108108108109,0.46153846153846156,0.6361746361746362,0.72
baseline,mRMR,30,LogisticRegression,4,0.3813869708277173,0.7941176470588235,0.7297297297297297,0.6923076923076923,0.711018711018711,0.72
baseline,mRMR,30,AdaBoost,4,0.3445871373265164,0.8000000000000002,0.7567567567567568,0.6153846153846154,0.6860706860706861,0.72
baseline,mRMR,30,AdaBoost_TUNED,4,0.3753437949565387,0.8169014084507041,0.7837837837837838,0.6153846153846154,0.6995841995841996,0.74
baseline,mRMR,30,SVM_RBF,4,0.38756663969942023,0.8571428571428571,0.8918918918918919,0.46153846153846156,0.6767151767151767,0.78
baseline,mRMR,30,SVM_RBF_TUNED,4,0.25837775979961347,0.8536585365853658,0.9459459459459459,0.23076923076923078,0.5883575883575883,0.76
baseline,mRMR,40,RandomForest,4,0.507443846646363,0.8611111111111112,0.8378378378378378,0.6923076923076923,0.7650727650727651,0.8
baseline,mRMR,40,RandomForest_TUNED,4,0.41423498036626505,0.8533333333333334,0.8648648648648649,0.5384615384615384,0.7016632016632016,0.78
baseline,mRMR,40,NeuralNetwork,4,0.5657596092586946,0.8947368421052632,0.918918918918919,0.6153846153846154,0.7671517671517671,0.84
baseline,mRMR,40,NeuralNetwork_TUNED,4,0.45568964636789805,0.868421052631579,0.8918918918918919,0.5384615384615384,0.7151767151767152,0.8
baseline,mRMR,40,NaiveBayes,4,0.3753437949565387,0.8169014084507041,0.7837837837837838,0.6153846153846154,0.6995841995841996,0.74
baseline,mRMR,40,LogisticRegression,4,0.41036467732879794,0.8115942028985507,0.7567567567567568,0.6923076923076923,0.7245322245322245,0.74
baseline,mRMR,40,AdaBoost,4,0.47308957489313735,0.8450704225352113,0.8108108108108109,0.6923076923076923,0.7515592515592515,0.78
baseline,mRMR,40,AdaBoost_TUNED,4,0.47308957489313735,0.8450704225352113,0.8108108108108109,0.6923076923076923,0.7515592515592515,0.78
baseline,mRMR,40,SVM_RBF,4,0.38756663969942023,0.8571428571428571,0.8918918918918919,0.46153846153846156,0.6767151767151767,0.78
baseline,mRMR,40,SVM_RBF_TUNED,4,0.20204959991061802,0.8395061728395061,0.918918918918919,0.23076923076923078,0.5748440748440748,0.74
baseline,mRMR,50,RandomForest,4,0.4802494802494803,0.8648648648648649,0.8648648648648649,0.6153846153846154,0.7401247401247402,0.8
baseline,mRMR,50,RandomForest_TUNED,4,0.5657596092586946,0.8947368421052632,0.918918918918919,0.6153846153846154,0.7671517671517671,0.84
baseline,mRMR,50,NeuralNetwork,4,0.3156937032895345,0.8461538461538461,0.8918918918918919,0.38461538461538464,0.6382536382536382,0.76
baseline,mRMR,50,NeuralNetwork_TUNED,4,0.3156937032895345,0.8461538461538461,0.8918918918918919,0.38461538461538464,0.6382536382536382,0.76
baseline,mRMR,50,NaiveBayes,4,0.34120978359964477,0.8219178082191781,0.8108108108108109,0.5384615384615384,0.6746361746361746,0.74
baseline,mRMR,50,LogisticRegression,4,0.40794505318629176,0.8333333333333334,0.8108108108108109,0.6153846153846154,0.7130977130977132,0.76
baseline,mRMR,50,AdaBoost,4,0.40794505318629176,0.8333333333333334,0.8108108108108109,0.6153846153846154,0.7130977130977132,0.76
baseline,mRMR,50,AdaBoost_TUNED,4,0.507443846646363,0.8611111111111112,0.8378378378378378,0.6923076923076923,0.7650727650727651,0.8
baseline,mRMR,50,SVM_RBF,4,0.41787013973867665,0.875,0.9459459459459459,0.38461538461538464,0.6652806652806653,0.8
baseline,mRMR,50,SVM_RBF_TUNED,4,0.41787013973867665,0.875,0.9459459459459459,0.38461538461538464,0.6652806652806653,0.8
baseline,mRMR,60,RandomForest,4,0.30747338748836167,0.8266666666666665,0.8378378378378378,0.46153846153846156,0.6496881496881497,0.74
baseline,mRMR,60,RandomForest_TUNED,4,0.4802494802494803,0.8648648648648649,0.8648648648648649,0.6153846153846154,0.7401247401247402,0.8
baseline,mRMR,60,NeuralNetwork,4,0.23879710430417078,0.8354430379746834,0.8918918918918919,0.3076923076923077,0.5997920997920998,0.74
baseline,mRMR,60,NeuralNetwork_TUNED,4,0.3156937032895345,0.8461538461538461,0.8918918918918919,0.38461538461538464,0.6382536382536382,0.76
baseline,mRMR,60,NaiveBayes,4,0.30747338748836167,0.8266666666666665,0.8378378378378378,0.46153846153846156,0.6496881496881497,0.74
baseline,mRMR,60,LogisticRegression,4,0.24833374701184702,0.7714285714285715,0.7297297297297297,0.5384615384615384,0.6340956340956341,0.68
baseline,mRMR,60,AdaBoost,4,0.5708353548297359,0.8732394366197184,0.8378378378378378,0.7692307692307693,0.8035343035343036,0.82
baseline,mRMR,60,AdaBoost_TUNED,4,0.5841995841995842,0.8918918918918919,0.8918918918918919,0.6923076923076923,0.7920997920997921,0.84
baseline,mRMR,60,SVM_RBF,4,0.25837775979961347,0.8536585365853658,0.9459459459459459,0.23076923076923078,0.5883575883575883,0.76
baseline,mRMR,60,SVM_RBF_TUNED,4,0.20204959991061802,0.8395061728395061,0.918918918918919,0.23076923076923078,0.5748440748440748,0.74
baseline,mRMR,70,RandomForest,4,0.3762993762993763,0.8378378378378378,0.8378378378378378,0.5384615384615384,0.6881496881496881,0.76
baseline,mRMR,70,RandomForest_TUNED,4,0.41423498036626505,0.8533333333333334,0.8648648648648649,0.5384615384615384,0.7016632016632016,0.78
baseline,mRMR,70,NeuralNetwork,4,0.38756663969942023,0.8571428571428571,0.8918918918918919,0.46153846153846156,0.6767151767151767,0.78
baseline,mRMR,70,NeuralNetwork_TUNED,4,0.3156937032895345,0.8461538461538461,0.8918918918918919,0.38461538461538464,0.6382536382536382,0.76
baseline,mRMR,70,NaiveBayes,4,0.3456196834771014,0.8421052631578947,0.8648648648648649,0.46153846153846156,0.6632016632016633,0.76
baseline,mRMR,70,LogisticRegression,4,0.10944867280607828,0.75,0.7297297297297297,0.38461538461538464,0.5571725571725572,0.64
baseline,mRMR,70,AdaBoost,4,0.3762993762993763,0.8378378378378378,0.8378378378378378,0.5384615384615384,0.6881496881496881,0.76
baseline,mRMR,70,AdaBoost_TUNED,4,0.4802494802494803,0.8648648648648649,0.8648648648648649,0.6153846153846154,0.7401247401247402,0.8
baseline,mRMR,70,SVM_RBF,4,0.20204959991061802,0.8395061728395061,0.918918918918919,0.23076923076923078,0.5748440748440748,0.74
baseline,mRMR,70,SVM_RBF_TUNED,4,0.20204959991061802,0.8395061728395061,0.918918918918919,0.23076923076923078,0.5748440748440748,0.74
baseline,mRMR,80,RandomForest,4,0.30747338748836167,0.8266666666666665,0.8378378378378378,0.46153846153846156,0.6496881496881497,0.74
baseline,mRMR,80,RandomForest_TUNED,4,0.30747338748836167,0.8266666666666665,0.8378378378378378,0.46153846153846156,0.6496881496881497,0.74
baseline,mRMR,80,NeuralNetwork,4,0.3156937032895345,0.8461538461538461,0.8918918918918919,0.38461538461538464,0.6382536382536382,0.76
baseline,mRMR,80,NeuralNetwork_TUNED,4,0.38756663969942023,0.8571428571428571,0.8918918918918919,0.46153846153846156,0.6767151767151767,0.78
baseline,mRMR,80,NaiveBayes,4,0.3456196834771014,0.8421052631578947,0.8648648648648649,0.46153846153846156,0.6632016632016633,0.76
baseline,mRMR,80,LogisticRegression,4,0.2775980150199401,0.7887323943661971,0.7567567567567568,0.5384615384615384,0.6476091476091477,0.7
baseline,mRMR,80,AdaBoost,4,0.3762993762993763,0.8378378378378378,0.8378378378378378,0.5384615384615384,0.6881496881496881,0.76
baseline,mRMR,80,AdaBoost_TUNED,4,0.3456196834771014,0.8421052631578947,0.8648648648648649,0.46153846153846156,0.6632016632016633,0.76
baseline,mRMR,80,SVM_RBF,4,0.20204959991061802,0.8395061728395061,0.918918918918919,0.23076923076923078,0.5748440748440748,0.74
baseline,mRMR,80,SVM_RBF_TUNED,4,0.20204959991061802,0.8395061728395061,0.918918918918919,0.23076923076923078,0.5748440748440748,0.74
baseline,mRMR,90,RandomForest,4,0.30747338748836167,0.8266666666666665,0.8378378378378378,0.46153846153846156,0.6496881496881497,0.74
baseline,mRMR,90,RandomForest_TUNED,4,0.30747338748836167,0.8266666666666665,0.8378378378378378,0.46153846153846156,0.6496881496881497,0.74
baseline,mRMR,90,NeuralNetwork,4,0.19701185994760423,0.8205128205128206,0.8648648648648649,0.3076923076923077,0.5862785862785863,0.72
baseline,mRMR,90,NeuralNetwork_TUNED,4,0.15958626340564364,0.8051948051948051,0.8378378378378378,0.3076923076923077,0.5727650727650728,0.7
baseline,mRMR,90,NaiveBayes,4,0.3156937032895345,0.8461538461538461,0.8918918918918919,0.38461538461538464,0.6382536382536382,0.76
baseline,mRMR,90,LogisticRegression,4,0.08210645514674285,0.7323943661971832,0.7027027027027027,0.38461538461538464,0.5436590436590437,0.62
baseline,mRMR,90,AdaBoost,4,0.47308957489313735,0.8450704225352113,0.8108108108108109,0.6923076923076923,0.7515592515592515,0.78
baseline,mRMR,90,AdaBoost_TUNED,4,0.45568964636789805,0.868421052631579,0.8918918918918919,0.5384615384615384,0.7151767151767152,0.8
baseline,mRMR,90,SVM_RBF,4,0.10639084227042907,0.8292682926829269,0.918918918918919,0.15384615384615385,0.5363825363825364,0.72
baseline,mRMR,90,SVM_RBF_TUNED,4,-0.12099437854561525,0.8235294117647058,0.9459459459459459,0.0,0.47297297297297297,0.7
baseline,mRMR,100,RandomForest,4,0.40794505318629176,0.8333333333333334,0.8108108108108109,0.6153846153846154,0.7130977130977132,0.76
baseline,mRMR,100,RandomForest_TUNED,4,0.40794505318629176,0.8333333333333334,0.8108108108108109,0.6153846153846154,0.7130977130977132,0.76
baseline,mRMR,100,NeuralNetwork,4,0.3156937032895345,0.8461538461538461,0.8918918918918919,0.38461538461538464,0.6382536382536382,0.76
baseline,mRMR,100,NeuralNetwork_TUNED,4,0.3156937032895345,0.8461538461538461,0.8918918918918919,0.38461538461538464,0.6382536382536382,0.76
baseline,mRMR,100,NaiveBayes,4,0.38756663969942023,0.8571428571428571,0.8918918918918919,0.46153846153846156,0.6767151767151767,0.78
baseline,mRMR,100,LogisticRegression,4,0.1683991683991684,0.7837837837837838,0.7837837837837838,0.38461538461538464,0.5841995841995842,0.68
baseline,mRMR,100,AdaBoost,4,0.5841995841995842,0.8918918918918919,0.8918918918918919,0.6923076923076923,0.7920997920997921,0.84
baseline,mRMR,100,AdaBoost_TUNED,4,0.4802494802494803,0.8648648648648649,0.8648648648648649,0.6153846153846154,0.7401247401247402,0.8
baseline,mRMR,100,SVM_RBF,4,0.25837775979961347,0.8536585365853658,0.9459459459459459,0.23076923076923078,0.5883575883575883,0.76
baseline,mRMR,100,SVM_RBF_TUNED,4,0.2864644354183381,0.85,0.918918918918919,0.3076923076923077,0.6133056133056134,0.76
baseline,Boruta,10,RandomForest,4,0.5209965732441684,0.88,0.8918918918918919,0.6153846153846154,0.7536382536382537,0.82
baseline,Boruta,10,RandomForest_TUNED,4,0.5209965732441684,0.88,0.8918918918918919,0.6153846153846154,0.7536382536382537,0.82
baseline,Boruta,10,NeuralNetwork,4,0.41423498036626505,0.8533333333333334,0.8648648648648649,0.5384615384615384,0.7016632016632016,0.78
baseline,Boruta,10,NeuralNetwork_TUNED,4,0.3762993762993763,0.8378378378378378,0.8378378378378378,0.5384615384615384,0.6881496881496881,0.76
baseline,Boruta,10,NaiveBayes,4,0.43355990125262733,0.711864406779661,0.5675675675675675,0.9230769230769231,0.7453222453222453,0.66
baseline,Boruta,10,LogisticRegression,4,0.3270333791660449,0.7575757575757576,0.6756756756756757,0.6923076923076923,0.683991683991684,0.68
baseline,Boruta,10,AdaBoost,4,0.48499921157073567,0.7999999999999999,0.7027027027027027,0.8461538461538461,0.7744282744282744,0.74
baseline,Boruta,10,AdaBoost_TUNED,4,0.47532464837148997,0.823529411764706,0.7567567567567568,0.7692307692307693,0.7629937629937631,0.76
baseline,Boruta,10,SVM_RBF,4,0.41036467732879794,0.8115942028985507,0.7567567567567568,0.6923076923076923,0.7245322245322245,0.74
baseline,Boruta,10,SVM_RBF_TUNED,4,0.34236182207076943,0.8641975308641975,0.9459459459459459,0.3076923076923077,0.6268191268191268,0.78
baseline,Boruta,20,RandomForest,4,0.5209965732441684,0.88,0.8918918918918919,0.6153846153846154,0.7536382536382537,0.82
baseline,Boruta,20,RandomForest_TUNED,4,0.5209965732441684,0.88,0.8918918918918919,0.6153846153846154,0.7536382536382537,0.82
baseline,Boruta,20,NeuralNetwork,4,0.27357645155253196,0.8311688311688312,0.8648648648648649,0.38461538461538464,0.6247401247401247,0.74
baseline,Boruta,20,NeuralNetwork_TUNED,4,0.20071179461045832,0.8,0.8108108108108109,0.38461538461538464,0.5977130977130978,0.7
baseline,Boruta,20,NaiveBayes,4,0.3641117870200835,0.6999999999999998,0.5675675675675675,0.8461538461538461,0.7068607068607069,0.64
baseline,Boruta,20,LogisticRegression,4,0.3270333791660449,0.7575757575757576,0.6756756756756757,0.6923076923076923,0.683991683991684,0.68
baseline,Boruta,20,AdaBoost,4,0.3445871373265164,0.8000000000000002,0.7567567567567568,0.6153846153846154,0.6860706860706861,0.72
baseline,Boruta,20,AdaBoost_TUNED,4,0.3762993762993763,0.8378378378378378,0.8378378378378378,0.5384615384615384,0.6881496881496881,0.76
baseline,Boruta,20,SVM_RBF,4,0.5053565007845382,0.8405797101449275,0.7837837837837838,0.7692307692307693,0.7765072765072765,0.78
baseline,Boruta,20,SVM_RBF_TUNED,4,0.4875440879543487,0.8860759493670887,0.9459459459459459,0.46153846153846156,0.7037422037422038,0.82
baseline,Boruta,30,RandomForest,4,0.41423498036626505,0.8533333333333334,0.8648648648648649,0.5384615384615384,0.7016632016632016,0.78
baseline,Boruta,30,RandomForest_TUNED,4,0.3762993762993763,0.8378378378378378,0.8378378378378378,0.5384615384615384,0.6881496881496881,0.76
baseline,Boruta,30,NeuralNetwork,4,0.553057389973395,0.8974358974358975,0.9459459459459459,0.5384615384615384,0.7422037422037422,0.84
baseline,Boruta,30,NeuralNetwork_TUNED,4,0.5015568278463085,0.8831168831168831,0.918918918918919,0.5384615384615384,0.7286902286902287,0.82
baseline,Boruta,30,NaiveBayes,4,0.29569922175366314,0.6885245901639344,0.5675675675675675,0.7692307692307693,0.6683991683991684,0.62
baseline,Boruta,30,LogisticRegression,4,0.36777120196500895,0.75,0.6486486486486487,0.7692307692307693,0.7089397089397089,0.68
baseline,Boruta,30,AdaBoost,4,0.31537285387305763,0.7826086956521738,0.7297297297297297,0.6153846153846154,0.6725571725571726,0.7
baseline,Boruta,30,AdaBoost_TUNED,4,0.47308957489313735,0.8450704225352113,0.8108108108108109,0.6923076923076923,0.7515592515592515,0.78
baseline,Boruta,30,SVM_RBF,4,0.3456196834771014,0.8421052631578947,0.8648648648648649,0.46153846153846156,0.6632016632016633,0.76
baseline,Boruta,30,SVM_RBF_TUNED,4,0.25837775979961347,0.8536585365853658,0.9459459459459459,0.23076923076923078,0.5883575883575883,0.76
baseline,Boruta,40,RandomForest,4,0.5657596092586946,0.8947368421052632,0.918918918918919,0.6153846153846154,0.7671517671517671,0.84
baseline,Boruta,40,RandomForest_TUNED,4,0.4802494802494803,0.8648648648648649,0.8648648648648649,0.6153846153846154,0.7401247401247402,0.8
baseline,Boruta,40,NeuralNetwork,4,0.43437554663146477,0.8717948717948718,0.918918918918919,0.46153846153846156,0.6902286902286903,0.8
baseline,Boruta,40,NeuralNetwork_TUNED,4,0.43437554663146477,0.8717948717948718,0.918918918918919,0.46153846153846156,0.6902286902286903,0.8
baseline,Boruta,40,NaiveBayes,4,0.34315712154128813,0.7301587301587302,0.6216216216216216,0.7692307692307693,0.6954261954261954,0.66
baseline,Boruta,40,LogisticRegression,4,0.48499921157073567,0.7999999999999999,0.7027027027027027,0.8461538461538461,0.7744282744282744,0.74
baseline,Boruta,40,AdaBoost,4,0.35367587574872145,0.7761194029850748,0.7027027027027027,0.6923076923076923,0.6975051975051976,0.7
baseline,Boruta,40,AdaBoost_TUNED,4,0.44084052764118575,0.8285714285714285,0.7837837837837838,0.6923076923076923,0.738045738045738,0.76
baseline,Boruta,40,SVM_RBF,4,0.3631705961292597,0.860759493670886,0.918918918918919,0.38461538461538464,0.6517671517671518,0.78
baseline,Boruta,40,SVM_RBF_TUNED,4,0.41787013973867665,0.875,0.9459459459459459,0.38461538461538464,0.6652806652806653,0.8
baseline,Boruta,50,RandomForest,4,0.47308957489313735,0.8450704225352113,0.8108108108108109,0.6923076923076923,0.7515592515592515,0.78
baseline,Boruta,50,RandomForest_TUNED,4,0.40794505318629176,0.8333333333333334,0.8108108108108109,0.6153846153846154,0.7130977130977132,0.76
baseline,Boruta,50,NeuralNetwork,4,0.38756663969942023,0.8571428571428571,0.8918918918918919,0.46153846153846156,0.6767151767151767,0.78
baseline,Boruta,50,NeuralNetwork_TUNED,4,0.3456196834771014,0.8421052631578947,0.8648648648648649,0.46153846153846156,0.6632016632016633,0.76
baseline,Boruta,50,NaiveBayes,4,0.3270333791660449,0.7575757575757576,0.6756756756756757,0.6923076923076923,0.683991683991684,0.68
baseline,Boruta,50,LogisticRegression,4,0.28744929328394453,0.7647058823529411,0.7027027027027027,0.6153846153846154,0.659043659043659,0.68
baseline,Boruta,50,AdaBoost,4,0.2775980150199401,0.7887323943661971,0.7567567567567568,0.5384615384615384,0.6476091476091477,0.7
baseline,Boruta,50,AdaBoost_TUNED,4,0.4427603144328724,0.8493150684931507,0.8378378378378378,0.6153846153846154,0.7266112266112266,0.78
baseline,Boruta,50,SVM_RBF,4,0.3631705961292597,0.860759493670886,0.918918918918919,0.38461538461538464,0.6517671517671518,0.78
baseline,Boruta,50,SVM_RBF_TUNED,4,0.41036467732879783,0.8780487804878049,0.972972972972973,0.3076923076923077,0.6403326403326404,0.8
baseline,Boruta,60,RandomForest,4,0.3762993762993763,0.8378378378378378,0.8378378378378378,0.5384615384615384,0.6881496881496881,0.76
baseline,Boruta,60,RandomForest_TUNED,4,0.40794505318629176,0.8333333333333334,0.8108108108108109,0.6153846153846154,0.7130977130977132,0.76
baseline,Boruta,60,NeuralNetwork,4,0.41787013973867665,0.875,0.9459459459459459,0.38461538461538464,0.6652806652806653,0.8
baseline,Boruta,60,NeuralNetwork_TUNED,4,0.30747338748836167,0.8266666666666665,0.8378378378378378,0.46153846153846156,0.6496881496881497,0.74
baseline,Boruta,60,NaiveBayes,4,0.2203810304173174,0.7536231884057971,0.7027027027027027,0.5384615384615384,0.6205821205821206,0.66
baseline,Boruta,60,LogisticRegression,4,0.15208035669717762,0.7428571428571429,0.7027027027027027,0.46153846153846156,0.5821205821205822,0.64
baseline,Boruta,60,AdaBoost,4,0.31537285387305763,0.7826086956521738,0.7297297297297297,0.6153846153846154,0.6725571725571726,0.7
baseline,Boruta,60,AdaBoost_TUNED,4,0.40794505318629176,0.8333333333333334,0.8108108108108109,0.6153846153846154,0.7130977130977132,0.76
baseline,Boruta,60,SVM_RBF,4,0.3156937032895345,0.8461538461538461,0.8918918918918919,0.38461538461538464,0.6382536382536382,0.76
baseline,Boruta,60,SVM_RBF_TUNED,4,0.23879710430417078,0.8354430379746834,0.8918918918918919,0.3076923076923077,0.5997920997920998,0.74
baseline,Boruta,70,RandomForest,4,0.3456196834771014,0.8421052631578947,0.8648648648648649,0.46153846153846156,0.6632016632016633,0.76
baseline,Boruta,70,RandomForest_TUNED,4,0.3456196834771014,0.8421052631578947,0.8648648648648649,0.46153846153846156,0.6632016632016633,0.76
baseline,Boruta,70,NeuralNetwork,4,0.3631705961292597,0.860759493670886,0.918918918918919,0.38461538461538464,0.6517671517671518,0.78
baseline,Boruta,70,NeuralNetwork_TUNED,4,0.43437554663146477,0.8717948717948718,0.918918918918919,0.46153846153846156,0.6902286902286903,0.8
baseline,Boruta,70,NaiveBayes,4,0.40794505318629176,0.8333333333333334,0.8108108108108109,0.6153846153846154,0.7130977130977132,0.76
baseline,Boruta,70,LogisticRegression,4,0.28744929328394453,0.7647058823529411,0.7027027027027027,0.6153846153846154,0.659043659043659,0.68
baseline,Boruta,70,AdaBoost,4,0.24833374701184702,0.7714285714285715,0.7297297297297297,0.5384615384615384,0.6340956340956341,0.68
baseline,Boruta,70,AdaBoost_TUNED,4,0.45568964636789805,0.868421052631579,0.8918918918918919,0.5384615384615384,0.7151767151767152,0.8
baseline,Boruta,70,SVM_RBF,4,0.34236182207076943,0.8641975308641975,0.9459459459459459,0.3076923076923077,0.6268191268191268,0.78
baseline,Boruta,70,SVM_RBF_TUNED,4,0.34236182207076943,0.8641975308641975,0.9459459459459459,0.3076923076923077,0.6268191268191268,0.78
baseline,Boruta,80,RandomForest,4,0.3456196834771014,0.8421052631578947,0.8648648648648649,0.46153846153846156,0.6632016632016633,0.76
baseline,Boruta,80,RandomForest_TUNED,4,0.4802494802494803,0.8648648648648649,0.8648648648648649,0.6153846153846154,0.7401247401247402,0.8
baseline,Boruta,80,NeuralNetwork,4,0.5657596092586946,0.8947368421052632,0.918918918918919,0.6153846153846154,0.7671517671517671,0.84
baseline,Boruta,80,NeuralNetwork_TUNED,4,0.43437554663146477,0.8717948717948718,0.918918918918919,0.46153846153846156,0.6902286902286903,0.8
baseline,Boruta,80,NaiveBayes,4,0.38756663969942023,0.8571428571428571,0.8918918918918919,0.46153846153846156,0.6767151767151767,0.78
baseline,Boruta,80,LogisticRegression,4,0.3753437949565387,0.8169014084507041,0.7837837837837838,0.6153846153846154,0.6995841995841996,0.74
baseline,Boruta,80,AdaBoost,4,0.34120978359964477,0.8219178082191781,0.8108108108108109,0.5384615384615384,0.6746361746361746,0.74
baseline,Boruta,80,AdaBoost_TUNED,4,0.4802494802494803,0.8648648648648649,0.8648648648648649,0.6153846153846154,0.7401247401247402,0.8
baseline,Boruta,80,SVM_RBF,4,0.41787013973867665,0.875,0.9459459459459459,0.38461538461538464,0.6652806652806653,0.8
baseline,Boruta,80,SVM_RBF_TUNED,4,0.43437554663146477,0.8717948717948718,0.918918918918919,0.46153846153846156,0.6902286902286903,0.8
baseline,Boruta,90,RandomForest,4,0.4427603144328724,0.8493150684931507,0.8378378378378378,0.6153846153846154,0.7266112266112266,0.78
baseline,Boruta,90,RandomForest_TUNED,4,0.45568964636789805,0.868421052631579,0.8918918918918919,0.5384615384615384,0.7151767151767152,0.8
baseline,Boruta,90,NeuralNetwork,4,0.4875440879543487,0.8860759493670887,0.9459459459459459,0.46153846153846156,0.7037422037422038,0.82
baseline,Boruta,90,NeuralNetwork_TUNED,4,0.5015568278463085,0.8831168831168831,0.918918918918919,0.5384615384615384,0.7286902286902287,0.82
baseline,Boruta,90,NaiveBayes,4,0.3156937032895345,0.8461538461538461,0.8918918918918919,0.38461538461538464,0.6382536382536382,0.76
baseline,Boruta,90,LogisticRegression,4,0.23965925276641717,0.7945205479452055,0.7837837837837838,0.46153846153846156,0.6226611226611227,0.7
baseline,Boruta,90,AdaBoost,4,0.20894746626614946,0.7777777777777778,0.7567567567567568,0.46153846153846156,0.6091476091476091,0.68
baseline,Boruta,90,AdaBoost_TUNED,4,0.3445871373265164,0.8000000000000002,0.7567567567567568,0.6153846153846154,0.6860706860706861,0.72
baseline,Boruta,90,SVM_RBF,4,0.4875440879543487,0.8860759493670887,0.9459459459459459,0.46153846153846156,0.7037422037422038,0.82
baseline,Boruta,90,SVM_RBF_TUNED,4,0.4875440879543487,0.8860759493670887,0.9459459459459459,0.46153846153846156,0.7037422037422038,0.82
baseline,Boruta,100,RandomForest,4,0.27357645155253196,0.8311688311688312,0.8648648648648649,0.38461538461538464,0.6247401247401247,0.74
baseline,Boruta,100,RandomForest_TUNED,4,0.3456196834771014,0.8421052631578947,0.8648648648648649,0.46153846153846156,0.6632016632016633,0.76
baseline,Boruta,100,NeuralNetwork,4,0.6155470159931968,0.9090909090909091,0.9459459459459459,0.6153846153846154,0.7806652806652807,0.86
baseline,Boruta,100,NeuralNetwork_TUNED,4,0.553057389973395,0.8974358974358975,0.9459459459459459,0.5384615384615384,0.7422037422037422,0.84
baseline,Boruta,100,NaiveBayes,4,0.3456196834771014,0.8421052631578947,0.8648648648648649,0.46153846153846156,0.6632016632016633,0.76
baseline,Boruta,100,LogisticRegression,4,0.30747338748836167,0.8266666666666665,0.8378378378378378,0.46153846153846156,0.6496881496881497,0.74
baseline,Boruta,100,AdaBoost,4,0.40794505318629176,0.8333333333333334,0.8108108108108109,0.6153846153846154,0.7130977130977132,0.76
baseline,Boruta,100,AdaBoost_TUNED,4,0.47308957489313735,0.8450704225352113,0.8108108108108109,0.6923076923076923,0.7515592515592515,0.78
baseline,Boruta,100,SVM_RBF,4,0.48267404423092086,0.8888888888888891,0.972972972972973,0.38461538461538464,0.6787941787941788,0.82
baseline,Boruta,100,SVM_RBF_TUNED,4,0.553057389973395,0.8974358974358975,0.9459459459459459,0.5384615384615384,0.7422037422037422,0.84
baseline,mRMR,10,RandomForest,5,0.5585585585585585,0.8918918918918919,0.8918918918918919,0.6666666666666666,0.7792792792792793,0.8367346938775511
baseline,mRMR,10,RandomForest_TUNED,5,0.5177231577177788,0.8767123287671232,0.8648648648648649,0.6666666666666666,0.7657657657657657,0.8163265306122449
baseline,mRMR,10,NeuralNetwork,5,0.5142696569877325,0.8571428571428571,0.8108108108108109,0.75,0.7804054054054055,0.7959183673469388
baseline,mRMR,10,NeuralNetwork_TUNED,5,0.5142696569877325,0.8571428571428571,0.8108108108108109,0.75,0.7804054054054055,0.7959183673469388
baseline,mRMR,10,NaiveBayes,5,0.60352285617369,0.9066666666666667,0.918918918918919,0.6666666666666666,0.7927927927927928,0.8571428571428571
baseline,mRMR,10,LogisticRegression,5,0.5616965399599707,0.8307692307692307,0.7297297297297297,0.9166666666666666,0.8231981981981982,0.7755102040816326
baseline,mRMR,10,AdaBoost,5,0.4130679975805081,0.8285714285714285,0.7837837837837838,0.6666666666666666,0.7252252252252251,0.7551020408163265
baseline,mRMR,10,AdaBoost_TUNED,5,0.4130679975805081,0.8285714285714285,0.7837837837837838,0.6666666666666666,0.7252252252252251,0.7551020408163265
baseline,mRMR,10,SVM_RBF,5,0.42339984095421773,0.8059701492537312,0.7297297297297297,0.75,0.7398648648648649,0.7346938775510204
baseline,mRMR,10,SVM_RBF_TUNED,5,0.37604116423129913,0.8533333333333334,0.8648648648648649,0.5,0.6824324324324325,0.7755102040816326
baseline,mRMR,20,RandomForest,5,0.5852927195579726,0.888888888888889,0.8648648648648649,0.75,0.8074324324324325,0.8367346938775511
baseline,mRMR,20,RandomForest_TUNED,5,0.6252165252100295,0.9041095890410958,0.8918918918918919,0.75,0.8209459459459459,0.8571428571428571
baseline,mRMR,20,NeuralNetwork,5,0.5504805494174156,0.8529411764705881,0.7837837837837838,0.8333333333333334,0.8085585585585586,0.7959183673469388
baseline,mRMR,20,NeuralNetwork_TUNED,5,0.5819358307200044,0.8695652173913043,0.8108108108108109,0.8333333333333334,0.8220720720720721,0.8163265306122449
baseline,mRMR,20,NaiveBayes,5,0.668918918918919,0.918918918918919,0.918918918918919,0.75,0.8344594594594594,0.8775510204081632
baseline,mRMR,20,LogisticRegression,5,0.5208016823004932,0.835820895522388,0.7567567567567568,0.8333333333333334,0.795045045045045,0.7755102040816326
baseline,mRMR,20,AdaBoost,5,0.5852927195579726,0.888888888888889,0.8648648648648649,0.75,0.8074324324324325,0.8367346938775511
baseline,mRMR,20,AdaBoost_TUNED,5,0.6903452589658139,0.9166666666666667,0.8918918918918919,0.8333333333333334,0.8626126126126126,0.8775510204081632
baseline,mRMR,20,SVM_RBF,5,0.48024018015013137,0.8611111111111112,0.8378378378378378,0.6666666666666666,0.7522522522522522,0.7959183673469388
baseline,mRMR,20,SVM_RBF_TUNED,5,0.60352285617369,0.9066666666666667,0.918918918918919,0.6666666666666666,0.7927927927927928,0.8571428571428571
baseline,mRMR,30,RandomForest,5,0.6514560485700571,0.9014084507042254,0.8648648648648649,0.8333333333333334,0.8490990990990992,0.8571428571428571
baseline,mRMR,30,RandomForest_TUNED,5,0.6514560485700571,0.9014084507042254,0.8648648648648649,0.8333333333333334,0.8490990990990992,0.8571428571428571
baseline,mRMR,30,NeuralNetwork,5,0.48024018015013137,0.8611111111111112,0.8378378378378378,0.6666666666666666,0.7522522522522522,0.7959183673469388
baseline,mRMR,30,NeuralNetwork_TUNED,5,0.342671378544625,0.8571428571428571,0.8918918918918919,0.4166666666666667,0.6542792792792793,0.7755102040816326
baseline,mRMR,30,NaiveBayes,5,0.668918918918919,0.918918918918919,0.918918918918919,0.75,0.8344594594594594,0.8775510204081632
baseline,mRMR,30,LogisticRegression,5,0.5208016823004932,0.835820895522388,0.7567567567567568,0.8333333333333334,0.795045045045045,0.7755102040816326
baseline,mRMR,30,AdaBoost,5,0.5852927195579726,0.888888888888889,0.8648648648648649,0.75,0.8074324324324325,0.8367346938775511
baseline,mRMR,30,AdaBoost_TUNED,5,0.5484839634734997,0.8732394366197184,0.8378378378378378,0.75,0.7939189189189189,0.8163265306122449
baseline,mRMR,30,SVM_RBF,5,0.5358966898435389,0.8947368421052632,0.918918918918919,0.5833333333333334,0.7511261261261262,0.8367346938775511
baseline,mRMR,30,SVM_RBF_TUNED,5,0.60352285617369,0.9066666666666667,0.918918918918919,0.6666666666666666,0.7927927927927928,0.8571428571428571
baseline,mRMR,40,RandomForest,5,0.6903452589658139,0.9166666666666667,0.8918918918918919,0.8333333333333334,0.8626126126126126,0.8775510204081632
baseline,mRMR,40,RandomForest_TUNED,5,0.6903452589658139,0.9166666666666667,0.8918918918918919,0.8333333333333334,0.8626126126126126,0.8775510204081632
baseline,mRMR,40,NeuralNetwork,5,0.60352285617369,0.9066666666666667,0.918918918918919,0.6666666666666666,0.7927927927927928,0.8571428571428571
baseline,mRMR,40,NeuralNetwork_TUNED,5,0.60352285617369,0.9066666666666667,0.918918918918919,0.6666666666666666,0.7927927927927928,0.8571428571428571
baseline,mRMR,40,NaiveBayes,5,0.6252165252100295,0.9041095890410958,0.8918918918918919,0.75,0.8209459459459459,0.8571428571428571
baseline,mRMR,40,LogisticRegression,5,0.4822335380441995,0.8405797101449275,0.7837837837837838,0.75,0.7668918918918919,0.7755102040816326
baseline,mRMR,40,AdaBoost,5,0.6154713163949571,0.8857142857142858,0.8378378378378378,0.8333333333333334,0.8355855855855856,0.8367346938775511
baseline,mRMR,40,AdaBoost_TUNED,5,0.5142696569877325,0.8571428571428571,0.8108108108108109,0.75,0.7804054054054055,0.7959183673469388
baseline,mRMR,40,SVM_RBF,5,0.300390521212746,0.8421052631578947,0.8648648648648649,0.4166666666666667,0.6407657657657658,0.7551020408163265
baseline,mRMR,40,SVM_RBF_TUNED,5,0.5235208439728776,0.9024390243902439,1.0,0.3333333333333333,0.6666666666666666,0.8367346938775511
baseline,mRMR,50,RandomForest,5,0.7327098927022802,0.9315068493150684,0.918918918918919,0.8333333333333334,0.8761261261261262,0.8979591836734694
baseline,mRMR,50,RandomForest_TUNED,5,0.7327098927022802,0.9315068493150684,0.918918918918919,0.8333333333333334,0.8761261261261262,0.8979591836734694
baseline,mRMR,50,NeuralNetwork,5,0.5585585585585585,0.8918918918918919,0.8918918918918919,0.6666666666666666,0.7792792792792793,0.8367346938775511
baseline,mRMR,50,NeuralNetwork_TUNED,5,0.48024018015013137,0.8611111111111112,0.8378378378378378,0.6666666666666666,0.7522522522522522,0.7959183673469388
baseline,mRMR,50,NaiveBayes,5,0.6252165252100295,0.9041095890410958,0.8918918918918919,0.75,0.8209459459459459,0.8571428571428571
baseline,mRMR,50,LogisticRegression,5,0.3259979996079423,0.7761194029850748,0.7027027027027027,0.6666666666666666,0.6846846846846847,0.6938775510204082
baseline,mRMR,50,AdaBoost,5,0.5504805494174156,0.8529411764705881,0.7837837837837838,0.8333333333333334,0.8085585585585586,0.7959183673469388
baseline,mRMR,50,AdaBoost_TUNED,5,0.5819358307200044,0.8695652173913043,0.8108108108108109,0.8333333333333334,0.8220720720720721,0.8163265306122449
baseline,mRMR,50,SVM_RBF,5,0.39044319819016465,0.8717948717948718,0.918918918918919,0.4166666666666667,0.6677927927927928,0.7959183673469388
baseline,mRMR,50,SVM_RBF_TUNED,5,0.4351470893307105,0.8888888888888891,0.972972972972973,0.3333333333333333,0.6531531531531531,0.8163265306122449
baseline,mRMR,60,RandomForest,5,0.7544281336666145,0.9295774647887325,0.8918918918918919,0.9166666666666666,0.9042792792792793,0.8979591836734694
baseline,mRMR,60,RandomForest_TUNED,5,0.6903452589658139,0.9166666666666667,0.8918918918918919,0.8333333333333334,0.8626126126126126,0.8775510204081632
baseline,mRMR,60,NeuralNetwork,5,0.6536497741589353,0.9210526315789475,0.9459459459459459,0.6666666666666666,0.8063063063063063,0.8775510204081632
baseline,mRMR,60,NeuralNetwork_TUNED,5,0.48024018015013137,0.8611111111111112,0.8378378378378378,0.6666666666666666,0.7522522522522522,0.7959183673469388
baseline,mRMR,60,NaiveBayes,5,0.668918918918919,0.918918918918919,0.918918918918919,0.75,0.8344594594594594,0.8775510204081632
baseline,mRMR,60,LogisticRegression,5,0.38253124536839456,0.8115942028985507,0.7567567567567568,0.6666666666666666,0.7117117117117118,0.7346938775510204
baseline,mRMR,60,AdaBoost,5,0.5819358307200044,0.8695652173913043,0.8108108108108109,0.8333333333333334,0.8220720720720721,0.8163265306122449
baseline,mRMR,60,AdaBoost_TUNED,5,0.6514560485700571,0.9014084507042254,0.8648648648648649,0.8333333333333334,0.8490990990990992,0.8571428571428571
baseline,mRMR,60,SVM_RBF,5,0.5812381937190965,0.9113924050632912,0.972972972972973,0.5,0.7364864864864865,0.8571428571428571
baseline,mRMR,60,SVM_RBF_TUNED,5,0.5188439814876014,0.8974358974358975,0.9459459459459459,0.5,0.722972972972973,0.8367346938775511
baseline,mRMR,70,RandomForest,5,0.6514560485700571,0.9014084507042254,0.8648648648648649,0.8333333333333334,0.8490990990990992,0.8571428571428571
baseline,mRMR,70,RandomForest_TUNED,5,0.6514560485700571,0.9014084507042254,0.8648648648648649,0.8333333333333334,0.8490990990990992,0.8571428571428571
baseline,mRMR,70,NeuralNetwork,5,0.5177231577177788,0.8767123287671232,0.8648648648648649,0.6666666666666666,0.7657657657657657,0.8163265306122449
baseline,mRMR,70,NeuralNetwork_TUNED,5,0.6514560485700571,0.9014084507042254,0.8648648648648649,0.8333333333333334,0.8490990990990992,0.8571428571428571
baseline,mRMR,70,NaiveBayes,5,0.668918918918919,0.918918918918919,0.918918918918919,0.75,0.8344594594594594,0.8775510204081632
baseline,mRMR,70,LogisticRegression,5,0.4130679975805081,0.8285714285714285,0.7837837837837838,0.6666666666666666,0.7252252252252251,0.7551020408163265
baseline,mRMR,70,AdaBoost,5,0.5852927195579726,0.888888888888889,0.8648648648648649,0.75,0.8074324324324325,0.8367346938775511
baseline,mRMR,70,AdaBoost_TUNED,5,0.7544281336666145,0.9295774647887325,0.8918918918918919,0.9166666666666666,0.9042792792792793,0.8979591836734694
baseline,mRMR,70,SVM_RBF,5,0.4351470893307105,0.8888888888888891,0.972972972972973,0.3333333333333333,0.6531531531531531,0.8163265306122449
baseline,mRMR,70,SVM_RBF_TUNED,5,0.5111457628907372,0.9,0.972972972972973,0.4166666666666667,0.6948198198198199,0.8367346938775511
baseline,mRMR,80,RandomForest,5,0.7327098927022802,0.9315068493150684,0.918918918918919,0.8333333333333334,0.8761261261261262,0.8979591836734694
baseline,mRMR,80,RandomForest_TUNED,5,0.6903452589658139,0.9166666666666667,0.8918918918918919,0.8333333333333334,0.8626126126126126,0.8775510204081632
baseline,mRMR,80,NeuralNetwork,5,0.44819819819819817,0.8648648648648649,0.8648648648648649,0.5833333333333334,0.7240990990990992,0.7959183673469388
baseline,mRMR,80,NeuralNetwork_TUNED,5,0.6252165252100295,0.9041095890410958,0.8918918918918919,0.75,0.8209459459459459,0.8571428571428571
baseline,mRMR,80,NaiveBayes,5,0.6252165252100295,0.9041095890410958,0.8918918918918919,0.75,0.8209459459459459,0.8571428571428571
baseline,mRMR,80,LogisticRegression,5,0.38253124536839456,0.8115942028985507,0.7567567567567568,0.6666666666666666,0.7117117117117118,0.7346938775510204
baseline,mRMR,80,AdaBoost,5,0.5484839634734997,0.8732394366197184,0.8378378378378378,0.75,0.7939189189189189,0.8163265306122449
baseline,mRMR,80,AdaBoost_TUNED,5,0.6903452589658139,0.9166666666666667,0.8918918918918919,0.8333333333333334,0.8626126126126126,0.8775510204081632
baseline,mRMR,80,SVM_RBF,5,0.46523267452043976,0.8831168831168831,0.918918918918919,0.5,0.7094594594594594,0.8163265306122449
baseline,mRMR,80,SVM_RBF_TUNED,5,0.46523267452043976,0.8831168831168831,0.918918918918919,0.5,0.7094594594594594,0.8163265306122449
baseline,mRMR,90,RandomForest,5,0.7166729758021816,0.9142857142857143,0.8648648648648649,0.9166666666666666,0.8907657657657657,0.8775510204081632
baseline,mRMR,90,RandomForest_TUNED,5,0.6903452589658139,0.9166666666666667,0.8918918918918919,0.8333333333333334,0.8626126126126126,0.8775510204081632
baseline,mRMR,90,NeuralNetwork,5,0.6536497741589353,0.9210526315789475,0.9459459459459459,0.6666666666666666,0.8063063063063063,0.8775510204081632
baseline,mRMR,90,NeuralNetwork_TUNED,5,0.48978201020249457,0.88,0.8918918918918919,0.5833333333333334,0.7376126126126126,0.8163265306122449
baseline,mRMR,90,NaiveBayes,5,0.6252165252100295,0.9041095890410958,0.8918918918918919,0.75,0.8209459459459459,0.8571428571428571
baseline,mRMR,90,LogisticRegression,5,0.4130679975805081,0.8285714285714285,0.7837837837837838,0.6666666666666666,0.7252252252252251,0.7551020408163265
baseline,mRMR,90,AdaBoost,5,0.6252165252100295,0.9041095890410958,0.8918918918918919,0.75,0.8209459459459459,0.8571428571428571
baseline,mRMR,90,AdaBoost_TUNED,5,0.6514560485700571,0.9014084507042254,0.8648648648648649,0.8333333333333334,0.8490990990990992,0.8571428571428571
baseline,mRMR,90,SVM_RBF,5,0.5235208439728776,0.9024390243902439,1.0,0.3333333333333333,0.6666666666666666,0.8367346938775511
baseline,mRMR,90,SVM_RBF_TUNED,5,0.46523267452043976,0.8831168831168831,0.918918918918919,0.5,0.7094594594594594,0.8163265306122449
baseline,mRMR,100,RandomForest,5,0.7327098927022802,0.9315068493150684,0.918918918918919,0.8333333333333334,0.8761261261261262,0.8979591836734694
baseline,mRMR,100,RandomForest_TUNED,5,0.7792792792792793,0.9459459459459459,0.9459459459459459,0.8333333333333334,0.8896396396396397,0.9183673469387755
baseline,mRMR,100,NeuralNetwork,5,0.7714028584743318,0.9473684210526315,0.972972972972973,0.75,0.8614864864864865,0.9183673469387755
baseline,mRMR,100,NeuralNetwork_TUNED,5,0.5358966898435389,0.8947368421052632,0.918918918918919,0.5833333333333334,0.7511261261261262,0.8367346938775511
baseline,mRMR,100,NaiveBayes,5,0.5852927195579726,0.888888888888889,0.8648648648648649,0.75,0.8074324324324325,0.8367346938775511
baseline,mRMR,100,LogisticRegression,5,0.4455118783769423,0.8450704225352113,0.8108108108108109,0.6666666666666666,0.7387387387387387,0.7755102040816326
baseline,mRMR,100,AdaBoost,5,0.6154713163949571,0.8857142857142858,0.8378378378378378,0.8333333333333334,0.8355855855855856,0.8367346938775511
baseline,mRMR,100,AdaBoost_TUNED,5,0.7953977983736551,0.9444444444444445,0.918918918918919,0.9166666666666666,0.9177927927927928,0.9183673469387755
baseline,mRMR,100,SVM_RBF,5,0.716860438920219,0.9367088607594937,1.0,0.5833333333333334,0.7916666666666667,0.8979591836734694
baseline,mRMR,100,SVM_RBF_TUNED,5,0.5812381937190965,0.9113924050632912,0.972972972972973,0.5,0.7364864864864865,0.8571428571428571
baseline,Boruta,10,RandomForest,5,0.5504805494174156,0.8529411764705881,0.7837837837837838,0.8333333333333334,0.8085585585585586,0.7959183673469388
baseline,Boruta,10,RandomForest_TUNED,5,0.5892040270767457,0.8484848484848485,0.7567567567567568,0.9166666666666666,0.8367117117117118,0.7959183673469388
baseline,Boruta,10,NeuralNetwork,5,0.5356326044055635,0.7666666666666667,0.6216216216216216,1.0,0.8108108108108107,0.7142857142857143
baseline,Boruta,10,NeuralNetwork_TUNED,5,0.5579886659703326,0.7868852459016393,0.6486486486486487,1.0,0.8243243243243243,0.7346938775510204
baseline,Boruta,10,NaiveBayes,5,0.3972975526546135,0.6896551724137931,0.5405405405405406,0.9166666666666666,0.7286036036036037,0.6326530612244898
baseline,Boruta,10,LogisticRegression,5,0.48630262207831065,0.7741935483870968,0.6486486486486487,0.9166666666666666,0.7826576576576576,0.7142857142857143
baseline,Boruta,10,AdaBoost,5,0.3535933456111867,0.7941176470588235,0.7297297297297297,0.6666666666666666,0.6981981981981982,0.7142857142857143
baseline,Boruta,10,AdaBoost_TUNED,5,0.39608698810175885,0.787878787878788,0.7027027027027027,0.75,0.7263513513513513,0.7142857142857143
baseline,Boruta,10,SVM_RBF,5,0.4405384101451555,0.7333333333333334,0.5945945945945946,0.9166666666666666,0.7556306306306306,0.673469387755102
baseline,Boruta,10,SVM_RBF_TUNED,5,0.44842720314644063,0.891566265060241,1.0,0.25,0.625,0.8163265306122449
baseline,Boruta,20,RandomForest,5,0.5819358307200044,0.8695652173913043,0.8108108108108109,0.8333333333333334,0.8220720720720721,0.8163265306122449
baseline,Boruta,20,RandomForest_TUNED,5,0.6514560485700571,0.9014084507042254,0.8648648648648649,0.8333333333333334,0.8490990990990992,0.8571428571428571
baseline,Boruta,20,NeuralNetwork,5,0.7813404160716143,0.927536231884058,0.8648648648648649,1.0,0.9324324324324325,0.8979591836734694
baseline,Boruta,20,NeuralNetwork_TUNED,5,0.5892040270767457,0.8484848484848485,0.7567567567567568,0.9166666666666666,0.8367117117117118,0.7959183673469388
baseline,Boruta,20,NaiveBayes,5,0.44007199448502404,0.7812500000000001,0.6756756756756757,0.8333333333333334,0.7545045045045045,0.7142857142857143
baseline,Boruta,20,LogisticRegression,5,0.5616965399599707,0.8307692307692307,0.7297297297297297,0.9166666666666666,0.8231981981981982,0.7755102040816326
baseline,Boruta,20,AdaBoost,5,0.6816381233958094,0.8985507246376812,0.8378378378378378,0.9166666666666666,0.8772522522522522,0.8571428571428571
baseline,Boruta,20,AdaBoost_TUNED,5,0.6489241513205302,0.8823529411764706,0.8108108108108109,0.9166666666666666,0.8637387387387387,0.8367346938775511
baseline,Boruta,20,SVM_RBF,5,0.4822335380441995,0.8405797101449275,0.7837837837837838,0.75,0.7668918918918919,0.7755102040816326
baseline,Boruta,20,SVM_RBF_TUNED,5,0.25047285220792176,0.8674698795180723,0.972972972972973,0.16666666666666666,0.5698198198198199,0.7755102040816326
baseline,Boruta,30,RandomForest,5,0.7327098927022802,0.9315068493150684,0.918918918918919,0.8333333333333334,0.8761261261261262,0.8979591836734694
baseline,Boruta,30,RandomForest_TUNED,5,0.6903452589658139,0.9166666666666667,0.8918918918918919,0.8333333333333334,0.8626126126126126,0.8775510204081632
baseline,Boruta,30,NeuralNetwork,5,0.6514560485700571,0.9014084507042254,0.8648648648648649,0.8333333333333334,0.8490990990990992,0.8571428571428571
baseline,Boruta,30,NeuralNetwork_TUNED,5,0.4455118783769423,0.8450704225352113,0.8108108108108109,0.6666666666666666,0.7387387387387387,0.7755102040816326
baseline,Boruta,30,NaiveBayes,5,0.4153093381985166,0.7619047619047619,0.6486486486486487,0.8333333333333334,0.7409909909909911,0.6938775510204082
baseline,Boruta,30,LogisticRegression,5,0.6054977267193327,0.8253968253968255,0.7027027027027027,1.0,0.8513513513513513,0.7755102040816326
baseline,Boruta,30,AdaBoost,5,0.6816381233958094,0.8985507246376812,0.8378378378378378,0.9166666666666666,0.8772522522522522,0.8571428571428571
baseline,Boruta,30,AdaBoost_TUNED,5,0.7166729758021816,0.9142857142857143,0.8648648648648649,0.9166666666666666,0.8907657657657657,0.8775510204081632
baseline,Boruta,30,SVM_RBF,5,0.4822335380441995,0.8405797101449275,0.7837837837837838,0.75,0.7668918918918919,0.7755102040816326
baseline,Boruta,30,SVM_RBF_TUNED,5,0.5111457628907372,0.9,0.972972972972973,0.4166666666666667,0.6948198198198199,0.8367346938775511
baseline,Boruta,40,RandomForest,5,0.7327098927022802,0.9315068493150684,0.918918918918919,0.8333333333333334,0.8761261261261262,0.8979591836734694
baseline,Boruta,40,RandomForest_TUNED,5,0.7792792792792793,0.9459459459459459,0.9459459459459459,0.8333333333333334,0.8896396396396397,0.9183673469387755
baseline,Boruta,40,NeuralNetwork,5,0.6154713163949571,0.8857142857142858,0.8378378378378378,0.8333333333333334,0.8355855855855856,0.8367346938775511
baseline,Boruta,40,NeuralNetwork_TUNED,5,0.7327098927022802,0.9315068493150684,0.918918918918919,0.8333333333333334,0.8761261261261262,0.8979591836734694
baseline,Boruta,40,NaiveBayes,5,0.4926455075892523,0.8181818181818181,0.7297297297297297,0.8333333333333334,0.7815315315315315,0.7551020408163265
baseline,Boruta,40,LogisticRegression,5,0.6575959492214292,0.8615384615384616,0.7567567567567568,1.0,0.8783783783783784,0.8163265306122449
baseline,Boruta,40,AdaBoost,5,0.7172637021448854,0.9333333333333332,0.9459459459459459,0.75,0.847972972972973,0.8979591836734694
baseline,Boruta,40,AdaBoost_TUNED,5,0.6903452589658139,0.9166666666666667,0.8918918918918919,0.8333333333333334,0.8626126126126126,0.8775510204081632
baseline,Boruta,40,SVM_RBF,5,0.647244764785038,0.923076923076923,0.972972972972973,0.5833333333333334,0.7781531531531531,0.8775510204081632
baseline,Boruta,40,SVM_RBF_TUNED,5,0.5919280259278047,0.9135802469135803,1.0,0.4166666666666667,0.7083333333333334,0.8571428571428571
baseline,Boruta,50,RandomForest,5,0.7792792792792793,0.9459459459459459,0.9459459459459459,0.8333333333333334,0.8896396396396397,0.9183673469387755
baseline,Boruta,50,RandomForest_TUNED,5,0.7792792792792793,0.9459459459459459,0.9459459459459459,0.8333333333333334,0.8896396396396397,0.9183673469387755
baseline,Boruta,50,NeuralNetwork,5,0.7172637021448854,0.9333333333333332,0.9459459459459459,0.75,0.847972972972973,0.8979591836734694
baseline,Boruta,50,NeuralNetwork_TUNED,5,0.60352285617369,0.9066666666666667,0.918918918918919,0.6666666666666666,0.7927927927927928,0.8571428571428571
baseline,Boruta,50,NaiveBayes,5,0.6182035236467687,0.8656716417910447,0.7837837837837838,0.9166666666666666,0.8502252252252251,0.8163265306122449
baseline,Boruta,50,LogisticRegression,5,0.6857625465642392,0.8787878787878788,0.7837837837837838,1.0,0.8918918918918919,0.8367346938775511
baseline,Boruta,50,AdaBoost,5,0.7792792792792793,0.9459459459459459,0.9459459459459459,0.8333333333333334,0.8896396396396397,0.9183673469387755
baseline,Boruta,50,AdaBoost_TUNED,5,0.8310045481160808,0.9599999999999999,0.972972972972973,0.8333333333333334,0.9031531531531531,0.9387755102040817
baseline,Boruta,50,SVM_RBF,5,0.6559211523800211,0.9249999999999999,1.0,0.5,0.75,0.8775510204081632
baseline,Boruta,50,SVM_RBF_TUNED,5,0.6559211523800211,0.9249999999999999,1.0,0.5,0.75,0.8775510204081632
baseline,Boruta,60,RandomForest,5,0.7792792792792793,0.9459459459459459,0.9459459459459459,0.8333333333333334,0.8896396396396397,0.9183673469387755
baseline,Boruta,60,RandomForest_TUNED,5,0.7792792792792793,0.9459459459459459,0.9459459459459459,0.8333333333333334,0.8896396396396397,0.9183673469387755
baseline,Boruta,60,NeuralNetwork,5,0.8310045481160808,0.9599999999999999,0.972972972972973,0.8333333333333334,0.9031531531531531,0.9387755102040817
baseline,Boruta,60,NeuralNetwork_TUNED,5,0.5585585585585585,0.8918918918918919,0.8918918918918919,0.6666666666666666,0.7792792792792793,0.8367346938775511
baseline,Boruta,60,NaiveBayes,5,0.5892040270767457,0.8484848484848485,0.7567567567567568,0.9166666666666666,0.8367117117117118,0.7959183673469388
baseline,Boruta,60,LogisticRegression,5,0.6489241513205302,0.8823529411764706,0.8108108108108109,0.9166666666666666,0.8637387387387387,0.8367346938775511
baseline,Boruta,60,AdaBoost,5,0.5585585585585585,0.8918918918918919,0.8918918918918919,0.6666666666666666,0.7792792792792793,0.8367346938775511
baseline,Boruta,60,AdaBoost_TUNED,5,0.6252165252100295,0.9041095890410958,0.8918918918918919,0.75,0.8209459459459459,0.8571428571428571
baseline,Boruta,60,SVM_RBF,5,0.6559211523800211,0.9249999999999999,1.0,0.5,0.75,0.8775510204081632
baseline,Boruta,60,SVM_RBF_TUNED,5,0.6559211523800211,0.9249999999999999,1.0,0.5,0.75,0.8775510204081632
baseline,Boruta,70,RandomForest,5,0.7953977983736551,0.9444444444444445,0.918918918918919,0.9166666666666666,0.9177927927927928,0.9183673469387755
baseline,Boruta,70,RandomForest_TUNED,5,0.7953977983736551,0.9444444444444445,0.918918918918919,0.9166666666666666,0.9177927927927928,0.9183673469387755
baseline,Boruta,70,NeuralNetwork,5,0.7714028584743318,0.9473684210526315,0.972972972972973,0.75,0.8614864864864865,0.9183673469387755
baseline,Boruta,70,NeuralNetwork_TUNED,5,0.7103552664720693,0.935064935064935,0.972972972972973,0.6666666666666666,0.8198198198198199,0.8979591836734694
baseline,Boruta,70,NaiveBayes,5,0.46579713069851236,0.7999999999999999,0.7027027027027027,0.8333333333333334,0.7680180180180181,0.7346938775510204
baseline,Boruta,70,LogisticRegression,5,0.6154713163949571,0.8857142857142858,0.8378378378378378,0.8333333333333334,0.8355855855855856,0.8367346938775511
baseline,Boruta,70,AdaBoost,5,0.6252165252100295,0.9041095890410958,0.8918918918918919,0.75,0.8209459459459459,0.8571428571428571
baseline,Boruta,70,AdaBoost_TUNED,5,0.7327098927022802,0.9315068493150684,0.918918918918919,0.8333333333333334,0.8761261261261262,0.8979591836734694
baseline,Boruta,70,SVM_RBF,5,0.716860438920219,0.9367088607594937,1.0,0.5833333333333334,0.7916666666666667,0.8979591836734694
baseline,Boruta,70,SVM_RBF_TUNED,5,0.6559211523800211,0.9249999999999999,1.0,0.5,0.75,0.8775510204081632
baseline,Boruta,80,RandomForest,5,0.7792792792792793,0.9459459459459459,0.9459459459459459,0.8333333333333334,0.8896396396396397,0.9183673469387755
baseline,Boruta,80,RandomForest_TUNED,5,0.7792792792792793,0.9459459459459459,0.9459459459459459,0.8333333333333334,0.8896396396396397,0.9183673469387755
baseline,Boruta,80,NeuralNetwork,5,0.7792792792792793,0.9459459459459459,0.9459459459459459,0.8333333333333334,0.8896396396396397,0.9183673469387755
baseline,Boruta,80,NeuralNetwork_TUNED,5,0.6536497741589353,0.9210526315789475,0.9459459459459459,0.6666666666666666,0.8063063063063063,0.8775510204081632
baseline,Boruta,80,NaiveBayes,5,0.5208016823004932,0.835820895522388,0.7567567567567568,0.8333333333333334,0.795045045045045,0.7755102040816326
baseline,Boruta,80,LogisticRegression,5,0.6252165252100295,0.9041095890410958,0.8918918918918919,0.75,0.8209459459459459,0.8571428571428571
baseline,Boruta,80,AdaBoost,5,0.857400218763172,0.9577464788732395,0.918918918918919,1.0,0.9594594594594594,0.9387755102040817
baseline,Boruta,80,AdaBoost_TUNED,5,0.7953977983736551,0.9444444444444445,0.918918918918919,0.9166666666666666,0.9177927927927928,0.9183673469387755
baseline,Boruta,80,SVM_RBF,5,0.647244764785038,0.923076923076923,0.972972972972973,0.5833333333333334,0.7781531531531531,0.8775510204081632
baseline,Boruta,80,SVM_RBF_TUNED,5,0.716860438920219,0.9367088607594937,1.0,0.5833333333333334,0.7916666666666667,0.8979591836734694
baseline,Boruta,90,RandomForest,5,0.8402032601945308,0.9589041095890412,0.9459459459459459,0.9166666666666666,0.9313063063063063,0.9387755102040817
baseline,Boruta,90,RandomForest_TUNED,5,0.7792792792792793,0.9459459459459459,0.9459459459459459,0.8333333333333334,0.8896396396396397,0.9183673469387755
baseline,Boruta,90,NeuralNetwork,5,0.7792792792792793,0.9459459459459459,0.9459459459459459,0.8333333333333334,0.8896396396396397,0.9183673469387755
baseline,Boruta,90,NeuralNetwork_TUNED,5,0.6536497741589353,0.9210526315789475,0.9459459459459459,0.6666666666666666,0.8063063063063063,0.8775510204081632
baseline,Boruta,90,NaiveBayes,5,0.5504805494174156,0.8529411764705881,0.7837837837837838,0.8333333333333334,0.8085585585585586,0.7959183673469388
baseline,Boruta,90,LogisticRegression,5,0.4102297902255281,0.8493150684931507,0.8378378378378378,0.5833333333333334,0.7105855855855856,0.7755102040816326
baseline,Boruta,90,AdaBoost,5,0.7953977983736551,0.9444444444444445,0.918918918918919,0.9166666666666666,0.9177927927927928,0.9183673469387755
baseline,Boruta,90,AdaBoost_TUNED,5,0.6903452589658139,0.9166666666666667,0.8918918918918919,0.8333333333333334,0.8626126126126126,0.8775510204081632
baseline,Boruta,90,SVM_RBF,5,0.7714028584743318,0.9473684210526315,0.972972972972973,0.75,0.8614864864864865,0.9183673469387755
baseline,Boruta,90,SVM_RBF_TUNED,5,0.7714028584743318,0.9473684210526315,0.972972972972973,0.75,0.8614864864864865,0.9183673469387755
baseline,Boruta,100,RandomForest,5,0.7792792792792793,0.9459459459459459,0.9459459459459459,0.8333333333333334,0.8896396396396397,0.9183673469387755
baseline,Boruta,100,RandomForest_TUNED,5,0.7792792792792793,0.9459459459459459,0.9459459459459459,0.8333333333333334,0.8896396396396397,0.9183673469387755
baseline,Boruta,100,NeuralNetwork,5,0.8402032601945308,0.9589041095890412,0.9459459459459459,0.9166666666666666,0.9313063063063063,0.9387755102040817
baseline,Boruta,100,NeuralNetwork_TUNED,5,0.7172637021448854,0.9333333333333332,0.9459459459459459,0.75,0.847972972972973,0.8979591836734694
baseline,Boruta,100,NaiveBayes,5,0.5819358307200044,0.8695652173913043,0.8108108108108109,0.8333333333333334,0.8220720720720721,0.8163265306122449
baseline,Boruta,100,LogisticRegression,5,0.48978201020249457,0.88,0.8918918918918919,0.5833333333333334,0.7376126126126126,0.8163265306122449
baseline,Boruta,100,AdaBoost,5,0.7327098927022802,0.9315068493150684,0.918918918918919,0.8333333333333334,0.8761261261261262,0.8979591836734694
baseline,Boruta,100,AdaBoost_TUNED,5,0.7953977983736551,0.9444444444444445,0.918918918918919,0.9166666666666666,0.9177927927927928,0.9183673469387755
baseline,Boruta,100,SVM_RBF,5,0.7714028584743318,0.9473684210526315,0.972972972972973,0.75,0.8614864864864865,0.9183673469387755
baseline,Boruta,100,SVM_RBF_TUNED,5,0.8310045481160808,0.9599999999999999,0.972972972972973,0.8333333333333334,0.9031531531531531,0.9387755102040817
