Dataset,Method,N_Features,Classifier,Fold,MCC,F1,Sensitivity,Specificity,Balanced_Accuracy,Accuracy
baseline_male,mRMR,10,RandomForest,1,-0.14101901870444156,0.7894736842105263,0.6818181818181818,0.0,0.3409090909090909,0.6521739130434783
baseline_male,mRMR,10,RandomForest_TUNED,1,-0.12666009927622474,0.8205128205128205,0.7272727272727273,0.0,0.36363636363636365,0.6956521739130435
baseline_male,mRMR,10,NeuralNetwork,1,-0.12666009927622474,0.8205128205128205,0.7272727272727273,0.0,0.36363636363636365,0.6956521739130435
baseline_male,mRMR,10,NeuralNetwork_TUNED,1,-0.11236664374387369,0.85,0.7727272727272727,0.0,0.38636363636363635,0.7391304347826086
baseline_male,mRMR,10,NaiveBayes,1,-0.11236664374387369,0.85,0.7727272727272727,0.0,0.38636363636363635,0.7391304347826086
baseline_male,mRMR,10,LogisticRegression,1,-0.1556997888323046,0.7567567567567568,0.6363636363636364,0.0,0.3181818181818182,0.6086956521739131
baseline_male,mRMR,10,AdaBoost,1,-0.14101901870444156,0.7894736842105263,0.6818181818181818,0.0,0.3409090909090909,0.6521739130434783
baseline_male,mRMR,10,AdaBoost_TUNED,1,-0.1556997888323046,0.7567567567567568,0.6363636363636364,0.0,0.3181818181818182,0.6086956521739131
baseline_male,mRMR,10,SVM_RBF,1,-0.14101901870444156,0.7894736842105263,0.6818181818181818,0.0,0.3409090909090909,0.6521739130434783
baseline_male,mRMR,10,SVM_RBF_TUNED,1,-0.045454545454545456,0.9545454545454546,0.9545454545454546,0.0,0.4772727272727273,0.9130434782608695
baseline_male,mRMR,20,RandomForest,1,-0.14101901870444156,0.7894736842105263,0.6818181818181818,0.0,0.3409090909090909,0.6521739130434783
baseline_male,mRMR,20,RandomForest_TUNED,1,-0.14101901870444156,0.7894736842105263,0.6818181818181818,0.0,0.3409090909090909,0.6521739130434783
baseline_male,mRMR,20,NeuralNetwork,1,-0.11236664374387369,0.85,0.7727272727272727,0.0,0.38636363636363635,0.7391304347826086
baseline_male,mRMR,20,NeuralNetwork_TUNED,1,-0.0978231976089037,0.8780487804878049,0.8181818181818182,0.0,0.4090909090909091,0.782608695652174
baseline_male,mRMR,20,NaiveBayes,1,-0.08257228238447704,0.9047619047619048,0.8636363636363636,0.0,0.4318181818181818,0.8260869565217391
baseline_male,mRMR,20,LogisticRegression,1,-0.1556997888323046,0.7567567567567568,0.6363636363636364,0.0,0.3181818181818182,0.6086956521739131
baseline_male,mRMR,20,AdaBoost,1,0.3588702812826367,0.8717948717948718,0.7727272727272727,1.0,0.8863636363636364,0.782608695652174
baseline_male,mRMR,20,AdaBoost_TUNED,1,0.40451991747794525,0.9,0.8181818181818182,1.0,0.9090909090909092,0.8260869565217391
baseline_male,mRMR,20,SVM_RBF,1,-0.12666009927622474,0.8205128205128205,0.7272727272727273,0.0,0.36363636363636365,0.6956521739130435
baseline_male,mRMR,20,SVM_RBF_TUNED,1,-0.08257228238447704,0.9047619047619048,0.8636363636363636,0.0,0.4318181818181818,0.8260869565217391
baseline_male,mRMR,30,RandomForest,1,-0.11236664374387369,0.85,0.7727272727272727,0.0,0.38636363636363635,0.7391304347826086
baseline_male,mRMR,30,RandomForest_TUNED,1,-0.11236664374387369,0.85,0.7727272727272727,0.0,0.38636363636363635,0.7391304347826086
baseline_male,mRMR,30,NeuralNetwork,1,-0.0657951694959769,0.9302325581395349,0.9090909090909091,0.0,0.45454545454545453,0.8695652173913043
baseline_male,mRMR,30,NeuralNetwork_TUNED,1,-0.0657951694959769,0.9302325581395349,0.9090909090909091,0.0,0.45454545454545453,0.8695652173913043
baseline_male,mRMR,30,NaiveBayes,1,-0.11236664374387369,0.85,0.7727272727272727,0.0,0.38636363636363635,0.7391304347826086
baseline_male,mRMR,30,LogisticRegression,1,-0.12666009927622474,0.8205128205128205,0.7272727272727273,0.0,0.36363636363636365,0.6956521739130435
baseline_male,mRMR,30,AdaBoost,1,-0.0978231976089037,0.8780487804878049,0.8181818181818182,0.0,0.4090909090909091,0.782608695652174
baseline_male,mRMR,30,AdaBoost_TUNED,1,0.4646601886422926,0.9268292682926829,0.8636363636363636,1.0,0.9318181818181819,0.8695652173913043
baseline_male,mRMR,30,SVM_RBF,1,-0.0978231976089037,0.8780487804878049,0.8181818181818182,0.0,0.4090909090909091,0.782608695652174
baseline_male,mRMR,30,SVM_RBF_TUNED,1,0.0,0.9777777777777777,1.0,0.0,0.5,0.9565217391304348
baseline_male,mRMR,40,RandomForest,1,-0.08257228238447704,0.9047619047619048,0.8636363636363636,0.0,0.4318181818181818,0.8260869565217391
baseline_male,mRMR,40,RandomForest_TUNED,1,-0.0978231976089037,0.8780487804878049,0.8181818181818182,0.0,0.4090909090909091,0.782608695652174
baseline_male,mRMR,40,NeuralNetwork,1,-0.045454545454545456,0.9545454545454546,0.9545454545454546,0.0,0.4772727272727273,0.9130434782608695
baseline_male,mRMR,40,NeuralNetwork_TUNED,1,-0.0657951694959769,0.9302325581395349,0.9090909090909091,0.0,0.45454545454545453,0.8695652173913043
baseline_male,mRMR,40,NaiveBayes,1,-0.08257228238447704,0.9047619047619048,0.8636363636363636,0.0,0.4318181818181818,0.8260869565217391
baseline_male,mRMR,40,LogisticRegression,1,0.2919371040605711,0.8108108108108109,0.6818181818181818,1.0,0.8409090909090908,0.6956521739130435
baseline_male,mRMR,40,AdaBoost,1,-0.0978231976089037,0.8780487804878049,0.8181818181818182,0.0,0.4090909090909091,0.782608695652174
baseline_male,mRMR,40,AdaBoost_TUNED,1,-0.11236664374387369,0.85,0.7727272727272727,0.0,0.38636363636363635,0.7391304347826086
baseline_male,mRMR,40,SVM_RBF,1,-0.08257228238447704,0.9047619047619048,0.8636363636363636,0.0,0.4318181818181818,0.8260869565217391
baseline_male,mRMR,40,SVM_RBF_TUNED,1,0.0,0.9777777777777777,1.0,0.0,0.5,0.9565217391304348
baseline_male,mRMR,50,RandomForest,1,-0.0657951694959769,0.9302325581395349,0.9090909090909091,0.0,0.45454545454545453,0.8695652173913043
baseline_male,mRMR,50,RandomForest_TUNED,1,-0.11236664374387369,0.85,0.7727272727272727,0.0,0.38636363636363635,0.7391304347826086
baseline_male,mRMR,50,NeuralNetwork,1,-0.045454545454545456,0.9545454545454546,0.9545454545454546,0.0,0.4772727272727273,0.9130434782608695
baseline_male,mRMR,50,NeuralNetwork_TUNED,1,-0.0657951694959769,0.9302325581395349,0.9090909090909091,0.0,0.45454545454545453,0.8695652173913043
baseline_male,mRMR,50,NaiveBayes,1,-0.08257228238447704,0.9047619047619048,0.8636363636363636,0.0,0.4318181818181818,0.8260869565217391
baseline_male,mRMR,50,LogisticRegression,1,-0.12666009927622474,0.8205128205128205,0.7272727272727273,0.0,0.36363636363636365,0.6956521739130435
baseline_male,mRMR,50,AdaBoost,1,-0.11236664374387369,0.85,0.7727272727272727,0.0,0.38636363636363635,0.7391304347826086
baseline_male,mRMR,50,AdaBoost_TUNED,1,-0.08257228238447704,0.9047619047619048,0.8636363636363636,0.0,0.4318181818181818,0.8260869565217391
baseline_male,mRMR,50,SVM_RBF,1,-0.045454545454545456,0.9545454545454546,0.9545454545454546,0.0,0.4772727272727273,0.9130434782608695
baseline_male,mRMR,50,SVM_RBF_TUNED,1,-0.0657951694959769,0.9302325581395349,0.9090909090909091,0.0,0.45454545454545453,0.8695652173913043
baseline_male,mRMR,60,RandomForest,1,-0.0978231976089037,0.8780487804878049,0.8181818181818182,0.0,0.4090909090909091,0.782608695652174
baseline_male,mRMR,60,RandomForest_TUNED,1,-0.0978231976089037,0.8780487804878049,0.8181818181818182,0.0,0.4090909090909091,0.782608695652174
baseline_male,mRMR,60,NeuralNetwork,1,-0.0657951694959769,0.9302325581395349,0.9090909090909091,0.0,0.45454545454545453,0.8695652173913043
baseline_male,mRMR,60,NeuralNetwork_TUNED,1,-0.045454545454545456,0.9545454545454546,0.9545454545454546,0.0,0.4772727272727273,0.9130434782608695
baseline_male,mRMR,60,NaiveBayes,1,-0.11236664374387369,0.85,0.7727272727272727,0.0,0.38636363636363635,0.7391304347826086
baseline_male,mRMR,60,LogisticRegression,1,-0.12666009927622474,0.8205128205128205,0.7272727272727273,0.0,0.36363636363636365,0.6956521739130435
baseline_male,mRMR,60,AdaBoost,1,-0.0978231976089037,0.8780487804878049,0.8181818181818182,0.0,0.4090909090909091,0.782608695652174
baseline_male,mRMR,60,AdaBoost_TUNED,1,-0.0978231976089037,0.8780487804878049,0.8181818181818182,0.0,0.4090909090909091,0.782608695652174
baseline_male,mRMR,60,SVM_RBF,1,-0.045454545454545456,0.9545454545454546,0.9545454545454546,0.0,0.4772727272727273,0.9130434782608695
baseline_male,mRMR,60,SVM_RBF_TUNED,1,-0.0657951694959769,0.9302325581395349,0.9090909090909091,0.0,0.45454545454545453,0.8695652173913043
baseline_male,mRMR,70,RandomForest,1,-0.0657951694959769,0.9302325581395349,0.9090909090909091,0.0,0.45454545454545453,0.8695652173913043
baseline_male,mRMR,70,RandomForest_TUNED,1,-0.08257228238447704,0.9047619047619048,0.8636363636363636,0.0,0.4318181818181818,0.8260869565217391
baseline_male,mRMR,70,NeuralNetwork,1,-0.045454545454545456,0.9545454545454546,0.9545454545454546,0.0,0.4772727272727273,0.9130434782608695
baseline_male,mRMR,70,NeuralNetwork_TUNED,1,-0.045454545454545456,0.9545454545454546,0.9545454545454546,0.0,0.4772727272727273,0.9130434782608695
baseline_male,mRMR,70,NaiveBayes,1,-0.0978231976089037,0.8780487804878049,0.8181818181818182,0.0,0.4090909090909091,0.782608695652174
baseline_male,mRMR,70,LogisticRegression,1,-0.11236664374387369,0.85,0.7727272727272727,0.0,0.38636363636363635,0.7391304347826086
baseline_male,mRMR,70,AdaBoost,1,-0.08257228238447704,0.9047619047619048,0.8636363636363636,0.0,0.4318181818181818,0.8260869565217391
baseline_male,mRMR,70,AdaBoost_TUNED,1,-0.08257228238447704,0.9047619047619048,0.8636363636363636,0.0,0.4318181818181818,0.8260869565217391
baseline_male,mRMR,70,SVM_RBF,1,-0.0657951694959769,0.9302325581395349,0.9090909090909091,0.0,0.45454545454545453,0.8695652173913043
baseline_male,mRMR,70,SVM_RBF_TUNED,1,-0.0657951694959769,0.9302325581395349,0.9090909090909091,0.0,0.45454545454545453,0.8695652173913043
baseline_male,mRMR,80,RandomForest,1,-0.0657951694959769,0.9302325581395349,0.9090909090909091,0.0,0.45454545454545453,0.8695652173913043
baseline_male,mRMR,80,RandomForest_TUNED,1,-0.08257228238447704,0.9047619047619048,0.8636363636363636,0.0,0.4318181818181818,0.8260869565217391
baseline_male,mRMR,80,NeuralNetwork,1,-0.045454545454545456,0.9545454545454546,0.9545454545454546,0.0,0.4772727272727273,0.9130434782608695
baseline_male,mRMR,80,NeuralNetwork_TUNED,1,-0.0657951694959769,0.9302325581395349,0.9090909090909091,0.0,0.45454545454545453,0.8695652173913043
baseline_male,mRMR,80,NaiveBayes,1,-0.0978231976089037,0.8780487804878049,0.8181818181818182,0.0,0.4090909090909091,0.782608695652174
baseline_male,mRMR,80,LogisticRegression,1,-0.0657951694959769,0.9302325581395349,0.9090909090909091,0.0,0.45454545454545453,0.8695652173913043
baseline_male,mRMR,80,AdaBoost,1,0.4646601886422926,0.9268292682926829,0.8636363636363636,1.0,0.9318181818181819,0.8695652173913043
baseline_male,mRMR,80,AdaBoost_TUNED,1,0.4646601886422926,0.9268292682926829,0.8636363636363636,1.0,0.9318181818181819,0.8695652173913043
baseline_male,mRMR,80,SVM_RBF,1,-0.0657951694959769,0.9302325581395349,0.9090909090909091,0.0,0.45454545454545453,0.8695652173913043
baseline_male,mRMR,80,SVM_RBF_TUNED,1,-0.045454545454545456,0.9545454545454546,0.9545454545454546,0.0,0.4772727272727273,0.9130434782608695
baseline_male,mRMR,90,RandomForest,1,-0.08257228238447704,0.9047619047619048,0.8636363636363636,0.0,0.4318181818181818,0.8260869565217391
baseline_male,mRMR,90,RandomForest_TUNED,1,-0.08257228238447704,0.9047619047619048,0.8636363636363636,0.0,0.4318181818181818,0.8260869565217391
baseline_male,mRMR,90,NeuralNetwork,1,0.0,0.9777777777777777,1.0,0.0,0.5,0.9565217391304348
baseline_male,mRMR,90,NeuralNetwork_TUNED,1,-0.08257228238447704,0.9047619047619048,0.8636363636363636,0.0,0.4318181818181818,0.8260869565217391
baseline_male,mRMR,90,NaiveBayes,1,-0.08257228238447704,0.9047619047619048,0.8636363636363636,0.0,0.4318181818181818,0.8260869565217391
baseline_male,mRMR,90,LogisticRegression,1,-0.0978231976089037,0.8780487804878049,0.8181818181818182,0.0,0.4090909090909091,0.782608695652174
baseline_male,mRMR,90,AdaBoost,1,-0.0978231976089037,0.8780487804878049,0.8181818181818182,0.0,0.4090909090909091,0.782608695652174
baseline_male,mRMR,90,AdaBoost_TUNED,1,0.4646601886422926,0.9268292682926829,0.8636363636363636,1.0,0.9318181818181819,0.8695652173913043
baseline_male,mRMR,90,SVM_RBF,1,-0.045454545454545456,0.9545454545454546,0.9545454545454546,0.0,0.4772727272727273,0.9130434782608695
baseline_male,mRMR,90,SVM_RBF_TUNED,1,-0.045454545454545456,0.9545454545454546,0.9545454545454546,0.0,0.4772727272727273,0.9130434782608695
baseline_male,mRMR,100,RandomForest,1,-0.08257228238447704,0.9047619047619048,0.8636363636363636,0.0,0.4318181818181818,0.8260869565217391
baseline_male,mRMR,100,RandomForest_TUNED,1,-0.08257228238447704,0.9047619047619048,0.8636363636363636,0.0,0.4318181818181818,0.8260869565217391
baseline_male,mRMR,100,NeuralNetwork,1,-0.0657951694959769,0.9302325581395349,0.9090909090909091,0.0,0.45454545454545453,0.8695652173913043
baseline_male,mRMR,100,NeuralNetwork_TUNED,1,-0.08257228238447704,0.9047619047619048,0.8636363636363636,0.0,0.4318181818181818,0.8260869565217391
baseline_male,mRMR,100,NaiveBayes,1,-0.0978231976089037,0.8780487804878049,0.8181818181818182,0.0,0.4090909090909091,0.782608695652174
baseline_male,mRMR,100,LogisticRegression,1,-0.08257228238447704,0.9047619047619048,0.8636363636363636,0.0,0.4318181818181818,0.8260869565217391
baseline_male,mRMR,100,AdaBoost,1,-0.08257228238447704,0.9047619047619048,0.8636363636363636,0.0,0.4318181818181818,0.8260869565217391
baseline_male,mRMR,100,AdaBoost_TUNED,1,-0.0978231976089037,0.8780487804878049,0.8181818181818182,0.0,0.4090909090909091,0.782608695652174
baseline_male,mRMR,100,SVM_RBF,1,-0.045454545454545456,0.9545454545454546,0.9545454545454546,0.0,0.4772727272727273,0.9130434782608695
baseline_male,mRMR,100,SVM_RBF_TUNED,1,-0.0657951694959769,0.9302325581395349,0.9090909090909091,0.0,0.45454545454545453,0.8695652173913043
baseline_male,Boruta,10,RandomForest,1,-0.1556997888323046,0.7567567567567568,0.6363636363636364,0.0,0.3181818181818182,0.6086956521739131
baseline_male,Boruta,10,RandomForest_TUNED,1,-0.1556997888323046,0.7567567567567568,0.6363636363636364,0.0,0.3181818181818182,0.6086956521739131
baseline_male,Boruta,10,NeuralNetwork,1,-0.1556997888323046,0.7567567567567568,0.6363636363636364,0.0,0.3181818181818182,0.6086956521739131
baseline_male,Boruta,10,NeuralNetwork_TUNED,1,-0.14101901870444156,0.7894736842105263,0.6818181818181818,0.0,0.3409090909090909,0.6521739130434783
baseline_male,Boruta,10,NaiveBayes,1,0.2041241452319315,0.6666666666666666,0.5,1.0,0.75,0.5217391304347826
baseline_male,Boruta,10,LogisticRegression,1,-0.18698939800169143,0.6857142857142856,0.5454545454545454,0.0,0.2727272727272727,0.5217391304347826
baseline_male,Boruta,10,AdaBoost,1,-0.1556997888323046,0.7567567567567568,0.6363636363636364,0.0,0.3181818181818182,0.6086956521739131
baseline_male,Boruta,10,AdaBoost_TUNED,1,-0.14101901870444156,0.7894736842105263,0.6818181818181818,0.0,0.3409090909090909,0.6521739130434783
baseline_male,Boruta,10,SVM_RBF,1,-0.17094086468945693,0.7222222222222223,0.5909090909090909,0.0,0.29545454545454547,0.5652173913043478
baseline_male,Boruta,10,SVM_RBF_TUNED,1,-0.0657951694959769,0.9302325581395349,0.9090909090909091,0.0,0.45454545454545453,0.8695652173913043
baseline_male,Boruta,20,RandomForest,1,-0.17094086468945693,0.7222222222222223,0.5909090909090909,0.0,0.29545454545454547,0.5652173913043478
baseline_male,Boruta,20,RandomForest_TUNED,1,-0.1556997888323046,0.7567567567567568,0.6363636363636364,0.0,0.3181818181818182,0.6086956521739131
baseline_male,Boruta,20,NeuralNetwork,1,-0.12666009927622474,0.8205128205128205,0.7272727272727273,0.0,0.36363636363636365,0.6956521739130435
baseline_male,Boruta,20,NeuralNetwork_TUNED,1,-0.17094086468945693,0.7222222222222223,0.5909090909090909,0.0,0.29545454545454547,0.5652173913043478
baseline_male,Boruta,20,NaiveBayes,1,-0.18698939800169143,0.6857142857142856,0.5454545454545454,0.0,0.2727272727272727,0.5217391304347826
baseline_male,Boruta,20,LogisticRegression,1,-0.18698939800169143,0.6857142857142856,0.5454545454545454,0.0,0.2727272727272727,0.5217391304347826
baseline_male,Boruta,20,AdaBoost,1,-0.17094086468945693,0.7222222222222223,0.5909090909090909,0.0,0.29545454545454547,0.5652173913043478
baseline_male,Boruta,20,AdaBoost_TUNED,1,-0.1556997888323046,0.7567567567567568,0.6363636363636364,0.0,0.3181818181818182,0.6086956521739131
baseline_male,Boruta,20,SVM_RBF,1,-0.18698939800169143,0.6857142857142856,0.5454545454545454,0.0,0.2727272727272727,0.5217391304347826
baseline_male,Boruta,20,SVM_RBF_TUNED,1,-0.08257228238447704,0.9047619047619048,0.8636363636363636,0.0,0.4318181818181818,0.8260869565217391
baseline_male,Boruta,30,RandomForest,1,-0.12666009927622474,0.8205128205128205,0.7272727272727273,0.0,0.36363636363636365,0.6956521739130435
baseline_male,Boruta,30,RandomForest_TUNED,1,-0.12666009927622474,0.8205128205128205,0.7272727272727273,0.0,0.36363636363636365,0.6956521739130435
baseline_male,Boruta,30,NeuralNetwork,1,-0.0978231976089037,0.8780487804878049,0.8181818181818182,0.0,0.4090909090909091,0.782608695652174
baseline_male,Boruta,30,NeuralNetwork_TUNED,1,-0.08257228238447704,0.9047619047619048,0.8636363636363636,0.0,0.4318181818181818,0.8260869565217391
baseline_male,Boruta,30,NaiveBayes,1,-0.17094086468945693,0.7222222222222223,0.5909090909090909,0.0,0.29545454545454547,0.5652173913043478
baseline_male,Boruta,30,LogisticRegression,1,-0.1556997888323046,0.7567567567567568,0.6363636363636364,0.0,0.3181818181818182,0.6086956521739131
baseline_male,Boruta,30,AdaBoost,1,-0.1556997888323046,0.7567567567567568,0.6363636363636364,0.0,0.3181818181818182,0.6086956521739131
baseline_male,Boruta,30,AdaBoost_TUNED,1,-0.1556997888323046,0.7567567567567568,0.6363636363636364,0.0,0.3181818181818182,0.6086956521739131
baseline_male,Boruta,30,SVM_RBF,1,-0.0978231976089037,0.8780487804878049,0.8181818181818182,0.0,0.4090909090909091,0.782608695652174
baseline_male,Boruta,30,SVM_RBF_TUNED,1,-0.045454545454545456,0.9545454545454546,0.9545454545454546,0.0,0.4772727272727273,0.9130434782608695
baseline_male,Boruta,40,RandomForest,1,-0.11236664374387369,0.85,0.7727272727272727,0.0,0.38636363636363635,0.7391304347826086
baseline_male,Boruta,40,RandomForest_TUNED,1,-0.11236664374387369,0.85,0.7727272727272727,0.0,0.38636363636363635,0.7391304347826086
baseline_male,Boruta,40,NeuralNetwork,1,-0.0657951694959769,0.9302325581395349,0.9090909090909091,0.0,0.45454545454545453,0.8695652173913043
baseline_male,Boruta,40,NeuralNetwork_TUNED,1,-0.0657951694959769,0.9302325581395349,0.9090909090909091,0.0,0.45454545454545453,0.8695652173913043
baseline_male,Boruta,40,NaiveBayes,1,-0.14101901870444156,0.7894736842105263,0.6818181818181818,0.0,0.3409090909090909,0.6521739130434783
baseline_male,Boruta,40,LogisticRegression,1,-0.12666009927622474,0.8205128205128205,0.7272727272727273,0.0,0.36363636363636365,0.6956521739130435
baseline_male,Boruta,40,AdaBoost,1,-0.0978231976089037,0.8780487804878049,0.8181818181818182,0.0,0.4090909090909091,0.782608695652174
baseline_male,Boruta,40,AdaBoost_TUNED,1,-0.0978231976089037,0.8780487804878049,0.8181818181818182,0.0,0.4090909090909091,0.782608695652174
baseline_male,Boruta,40,SVM_RBF,1,-0.0657951694959769,0.9302325581395349,0.9090909090909091,0.0,0.45454545454545453,0.8695652173913043
baseline_male,Boruta,40,SVM_RBF_TUNED,1,0.5504818825631803,0.9523809523809523,0.9090909090909091,1.0,0.9545454545454546,0.9130434782608695
baseline_male,Boruta,50,RandomForest,1,-0.0978231976089037,0.8780487804878049,0.8181818181818182,0.0,0.4090909090909091,0.782608695652174
baseline_male,Boruta,50,RandomForest_TUNED,1,-0.0978231976089037,0.8780487804878049,0.8181818181818182,0.0,0.4090909090909091,0.782608695652174
baseline_male,Boruta,50,NeuralNetwork,1,-0.0657951694959769,0.9302325581395349,0.9090909090909091,0.0,0.45454545454545453,0.8695652173913043
baseline_male,Boruta,50,NeuralNetwork_TUNED,1,-0.045454545454545456,0.9545454545454546,0.9545454545454546,0.0,0.4772727272727273,0.9130434782608695
baseline_male,Boruta,50,NaiveBayes,1,-0.14101901870444156,0.7894736842105263,0.6818181818181818,0.0,0.3409090909090909,0.6521739130434783
baseline_male,Boruta,50,LogisticRegression,1,-0.11236664374387369,0.85,0.7727272727272727,0.0,0.38636363636363635,0.7391304347826086
baseline_male,Boruta,50,AdaBoost,1,0.40451991747794525,0.9,0.8181818181818182,1.0,0.9090909090909092,0.8260869565217391
baseline_male,Boruta,50,AdaBoost_TUNED,1,0.3588702812826367,0.8717948717948718,0.7727272727272727,1.0,0.8863636363636364,0.782608695652174
baseline_male,Boruta,50,SVM_RBF,1,0.5504818825631803,0.9523809523809523,0.9090909090909091,1.0,0.9545454545454546,0.9130434782608695
baseline_male,Boruta,50,SVM_RBF_TUNED,1,0.6908492797077574,0.9767441860465117,0.9545454545454546,1.0,0.9772727272727273,0.9565217391304348
baseline_male,Boruta,60,RandomForest,1,-0.08257228238447704,0.9047619047619048,0.8636363636363636,0.0,0.4318181818181818,0.8260869565217391
baseline_male,Boruta,60,RandomForest_TUNED,1,-0.08257228238447704,0.9047619047619048,0.8636363636363636,0.0,0.4318181818181818,0.8260869565217391
baseline_male,Boruta,60,NeuralNetwork,1,0.5504818825631803,0.9523809523809523,0.9090909090909091,1.0,0.9545454545454546,0.9130434782608695
baseline_male,Boruta,60,NeuralNetwork_TUNED,1,0.6908492797077574,0.9767441860465117,0.9545454545454546,1.0,0.9772727272727273,0.9565217391304348
baseline_male,Boruta,60,NaiveBayes,1,-0.14101901870444156,0.7894736842105263,0.6818181818181818,0.0,0.3409090909090909,0.6521739130434783
baseline_male,Boruta,60,LogisticRegression,1,-0.14101901870444156,0.7894736842105263,0.6818181818181818,0.0,0.3409090909090909,0.6521739130434783
baseline_male,Boruta,60,AdaBoost,1,-0.0978231976089037,0.8780487804878049,0.8181818181818182,0.0,0.4090909090909091,0.782608695652174
baseline_male,Boruta,60,AdaBoost_TUNED,1,-0.08257228238447704,0.9047619047619048,0.8636363636363636,0.0,0.4318181818181818,0.8260869565217391
baseline_male,Boruta,60,SVM_RBF,1,0.6908492797077574,0.9767441860465117,0.9545454545454546,1.0,0.9772727272727273,0.9565217391304348
baseline_male,Boruta,60,SVM_RBF_TUNED,1,0.6908492797077574,0.9767441860465117,0.9545454545454546,1.0,0.9772727272727273,0.9565217391304348
baseline_male,Boruta,70,RandomForest,1,-0.0978231976089037,0.8780487804878049,0.8181818181818182,0.0,0.4090909090909091,0.782608695652174
baseline_male,Boruta,70,RandomForest_TUNED,1,-0.11236664374387369,0.85,0.7727272727272727,0.0,0.38636363636363635,0.7391304347826086
baseline_male,Boruta,70,NeuralNetwork,1,0.6908492797077574,0.9767441860465117,0.9545454545454546,1.0,0.9772727272727273,0.9565217391304348
baseline_male,Boruta,70,NeuralNetwork_TUNED,1,-0.045454545454545456,0.9545454545454546,0.9545454545454546,0.0,0.4772727272727273,0.9130434782608695
baseline_male,Boruta,70,NaiveBayes,1,-0.14101901870444156,0.7894736842105263,0.6818181818181818,0.0,0.3409090909090909,0.6521739130434783
baseline_male,Boruta,70,LogisticRegression,1,0.3588702812826367,0.8717948717948718,0.7727272727272727,1.0,0.8863636363636364,0.782608695652174
baseline_male,Boruta,70,AdaBoost,1,-0.0978231976089037,0.8780487804878049,0.8181818181818182,0.0,0.4090909090909091,0.782608695652174
baseline_male,Boruta,70,AdaBoost_TUNED,1,-0.0978231976089037,0.8780487804878049,0.8181818181818182,0.0,0.4090909090909091,0.782608695652174
baseline_male,Boruta,70,SVM_RBF,1,-0.045454545454545456,0.9545454545454546,0.9545454545454546,0.0,0.4772727272727273,0.9130434782608695
baseline_male,Boruta,70,SVM_RBF_TUNED,1,-0.045454545454545456,0.9545454545454546,0.9545454545454546,0.0,0.4772727272727273,0.9130434782608695
baseline_male,Boruta,80,RandomForest,1,-0.08257228238447704,0.9047619047619048,0.8636363636363636,0.0,0.4318181818181818,0.8260869565217391
baseline_male,Boruta,80,RandomForest_TUNED,1,-0.0978231976089037,0.8780487804878049,0.8181818181818182,0.0,0.4090909090909091,0.782608695652174
baseline_male,Boruta,80,NeuralNetwork,1,-0.0657951694959769,0.9302325581395349,0.9090909090909091,0.0,0.45454545454545453,0.8695652173913043
baseline_male,Boruta,80,NeuralNetwork_TUNED,1,-0.045454545454545456,0.9545454545454546,0.9545454545454546,0.0,0.4772727272727273,0.9130434782608695
baseline_male,Boruta,80,NaiveBayes,1,-0.14101901870444156,0.7894736842105263,0.6818181818181818,0.0,0.3409090909090909,0.6521739130434783
baseline_male,Boruta,80,LogisticRegression,1,-0.12666009927622474,0.8205128205128205,0.7272727272727273,0.0,0.36363636363636365,0.6956521739130435
baseline_male,Boruta,80,AdaBoost,1,-0.08257228238447704,0.9047619047619048,0.8636363636363636,0.0,0.4318181818181818,0.8260869565217391
baseline_male,Boruta,80,AdaBoost_TUNED,1,-0.045454545454545456,0.9545454545454546,0.9545454545454546,0.0,0.4772727272727273,0.9130434782608695
baseline_male,Boruta,80,SVM_RBF,1,-0.045454545454545456,0.9545454545454546,0.9545454545454546,0.0,0.4772727272727273,0.9130434782608695
baseline_male,Boruta,80,SVM_RBF_TUNED,1,-0.045454545454545456,0.9545454545454546,0.9545454545454546,0.0,0.4772727272727273,0.9130434782608695
baseline_male,Boruta,90,RandomForest,1,-0.0657951694959769,0.9302325581395349,0.9090909090909091,0.0,0.45454545454545453,0.8695652173913043
baseline_male,Boruta,90,RandomForest_TUNED,1,-0.0657951694959769,0.9302325581395349,0.9090909090909091,0.0,0.45454545454545453,0.8695652173913043
baseline_male,Boruta,90,NeuralNetwork,1,-0.08257228238447704,0.9047619047619048,0.8636363636363636,0.0,0.4318181818181818,0.8260869565217391
baseline_male,Boruta,90,NeuralNetwork_TUNED,1,-0.045454545454545456,0.9545454545454546,0.9545454545454546,0.0,0.4772727272727273,0.9130434782608695
baseline_male,Boruta,90,NaiveBayes,1,-0.12666009927622474,0.8205128205128205,0.7272727272727273,0.0,0.36363636363636365,0.6956521739130435
baseline_male,Boruta,90,LogisticRegression,1,-0.11236664374387369,0.85,0.7727272727272727,0.0,0.38636363636363635,0.7391304347826086
baseline_male,Boruta,90,AdaBoost,1,-0.08257228238447704,0.9047619047619048,0.8636363636363636,0.0,0.4318181818181818,0.8260869565217391
baseline_male,Boruta,90,AdaBoost_TUNED,1,-0.08257228238447704,0.9047619047619048,0.8636363636363636,0.0,0.4318181818181818,0.8260869565217391
baseline_male,Boruta,90,SVM_RBF,1,-0.045454545454545456,0.9545454545454546,0.9545454545454546,0.0,0.4772727272727273,0.9130434782608695
baseline_male,Boruta,90,SVM_RBF_TUNED,1,-0.045454545454545456,0.9545454545454546,0.9545454545454546,0.0,0.4772727272727273,0.9130434782608695
baseline_male,Boruta,100,RandomForest,1,-0.0657951694959769,0.9302325581395349,0.9090909090909091,0.0,0.45454545454545453,0.8695652173913043
baseline_male,Boruta,100,RandomForest_TUNED,1,-0.0978231976089037,0.8780487804878049,0.8181818181818182,0.0,0.4090909090909091,0.782608695652174
baseline_male,Boruta,100,NeuralNetwork,1,-0.045454545454545456,0.9545454545454546,0.9545454545454546,0.0,0.4772727272727273,0.9130434782608695
baseline_male,Boruta,100,NeuralNetwork_TUNED,1,-0.045454545454545456,0.9545454545454546,0.9545454545454546,0.0,0.4772727272727273,0.9130434782608695
baseline_male,Boruta,100,NaiveBayes,1,-0.12666009927622474,0.8205128205128205,0.7272727272727273,0.0,0.36363636363636365,0.6956521739130435
baseline_male,Boruta,100,LogisticRegression,1,-0.11236664374387369,0.85,0.7727272727272727,0.0,0.38636363636363635,0.7391304347826086
baseline_male,Boruta,100,AdaBoost,1,-0.08257228238447704,0.9047619047619048,0.8636363636363636,0.0,0.4318181818181818,0.8260869565217391
baseline_male,Boruta,100,AdaBoost_TUNED,1,-0.08257228238447704,0.9047619047619048,0.8636363636363636,0.0,0.4318181818181818,0.8260869565217391
baseline_male,Boruta,100,SVM_RBF,1,-0.045454545454545456,0.9545454545454546,0.9545454545454546,0.0,0.4772727272727273,0.9130434782608695
baseline_male,Boruta,100,SVM_RBF_TUNED,1,-0.045454545454545456,0.9545454545454546,0.9545454545454546,0.0,0.4772727272727273,0.9130434782608695
baseline_male,mRMR,10,RandomForest,2,0.45814444005344374,0.8679245283018868,0.8846153846153846,0.5555555555555556,0.7200854700854701,0.8
baseline_male,mRMR,10,RandomForest_TUNED,2,0.45814444005344374,0.8679245283018868,0.8846153846153846,0.5555555555555556,0.7200854700854701,0.8
baseline_male,mRMR,10,NeuralNetwork,2,0.20672455764868075,0.7843137254901961,0.7692307692307693,0.4444444444444444,0.6068376068376069,0.6857142857142857
baseline_male,mRMR,10,NeuralNetwork_TUNED,2,0.4151682458530185,0.7826086956521738,0.6923076923076923,0.7777777777777778,0.7350427350427351,0.7142857142857143
baseline_male,mRMR,10,NaiveBayes,2,0.45814444005344374,0.8679245283018868,0.8846153846153846,0.5555555555555556,0.7200854700854701,0.8
baseline_male,mRMR,10,LogisticRegression,2,0.44659420836637254,0.8400000000000001,0.8076923076923077,0.6666666666666666,0.7371794871794872,0.7714285714285715
baseline_male,mRMR,10,AdaBoost,2,0.4151682458530185,0.7826086956521738,0.6923076923076923,0.7777777777777778,0.7350427350427351,0.7142857142857143
baseline_male,mRMR,10,AdaBoost_TUNED,2,0.45369643578108027,0.8085106382978723,0.7307692307692307,0.7777777777777778,0.7542735042735043,0.7428571428571429
baseline_male,mRMR,10,SVM_RBF,2,0.44659420836637254,0.8400000000000001,0.8076923076923077,0.6666666666666666,0.7371794871794872,0.7714285714285715
baseline_male,mRMR,10,SVM_RBF_TUNED,2,0.05337605126836238,0.8275862068965517,0.9230769230769231,0.1111111111111111,0.5170940170940171,0.7142857142857143
baseline_male,mRMR,20,RandomForest,2,0.6105406265195007,0.9122807017543859,1.0,0.4444444444444444,0.7222222222222222,0.8571428571428571
baseline_male,mRMR,20,RandomForest_TUNED,2,0.5070724870494426,0.8928571428571429,0.9615384615384616,0.4444444444444444,0.7029914529914529,0.8285714285714286
baseline_male,mRMR,20,NeuralNetwork,2,0.5229763603684908,0.888888888888889,0.9230769230769231,0.5555555555555556,0.7393162393162394,0.8285714285714286
baseline_male,mRMR,20,NeuralNetwork_TUNED,2,0.5996568753954697,0.9090909090909091,0.9615384615384616,0.5555555555555556,0.7585470085470085,0.8571428571428571
baseline_male,mRMR,20,NaiveBayes,2,0.35954624775333743,0.8518518518518519,0.8846153846153846,0.4444444444444444,0.6645299145299145,0.7714285714285715
baseline_male,mRMR,20,LogisticRegression,2,0.44659420836637254,0.8400000000000001,0.8076923076923077,0.6666666666666666,0.7371794871794872,0.7714285714285715
baseline_male,mRMR,20,AdaBoost,2,0.6138245895861674,0.9056603773584906,0.9230769230769231,0.6666666666666666,0.7948717948717949,0.8571428571428571
baseline_male,mRMR,20,AdaBoost_TUNED,2,0.769504739118891,0.9433962264150944,0.9615384615384616,0.7777777777777778,0.8696581196581197,0.9142857142857143
baseline_male,mRMR,20,SVM_RBF,2,0.6105406265195007,0.9122807017543859,1.0,0.4444444444444444,0.7222222222222222,0.8571428571428571
baseline_male,mRMR,20,SVM_RBF_TUNED,2,0.4184306096405652,0.8813559322033898,1.0,0.2222222222222222,0.6111111111111112,0.8
baseline_male,mRMR,30,RandomForest,2,0.5070724870494426,0.8928571428571429,0.9615384615384616,0.4444444444444444,0.7029914529914529,0.8285714285714286
baseline_male,mRMR,30,RandomForest_TUNED,2,0.5996568753954697,0.9090909090909091,0.9615384615384616,0.5555555555555556,0.7585470085470085,0.8571428571428571
baseline_male,mRMR,30,NeuralNetwork,2,0.6105406265195007,0.9122807017543859,1.0,0.4444444444444444,0.7222222222222222,0.8571428571428571
baseline_male,mRMR,30,NeuralNetwork_TUNED,2,0.5070724870494426,0.8928571428571429,0.9615384615384616,0.4444444444444444,0.7029914529914529,0.8285714285714286
baseline_male,mRMR,30,NaiveBayes,2,0.426202407305871,0.8727272727272727,0.9230769230769231,0.4444444444444444,0.6837606837606838,0.8
baseline_male,mRMR,30,LogisticRegression,2,0.45814444005344374,0.8679245283018868,0.8846153846153846,0.5555555555555556,0.7200854700854701,0.8
baseline_male,mRMR,30,AdaBoost,2,0.5229763603684908,0.888888888888889,0.9230769230769231,0.5555555555555556,0.7393162393162394,0.8285714285714286
baseline_male,mRMR,30,AdaBoost_TUNED,2,0.6864064729836441,0.9259259259259259,0.9615384615384616,0.6666666666666666,0.8141025641025641,0.8857142857142857
baseline_male,mRMR,30,SVM_RBF,2,0.5204164998665333,0.896551724137931,1.0,0.3333333333333333,0.6666666666666666,0.8285714285714286
baseline_male,mRMR,30,SVM_RBF_TUNED,2,0.5204164998665333,0.896551724137931,1.0,0.3333333333333333,0.6666666666666666,0.8285714285714286
baseline_male,mRMR,40,RandomForest,2,0.426202407305871,0.8727272727272727,0.9230769230769231,0.4444444444444444,0.6837606837606838,0.8
baseline_male,mRMR,40,RandomForest_TUNED,2,0.426202407305871,0.8727272727272727,0.9230769230769231,0.4444444444444444,0.6837606837606838,0.8
baseline_male,mRMR,40,NeuralNetwork,2,0.6105406265195007,0.9122807017543859,1.0,0.4444444444444444,0.7222222222222222,0.8571428571428571
baseline_male,mRMR,40,NeuralNetwork_TUNED,2,0.5070724870494426,0.8928571428571429,0.9615384615384616,0.4444444444444444,0.7029914529914529,0.8285714285714286
baseline_male,mRMR,40,NaiveBayes,2,0.35954624775333743,0.8518518518518519,0.8846153846153846,0.4444444444444444,0.6645299145299145,0.7714285714285715
baseline_male,mRMR,40,LogisticRegression,2,0.6138245895861674,0.9056603773584906,0.9230769230769231,0.6666666666666666,0.7948717948717949,0.8571428571428571
baseline_male,mRMR,40,AdaBoost,2,0.7008547008547008,0.9230769230769231,0.9230769230769231,0.7777777777777778,0.8504273504273505,0.8857142857142857
baseline_male,mRMR,40,AdaBoost_TUNED,2,0.6138245895861674,0.9056603773584906,0.9230769230769231,0.6666666666666666,0.7948717948717949,0.8571428571428571
baseline_male,mRMR,40,SVM_RBF,2,0.693888666488711,0.9285714285714286,1.0,0.5555555555555556,0.7777777777777778,0.8857142857142857
baseline_male,mRMR,40,SVM_RBF_TUNED,2,0.5204164998665333,0.896551724137931,1.0,0.3333333333333333,0.6666666666666666,0.8285714285714286
baseline_male,mRMR,50,RandomForest,2,0.6105406265195007,0.9122807017543859,1.0,0.4444444444444444,0.7222222222222222,0.8571428571428571
baseline_male,mRMR,50,RandomForest_TUNED,2,0.6105406265195007,0.9122807017543859,1.0,0.4444444444444444,0.7222222222222222,0.8571428571428571
baseline_male,mRMR,50,NeuralNetwork,2,0.6105406265195007,0.9122807017543859,1.0,0.4444444444444444,0.7222222222222222,0.8571428571428571
baseline_male,mRMR,50,NeuralNetwork_TUNED,2,0.4050702233638995,0.8771929824561403,0.9615384615384616,0.3333333333333333,0.6474358974358975,0.8
baseline_male,mRMR,50,NaiveBayes,2,0.35954624775333743,0.8518518518518519,0.8846153846153846,0.4444444444444444,0.6645299145299145,0.7714285714285715
baseline_male,mRMR,50,LogisticRegression,2,0.44659420836637254,0.8400000000000001,0.8076923076923077,0.6666666666666666,0.7371794871794872,0.7714285714285715
baseline_male,mRMR,50,AdaBoost,2,0.6864064729836441,0.9259259259259259,0.9615384615384616,0.6666666666666666,0.8141025641025641,0.8857142857142857
baseline_male,mRMR,50,AdaBoost_TUNED,2,0.6864064729836441,0.9259259259259259,0.9615384615384616,0.6666666666666666,0.8141025641025641,0.8857142857142857
baseline_male,mRMR,50,SVM_RBF,2,0.6105406265195007,0.9122807017543859,1.0,0.4444444444444444,0.7222222222222222,0.8571428571428571
baseline_male,mRMR,50,SVM_RBF_TUNED,2,0.4184306096405652,0.8813559322033898,1.0,0.2222222222222222,0.6111111111111112,0.8
baseline_male,mRMR,60,RandomForest,2,0.5070724870494426,0.8928571428571429,0.9615384615384616,0.4444444444444444,0.7029914529914529,0.8285714285714286
baseline_male,mRMR,60,RandomForest_TUNED,2,0.5070724870494426,0.8928571428571429,0.9615384615384616,0.4444444444444444,0.7029914529914529,0.8285714285714286
baseline_male,mRMR,60,NeuralNetwork,2,0.4050702233638995,0.8771929824561403,0.9615384615384616,0.3333333333333333,0.6474358974358975,0.8
baseline_male,mRMR,60,NeuralNetwork_TUNED,2,0.5070724870494426,0.8928571428571429,0.9615384615384616,0.4444444444444444,0.7029914529914529,0.8285714285714286
baseline_male,mRMR,60,NaiveBayes,2,0.35954624775333743,0.8518518518518519,0.8846153846153846,0.4444444444444444,0.6645299145299145,0.7714285714285715
baseline_male,mRMR,60,LogisticRegression,2,0.5874122019954089,0.8799999999999999,0.8461538461538461,0.7777777777777778,0.811965811965812,0.8285714285714286
baseline_male,mRMR,60,AdaBoost,2,0.5512820512820513,0.8846153846153846,0.8846153846153846,0.6666666666666666,0.7756410256410255,0.8285714285714286
baseline_male,mRMR,60,AdaBoost_TUNED,2,0.6138245895861674,0.9056603773584906,0.9230769230769231,0.6666666666666666,0.7948717948717949,0.8571428571428571
baseline_male,mRMR,60,SVM_RBF,2,0.4184306096405652,0.8813559322033898,1.0,0.2222222222222222,0.6111111111111112,0.8
baseline_male,mRMR,60,SVM_RBF_TUNED,2,0.4184306096405652,0.8813559322033898,1.0,0.2222222222222222,0.6111111111111112,0.8
baseline_male,mRMR,70,RandomForest,2,0.6105406265195007,0.9122807017543859,1.0,0.4444444444444444,0.7222222222222222,0.8571428571428571
baseline_male,mRMR,70,RandomForest_TUNED,2,0.6105406265195007,0.9122807017543859,1.0,0.4444444444444444,0.7222222222222222,0.8571428571428571
baseline_male,mRMR,70,NeuralNetwork,2,0.4050702233638995,0.8771929824561403,0.9615384615384616,0.3333333333333333,0.6474358974358975,0.8
baseline_male,mRMR,70,NeuralNetwork_TUNED,2,0.6105406265195007,0.9122807017543859,1.0,0.4444444444444444,0.7222222222222222,0.8571428571428571
baseline_male,mRMR,70,NaiveBayes,2,0.35954624775333743,0.8518518518518519,0.8846153846153846,0.4444444444444444,0.6645299145299145,0.7714285714285715
baseline_male,mRMR,70,LogisticRegression,2,0.5229763603684908,0.888888888888889,0.9230769230769231,0.5555555555555556,0.7393162393162394,0.8285714285714286
baseline_male,mRMR,70,AdaBoost,2,0.6138245895861674,0.9056603773584906,0.9230769230769231,0.6666666666666666,0.7948717948717949,0.8571428571428571
baseline_male,mRMR,70,AdaBoost_TUNED,2,0.6864064729836441,0.9259259259259259,0.9615384615384616,0.6666666666666666,0.8141025641025641,0.8857142857142857
baseline_male,mRMR,70,SVM_RBF,2,0.4184306096405652,0.8813559322033898,1.0,0.2222222222222222,0.6111111111111112,0.8
baseline_male,mRMR,70,SVM_RBF_TUNED,2,0.4184306096405652,0.8813559322033898,1.0,0.2222222222222222,0.6111111111111112,0.8
baseline_male,mRMR,80,RandomForest,2,0.426202407305871,0.8727272727272727,0.9230769230769231,0.4444444444444444,0.6837606837606838,0.8
baseline_male,mRMR,80,RandomForest_TUNED,2,0.426202407305871,0.8727272727272727,0.9230769230769231,0.4444444444444444,0.6837606837606838,0.8
baseline_male,mRMR,80,NeuralNetwork,2,0.5204164998665333,0.896551724137931,1.0,0.3333333333333333,0.6666666666666666,0.8285714285714286
baseline_male,mRMR,80,NeuralNetwork_TUNED,2,0.5204164998665333,0.896551724137931,1.0,0.3333333333333333,0.6666666666666666,0.8285714285714286
baseline_male,mRMR,80,NaiveBayes,2,0.5070724870494426,0.8928571428571429,0.9615384615384616,0.4444444444444444,0.7029914529914529,0.8285714285714286
baseline_male,mRMR,80,LogisticRegression,2,0.6138245895861674,0.9056603773584906,0.9230769230769231,0.6666666666666666,0.7948717948717949,0.8571428571428571
baseline_male,mRMR,80,AdaBoost,2,0.6864064729836441,0.9259259259259259,0.9615384615384616,0.6666666666666666,0.8141025641025641,0.8857142857142857
baseline_male,mRMR,80,AdaBoost_TUNED,2,0.6864064729836441,0.9259259259259259,0.9615384615384616,0.6666666666666666,0.8141025641025641,0.8857142857142857
baseline_male,mRMR,80,SVM_RBF,2,0.4184306096405652,0.8813559322033898,1.0,0.2222222222222222,0.6111111111111112,0.8
baseline_male,mRMR,80,SVM_RBF_TUNED,2,0.4184306096405652,0.8813559322033898,1.0,0.2222222222222222,0.6111111111111112,0.8
baseline_male,mRMR,90,RandomForest,2,0.426202407305871,0.8727272727272727,0.9230769230769231,0.4444444444444444,0.6837606837606838,0.8
baseline_male,mRMR,90,RandomForest_TUNED,2,0.5996568753954697,0.9090909090909091,0.9615384615384616,0.5555555555555556,0.7585470085470085,0.8571428571428571
baseline_male,mRMR,90,NeuralNetwork,2,0.5070724870494426,0.8928571428571429,0.9615384615384616,0.4444444444444444,0.7029914529914529,0.8285714285714286
baseline_male,mRMR,90,NeuralNetwork_TUNED,2,0.5204164998665333,0.896551724137931,1.0,0.3333333333333333,0.6666666666666666,0.8285714285714286
baseline_male,mRMR,90,NaiveBayes,2,0.426202407305871,0.8727272727272727,0.9230769230769231,0.4444444444444444,0.6837606837606838,0.8
baseline_male,mRMR,90,LogisticRegression,2,0.6864064729836441,0.9259259259259259,0.9615384615384616,0.6666666666666666,0.8141025641025641,0.8857142857142857
baseline_male,mRMR,90,AdaBoost,2,0.6138245895861674,0.9056603773584906,0.9230769230769231,0.6666666666666666,0.7948717948717949,0.8571428571428571
baseline_male,mRMR,90,AdaBoost_TUNED,2,0.6864064729836441,0.9259259259259259,0.9615384615384616,0.6666666666666666,0.8141025641025641,0.8857142857142857
baseline_male,mRMR,90,SVM_RBF,2,0.2868962755674478,0.8620689655172413,0.9615384615384616,0.2222222222222222,0.5918803418803419,0.7714285714285715
baseline_male,mRMR,90,SVM_RBF_TUNED,2,0.4184306096405652,0.8813559322033898,1.0,0.2222222222222222,0.6111111111111112,0.8
baseline_male,mRMR,100,RandomForest,2,0.5070724870494426,0.8928571428571429,0.9615384615384616,0.4444444444444444,0.7029914529914529,0.8285714285714286
baseline_male,mRMR,100,RandomForest_TUNED,2,0.5070724870494426,0.8928571428571429,0.9615384615384616,0.4444444444444444,0.7029914529914529,0.8285714285714286
baseline_male,mRMR,100,NeuralNetwork,2,0.5070724870494426,0.8928571428571429,0.9615384615384616,0.4444444444444444,0.7029914529914529,0.8285714285714286
baseline_male,mRMR,100,NeuralNetwork_TUNED,2,0.5070724870494426,0.8928571428571429,0.9615384615384616,0.4444444444444444,0.7029914529914529,0.8285714285714286
baseline_male,mRMR,100,NaiveBayes,2,0.426202407305871,0.8727272727272727,0.9230769230769231,0.4444444444444444,0.6837606837606838,0.8
baseline_male,mRMR,100,LogisticRegression,2,0.5512820512820513,0.8846153846153846,0.8846153846153846,0.6666666666666666,0.7756410256410255,0.8285714285714286
baseline_male,mRMR,100,AdaBoost,2,0.6864064729836441,0.9259259259259259,0.9615384615384616,0.6666666666666666,0.8141025641025641,0.8857142857142857
baseline_male,mRMR,100,AdaBoost_TUNED,2,0.6864064729836441,0.9259259259259259,0.9615384615384616,0.6666666666666666,0.8141025641025641,0.8857142857142857
baseline_male,mRMR,100,SVM_RBF,2,0.4184306096405652,0.8813559322033898,1.0,0.2222222222222222,0.6111111111111112,0.8
baseline_male,mRMR,100,SVM_RBF_TUNED,2,0.5204164998665333,0.896551724137931,1.0,0.3333333333333333,0.6666666666666666,0.8285714285714286
baseline_male,Boruta,10,RandomForest,2,0.4050702233638995,0.8771929824561403,0.9615384615384616,0.3333333333333333,0.6474358974358975,0.8
baseline_male,Boruta,10,RandomForest_TUNED,2,0.5204164998665333,0.896551724137931,1.0,0.3333333333333333,0.6666666666666666,0.8285714285714286
baseline_male,Boruta,10,NeuralNetwork,2,0.5390860546419528,0.8571428571428572,0.8076923076923077,0.7777777777777778,0.7927350427350428,0.8
baseline_male,Boruta,10,NeuralNetwork_TUNED,2,0.3514317480027573,0.8235294117647058,0.8076923076923077,0.5555555555555556,0.6816239316239316,0.7428571428571429
baseline_male,Boruta,10,NaiveBayes,2,0.35949429545810274,0.7916666666666666,0.7307692307692307,0.6666666666666666,0.6987179487179487,0.7142857142857143
baseline_male,Boruta,10,LogisticRegression,2,0.3514317480027573,0.8235294117647058,0.8076923076923077,0.5555555555555556,0.6816239316239316,0.7428571428571429
baseline_male,Boruta,10,AdaBoost,2,0.5512820512820513,0.8846153846153846,0.8846153846153846,0.6666666666666666,0.7756410256410255,0.8285714285714286
baseline_male,Boruta,10,AdaBoost_TUNED,2,0.5512820512820513,0.8846153846153846,0.8846153846153846,0.6666666666666666,0.7756410256410255,0.8285714285714286
baseline_male,Boruta,10,SVM_RBF,2,0.6408461287109103,0.9019607843137256,0.8846153846153846,0.7777777777777778,0.8311965811965811,0.8571428571428571
baseline_male,Boruta,10,SVM_RBF_TUNED,2,0.5204164998665333,0.896551724137931,1.0,0.3333333333333333,0.6666666666666666,0.8285714285714286
baseline_male,Boruta,20,RandomForest,2,0.5070724870494426,0.8928571428571429,0.9615384615384616,0.4444444444444444,0.7029914529914529,0.8285714285714286
baseline_male,Boruta,20,RandomForest_TUNED,2,0.5070724870494426,0.8928571428571429,0.9615384615384616,0.4444444444444444,0.7029914529914529,0.8285714285714286
baseline_male,Boruta,20,NeuralNetwork,2,0.45814444005344374,0.8679245283018868,0.8846153846153846,0.5555555555555556,0.7200854700854701,0.8
baseline_male,Boruta,20,NeuralNetwork_TUNED,2,0.5229763603684908,0.888888888888889,0.9230769230769231,0.5555555555555556,0.7393162393162394,0.8285714285714286
baseline_male,Boruta,20,NaiveBayes,2,0.2636406252628528,0.7755102040816326,0.7307692307692307,0.5555555555555556,0.6431623931623931,0.6857142857142857
baseline_male,Boruta,20,LogisticRegression,2,0.5512820512820513,0.8846153846153846,0.8846153846153846,0.6666666666666666,0.7756410256410255,0.8285714285714286
baseline_male,Boruta,20,AdaBoost,2,0.5229763603684908,0.888888888888889,0.9230769230769231,0.5555555555555556,0.7393162393162394,0.8285714285714286
baseline_male,Boruta,20,AdaBoost_TUNED,2,0.5229763603684908,0.888888888888889,0.9230769230769231,0.5555555555555556,0.7393162393162394,0.8285714285714286
baseline_male,Boruta,20,SVM_RBF,2,0.5229763603684908,0.888888888888889,0.9230769230769231,0.5555555555555556,0.7393162393162394,0.8285714285714286
baseline_male,Boruta,20,SVM_RBF_TUNED,2,0.4184306096405652,0.8813559322033898,1.0,0.2222222222222222,0.6111111111111112,0.8
baseline_male,Boruta,30,RandomForest,2,0.5070724870494426,0.8928571428571429,0.9615384615384616,0.4444444444444444,0.7029914529914529,0.8285714285714286
baseline_male,Boruta,30,RandomForest_TUNED,2,0.426202407305871,0.8727272727272727,0.9230769230769231,0.4444444444444444,0.6837606837606838,0.8
baseline_male,Boruta,30,NeuralNetwork,2,0.5229763603684908,0.888888888888889,0.9230769230769231,0.5555555555555556,0.7393162393162394,0.8285714285714286
baseline_male,Boruta,30,NeuralNetwork_TUNED,2,0.5996568753954697,0.9090909090909091,0.9615384615384616,0.5555555555555556,0.7585470085470085,0.8571428571428571
baseline_male,Boruta,30,NaiveBayes,2,0.35949429545810274,0.7916666666666666,0.7307692307692307,0.6666666666666666,0.6987179487179487,0.7142857142857143
baseline_male,Boruta,30,LogisticRegression,2,0.6138245895861674,0.9056603773584906,0.9230769230769231,0.6666666666666666,0.7948717948717949,0.8571428571428571
baseline_male,Boruta,30,AdaBoost,2,0.6408461287109103,0.9019607843137256,0.8846153846153846,0.7777777777777778,0.8311965811965811,0.8571428571428571
baseline_male,Boruta,30,AdaBoost_TUNED,2,0.5874122019954089,0.8799999999999999,0.8461538461538461,0.7777777777777778,0.811965811965812,0.8285714285714286
baseline_male,Boruta,30,SVM_RBF,2,0.6864064729836441,0.9259259259259259,0.9615384615384616,0.6666666666666666,0.8141025641025641,0.8857142857142857
baseline_male,Boruta,30,SVM_RBF_TUNED,2,0.5204164998665333,0.896551724137931,1.0,0.3333333333333333,0.6666666666666666,0.8285714285714286
baseline_male,Boruta,40,RandomForest,2,0.6105406265195007,0.9122807017543859,1.0,0.4444444444444444,0.7222222222222222,0.8571428571428571
baseline_male,Boruta,40,RandomForest_TUNED,2,0.6105406265195007,0.9122807017543859,1.0,0.4444444444444444,0.7222222222222222,0.8571428571428571
baseline_male,Boruta,40,NeuralNetwork,2,0.426202407305871,0.8727272727272727,0.9230769230769231,0.4444444444444444,0.6837606837606838,0.8
baseline_male,Boruta,40,NeuralNetwork_TUNED,2,0.426202407305871,0.8727272727272727,0.9230769230769231,0.4444444444444444,0.6837606837606838,0.8
baseline_male,Boruta,40,NaiveBayes,2,0.35949429545810274,0.7916666666666666,0.7307692307692307,0.6666666666666666,0.6987179487179487,0.7142857142857143
baseline_male,Boruta,40,LogisticRegression,2,0.7008547008547008,0.9230769230769231,0.9230769230769231,0.7777777777777778,0.8504273504273505,0.8857142857142857
baseline_male,Boruta,40,AdaBoost,2,0.4017094017094017,0.8461538461538461,0.8461538461538461,0.5555555555555556,0.7008547008547008,0.7714285714285715
baseline_male,Boruta,40,AdaBoost_TUNED,2,0.4961389383568338,0.8627450980392156,0.8461538461538461,0.6666666666666666,0.7564102564102564,0.8
baseline_male,Boruta,40,SVM_RBF,2,0.5070724870494426,0.8928571428571429,0.9615384615384616,0.4444444444444444,0.7029914529914529,0.8285714285714286
baseline_male,Boruta,40,SVM_RBF_TUNED,2,0.2914915440650687,0.8666666666666666,1.0,0.1111111111111111,0.5555555555555556,0.7714285714285715
baseline_male,Boruta,50,RandomForest,2,0.426202407305871,0.8727272727272727,0.9230769230769231,0.4444444444444444,0.6837606837606838,0.8
baseline_male,Boruta,50,RandomForest_TUNED,2,0.426202407305871,0.8727272727272727,0.9230769230769231,0.4444444444444444,0.6837606837606838,0.8
baseline_male,Boruta,50,NeuralNetwork,2,0.32025630761017426,0.8571428571428571,0.9230769230769231,0.3333333333333333,0.6282051282051282,0.7714285714285715
baseline_male,Boruta,50,NeuralNetwork_TUNED,2,0.5070724870494426,0.8928571428571429,0.9615384615384616,0.4444444444444444,0.7029914529914529,0.8285714285714286
baseline_male,Boruta,50,NaiveBayes,2,0.20672455764868075,0.7843137254901961,0.7692307692307693,0.4444444444444444,0.6068376068376069,0.6857142857142857
baseline_male,Boruta,50,LogisticRegression,2,0.5512820512820513,0.8846153846153846,0.8846153846153846,0.6666666666666666,0.7756410256410255,0.8285714285714286
baseline_male,Boruta,50,AdaBoost,2,0.4017094017094017,0.8461538461538461,0.8461538461538461,0.5555555555555556,0.7008547008547008,0.7714285714285715
baseline_male,Boruta,50,AdaBoost_TUNED,2,0.6138245895861674,0.9056603773584906,0.9230769230769231,0.6666666666666666,0.7948717948717949,0.8571428571428571
baseline_male,Boruta,50,SVM_RBF,2,0.2868962755674478,0.8620689655172413,0.9615384615384616,0.2222222222222222,0.5918803418803419,0.7714285714285715
baseline_male,Boruta,50,SVM_RBF_TUNED,2,0.2868962755674478,0.8620689655172413,0.9615384615384616,0.2222222222222222,0.5918803418803419,0.7714285714285715
baseline_male,Boruta,60,RandomForest,2,0.426202407305871,0.8727272727272727,0.9230769230769231,0.4444444444444444,0.6837606837606838,0.8
baseline_male,Boruta,60,RandomForest_TUNED,2,0.5070724870494426,0.8928571428571429,0.9615384615384616,0.4444444444444444,0.7029914529914529,0.8285714285714286
baseline_male,Boruta,60,NeuralNetwork,2,0.4050702233638995,0.8771929824561403,0.9615384615384616,0.3333333333333333,0.6474358974358975,0.8
baseline_male,Boruta,60,NeuralNetwork_TUNED,2,0.32025630761017426,0.8571428571428571,0.9230769230769231,0.3333333333333333,0.6282051282051282,0.7714285714285715
baseline_male,Boruta,60,NaiveBayes,2,0.25213675213675213,0.8076923076923077,0.8076923076923077,0.4444444444444444,0.6260683760683761,0.7142857142857143
baseline_male,Boruta,60,LogisticRegression,2,0.5229763603684908,0.888888888888889,0.9230769230769231,0.5555555555555556,0.7393162393162394,0.8285714285714286
baseline_male,Boruta,60,AdaBoost,2,0.5512820512820513,0.8846153846153846,0.8846153846153846,0.6666666666666666,0.7756410256410255,0.8285714285714286
baseline_male,Boruta,60,AdaBoost_TUNED,2,0.5512820512820513,0.8846153846153846,0.8846153846153846,0.6666666666666666,0.7756410256410255,0.8285714285714286
baseline_male,Boruta,60,SVM_RBF,2,0.19959982020829828,0.8421052631578947,0.9230769230769231,0.2222222222222222,0.5726495726495726,0.7428571428571429
baseline_male,Boruta,60,SVM_RBF_TUNED,2,0.19959982020829828,0.8421052631578947,0.9230769230769231,0.2222222222222222,0.5726495726495726,0.7428571428571429
baseline_male,Boruta,70,RandomForest,2,0.5996568753954697,0.9090909090909091,0.9615384615384616,0.5555555555555556,0.7585470085470085,0.8571428571428571
baseline_male,Boruta,70,RandomForest_TUNED,2,0.5996568753954697,0.9090909090909091,0.9615384615384616,0.5555555555555556,0.7585470085470085,0.8571428571428571
baseline_male,Boruta,70,NeuralNetwork,2,0.5070724870494426,0.8928571428571429,0.9615384615384616,0.4444444444444444,0.7029914529914529,0.8285714285714286
baseline_male,Boruta,70,NeuralNetwork_TUNED,2,0.5204164998665333,0.896551724137931,1.0,0.3333333333333333,0.6666666666666666,0.8285714285714286
baseline_male,Boruta,70,NaiveBayes,2,0.25213675213675213,0.8076923076923077,0.8076923076923077,0.4444444444444444,0.6260683760683761,0.7142857142857143
baseline_male,Boruta,70,LogisticRegression,2,0.6138245895861674,0.9056603773584906,0.9230769230769231,0.6666666666666666,0.7948717948717949,0.8571428571428571
baseline_male,Boruta,70,AdaBoost,2,0.6138245895861674,0.9056603773584906,0.9230769230769231,0.6666666666666666,0.7948717948717949,0.8571428571428571
baseline_male,Boruta,70,AdaBoost_TUNED,2,0.6138245895861674,0.9056603773584906,0.9230769230769231,0.6666666666666666,0.7948717948717949,0.8571428571428571
baseline_male,Boruta,70,SVM_RBF,2,0.4050702233638995,0.8771929824561403,0.9615384615384616,0.3333333333333333,0.6474358974358975,0.8
baseline_male,Boruta,70,SVM_RBF_TUNED,2,0.4050702233638995,0.8771929824561403,0.9615384615384616,0.3333333333333333,0.6474358974358975,0.8
baseline_male,Boruta,80,RandomForest,2,0.5996568753954697,0.9090909090909091,0.9615384615384616,0.5555555555555556,0.7585470085470085,0.8571428571428571
baseline_male,Boruta,80,RandomForest_TUNED,2,0.5070724870494426,0.8928571428571429,0.9615384615384616,0.4444444444444444,0.7029914529914529,0.8285714285714286
baseline_male,Boruta,80,NeuralNetwork,2,0.4050702233638995,0.8771929824561403,0.9615384615384616,0.3333333333333333,0.6474358974358975,0.8
baseline_male,Boruta,80,NeuralNetwork_TUNED,2,0.5204164998665333,0.896551724137931,1.0,0.3333333333333333,0.6666666666666666,0.8285714285714286
baseline_male,Boruta,80,NaiveBayes,2,0.25213675213675213,0.8076923076923077,0.8076923076923077,0.4444444444444444,0.6260683760683761,0.7142857142857143
baseline_male,Boruta,80,LogisticRegression,2,0.45814444005344374,0.8679245283018868,0.8846153846153846,0.5555555555555556,0.7200854700854701,0.8
baseline_male,Boruta,80,AdaBoost,2,0.6138245895861674,0.9056603773584906,0.9230769230769231,0.6666666666666666,0.7948717948717949,0.8571428571428571
baseline_male,Boruta,80,AdaBoost_TUNED,2,0.5229763603684908,0.888888888888889,0.9230769230769231,0.5555555555555556,0.7393162393162394,0.8285714285714286
baseline_male,Boruta,80,SVM_RBF,2,0.4050702233638995,0.8771929824561403,0.9615384615384616,0.3333333333333333,0.6474358974358975,0.8
baseline_male,Boruta,80,SVM_RBF_TUNED,2,0.2868962755674478,0.8620689655172413,0.9615384615384616,0.2222222222222222,0.5918803418803419,0.7714285714285715
baseline_male,Boruta,90,RandomForest,2,0.4050702233638995,0.8771929824561403,0.9615384615384616,0.3333333333333333,0.6474358974358975,0.8
baseline_male,Boruta,90,RandomForest_TUNED,2,0.5070724870494426,0.8928571428571429,0.9615384615384616,0.4444444444444444,0.7029914529914529,0.8285714285714286
baseline_male,Boruta,90,NeuralNetwork,2,0.5070724870494426,0.8928571428571429,0.9615384615384616,0.4444444444444444,0.7029914529914529,0.8285714285714286
baseline_male,Boruta,90,NeuralNetwork_TUNED,2,0.5070724870494426,0.8928571428571429,0.9615384615384616,0.4444444444444444,0.7029914529914529,0.8285714285714286
baseline_male,Boruta,90,NaiveBayes,2,0.30246429052072016,0.830188679245283,0.8461538461538461,0.4444444444444444,0.6452991452991452,0.7428571428571429
baseline_male,Boruta,90,LogisticRegression,2,0.6138245895861674,0.9056603773584906,0.9230769230769231,0.6666666666666666,0.7948717948717949,0.8571428571428571
baseline_male,Boruta,90,AdaBoost,2,0.5512820512820513,0.8846153846153846,0.8846153846153846,0.6666666666666666,0.7756410256410255,0.8285714285714286
baseline_male,Boruta,90,AdaBoost_TUNED,2,0.5512820512820513,0.8846153846153846,0.8846153846153846,0.6666666666666666,0.7756410256410255,0.8285714285714286
baseline_male,Boruta,90,SVM_RBF,2,0.5070724870494426,0.8928571428571429,0.9615384615384616,0.4444444444444444,0.7029914529914529,0.8285714285714286
baseline_male,Boruta,90,SVM_RBF_TUNED,2,0.5070724870494426,0.8928571428571429,0.9615384615384616,0.4444444444444444,0.7029914529914529,0.8285714285714286
baseline_male,Boruta,100,RandomForest,2,0.32025630761017426,0.8571428571428571,0.9230769230769231,0.3333333333333333,0.6282051282051282,0.7714285714285715
baseline_male,Boruta,100,RandomForest_TUNED,2,0.4050702233638995,0.8771929824561403,0.9615384615384616,0.3333333333333333,0.6474358974358975,0.8
baseline_male,Boruta,100,NeuralNetwork,2,0.5070724870494426,0.8928571428571429,0.9615384615384616,0.4444444444444444,0.7029914529914529,0.8285714285714286
baseline_male,Boruta,100,NeuralNetwork_TUNED,2,0.6105406265195007,0.9122807017543859,1.0,0.4444444444444444,0.7222222222222222,0.8571428571428571
baseline_male,Boruta,100,NaiveBayes,2,0.30246429052072016,0.830188679245283,0.8461538461538461,0.4444444444444444,0.6452991452991452,0.7428571428571429
baseline_male,Boruta,100,LogisticRegression,2,0.5996568753954697,0.9090909090909091,0.9615384615384616,0.5555555555555556,0.7585470085470085,0.8571428571428571
baseline_male,Boruta,100,AdaBoost,2,0.5229763603684908,0.888888888888889,0.9230769230769231,0.5555555555555556,0.7393162393162394,0.8285714285714286
baseline_male,Boruta,100,AdaBoost_TUNED,2,0.45814444005344374,0.8679245283018868,0.8846153846153846,0.5555555555555556,0.7200854700854701,0.8
baseline_male,Boruta,100,SVM_RBF,2,0.4050702233638995,0.8771929824561403,0.9615384615384616,0.3333333333333333,0.6474358974358975,0.8
baseline_male,Boruta,100,SVM_RBF_TUNED,2,0.5070724870494426,0.8928571428571429,0.9615384615384616,0.4444444444444444,0.7029914529914529,0.8285714285714286
baseline_male,mRMR,10,RandomForest,3,0.408248290463863,0.9090909090909091,1.0,0.2,0.6,0.84
baseline_male,mRMR,10,RandomForest_TUNED,3,0.408248290463863,0.9090909090909091,1.0,0.2,0.6,0.84
baseline_male,mRMR,10,NeuralNetwork,3,0.600099198148979,0.9268292682926829,0.95,0.6,0.7749999999999999,0.88
baseline_male,mRMR,10,NeuralNetwork_TUNED,3,0.43082021842766455,0.9047619047619048,0.95,0.4,0.675,0.84
baseline_male,mRMR,10,NaiveBayes,3,0.408248290463863,0.9090909090909091,1.0,0.2,0.6,0.84
baseline_male,mRMR,10,LogisticRegression,3,0.5,0.9,0.9,0.6,0.75,0.84
baseline_male,mRMR,10,AdaBoost,3,0.0545544725589981,0.8292682926829269,0.85,0.2,0.525,0.72
baseline_male,mRMR,10,AdaBoost_TUNED,3,0.0545544725589981,0.8292682926829269,0.85,0.2,0.525,0.72
baseline_male,mRMR,10,SVM_RBF,3,0.2211629342323457,0.8837209302325583,0.95,0.2,0.575,0.8
baseline_male,mRMR,10,SVM_RBF_TUNED,3,-0.14744195615489714,0.8372093023255814,0.9,0.0,0.45,0.72
baseline_male,mRMR,20,RandomForest,3,0.408248290463863,0.9090909090909091,1.0,0.2,0.6,0.84
baseline_male,mRMR,20,RandomForest_TUNED,3,0.408248290463863,0.9090909090909091,1.0,0.2,0.6,0.84
baseline_male,mRMR,20,NeuralNetwork,3,0.408248290463863,0.9090909090909091,1.0,0.2,0.6,0.84
baseline_male,mRMR,20,NeuralNetwork_TUNED,3,-0.10206207261596575,0.8636363636363635,0.95,0.0,0.475,0.76
baseline_male,mRMR,20,NaiveBayes,3,0.1873171623163388,0.8205128205128205,0.8,0.4,0.6000000000000001,0.72
baseline_male,mRMR,20,LogisticRegression,3,0.1873171623163388,0.8205128205128205,0.8,0.4,0.6000000000000001,0.72
baseline_male,mRMR,20,AdaBoost,3,0.12309149097933272,0.8571428571428572,0.9,0.2,0.55,0.76
baseline_male,mRMR,20,AdaBoost_TUNED,3,0.43082021842766455,0.9047619047619048,0.95,0.4,0.675,0.84
baseline_male,mRMR,20,SVM_RBF,3,0.408248290463863,0.9090909090909091,1.0,0.2,0.6,0.84
baseline_male,mRMR,20,SVM_RBF_TUNED,3,-0.14744195615489714,0.8372093023255814,0.9,0.0,0.45,0.72
baseline_male,mRMR,30,RandomForest,3,0.0,0.888888888888889,1.0,0.0,0.5,0.8
baseline_male,mRMR,30,RandomForest_TUNED,3,0.2211629342323457,0.8837209302325583,0.95,0.2,0.575,0.8
baseline_male,mRMR,30,NeuralNetwork,3,-0.10206207261596575,0.8636363636363635,0.95,0.0,0.475,0.76
baseline_male,mRMR,30,NeuralNetwork_TUNED,3,-0.14744195615489714,0.8372093023255814,0.9,0.0,0.45,0.72
baseline_male,mRMR,30,NaiveBayes,3,0.3273268353539886,0.8780487804878048,0.9,0.4,0.65,0.8
baseline_male,mRMR,30,LogisticRegression,3,0.25,0.85,0.85,0.4,0.625,0.76
baseline_male,mRMR,30,AdaBoost,3,0.2211629342323457,0.8837209302325583,0.95,0.2,0.575,0.8
baseline_male,mRMR,30,AdaBoost_TUNED,3,0.408248290463863,0.9090909090909091,1.0,0.2,0.6,0.84
baseline_male,mRMR,30,SVM_RBF,3,-0.10206207261596575,0.8636363636363635,0.95,0.0,0.475,0.76
baseline_male,mRMR,30,SVM_RBF_TUNED,3,0.0,0.888888888888889,1.0,0.0,0.5,0.8
baseline_male,mRMR,40,RandomForest,3,0.2211629342323457,0.8837209302325583,0.95,0.2,0.575,0.8
baseline_male,mRMR,40,RandomForest_TUNED,3,0.2211629342323457,0.8837209302325583,0.95,0.2,0.575,0.8
baseline_male,mRMR,40,NeuralNetwork,3,0.2211629342323457,0.8837209302325583,0.95,0.2,0.575,0.8
baseline_male,mRMR,40,NeuralNetwork_TUNED,3,-0.10206207261596575,0.8636363636363635,0.95,0.0,0.475,0.76
baseline_male,mRMR,40,NaiveBayes,3,0.3273268353539886,0.8780487804878048,0.9,0.4,0.65,0.8
baseline_male,mRMR,40,LogisticRegression,3,0.3273268353539886,0.8780487804878048,0.9,0.4,0.65,0.8
baseline_male,mRMR,40,AdaBoost,3,0.2211629342323457,0.8837209302325583,0.95,0.2,0.575,0.8
baseline_male,mRMR,40,AdaBoost_TUNED,3,0.2211629342323457,0.8837209302325583,0.95,0.2,0.575,0.8
baseline_male,mRMR,40,SVM_RBF,3,-0.10206207261596575,0.8636363636363635,0.95,0.0,0.475,0.76
baseline_male,mRMR,40,SVM_RBF_TUNED,3,0.0,0.888888888888889,1.0,0.0,0.5,0.8
baseline_male,mRMR,50,RandomForest,3,0.2211629342323457,0.8837209302325583,0.95,0.2,0.575,0.8
baseline_male,mRMR,50,RandomForest_TUNED,3,-0.10206207261596575,0.8636363636363635,0.95,0.0,0.475,0.76
baseline_male,mRMR,50,NeuralNetwork,3,0.5897678246195885,0.9302325581395349,1.0,0.4,0.7,0.88
baseline_male,mRMR,50,NeuralNetwork_TUNED,3,0.408248290463863,0.9090909090909091,1.0,0.2,0.6,0.84
baseline_male,mRMR,50,NaiveBayes,3,0.4214636152117623,0.8717948717948718,0.85,0.6,0.725,0.8
baseline_male,mRMR,50,LogisticRegression,3,0.5,0.9,0.9,0.6,0.75,0.84
baseline_male,mRMR,50,AdaBoost,3,0.2211629342323457,0.8837209302325583,0.95,0.2,0.575,0.8
baseline_male,mRMR,50,AdaBoost_TUNED,3,0.2211629342323457,0.8837209302325583,0.95,0.2,0.575,0.8
baseline_male,mRMR,50,SVM_RBF,3,0.408248290463863,0.9090909090909091,1.0,0.2,0.6,0.84
baseline_male,mRMR,50,SVM_RBF_TUNED,3,0.408248290463863,0.9090909090909091,1.0,0.2,0.6,0.84
baseline_male,mRMR,60,RandomForest,3,0.408248290463863,0.9090909090909091,1.0,0.2,0.6,0.84
baseline_male,mRMR,60,RandomForest_TUNED,3,0.408248290463863,0.9090909090909091,1.0,0.2,0.6,0.84
baseline_male,mRMR,60,NeuralNetwork,3,0.5897678246195885,0.9302325581395349,1.0,0.4,0.7,0.88
baseline_male,mRMR,60,NeuralNetwork_TUNED,3,0.5897678246195885,0.9302325581395349,1.0,0.4,0.7,0.88
baseline_male,mRMR,60,NaiveBayes,3,0.4214636152117623,0.8717948717948718,0.85,0.6,0.725,0.8
baseline_male,mRMR,60,LogisticRegression,3,0.600099198148979,0.9268292682926829,0.95,0.6,0.7749999999999999,0.88
baseline_male,mRMR,60,AdaBoost,3,0.2211629342323457,0.8837209302325583,0.95,0.2,0.575,0.8
baseline_male,mRMR,60,AdaBoost_TUNED,3,0.2211629342323457,0.8837209302325583,0.95,0.2,0.575,0.8
baseline_male,mRMR,60,SVM_RBF,3,0.0,0.888888888888889,1.0,0.0,0.5,0.8
baseline_male,mRMR,60,SVM_RBF_TUNED,3,0.0,0.888888888888889,1.0,0.0,0.5,0.8
baseline_male,mRMR,70,RandomForest,3,0.408248290463863,0.9090909090909091,1.0,0.2,0.6,0.84
baseline_male,mRMR,70,RandomForest_TUNED,3,0.408248290463863,0.9090909090909091,1.0,0.2,0.6,0.84
baseline_male,mRMR,70,NeuralNetwork,3,0.5897678246195885,0.9302325581395349,1.0,0.4,0.7,0.88
baseline_male,mRMR,70,NeuralNetwork_TUNED,3,0.5897678246195885,0.9302325581395349,1.0,0.4,0.7,0.88
baseline_male,mRMR,70,NaiveBayes,3,0.5,0.9,0.9,0.6,0.75,0.84
baseline_male,mRMR,70,LogisticRegression,3,0.600099198148979,0.9268292682926829,0.95,0.6,0.7749999999999999,0.88
baseline_male,mRMR,70,AdaBoost,3,0.2211629342323457,0.8837209302325583,0.95,0.2,0.575,0.8
baseline_male,mRMR,70,AdaBoost_TUNED,3,0.2211629342323457,0.8837209302325583,0.95,0.2,0.575,0.8
baseline_male,mRMR,70,SVM_RBF,3,0.0,0.888888888888889,1.0,0.0,0.5,0.8
baseline_male,mRMR,70,SVM_RBF_TUNED,3,0.0,0.888888888888889,1.0,0.0,0.5,0.8
baseline_male,mRMR,80,RandomForest,3,0.408248290463863,0.9090909090909091,1.0,0.2,0.6,0.84
baseline_male,mRMR,80,RandomForest_TUNED,3,0.408248290463863,0.9090909090909091,1.0,0.2,0.6,0.84
baseline_male,mRMR,80,NeuralNetwork,3,0.7385489458759964,0.9523809523809523,1.0,0.6,0.8,0.92
baseline_male,mRMR,80,NeuralNetwork_TUNED,3,0.5897678246195885,0.9302325581395349,1.0,0.4,0.7,0.88
baseline_male,mRMR,80,NaiveBayes,3,0.600099198148979,0.9268292682926829,0.95,0.6,0.7749999999999999,0.88
baseline_male,mRMR,80,LogisticRegression,3,0.600099198148979,0.9268292682926829,0.95,0.6,0.7749999999999999,0.88
baseline_male,mRMR,80,AdaBoost,3,0.2211629342323457,0.8837209302325583,0.95,0.2,0.575,0.8
baseline_male,mRMR,80,AdaBoost_TUNED,3,0.2211629342323457,0.8837209302325583,0.95,0.2,0.575,0.8
baseline_male,mRMR,80,SVM_RBF,3,0.0,0.888888888888889,1.0,0.0,0.5,0.8
baseline_male,mRMR,80,SVM_RBF_TUNED,3,0.0,0.888888888888889,1.0,0.0,0.5,0.8
baseline_male,mRMR,90,RandomForest,3,0.2211629342323457,0.8837209302325583,0.95,0.2,0.575,0.8
baseline_male,mRMR,90,RandomForest_TUNED,3,0.2211629342323457,0.8837209302325583,0.95,0.2,0.575,0.8
baseline_male,mRMR,90,NeuralNetwork,3,0.5897678246195885,0.9302325581395349,1.0,0.4,0.7,0.88
baseline_male,mRMR,90,NeuralNetwork_TUNED,3,0.5897678246195885,0.9302325581395349,1.0,0.4,0.7,0.88
baseline_male,mRMR,90,NaiveBayes,3,0.600099198148979,0.9268292682926829,0.95,0.6,0.7749999999999999,0.88
baseline_male,mRMR,90,LogisticRegression,3,0.7385489458759964,0.9523809523809523,1.0,0.6,0.8,0.92
baseline_male,mRMR,90,AdaBoost,3,0.25,0.85,0.85,0.4,0.625,0.76
baseline_male,mRMR,90,AdaBoost_TUNED,3,0.2211629342323457,0.8837209302325583,0.95,0.2,0.575,0.8
baseline_male,mRMR,90,SVM_RBF,3,0.0,0.888888888888889,1.0,0.0,0.5,0.8
baseline_male,mRMR,90,SVM_RBF_TUNED,3,0.0,0.888888888888889,1.0,0.0,0.5,0.8
baseline_male,mRMR,100,RandomForest,3,0.408248290463863,0.9090909090909091,1.0,0.2,0.6,0.84
baseline_male,mRMR,100,RandomForest_TUNED,3,0.408248290463863,0.9090909090909091,1.0,0.2,0.6,0.84
baseline_male,mRMR,100,NeuralNetwork,3,0.43082021842766455,0.9047619047619048,0.95,0.4,0.675,0.84
baseline_male,mRMR,100,NeuralNetwork_TUNED,3,0.43082021842766455,0.9047619047619048,0.95,0.4,0.675,0.84
baseline_male,mRMR,100,NaiveBayes,3,0.5,0.9,0.9,0.6,0.75,0.84
baseline_male,mRMR,100,LogisticRegression,3,0.6556100681071858,0.9230769230769231,0.9,0.8,0.8500000000000001,0.88
baseline_male,mRMR,100,AdaBoost,3,0.408248290463863,0.9090909090909091,1.0,0.2,0.6,0.84
baseline_male,mRMR,100,AdaBoost_TUNED,3,0.2211629342323457,0.8837209302325583,0.95,0.2,0.575,0.8
baseline_male,mRMR,100,SVM_RBF,3,0.0,0.888888888888889,1.0,0.0,0.5,0.8
baseline_male,mRMR,100,SVM_RBF_TUNED,3,-0.10206207261596575,0.8636363636363635,0.95,0.0,0.475,0.76
baseline_male,Boruta,10,RandomForest,3,0.2041241452319315,0.7428571428571429,0.65,0.6,0.625,0.64
baseline_male,Boruta,10,RandomForest_TUNED,3,0.25,0.7777777777777777,0.7,0.6,0.6499999999999999,0.68
baseline_male,Boruta,10,NeuralNetwork,3,0.3001225239993905,0.8108108108108107,0.75,0.6,0.675,0.72
baseline_male,Boruta,10,NeuralNetwork_TUNED,3,0.25,0.7777777777777777,0.7,0.6,0.6499999999999999,0.68
baseline_male,Boruta,10,NaiveBayes,3,0.3626203338114211,0.7647058823529412,0.65,0.8,0.7250000000000001,0.68
baseline_male,Boruta,10,LogisticRegression,3,0.1336306209562122,0.7894736842105262,0.75,0.4,0.575,0.68
baseline_male,Boruta,10,AdaBoost,3,0.25,0.7777777777777777,0.7,0.6,0.6499999999999999,0.68
baseline_male,Boruta,10,AdaBoost_TUNED,3,0.3563483225498992,0.8421052631578948,0.8,0.6,0.7,0.76
baseline_male,Boruta,10,SVM_RBF,3,0.25,0.7777777777777777,0.7,0.6,0.6499999999999999,0.68
baseline_male,Boruta,10,SVM_RBF_TUNED,3,0.43082021842766455,0.9047619047619048,0.95,0.4,0.675,0.84
baseline_male,Boruta,20,RandomForest,3,0.0545544725589981,0.8292682926829269,0.85,0.2,0.525,0.72
baseline_male,Boruta,20,RandomForest_TUNED,3,0.0545544725589981,0.8292682926829269,0.85,0.2,0.525,0.72
baseline_male,Boruta,20,NeuralNetwork,3,0.25,0.85,0.85,0.4,0.625,0.76
baseline_male,Boruta,20,NeuralNetwork_TUNED,3,0.0545544725589981,0.8292682926829269,0.85,0.2,0.525,0.72
baseline_male,Boruta,20,NaiveBayes,3,0.3626203338114211,0.7647058823529412,0.65,0.8,0.7250000000000001,0.68
baseline_male,Boruta,20,LogisticRegression,3,0.1873171623163388,0.8205128205128205,0.8,0.4,0.6000000000000001,0.72
baseline_male,Boruta,20,AdaBoost,3,-0.0468292905790847,0.7692307692307692,0.75,0.2,0.475,0.64
baseline_male,Boruta,20,AdaBoost_TUNED,3,-0.0468292905790847,0.7692307692307692,0.75,0.2,0.475,0.64
baseline_male,Boruta,20,SVM_RBF,3,0.1336306209562122,0.7894736842105262,0.75,0.4,0.575,0.68
baseline_male,Boruta,20,SVM_RBF_TUNED,3,0.2211629342323457,0.8837209302325583,0.95,0.2,0.575,0.8
baseline_male,Boruta,30,RandomForest,3,-0.14744195615489714,0.8372093023255814,0.9,0.0,0.45,0.72
baseline_male,Boruta,30,RandomForest_TUNED,3,-0.14744195615489714,0.8372093023255814,0.9,0.0,0.45,0.72
baseline_male,Boruta,30,NeuralNetwork,3,-0.1846372364689991,0.8095238095238095,0.85,0.0,0.425,0.68
baseline_male,Boruta,30,NeuralNetwork_TUNED,3,-0.14744195615489714,0.8372093023255814,0.9,0.0,0.45,0.72
baseline_male,Boruta,30,NaiveBayes,3,0.408248290463863,0.8,0.7,0.8,0.75,0.72
baseline_male,Boruta,30,LogisticRegression,3,0.12309149097933272,0.8571428571428572,0.9,0.2,0.55,0.76
baseline_male,Boruta,30,AdaBoost,3,0.0545544725589981,0.8292682926829269,0.85,0.2,0.525,0.72
baseline_male,Boruta,30,AdaBoost_TUNED,3,0.12309149097933272,0.8571428571428572,0.9,0.2,0.55,0.76
baseline_male,Boruta,30,SVM_RBF,3,0.2211629342323457,0.8837209302325583,0.95,0.2,0.575,0.8
baseline_male,Boruta,30,SVM_RBF_TUNED,3,0.0,0.888888888888889,1.0,0.0,0.5,0.8
baseline_male,Boruta,40,RandomForest,3,0.12309149097933272,0.8571428571428572,0.9,0.2,0.55,0.76
baseline_male,Boruta,40,RandomForest_TUNED,3,0.12309149097933272,0.8571428571428572,0.9,0.2,0.55,0.76
baseline_male,Boruta,40,NeuralNetwork,3,0.7385489458759964,0.9523809523809523,1.0,0.6,0.8,0.92
baseline_male,Boruta,40,NeuralNetwork_TUNED,3,0.7385489458759964,0.9523809523809523,1.0,0.6,0.8,0.92
baseline_male,Boruta,40,NaiveBayes,3,0.3563483225498992,0.8421052631578948,0.8,0.6,0.7,0.76
baseline_male,Boruta,40,LogisticRegression,3,0.600099198148979,0.9268292682926829,0.95,0.6,0.7749999999999999,0.88
baseline_male,Boruta,40,AdaBoost,3,0.3273268353539886,0.8780487804878048,0.9,0.4,0.65,0.8
baseline_male,Boruta,40,AdaBoost_TUNED,3,0.3273268353539886,0.8780487804878048,0.9,0.4,0.65,0.8
baseline_male,Boruta,40,SVM_RBF,3,0.5897678246195885,0.9302325581395349,1.0,0.4,0.7,0.88
baseline_male,Boruta,40,SVM_RBF_TUNED,3,0.408248290463863,0.9090909090909091,1.0,0.2,0.6,0.84
baseline_male,Boruta,50,RandomForest,3,0.2211629342323457,0.8837209302325583,0.95,0.2,0.575,0.8
baseline_male,Boruta,50,RandomForest_TUNED,3,0.0545544725589981,0.8292682926829269,0.85,0.2,0.525,0.72
baseline_male,Boruta,50,NeuralNetwork,3,0.7385489458759964,0.9523809523809523,1.0,0.6,0.8,0.92
baseline_male,Boruta,50,NeuralNetwork_TUNED,3,0.7385489458759964,0.9523809523809523,1.0,0.6,0.8,0.92
baseline_male,Boruta,50,NaiveBayes,3,0.5144957554275266,0.8648648648648648,0.8,0.8,0.8,0.8
baseline_male,Boruta,50,LogisticRegression,3,0.5,0.9,0.9,0.6,0.75,0.84
baseline_male,Boruta,50,AdaBoost,3,0.0545544725589981,0.8292682926829269,0.85,0.2,0.525,0.72
baseline_male,Boruta,50,AdaBoost_TUNED,3,0.5,0.9,0.9,0.6,0.75,0.84
baseline_male,Boruta,50,SVM_RBF,3,0.2211629342323457,0.8837209302325583,0.95,0.2,0.575,0.8
baseline_male,Boruta,50,SVM_RBF_TUNED,3,0.5897678246195885,0.9302325581395349,1.0,0.4,0.7,0.88
baseline_male,Boruta,60,RandomForest,3,0.2211629342323457,0.8837209302325583,0.95,0.2,0.575,0.8
baseline_male,Boruta,60,RandomForest_TUNED,3,0.2211629342323457,0.8837209302325583,0.95,0.2,0.575,0.8
baseline_male,Boruta,60,NeuralNetwork,3,0.7385489458759964,0.9523809523809523,1.0,0.6,0.8,0.92
baseline_male,Boruta,60,NeuralNetwork_TUNED,3,0.5897678246195885,0.9302325581395349,1.0,0.4,0.7,0.88
baseline_male,Boruta,60,NaiveBayes,3,0.6666666666666666,0.888888888888889,0.8,1.0,0.9,0.84
baseline_male,Boruta,60,LogisticRegression,3,0.600099198148979,0.9268292682926829,0.95,0.6,0.7749999999999999,0.88
baseline_male,Boruta,60,AdaBoost,3,0.12309149097933272,0.8571428571428572,0.9,0.2,0.55,0.76
baseline_male,Boruta,60,AdaBoost_TUNED,3,0.3273268353539886,0.8780487804878048,0.9,0.4,0.65,0.8
baseline_male,Boruta,60,SVM_RBF,3,0.5897678246195885,0.9302325581395349,1.0,0.4,0.7,0.88
baseline_male,Boruta,60,SVM_RBF_TUNED,3,0.5897678246195885,0.9302325581395349,1.0,0.4,0.7,0.88
baseline_male,Boruta,70,RandomForest,3,0.43082021842766455,0.9047619047619048,0.95,0.4,0.675,0.84
baseline_male,Boruta,70,RandomForest_TUNED,3,0.2211629342323457,0.8837209302325583,0.95,0.2,0.575,0.8
baseline_male,Boruta,70,NeuralNetwork,3,0.5897678246195885,0.9302325581395349,1.0,0.4,0.7,0.88
baseline_male,Boruta,70,NeuralNetwork_TUNED,3,0.408248290463863,0.9090909090909091,1.0,0.2,0.6,0.84
baseline_male,Boruta,70,NaiveBayes,3,0.4583333333333333,0.8333333333333334,0.75,0.8,0.775,0.76
baseline_male,Boruta,70,LogisticRegression,3,0.7385489458759964,0.9523809523809523,1.0,0.6,0.8,0.92
baseline_male,Boruta,70,AdaBoost,3,0.12309149097933272,0.8571428571428572,0.9,0.2,0.55,0.76
baseline_male,Boruta,70,AdaBoost_TUNED,3,0.7385489458759964,0.9523809523809523,1.0,0.6,0.8,0.92
baseline_male,Boruta,70,SVM_RBF,3,0.408248290463863,0.9090909090909091,1.0,0.2,0.6,0.84
baseline_male,Boruta,70,SVM_RBF_TUNED,3,0.408248290463863,0.9090909090909091,1.0,0.2,0.6,0.84
baseline_male,Boruta,80,RandomForest,3,0.408248290463863,0.9090909090909091,1.0,0.2,0.6,0.84
baseline_male,Boruta,80,RandomForest_TUNED,3,0.408248290463863,0.9090909090909091,1.0,0.2,0.6,0.84
baseline_male,Boruta,80,NeuralNetwork,3,0.7385489458759964,0.9523809523809523,1.0,0.6,0.8,0.92
baseline_male,Boruta,80,NeuralNetwork_TUNED,3,0.0,0.888888888888889,1.0,0.0,0.5,0.8
baseline_male,Boruta,80,NaiveBayes,3,0.6666666666666666,0.888888888888889,0.8,1.0,0.9,0.84
baseline_male,Boruta,80,LogisticRegression,3,0.7385489458759964,0.9523809523809523,1.0,0.6,0.8,0.92
baseline_male,Boruta,80,AdaBoost,3,0.2211629342323457,0.8837209302325583,0.95,0.2,0.575,0.8
baseline_male,Boruta,80,AdaBoost_TUNED,3,0.408248290463863,0.9090909090909091,1.0,0.2,0.6,0.84
baseline_male,Boruta,80,SVM_RBF,3,0.5897678246195885,0.9302325581395349,1.0,0.4,0.7,0.88
baseline_male,Boruta,80,SVM_RBF_TUNED,3,0.0,0.888888888888889,1.0,0.0,0.5,0.8
baseline_male,Boruta,90,RandomForest,3,0.408248290463863,0.9090909090909091,1.0,0.2,0.6,0.84
baseline_male,Boruta,90,RandomForest_TUNED,3,0.408248290463863,0.9090909090909091,1.0,0.2,0.6,0.84
baseline_male,Boruta,90,NeuralNetwork,3,0.5897678246195885,0.9302325581395349,1.0,0.4,0.7,0.88
baseline_male,Boruta,90,NeuralNetwork_TUNED,3,0.0,0.888888888888889,1.0,0.0,0.5,0.8
baseline_male,Boruta,90,NaiveBayes,3,0.6666666666666666,0.888888888888889,0.8,1.0,0.9,0.84
baseline_male,Boruta,90,LogisticRegression,3,0.5,0.9,0.9,0.6,0.75,0.84
baseline_male,Boruta,90,AdaBoost,3,0.43082021842766455,0.9047619047619048,0.95,0.4,0.675,0.84
baseline_male,Boruta,90,AdaBoost_TUNED,3,0.43082021842766455,0.9047619047619048,0.95,0.4,0.675,0.84
baseline_male,Boruta,90,SVM_RBF,3,0.5897678246195885,0.9302325581395349,1.0,0.4,0.7,0.88
baseline_male,Boruta,90,SVM_RBF_TUNED,3,0.408248290463863,0.9090909090909091,1.0,0.2,0.6,0.84
baseline_male,Boruta,100,RandomForest,3,0.408248290463863,0.9090909090909091,1.0,0.2,0.6,0.84
baseline_male,Boruta,100,RandomForest_TUNED,3,0.408248290463863,0.9090909090909091,1.0,0.2,0.6,0.84
baseline_male,Boruta,100,NeuralNetwork,3,0.5897678246195885,0.9302325581395349,1.0,0.4,0.7,0.88
baseline_male,Boruta,100,NeuralNetwork_TUNED,3,0.0,0.888888888888889,1.0,0.0,0.5,0.8
baseline_male,Boruta,100,NaiveBayes,3,0.6666666666666666,0.888888888888889,0.8,1.0,0.9,0.84
baseline_male,Boruta,100,LogisticRegression,3,0.5,0.9,0.9,0.6,0.75,0.84
baseline_male,Boruta,100,AdaBoost,3,0.43082021842766455,0.9047619047619048,0.95,0.4,0.675,0.84
baseline_male,Boruta,100,AdaBoost_TUNED,3,0.43082021842766455,0.9047619047619048,0.95,0.4,0.675,0.84
baseline_male,Boruta,100,SVM_RBF,3,0.408248290463863,0.9090909090909091,1.0,0.2,0.6,0.84
baseline_male,Boruta,100,SVM_RBF_TUNED,3,0.408248290463863,0.9090909090909091,1.0,0.2,0.6,0.84
baseline_male,mRMR,10,RandomForest,4,-0.010526315789473684,0.7894736842105263,0.7894736842105263,0.2,0.49473684210526314,0.6666666666666666
baseline_male,mRMR,10,RandomForest_TUNED,4,-0.010526315789473684,0.7894736842105263,0.7894736842105263,0.2,0.49473684210526314,0.6666666666666666
baseline_male,mRMR,10,NeuralNetwork,4,0.29019050004400465,0.7999999999999999,0.7368421052631579,0.6,0.6684210526315789,0.7083333333333334
baseline_male,mRMR,10,NeuralNetwork_TUNED,4,0.23841582427170788,0.7647058823529413,0.6842105263157895,0.6,0.6421052631578947,0.6666666666666666
baseline_male,mRMR,10,NaiveBayes,4,0.026490647141300876,0.7058823529411765,0.631578947368421,0.4,0.5157894736842106,0.5833333333333334
baseline_male,mRMR,10,LogisticRegression,4,0.3988705859810952,0.7878787878787878,0.6842105263157895,0.8,0.7421052631578948,0.7083333333333334
baseline_male,mRMR,10,AdaBoost,4,-0.05923488777590923,0.7567567567567567,0.7368421052631579,0.2,0.46842105263157896,0.625
baseline_male,mRMR,10,AdaBoost_TUNED,4,-0.10345640946739358,0.7222222222222222,0.6842105263157895,0.2,0.4421052631578948,0.5833333333333334
baseline_male,mRMR,10,SVM_RBF,4,0.23841582427170788,0.7647058823529413,0.6842105263157895,0.6,0.6421052631578947,0.6666666666666666
baseline_male,mRMR,10,SVM_RBF_TUNED,4,0.0,0.8837209302325582,1.0,0.0,0.5,0.7916666666666666
baseline_male,mRMR,20,RandomForest,4,0.4146442144313646,0.8648648648648649,0.8421052631578947,0.6,0.7210526315789474,0.7916666666666666
baseline_male,mRMR,20,RandomForest_TUNED,4,0.5964809080634605,0.9230769230769231,0.9473684210526315,0.6,0.7736842105263158,0.875
baseline_male,mRMR,20,NeuralNetwork,4,0.2165408787114111,0.8780487804878049,0.9473684210526315,0.2,0.5736842105263158,0.7916666666666666
baseline_male,mRMR,20,NeuralNetwork_TUNED,4,0.4146442144313646,0.8648648648648649,0.8421052631578947,0.6,0.7210526315789474,0.7916666666666666
baseline_male,mRMR,20,NaiveBayes,4,-0.10345640946739358,0.7222222222222222,0.6842105263157895,0.2,0.4421052631578948,0.5833333333333334
baseline_male,mRMR,20,LogisticRegression,4,0.5078333750770082,0.8571428571428572,0.7894736842105263,0.8,0.7947368421052632,0.7916666666666666
baseline_male,mRMR,20,AdaBoost,4,0.29019050004400465,0.7999999999999999,0.7368421052631579,0.6,0.6684210526315789,0.7083333333333334
baseline_male,mRMR,20,AdaBoost_TUNED,4,0.5737128161373645,0.8888888888888888,0.8421052631578947,0.8,0.8210526315789474,0.8333333333333334
baseline_male,mRMR,20,SVM_RBF,4,0.42656170388121467,0.9,0.9473684210526315,0.4,0.6736842105263158,0.8333333333333334
baseline_male,mRMR,20,SVM_RBF_TUNED,4,0.2165408787114111,0.8780487804878049,0.9473684210526315,0.2,0.5736842105263158,0.7916666666666666
baseline_male,mRMR,30,RandomForest,4,0.4503410014021149,0.8235294117647058,0.7368421052631579,0.8,0.7684210526315789,0.75
baseline_male,mRMR,30,RandomForest_TUNED,4,0.4503410014021149,0.8235294117647058,0.7368421052631579,0.8,0.7684210526315789,0.75
baseline_male,mRMR,30,NeuralNetwork,4,0.11633501014942219,0.8500000000000001,0.8947368421052632,0.2,0.5473684210526316,0.75
baseline_male,mRMR,30,NeuralNetwork_TUNED,4,0.42656170388121467,0.9,0.9473684210526315,0.4,0.6736842105263158,0.8333333333333334
baseline_male,mRMR,30,NaiveBayes,4,-0.010526315789473684,0.7894736842105263,0.7894736842105263,0.2,0.49473684210526314,0.6666666666666666
baseline_male,mRMR,30,LogisticRegression,4,0.4503410014021149,0.8235294117647058,0.7368421052631579,0.8,0.7684210526315789,0.75
baseline_male,mRMR,30,AdaBoost,4,0.4146442144313646,0.8648648648648649,0.8421052631578947,0.6,0.7210526315789474,0.7916666666666666
baseline_male,mRMR,30,AdaBoost_TUNED,4,0.4146442144313646,0.8648648648648649,0.8421052631578947,0.6,0.7210526315789474,0.7916666666666666
baseline_male,mRMR,30,SVM_RBF,4,0.2165408787114111,0.8780487804878049,0.9473684210526315,0.2,0.5736842105263158,0.7916666666666666
baseline_male,mRMR,30,SVM_RBF_TUNED,4,0.2165408787114111,0.8780487804878049,0.9473684210526315,0.2,0.5736842105263158,0.7916666666666666
baseline_male,mRMR,40,RandomForest,4,0.5078333750770082,0.8571428571428572,0.7894736842105263,0.8,0.7947368421052632,0.7916666666666666
baseline_male,mRMR,40,RandomForest_TUNED,4,0.4146442144313646,0.8648648648648649,0.8421052631578947,0.6,0.7210526315789474,0.7916666666666666
baseline_male,mRMR,40,NeuralNetwork,4,0.42656170388121467,0.9,0.9473684210526315,0.4,0.6736842105263158,0.8333333333333334
baseline_male,mRMR,40,NeuralNetwork_TUNED,4,0.42656170388121467,0.9,0.9473684210526315,0.4,0.6736842105263158,0.8333333333333334
baseline_male,mRMR,40,NaiveBayes,4,0.12226666573419243,0.7777777777777778,0.7368421052631579,0.4,0.5684210526315789,0.6666666666666666
baseline_male,mRMR,40,LogisticRegression,4,0.29019050004400465,0.7999999999999999,0.7368421052631579,0.6,0.6684210526315789,0.7083333333333334
baseline_male,mRMR,40,AdaBoost,4,0.5078333750770082,0.8571428571428572,0.7894736842105263,0.8,0.7947368421052632,0.7916666666666666
baseline_male,mRMR,40,AdaBoost_TUNED,4,0.5737128161373645,0.8888888888888888,0.8421052631578947,0.8,0.8210526315789474,0.8333333333333334
baseline_male,mRMR,40,SVM_RBF,4,0.11633501014942219,0.8500000000000001,0.8947368421052632,0.2,0.5473684210526316,0.75
baseline_male,mRMR,40,SVM_RBF_TUNED,4,0.2165408787114111,0.8780487804878049,0.9473684210526315,0.2,0.5736842105263158,0.7916666666666666
baseline_male,mRMR,50,RandomForest,4,0.5737128161373645,0.8888888888888888,0.8421052631578947,0.8,0.8210526315789474,0.8333333333333334
baseline_male,mRMR,50,RandomForest_TUNED,4,0.5964809080634605,0.9230769230769231,0.9473684210526315,0.6,0.7736842105263158,0.875
baseline_male,mRMR,50,NeuralNetwork,4,0.11633501014942219,0.8500000000000001,0.8947368421052632,0.2,0.5473684210526316,0.75
baseline_male,mRMR,50,NeuralNetwork_TUNED,4,0.11633501014942219,0.8500000000000001,0.8947368421052632,0.2,0.5473684210526316,0.75
baseline_male,mRMR,50,NaiveBayes,4,0.24210526315789474,0.8421052631578947,0.8421052631578947,0.4,0.6210526315789473,0.75
baseline_male,mRMR,50,LogisticRegression,4,0.29019050004400465,0.7999999999999999,0.7368421052631579,0.6,0.6684210526315789,0.7083333333333334
baseline_male,mRMR,50,AdaBoost,4,0.6515837655350015,0.918918918918919,0.8947368421052632,0.8,0.8473684210526315,0.875
baseline_male,mRMR,50,AdaBoost_TUNED,4,0.6515837655350015,0.918918918918919,0.8947368421052632,0.8,0.8473684210526315,0.875
baseline_male,mRMR,50,SVM_RBF,4,0.40646942234853023,0.9047619047619047,1.0,0.2,0.6,0.8333333333333334
baseline_male,mRMR,50,SVM_RBF_TUNED,4,0.40646942234853023,0.9047619047619047,1.0,0.2,0.6,0.8333333333333334
baseline_male,mRMR,60,RandomForest,4,0.24210526315789474,0.8421052631578947,0.8421052631578947,0.4,0.6210526315789473,0.75
baseline_male,mRMR,60,RandomForest_TUNED,4,0.49473684210526314,0.8947368421052632,0.8947368421052632,0.6,0.7473684210526316,0.8333333333333334
baseline_male,mRMR,60,NeuralNetwork,4,-0.1546720562224365,0.8292682926829269,0.8947368421052632,0.0,0.4473684210526316,0.7083333333333334
baseline_male,mRMR,60,NeuralNetwork_TUNED,4,0.11633501014942219,0.8500000000000001,0.8947368421052632,0.2,0.5473684210526316,0.75
baseline_male,mRMR,60,NaiveBayes,4,0.04588314677411235,0.8205128205128205,0.8421052631578947,0.2,0.5210526315789473,0.7083333333333334
baseline_male,mRMR,60,LogisticRegression,4,0.07254762501100116,0.742857142857143,0.6842105263157895,0.4,0.5421052631578948,0.625
baseline_male,mRMR,60,AdaBoost,4,0.6515837655350015,0.918918918918919,0.8947368421052632,0.8,0.8473684210526315,0.875
baseline_male,mRMR,60,AdaBoost_TUNED,4,0.6515837655350015,0.918918918918919,0.8947368421052632,0.8,0.8473684210526315,0.875
baseline_male,mRMR,60,SVM_RBF,4,0.2165408787114111,0.8780487804878049,0.9473684210526315,0.2,0.5736842105263158,0.7916666666666666
baseline_male,mRMR,60,SVM_RBF_TUNED,4,0.2165408787114111,0.8780487804878049,0.9473684210526315,0.2,0.5736842105263158,0.7916666666666666
baseline_male,mRMR,70,RandomForest,4,0.4146442144313646,0.8648648648648649,0.8421052631578947,0.6,0.7210526315789474,0.7916666666666666
baseline_male,mRMR,70,RandomForest_TUNED,4,0.49473684210526314,0.8947368421052632,0.8947368421052632,0.6,0.7473684210526316,0.8333333333333334
baseline_male,mRMR,70,NeuralNetwork,4,0.49473684210526314,0.8947368421052632,0.8947368421052632,0.6,0.7473684210526316,0.8333333333333334
baseline_male,mRMR,70,NeuralNetwork_TUNED,4,0.24210526315789474,0.8421052631578947,0.8421052631578947,0.4,0.6210526315789473,0.75
baseline_male,mRMR,70,NaiveBayes,4,-0.1546720562224365,0.8292682926829269,0.8947368421052632,0.0,0.4473684210526316,0.7083333333333334
baseline_male,mRMR,70,LogisticRegression,4,-0.10345640946739358,0.7222222222222222,0.6842105263157895,0.2,0.4421052631578948,0.5833333333333334
baseline_male,mRMR,70,AdaBoost,4,0.4146442144313646,0.8648648648648649,0.8421052631578947,0.6,0.7210526315789474,0.7916666666666666
baseline_male,mRMR,70,AdaBoost_TUNED,4,0.5737128161373645,0.8888888888888888,0.8421052631578947,0.8,0.8210526315789474,0.8333333333333334
baseline_male,mRMR,70,SVM_RBF,4,0.2165408787114111,0.8780487804878049,0.9473684210526315,0.2,0.5736842105263158,0.7916666666666666
baseline_male,mRMR,70,SVM_RBF_TUNED,4,0.2165408787114111,0.8780487804878049,0.9473684210526315,0.2,0.5736842105263158,0.7916666666666666
baseline_male,mRMR,80,RandomForest,4,0.32118202741878643,0.8717948717948718,0.8947368421052632,0.4,0.6473684210526316,0.7916666666666666
baseline_male,mRMR,80,RandomForest_TUNED,4,0.32118202741878643,0.8717948717948718,0.8947368421052632,0.4,0.6473684210526316,0.7916666666666666
baseline_male,mRMR,80,NeuralNetwork,4,0.32118202741878643,0.8717948717948718,0.8947368421052632,0.4,0.6473684210526316,0.7916666666666666
baseline_male,mRMR,80,NeuralNetwork_TUNED,4,0.32118202741878643,0.8717948717948718,0.8947368421052632,0.4,0.6473684210526316,0.7916666666666666
baseline_male,mRMR,80,NaiveBayes,4,-0.1546720562224365,0.8292682926829269,0.8947368421052632,0.0,0.4473684210526316,0.7083333333333334
baseline_male,mRMR,80,LogisticRegression,4,-0.10345640946739358,0.7222222222222222,0.6842105263157895,0.2,0.4421052631578948,0.5833333333333334
baseline_male,mRMR,80,AdaBoost,4,0.49473684210526314,0.8947368421052632,0.8947368421052632,0.6,0.7473684210526316,0.8333333333333334
baseline_male,mRMR,80,AdaBoost_TUNED,4,0.32118202741878643,0.8717948717948718,0.8947368421052632,0.4,0.6473684210526316,0.7916666666666666
baseline_male,mRMR,80,SVM_RBF,4,0.2165408787114111,0.8780487804878049,0.9473684210526315,0.2,0.5736842105263158,0.7916666666666666
baseline_male,mRMR,80,SVM_RBF_TUNED,4,0.2165408787114111,0.8780487804878049,0.9473684210526315,0.2,0.5736842105263158,0.7916666666666666
baseline_male,mRMR,90,RandomForest,4,0.32118202741878643,0.8717948717948718,0.8947368421052632,0.4,0.6473684210526316,0.7916666666666666
baseline_male,mRMR,90,RandomForest_TUNED,4,0.32118202741878643,0.8717948717948718,0.8947368421052632,0.4,0.6473684210526316,0.7916666666666666
baseline_male,mRMR,90,NeuralNetwork,4,-0.1938916835823703,0.8,0.8421052631578947,0.0,0.42105263157894735,0.6666666666666666
baseline_male,mRMR,90,NeuralNetwork_TUNED,4,-0.1938916835823703,0.8,0.8421052631578947,0.0,0.42105263157894735,0.6666666666666666
baseline_male,mRMR,90,NaiveBayes,4,-0.10696563746013954,0.8571428571428571,0.9473684210526315,0.0,0.47368421052631576,0.75
baseline_male,mRMR,90,LogisticRegression,4,0.07254762501100116,0.742857142857143,0.6842105263157895,0.4,0.5421052631578948,0.625
baseline_male,mRMR,90,AdaBoost,4,0.34798974093577845,0.8333333333333333,0.7894736842105263,0.6,0.6947368421052631,0.75
baseline_male,mRMR,90,AdaBoost_TUNED,4,0.49473684210526314,0.8947368421052632,0.8947368421052632,0.6,0.7473684210526316,0.8333333333333334
baseline_male,mRMR,90,SVM_RBF,4,-0.10696563746013954,0.8571428571428571,0.9473684210526315,0.0,0.47368421052631576,0.75
baseline_male,mRMR,90,SVM_RBF_TUNED,4,0.2165408787114111,0.8780487804878049,0.9473684210526315,0.2,0.5736842105263158,0.7916666666666666
baseline_male,mRMR,100,RandomForest,4,0.49473684210526314,0.8947368421052632,0.8947368421052632,0.6,0.7473684210526316,0.8333333333333334
baseline_male,mRMR,100,RandomForest_TUNED,4,0.49473684210526314,0.8947368421052632,0.8947368421052632,0.6,0.7473684210526316,0.8333333333333334
baseline_male,mRMR,100,NeuralNetwork,4,0.11633501014942219,0.8500000000000001,0.8947368421052632,0.2,0.5473684210526316,0.75
baseline_male,mRMR,100,NeuralNetwork_TUNED,4,0.11633501014942219,0.8500000000000001,0.8947368421052632,0.2,0.5473684210526316,0.75
baseline_male,mRMR,100,NaiveBayes,4,-0.10696563746013954,0.8571428571428571,0.9473684210526315,0.0,0.47368421052631576,0.75
baseline_male,mRMR,100,LogisticRegression,4,-0.2631578947368421,0.7368421052631579,0.7368421052631579,0.0,0.3684210526315789,0.5833333333333334
baseline_male,mRMR,100,AdaBoost,4,0.49473684210526314,0.8947368421052632,0.8947368421052632,0.6,0.7473684210526316,0.8333333333333334
baseline_male,mRMR,100,AdaBoost_TUNED,4,0.4146442144313646,0.8648648648648649,0.8421052631578947,0.6,0.7210526315789474,0.7916666666666666
baseline_male,mRMR,100,SVM_RBF,4,0.0,0.8837209302325582,1.0,0.0,0.5,0.7916666666666666
baseline_male,mRMR,100,SVM_RBF_TUNED,4,-0.10696563746013954,0.8571428571428571,0.9473684210526315,0.0,0.47368421052631576,0.75
baseline_male,Boruta,10,RandomForest,4,0.6515837655350015,0.918918918918919,0.8947368421052632,0.8,0.8473684210526315,0.875
baseline_male,Boruta,10,RandomForest_TUNED,4,0.6515837655350015,0.918918918918919,0.8947368421052632,0.8,0.8473684210526315,0.875
baseline_male,Boruta,10,NeuralNetwork,4,0.49473684210526314,0.8947368421052632,0.8947368421052632,0.6,0.7473684210526316,0.8333333333333334
baseline_male,Boruta,10,NeuralNetwork_TUNED,4,0.5964809080634605,0.9230769230769231,0.9473684210526315,0.6,0.7736842105263158,0.875
baseline_male,Boruta,10,NaiveBayes,4,0.5129891760425771,0.7741935483870968,0.631578947368421,1.0,0.8157894736842105,0.7083333333333334
baseline_male,Boruta,10,LogisticRegression,4,0.29019050004400465,0.7999999999999999,0.7368421052631579,0.6,0.6684210526315789,0.7083333333333334
baseline_male,Boruta,10,AdaBoost,4,0.5576780295914437,0.8125000000000001,0.6842105263157895,1.0,0.8421052631578947,0.75
baseline_male,Boruta,10,AdaBoost_TUNED,4,0.5078333750770082,0.8571428571428572,0.7894736842105263,0.8,0.7947368421052632,0.7916666666666666
baseline_male,Boruta,10,SVM_RBF,4,0.5737128161373645,0.8888888888888888,0.8421052631578947,0.8,0.8210526315789474,0.8333333333333334
baseline_male,Boruta,10,SVM_RBF_TUNED,4,0.42656170388121467,0.9,0.9473684210526315,0.4,0.6736842105263158,0.8333333333333334
baseline_male,Boruta,20,RandomForest,4,0.7473684210526316,0.9473684210526315,0.9473684210526315,0.8,0.8736842105263158,0.9166666666666666
baseline_male,Boruta,20,RandomForest_TUNED,4,0.5964809080634605,0.9230769230769231,0.9473684210526315,0.6,0.7736842105263158,0.875
baseline_male,Boruta,20,NeuralNetwork,4,0.11633501014942219,0.8500000000000001,0.8947368421052632,0.2,0.5473684210526316,0.75
baseline_male,Boruta,20,NeuralNetwork_TUNED,4,0.04588314677411235,0.8205128205128205,0.8421052631578947,0.2,0.5210526315789473,0.7083333333333334
baseline_male,Boruta,20,NaiveBayes,4,0.4718814096542986,0.7333333333333334,0.5789473684210527,1.0,0.7894736842105263,0.6666666666666666
baseline_male,Boruta,20,LogisticRegression,4,0.29019050004400465,0.7999999999999999,0.7368421052631579,0.6,0.6684210526315789,0.7083333333333334
baseline_male,Boruta,20,AdaBoost,4,0.4503410014021149,0.8235294117647058,0.7368421052631579,0.8,0.7684210526315789,0.75
baseline_male,Boruta,20,AdaBoost_TUNED,4,0.4146442144313646,0.8648648648648649,0.8421052631578947,0.6,0.7210526315789474,0.7916666666666666
baseline_male,Boruta,20,SVM_RBF,4,0.6515837655350015,0.918918918918919,0.8947368421052632,0.8,0.8473684210526315,0.875
baseline_male,Boruta,20,SVM_RBF_TUNED,4,0.5964809080634605,0.9230769230769231,0.9473684210526315,0.6,0.7736842105263158,0.875
baseline_male,Boruta,30,RandomForest,4,0.49473684210526314,0.8947368421052632,0.8947368421052632,0.6,0.7473684210526316,0.8333333333333334
baseline_male,Boruta,30,RandomForest_TUNED,4,0.4146442144313646,0.8648648648648649,0.8421052631578947,0.6,0.7210526315789474,0.7916666666666666
baseline_male,Boruta,30,NeuralNetwork,4,0.42656170388121467,0.9,0.9473684210526315,0.4,0.6736842105263158,0.8333333333333334
baseline_male,Boruta,30,NeuralNetwork_TUNED,4,0.49473684210526314,0.8947368421052632,0.8947368421052632,0.6,0.7473684210526316,0.8333333333333334
baseline_male,Boruta,30,NaiveBayes,4,0.30779350562554625,0.7096774193548387,0.5789473684210527,0.8,0.6894736842105263,0.625
baseline_male,Boruta,30,LogisticRegression,4,0.23841582427170788,0.7647058823529413,0.6842105263157895,0.6,0.6421052631578947,0.6666666666666666
baseline_male,Boruta,30,AdaBoost,4,0.29019050004400465,0.7999999999999999,0.7368421052631579,0.6,0.6684210526315789,0.7083333333333334
baseline_male,Boruta,30,AdaBoost_TUNED,4,0.34798974093577845,0.8333333333333333,0.7894736842105263,0.6,0.6947368421052631,0.75
baseline_male,Boruta,30,SVM_RBF,4,0.4146442144313646,0.8648648648648649,0.8421052631578947,0.6,0.7210526315789474,0.7916666666666666
baseline_male,Boruta,30,SVM_RBF_TUNED,4,0.42656170388121467,0.9,0.9473684210526315,0.4,0.6736842105263158,0.8333333333333334
baseline_male,Boruta,40,RandomForest,4,0.5964809080634605,0.9230769230769231,0.9473684210526315,0.6,0.7736842105263158,0.875
baseline_male,Boruta,40,RandomForest_TUNED,4,0.49473684210526314,0.8947368421052632,0.8947368421052632,0.6,0.7473684210526316,0.8333333333333334
baseline_male,Boruta,40,NeuralNetwork,4,0.42656170388121467,0.9,0.9473684210526315,0.4,0.6736842105263158,0.8333333333333334
baseline_male,Boruta,40,NeuralNetwork_TUNED,4,0.2165408787114111,0.8780487804878049,0.9473684210526315,0.2,0.5736842105263158,0.7916666666666666
baseline_male,Boruta,40,NaiveBayes,4,0.3988705859810952,0.7878787878787878,0.6842105263157895,0.8,0.7421052631578948,0.7083333333333334
baseline_male,Boruta,40,LogisticRegression,4,0.3988705859810952,0.7878787878787878,0.6842105263157895,0.8,0.7421052631578948,0.7083333333333334
baseline_male,Boruta,40,AdaBoost,4,0.29019050004400465,0.7999999999999999,0.7368421052631579,0.6,0.6684210526315789,0.7083333333333334
baseline_male,Boruta,40,AdaBoost_TUNED,4,0.34798974093577845,0.8333333333333333,0.7894736842105263,0.6,0.6947368421052631,0.75
baseline_male,Boruta,40,SVM_RBF,4,0.2165408787114111,0.8780487804878049,0.9473684210526315,0.2,0.5736842105263158,0.7916666666666666
baseline_male,Boruta,40,SVM_RBF_TUNED,4,0.40646942234853023,0.9047619047619047,1.0,0.2,0.6,0.8333333333333334
baseline_male,Boruta,50,RandomForest,4,0.5737128161373645,0.8888888888888888,0.8421052631578947,0.8,0.8210526315789474,0.8333333333333334
baseline_male,Boruta,50,RandomForest_TUNED,4,0.4146442144313646,0.8648648648648649,0.8421052631578947,0.6,0.7210526315789474,0.7916666666666666
baseline_male,Boruta,50,NeuralNetwork,4,0.32118202741878643,0.8717948717948718,0.8947368421052632,0.4,0.6473684210526316,0.7916666666666666
baseline_male,Boruta,50,NeuralNetwork_TUNED,4,0.04588314677411235,0.8205128205128205,0.8421052631578947,0.2,0.5210526315789473,0.7083333333333334
baseline_male,Boruta,50,NaiveBayes,4,0.1907641932953064,0.7272727272727273,0.631578947368421,0.6,0.6157894736842104,0.625
baseline_male,Boruta,50,LogisticRegression,4,-0.010526315789473684,0.7894736842105263,0.7894736842105263,0.2,0.49473684210526314,0.6666666666666666
baseline_male,Boruta,50,AdaBoost,4,0.23841582427170788,0.7647058823529413,0.6842105263157895,0.6,0.6421052631578947,0.6666666666666666
baseline_male,Boruta,50,AdaBoost_TUNED,4,0.5737128161373645,0.8888888888888888,0.8421052631578947,0.8,0.8210526315789474,0.8333333333333334
baseline_male,Boruta,50,SVM_RBF,4,0.11633501014942219,0.8500000000000001,0.8947368421052632,0.2,0.5473684210526316,0.75
baseline_male,Boruta,50,SVM_RBF_TUNED,4,0.40646942234853023,0.9047619047619047,1.0,0.2,0.6,0.8333333333333334
baseline_male,Boruta,60,RandomForest,4,0.4146442144313646,0.8648648648648649,0.8421052631578947,0.6,0.7210526315789474,0.7916666666666666
baseline_male,Boruta,60,RandomForest_TUNED,4,0.34798974093577845,0.8333333333333333,0.7894736842105263,0.6,0.6947368421052631,0.75
baseline_male,Boruta,60,NeuralNetwork,4,0.2165408787114111,0.8780487804878049,0.9473684210526315,0.2,0.5736842105263158,0.7916666666666666
baseline_male,Boruta,60,NeuralNetwork_TUNED,4,0.04588314677411235,0.8205128205128205,0.8421052631578947,0.2,0.5210526315789473,0.7083333333333334
baseline_male,Boruta,60,NaiveBayes,4,0.07254762501100116,0.742857142857143,0.6842105263157895,0.4,0.5421052631578948,0.625
baseline_male,Boruta,60,LogisticRegression,4,-0.22941573387056174,0.7692307692307692,0.7894736842105263,0.0,0.39473684210526316,0.625
baseline_male,Boruta,60,AdaBoost,4,0.4503410014021149,0.8235294117647058,0.7368421052631579,0.8,0.7684210526315789,0.75
baseline_male,Boruta,60,AdaBoost_TUNED,4,0.5078333750770082,0.8571428571428572,0.7894736842105263,0.8,0.7947368421052632,0.7916666666666666
baseline_male,Boruta,60,SVM_RBF,4,0.2165408787114111,0.8780487804878049,0.9473684210526315,0.2,0.5736842105263158,0.7916666666666666
baseline_male,Boruta,60,SVM_RBF_TUNED,4,0.11633501014942219,0.8500000000000001,0.8947368421052632,0.2,0.5473684210526316,0.75
baseline_male,Boruta,70,RandomForest,4,0.42656170388121467,0.9,0.9473684210526315,0.4,0.6736842105263158,0.8333333333333334
baseline_male,Boruta,70,RandomForest_TUNED,4,0.32118202741878643,0.8717948717948718,0.8947368421052632,0.4,0.6473684210526316,0.7916666666666666
baseline_male,Boruta,70,NeuralNetwork,4,0.11633501014942219,0.8500000000000001,0.8947368421052632,0.2,0.5473684210526316,0.75
baseline_male,Boruta,70,NeuralNetwork_TUNED,4,0.11633501014942219,0.8500000000000001,0.8947368421052632,0.2,0.5473684210526316,0.75
baseline_male,Boruta,70,NaiveBayes,4,0.24210526315789474,0.8421052631578947,0.8421052631578947,0.4,0.6210526315789473,0.75
baseline_male,Boruta,70,LogisticRegression,4,0.1777046633277277,0.8108108108108109,0.7894736842105263,0.4,0.5947368421052632,0.7083333333333334
baseline_male,Boruta,70,AdaBoost,4,0.23841582427170788,0.7647058823529413,0.6842105263157895,0.6,0.6421052631578947,0.6666666666666666
baseline_male,Boruta,70,AdaBoost_TUNED,4,0.4146442144313646,0.8648648648648649,0.8421052631578947,0.6,0.7210526315789474,0.7916666666666666
baseline_male,Boruta,70,SVM_RBF,4,0.2165408787114111,0.8780487804878049,0.9473684210526315,0.2,0.5736842105263158,0.7916666666666666
baseline_male,Boruta,70,SVM_RBF_TUNED,4,-0.10696563746013954,0.8571428571428571,0.9473684210526315,0.0,0.47368421052631576,0.75
baseline_male,Boruta,80,RandomForest,4,0.2165408787114111,0.8780487804878049,0.9473684210526315,0.2,0.5736842105263158,0.7916666666666666
baseline_male,Boruta,80,RandomForest_TUNED,4,0.5964809080634605,0.9230769230769231,0.9473684210526315,0.6,0.7736842105263158,0.875
baseline_male,Boruta,80,NeuralNetwork,4,0.11633501014942219,0.8500000000000001,0.8947368421052632,0.2,0.5473684210526316,0.75
baseline_male,Boruta,80,NeuralNetwork_TUNED,4,0.32118202741878643,0.8717948717948718,0.8947368421052632,0.4,0.6473684210526316,0.7916666666666666
baseline_male,Boruta,80,NaiveBayes,4,0.2165408787114111,0.8780487804878049,0.9473684210526315,0.2,0.5736842105263158,0.7916666666666666
baseline_male,Boruta,80,LogisticRegression,4,0.34798974093577845,0.8333333333333333,0.7894736842105263,0.6,0.6947368421052631,0.75
baseline_male,Boruta,80,AdaBoost,4,0.4146442144313646,0.8648648648648649,0.8421052631578947,0.6,0.7210526315789474,0.7916666666666666
baseline_male,Boruta,80,AdaBoost_TUNED,4,0.49473684210526314,0.8947368421052632,0.8947368421052632,0.6,0.7473684210526316,0.8333333333333334
baseline_male,Boruta,80,SVM_RBF,4,0.2165408787114111,0.8780487804878049,0.9473684210526315,0.2,0.5736842105263158,0.7916666666666666
baseline_male,Boruta,80,SVM_RBF_TUNED,4,0.42656170388121467,0.9,0.9473684210526315,0.4,0.6736842105263158,0.8333333333333334
baseline_male,Boruta,90,RandomForest,4,0.49473684210526314,0.8947368421052632,0.8947368421052632,0.6,0.7473684210526316,0.8333333333333334
baseline_male,Boruta,90,RandomForest_TUNED,4,0.42656170388121467,0.9,0.9473684210526315,0.4,0.6736842105263158,0.8333333333333334
baseline_male,Boruta,90,NeuralNetwork,4,0.2165408787114111,0.8780487804878049,0.9473684210526315,0.2,0.5736842105263158,0.7916666666666666
baseline_male,Boruta,90,NeuralNetwork_TUNED,4,0.32118202741878643,0.8717948717948718,0.8947368421052632,0.4,0.6473684210526316,0.7916666666666666
baseline_male,Boruta,90,NaiveBayes,4,0.2165408787114111,0.8780487804878049,0.9473684210526315,0.2,0.5736842105263158,0.7916666666666666
baseline_male,Boruta,90,LogisticRegression,4,0.12226666573419243,0.7777777777777778,0.7368421052631579,0.4,0.5684210526315789,0.6666666666666666
baseline_male,Boruta,90,AdaBoost,4,0.12226666573419243,0.7777777777777778,0.7368421052631579,0.4,0.5684210526315789,0.6666666666666666
baseline_male,Boruta,90,AdaBoost_TUNED,4,0.29019050004400465,0.7999999999999999,0.7368421052631579,0.6,0.6684210526315789,0.7083333333333334
baseline_male,Boruta,90,SVM_RBF,4,0.2165408787114111,0.8780487804878049,0.9473684210526315,0.2,0.5736842105263158,0.7916666666666666
baseline_male,Boruta,90,SVM_RBF_TUNED,4,0.04588314677411235,0.8205128205128205,0.8421052631578947,0.2,0.5210526315789473,0.7083333333333334
baseline_male,Boruta,100,RandomForest,4,0.2165408787114111,0.8780487804878049,0.9473684210526315,0.2,0.5736842105263158,0.7916666666666666
baseline_male,Boruta,100,RandomForest_TUNED,4,0.42656170388121467,0.9,0.9473684210526315,0.4,0.6736842105263158,0.8333333333333334
baseline_male,Boruta,100,NeuralNetwork,4,0.42656170388121467,0.9,0.9473684210526315,0.4,0.6736842105263158,0.8333333333333334
baseline_male,Boruta,100,NeuralNetwork_TUNED,4,0.42656170388121467,0.9,0.9473684210526315,0.4,0.6736842105263158,0.8333333333333334
baseline_male,Boruta,100,NaiveBayes,4,0.11633501014942219,0.8500000000000001,0.8947368421052632,0.2,0.5473684210526316,0.75
baseline_male,Boruta,100,LogisticRegression,4,0.1777046633277277,0.8108108108108109,0.7894736842105263,0.4,0.5947368421052632,0.7083333333333334
baseline_male,Boruta,100,AdaBoost,4,0.34798974093577845,0.8333333333333333,0.7894736842105263,0.6,0.6947368421052631,0.75
baseline_male,Boruta,100,AdaBoost_TUNED,4,0.5078333750770082,0.8571428571428572,0.7894736842105263,0.8,0.7947368421052632,0.7916666666666666
baseline_male,Boruta,100,SVM_RBF,4,0.2165408787114111,0.8780487804878049,0.9473684210526315,0.2,0.5736842105263158,0.7916666666666666
baseline_male,Boruta,100,SVM_RBF_TUNED,4,0.42656170388121467,0.9,0.9473684210526315,0.4,0.6736842105263158,0.8333333333333334
baseline_male,mRMR,10,RandomForest,5,0.42185656681265843,0.8947368421052632,0.85,0.6666666666666666,0.7583333333333333,0.8260869565217391
baseline_male,mRMR,10,RandomForest_TUNED,5,0.42185656681265843,0.8947368421052632,0.85,0.6666666666666666,0.7583333333333333,0.8260869565217391
baseline_male,mRMR,10,NeuralNetwork,5,0.35791699479543954,0.8648648648648648,0.8,0.6666666666666666,0.7333333333333334,0.782608695652174
baseline_male,mRMR,10,NeuralNetwork_TUNED,5,0.35791699479543954,0.8648648648648648,0.8,0.6666666666666666,0.7333333333333334,0.782608695652174
baseline_male,mRMR,10,NaiveBayes,5,0.5034965460952284,0.9230769230769231,0.9,0.6666666666666666,0.7833333333333333,0.8695652173913043
baseline_male,mRMR,10,LogisticRegression,5,0.48304589153964794,0.8235294117647058,0.7,1.0,0.85,0.7391304347826086
baseline_male,mRMR,10,AdaBoost,5,0.35791699479543954,0.8648648648648648,0.8,0.6666666666666666,0.7333333333333334,0.782608695652174
baseline_male,mRMR,10,AdaBoost_TUNED,5,0.35791699479543954,0.8648648648648648,0.8,0.6666666666666666,0.7333333333333334,0.782608695652174
baseline_male,mRMR,10,SVM_RBF,5,0.30496877279641665,0.8333333333333334,0.75,0.6666666666666666,0.7083333333333333,0.7391304347826086
baseline_male,mRMR,10,SVM_RBF_TUNED,5,-0.08257228238447704,0.9047619047619048,0.95,0.0,0.475,0.8260869565217391
baseline_male,mRMR,20,RandomForest,5,0.42185656681265843,0.8947368421052632,0.85,0.6666666666666666,0.7583333333333333,0.8260869565217391
baseline_male,mRMR,20,RandomForest_TUNED,5,0.5034965460952284,0.9230769230769231,0.9,0.6666666666666666,0.7833333333333333,0.8695652173913043
baseline_male,mRMR,20,NeuralNetwork,5,0.6166666666666667,0.9500000000000001,0.95,0.6666666666666666,0.8083333333333333,0.9130434782608695
baseline_male,mRMR,20,NeuralNetwork_TUNED,5,0.5034965460952284,0.9230769230769231,0.9,0.6666666666666666,0.7833333333333333,0.8695652173913043
baseline_male,mRMR,20,NaiveBayes,5,0.6166666666666667,0.9500000000000001,0.95,0.6666666666666666,0.8083333333333333,0.9130434782608695
baseline_male,mRMR,20,LogisticRegression,5,0.35791699479543954,0.8648648648648648,0.8,0.6666666666666666,0.7333333333333334,0.782608695652174
baseline_male,mRMR,20,AdaBoost,5,0.16289594138375038,0.8717948717948718,0.85,0.3333333333333333,0.5916666666666667,0.782608695652174
baseline_male,mRMR,20,AdaBoost_TUNED,5,0.42185656681265843,0.8947368421052632,0.85,0.6666666666666666,0.7583333333333333,0.8260869565217391
baseline_male,mRMR,20,SVM_RBF,5,0.42185656681265843,0.8947368421052632,0.85,0.6666666666666666,0.7583333333333333,0.8260869565217391
baseline_male,mRMR,20,SVM_RBF_TUNED,5,0.6166666666666667,0.9500000000000001,0.95,0.6666666666666666,0.8083333333333333,0.9130434782608695
baseline_male,mRMR,30,RandomForest,5,0.42185656681265843,0.8947368421052632,0.85,0.6666666666666666,0.7583333333333333,0.8260869565217391
baseline_male,mRMR,30,RandomForest_TUNED,5,0.42185656681265843,0.8947368421052632,0.85,0.6666666666666666,0.7583333333333333,0.8260869565217391
baseline_male,mRMR,30,NeuralNetwork,5,0.5034965460952284,0.9230769230769231,0.9,0.6666666666666666,0.7833333333333333,0.8695652173913043
baseline_male,mRMR,30,NeuralNetwork_TUNED,5,-0.08257228238447704,0.9047619047619048,0.95,0.0,0.475,0.8260869565217391
baseline_male,mRMR,30,NaiveBayes,5,0.5034965460952284,0.9230769230769231,0.9,0.6666666666666666,0.7833333333333333,0.8695652173913043
baseline_male,mRMR,30,LogisticRegression,5,0.42185656681265843,0.8947368421052632,0.85,0.6666666666666666,0.7583333333333333,0.8260869565217391
baseline_male,mRMR,30,AdaBoost,5,0.23333333333333334,0.9,0.9,0.3333333333333333,0.6166666666666667,0.8260869565217391
baseline_male,mRMR,30,AdaBoost_TUNED,5,0.16289594138375038,0.8717948717948718,0.85,0.3333333333333333,0.5916666666666667,0.782608695652174
baseline_male,mRMR,30,SVM_RBF,5,0.3386481059780782,0.9268292682926829,0.95,0.3333333333333333,0.6416666666666666,0.8695652173913043
baseline_male,mRMR,30,SVM_RBF_TUNED,5,0.8440971508067066,0.9743589743589743,0.95,1.0,0.975,0.9565217391304348
baseline_male,mRMR,40,RandomForest,5,0.5034965460952284,0.9230769230769231,0.9,0.6666666666666666,0.7833333333333333,0.8695652173913043
baseline_male,mRMR,40,RandomForest_TUNED,5,0.5034965460952284,0.9230769230769231,0.9,0.6666666666666666,0.7833333333333333,0.8695652173913043
baseline_male,mRMR,40,NeuralNetwork,5,0.5034965460952284,0.9230769230769231,0.9,0.6666666666666666,0.7833333333333333,0.8695652173913043
baseline_male,mRMR,40,NeuralNetwork_TUNED,5,0.3386481059780782,0.9268292682926829,0.95,0.3333333333333333,0.6416666666666666,0.8695652173913043
baseline_male,mRMR,40,NaiveBayes,5,0.42185656681265843,0.8947368421052632,0.85,0.6666666666666666,0.7583333333333333,0.8260869565217391
baseline_male,mRMR,40,LogisticRegression,5,0.42185656681265843,0.8947368421052632,0.85,0.6666666666666666,0.7583333333333333,0.8260869565217391
baseline_male,mRMR,40,AdaBoost,5,0.42185656681265843,0.8947368421052632,0.85,0.6666666666666666,0.7583333333333333,0.8260869565217391
baseline_male,mRMR,40,AdaBoost_TUNED,5,0.42185656681265843,0.8947368421052632,0.85,0.6666666666666666,0.7583333333333333,0.8260869565217391
baseline_male,mRMR,40,SVM_RBF,5,-0.11952286093343938,0.8780487804878048,0.9,0.0,0.45,0.782608695652174
baseline_male,mRMR,40,SVM_RBF_TUNED,5,0.0,0.9302325581395349,1.0,0.0,0.5,0.8695652173913043
baseline_male,mRMR,50,RandomForest,5,0.6166666666666667,0.9500000000000001,0.95,0.6666666666666666,0.8083333333333333,0.9130434782608695
baseline_male,mRMR,50,RandomForest_TUNED,5,0.6166666666666667,0.9500000000000001,0.95,0.6666666666666666,0.8083333333333333,0.9130434782608695
baseline_male,mRMR,50,NeuralNetwork,5,0.3386481059780782,0.9268292682926829,0.95,0.3333333333333333,0.6416666666666666,0.8695652173913043
baseline_male,mRMR,50,NeuralNetwork_TUNED,5,0.23333333333333334,0.9,0.9,0.3333333333333333,0.6166666666666667,0.8260869565217391
baseline_male,mRMR,50,NaiveBayes,5,0.5034965460952284,0.9230769230769231,0.9,0.6666666666666666,0.7833333333333333,0.8695652173913043
baseline_male,mRMR,50,LogisticRegression,5,0.10886621079036346,0.8421052631578948,0.8,0.3333333333333333,0.5666666666666667,0.7391304347826086
baseline_male,mRMR,50,AdaBoost,5,0.42185656681265843,0.8947368421052632,0.85,0.6666666666666666,0.7583333333333333,0.8260869565217391
baseline_male,mRMR,50,AdaBoost_TUNED,5,0.7348469228349533,0.9473684210526316,0.9,1.0,0.95,0.9130434782608695
baseline_male,mRMR,50,SVM_RBF,5,0.5504818825631803,0.9523809523809523,1.0,0.3333333333333333,0.6666666666666666,0.9130434782608695
baseline_male,mRMR,50,SVM_RBF_TUNED,5,0.0,0.9302325581395349,1.0,0.0,0.5,0.8695652173913043
baseline_male,mRMR,60,RandomForest,5,0.7348469228349533,0.9473684210526316,0.9,1.0,0.95,0.9130434782608695
baseline_male,mRMR,60,RandomForest_TUNED,5,0.5034965460952284,0.9230769230769231,0.9,0.6666666666666666,0.7833333333333333,0.8695652173913043
baseline_male,mRMR,60,NeuralNetwork,5,0.6166666666666667,0.9500000000000001,0.95,0.6666666666666666,0.8083333333333333,0.9130434782608695
baseline_male,mRMR,60,NeuralNetwork_TUNED,5,0.16289594138375038,0.8717948717948718,0.85,0.3333333333333333,0.5916666666666667,0.782608695652174
baseline_male,mRMR,60,NaiveBayes,5,0.6166666666666667,0.9500000000000001,0.95,0.6666666666666666,0.8083333333333333,0.9130434782608695
baseline_male,mRMR,60,LogisticRegression,5,0.42185656681265843,0.8947368421052632,0.85,0.6666666666666666,0.7583333333333333,0.8260869565217391
baseline_male,mRMR,60,AdaBoost,5,0.6519202405202649,0.9189189189189189,0.85,1.0,0.925,0.8695652173913043
baseline_male,mRMR,60,AdaBoost_TUNED,5,0.6519202405202649,0.9189189189189189,0.85,1.0,0.925,0.8695652173913043
baseline_male,mRMR,60,SVM_RBF,5,0.0,0.9302325581395349,1.0,0.0,0.5,0.8695652173913043
baseline_male,mRMR,60,SVM_RBF_TUNED,5,0.0,0.9302325581395349,1.0,0.0,0.5,0.8695652173913043
baseline_male,mRMR,70,RandomForest,5,0.42185656681265843,0.8947368421052632,0.85,0.6666666666666666,0.7583333333333333,0.8260869565217391
baseline_male,mRMR,70,RandomForest_TUNED,5,0.42185656681265843,0.8947368421052632,0.85,0.6666666666666666,0.7583333333333333,0.8260869565217391
baseline_male,mRMR,70,NeuralNetwork,5,0.42185656681265843,0.8947368421052632,0.85,0.6666666666666666,0.7583333333333333,0.8260869565217391
baseline_male,mRMR,70,NeuralNetwork_TUNED,5,0.6519202405202649,0.9189189189189189,0.85,1.0,0.925,0.8695652173913043
baseline_male,mRMR,70,NaiveBayes,5,0.6166666666666667,0.9500000000000001,0.95,0.6666666666666666,0.8083333333333333,0.9130434782608695
baseline_male,mRMR,70,LogisticRegression,5,0.5034965460952284,0.9230769230769231,0.9,0.6666666666666666,0.7833333333333333,0.8695652173913043
baseline_male,mRMR,70,AdaBoost,5,0.5034965460952284,0.9230769230769231,0.9,0.6666666666666666,0.7833333333333333,0.8695652173913043
baseline_male,mRMR,70,AdaBoost_TUNED,5,0.7348469228349533,0.9473684210526316,0.9,1.0,0.95,0.9130434782608695
baseline_male,mRMR,70,SVM_RBF,5,0.0,0.9302325581395349,1.0,0.0,0.5,0.8695652173913043
baseline_male,mRMR,70,SVM_RBF_TUNED,5,0.0,0.9302325581395349,1.0,0.0,0.5,0.8695652173913043
baseline_male,mRMR,80,RandomForest,5,0.5034965460952284,0.9230769230769231,0.9,0.6666666666666666,0.7833333333333333,0.8695652173913043
baseline_male,mRMR,80,RandomForest_TUNED,5,0.5034965460952284,0.9230769230769231,0.9,0.6666666666666666,0.7833333333333333,0.8695652173913043
baseline_male,mRMR,80,NeuralNetwork,5,0.23333333333333334,0.9,0.9,0.3333333333333333,0.6166666666666667,0.8260869565217391
baseline_male,mRMR,80,NeuralNetwork_TUNED,5,0.5034965460952284,0.9230769230769231,0.9,0.6666666666666666,0.7833333333333333,0.8695652173913043
baseline_male,mRMR,80,NaiveBayes,5,0.6166666666666667,0.9500000000000001,0.95,0.6666666666666666,0.8083333333333333,0.9130434782608695
baseline_male,mRMR,80,LogisticRegression,5,0.42185656681265843,0.8947368421052632,0.85,0.6666666666666666,0.7583333333333333,0.8260869565217391
baseline_male,mRMR,80,AdaBoost,5,0.42185656681265843,0.8947368421052632,0.85,0.6666666666666666,0.7583333333333333,0.8260869565217391
baseline_male,mRMR,80,AdaBoost_TUNED,5,0.7348469228349533,0.9473684210526316,0.9,1.0,0.95,0.9130434782608695
baseline_male,mRMR,80,SVM_RBF,5,0.0,0.9302325581395349,1.0,0.0,0.5,0.8695652173913043
baseline_male,mRMR,80,SVM_RBF_TUNED,5,0.0,0.9302325581395349,1.0,0.0,0.5,0.8695652173913043
baseline_male,mRMR,90,RandomForest,5,0.6519202405202649,0.9189189189189189,0.85,1.0,0.925,0.8695652173913043
baseline_male,mRMR,90,RandomForest_TUNED,5,0.42185656681265843,0.8947368421052632,0.85,0.6666666666666666,0.7583333333333333,0.8260869565217391
baseline_male,mRMR,90,NeuralNetwork,5,0.7348469228349533,0.9473684210526316,0.9,1.0,0.95,0.9130434782608695
baseline_male,mRMR,90,NeuralNetwork_TUNED,5,0.5034965460952284,0.9230769230769231,0.9,0.6666666666666666,0.7833333333333333,0.8695652173913043
baseline_male,mRMR,90,NaiveBayes,5,0.6166666666666667,0.9500000000000001,0.95,0.6666666666666666,0.8083333333333333,0.9130434782608695
baseline_male,mRMR,90,LogisticRegression,5,0.42185656681265843,0.8947368421052632,0.85,0.6666666666666666,0.7583333333333333,0.8260869565217391
baseline_male,mRMR,90,AdaBoost,5,0.7348469228349533,0.9473684210526316,0.9,1.0,0.95,0.9130434782608695
baseline_male,mRMR,90,AdaBoost_TUNED,5,0.6519202405202649,0.9189189189189189,0.85,1.0,0.925,0.8695652173913043
baseline_male,mRMR,90,SVM_RBF,5,0.0,0.9302325581395349,1.0,0.0,0.5,0.8695652173913043
baseline_male,mRMR,90,SVM_RBF_TUNED,5,-0.08257228238447704,0.9047619047619048,0.95,0.0,0.475,0.8260869565217391
baseline_male,mRMR,100,RandomForest,5,0.6166666666666667,0.9500000000000001,0.95,0.6666666666666666,0.8083333333333333,0.9130434782608695
baseline_male,mRMR,100,RandomForest_TUNED,5,0.6166666666666667,0.9500000000000001,0.95,0.6666666666666666,0.8083333333333333,0.9130434782608695
baseline_male,mRMR,100,NeuralNetwork,5,0.6166666666666667,0.9500000000000001,0.95,0.6666666666666666,0.8083333333333333,0.9130434782608695
baseline_male,mRMR,100,NeuralNetwork_TUNED,5,0.5034965460952284,0.9230769230769231,0.9,0.6666666666666666,0.7833333333333333,0.8695652173913043
baseline_male,mRMR,100,NaiveBayes,5,0.5034965460952284,0.9230769230769231,0.9,0.6666666666666666,0.7833333333333333,0.8695652173913043
baseline_male,mRMR,100,LogisticRegression,5,0.35791699479543954,0.8648648648648648,0.8,0.6666666666666666,0.7333333333333334,0.782608695652174
baseline_male,mRMR,100,AdaBoost,5,0.5855400437691199,0.888888888888889,0.8,1.0,0.9,0.8260869565217391
baseline_male,mRMR,100,AdaBoost_TUNED,5,0.7348469228349533,0.9473684210526316,0.9,1.0,0.95,0.9130434782608695
baseline_male,mRMR,100,SVM_RBF,5,0.3386481059780782,0.9268292682926829,0.95,0.3333333333333333,0.6416666666666666,0.8695652173913043
baseline_male,mRMR,100,SVM_RBF_TUNED,5,0.3386481059780782,0.9268292682926829,0.95,0.3333333333333333,0.6416666666666666,0.8695652173913043
baseline_male,Boruta,10,RandomForest,5,0.5855400437691199,0.888888888888889,0.8,1.0,0.9,0.8260869565217391
baseline_male,Boruta,10,RandomForest_TUNED,5,0.5855400437691199,0.888888888888889,0.8,1.0,0.9,0.8260869565217391
baseline_male,Boruta,10,NeuralNetwork,5,0.40451991747794525,0.7499999999999999,0.6,1.0,0.8,0.6521739130434783
baseline_male,Boruta,10,NeuralNetwork_TUNED,5,0.44158804331639234,0.787878787878788,0.65,1.0,0.825,0.6956521739130435
baseline_male,Boruta,10,NaiveBayes,5,0.37080992435478316,0.7096774193548387,0.55,1.0,0.775,0.6086956521739131
baseline_male,Boruta,10,LogisticRegression,5,0.5303300858899106,0.8571428571428571,0.75,1.0,0.875,0.782608695652174
baseline_male,Boruta,10,AdaBoost,5,0.0639137490706142,0.8108108108108107,0.75,0.3333333333333333,0.5416666666666666,0.6956521739130435
baseline_male,Boruta,10,AdaBoost_TUNED,5,0.0639137490706142,0.8108108108108107,0.75,0.3333333333333333,0.5416666666666666,0.6956521739130435
baseline_male,Boruta,10,SVM_RBF,5,0.44158804331639234,0.787878787878788,0.65,1.0,0.825,0.6956521739130435
baseline_male,Boruta,10,SVM_RBF_TUNED,5,0.0,0.9302325581395349,1.0,0.0,0.5,0.8695652173913043
baseline_male,Boruta,20,RandomForest,5,0.35791699479543954,0.8648648648648648,0.8,0.6666666666666666,0.7333333333333334,0.782608695652174
baseline_male,Boruta,20,RandomForest_TUNED,5,0.5034965460952284,0.9230769230769231,0.9,0.6666666666666666,0.7833333333333333,0.8695652173913043
baseline_male,Boruta,20,NeuralNetwork,5,0.7348469228349533,0.9473684210526316,0.9,1.0,0.95,0.9130434782608695
baseline_male,Boruta,20,NeuralNetwork_TUNED,5,0.35791699479543954,0.8648648648648648,0.8,0.6666666666666666,0.7333333333333334,0.782608695652174
baseline_male,Boruta,20,NaiveBayes,5,0.48304589153964794,0.8235294117647058,0.7,1.0,0.85,0.7391304347826086
baseline_male,Boruta,20,LogisticRegression,5,0.5855400437691199,0.888888888888889,0.8,1.0,0.9,0.8260869565217391
baseline_male,Boruta,20,AdaBoost,5,0.6519202405202649,0.9189189189189189,0.85,1.0,0.925,0.8695652173913043
baseline_male,Boruta,20,AdaBoost_TUNED,5,0.6519202405202649,0.9189189189189189,0.85,1.0,0.925,0.8695652173913043
baseline_male,Boruta,20,SVM_RBF,5,0.42185656681265843,0.8947368421052632,0.85,0.6666666666666666,0.7583333333333333,0.8260869565217391
baseline_male,Boruta,20,SVM_RBF_TUNED,5,0.0,0.9302325581395349,1.0,0.0,0.5,0.8695652173913043
baseline_male,Boruta,30,RandomForest,5,0.5034965460952284,0.9230769230769231,0.9,0.6666666666666666,0.7833333333333333,0.8695652173913043
baseline_male,Boruta,30,RandomForest_TUNED,5,0.42185656681265843,0.8947368421052632,0.85,0.6666666666666666,0.7583333333333333,0.8260869565217391
baseline_male,Boruta,30,NeuralNetwork,5,0.35791699479543954,0.8648648648648648,0.8,0.6666666666666666,0.7333333333333334,0.782608695652174
baseline_male,Boruta,30,NeuralNetwork_TUNED,5,0.10886621079036346,0.8421052631578948,0.8,0.3333333333333333,0.5666666666666667,0.7391304347826086
baseline_male,Boruta,30,NaiveBayes,5,0.44158804331639234,0.787878787878788,0.65,1.0,0.825,0.6956521739130435
baseline_male,Boruta,30,LogisticRegression,5,0.48304589153964794,0.8235294117647058,0.7,1.0,0.85,0.7391304347826086
baseline_male,Boruta,30,AdaBoost,5,0.6519202405202649,0.9189189189189189,0.85,1.0,0.925,0.8695652173913043
baseline_male,Boruta,30,AdaBoost_TUNED,5,0.6519202405202649,0.9189189189189189,0.85,1.0,0.925,0.8695652173913043
baseline_male,Boruta,30,SVM_RBF,5,0.42185656681265843,0.8947368421052632,0.85,0.6666666666666666,0.7583333333333333,0.8260869565217391
baseline_male,Boruta,30,SVM_RBF_TUNED,5,0.5504818825631803,0.9523809523809523,1.0,0.3333333333333333,0.6666666666666666,0.9130434782608695
baseline_male,Boruta,40,RandomForest,5,0.5034965460952284,0.9230769230769231,0.9,0.6666666666666666,0.7833333333333333,0.8695652173913043
baseline_male,Boruta,40,RandomForest_TUNED,5,0.6166666666666667,0.9500000000000001,0.95,0.6666666666666666,0.8083333333333333,0.9130434782608695
baseline_male,Boruta,40,NeuralNetwork,5,0.35791699479543954,0.8648648648648648,0.8,0.6666666666666666,0.7333333333333334,0.782608695652174
baseline_male,Boruta,40,NeuralNetwork_TUNED,5,0.5034965460952284,0.9230769230769231,0.9,0.6666666666666666,0.7833333333333333,0.8695652173913043
baseline_male,Boruta,40,NaiveBayes,5,0.5303300858899106,0.8571428571428571,0.75,1.0,0.875,0.782608695652174
baseline_male,Boruta,40,LogisticRegression,5,0.5303300858899106,0.8571428571428571,0.75,1.0,0.875,0.782608695652174
baseline_male,Boruta,40,AdaBoost,5,0.8440971508067066,0.9743589743589743,0.95,1.0,0.975,0.9565217391304348
baseline_male,Boruta,40,AdaBoost_TUNED,5,0.7348469228349533,0.9473684210526316,0.9,1.0,0.95,0.9130434782608695
baseline_male,Boruta,40,SVM_RBF,5,0.0,0.9302325581395349,1.0,0.0,0.5,0.8695652173913043
baseline_male,Boruta,40,SVM_RBF_TUNED,5,0.0,0.9302325581395349,1.0,0.0,0.5,0.8695652173913043
baseline_male,Boruta,50,RandomForest,5,0.6166666666666667,0.9500000000000001,0.95,0.6666666666666666,0.8083333333333333,0.9130434782608695
baseline_male,Boruta,50,RandomForest_TUNED,5,0.6166666666666667,0.9500000000000001,0.95,0.6666666666666666,0.8083333333333333,0.9130434782608695
baseline_male,Boruta,50,NeuralNetwork,5,0.5034965460952284,0.9230769230769231,0.9,0.6666666666666666,0.7833333333333333,0.8695652173913043
baseline_male,Boruta,50,NeuralNetwork_TUNED,5,0.23333333333333334,0.9,0.9,0.3333333333333333,0.6166666666666667,0.8260869565217391
baseline_male,Boruta,50,NaiveBayes,5,0.5303300858899106,0.8571428571428571,0.75,1.0,0.875,0.782608695652174
baseline_male,Boruta,50,LogisticRegression,5,0.6519202405202649,0.9189189189189189,0.85,1.0,0.925,0.8695652173913043
baseline_male,Boruta,50,AdaBoost,5,0.8440971508067066,0.9743589743589743,0.95,1.0,0.975,0.9565217391304348
baseline_male,Boruta,50,AdaBoost_TUNED,5,0.6166666666666667,0.9500000000000001,0.95,0.6666666666666666,0.8083333333333333,0.9130434782608695
baseline_male,Boruta,50,SVM_RBF,5,0.0,0.9302325581395349,1.0,0.0,0.5,0.8695652173913043
baseline_male,Boruta,50,SVM_RBF_TUNED,5,0.0,0.9302325581395349,1.0,0.0,0.5,0.8695652173913043
baseline_male,Boruta,60,RandomForest,5,0.6166666666666667,0.9500000000000001,0.95,0.6666666666666666,0.8083333333333333,0.9130434782608695
baseline_male,Boruta,60,RandomForest_TUNED,5,0.6166666666666667,0.9500000000000001,0.95,0.6666666666666666,0.8083333333333333,0.9130434782608695
baseline_male,Boruta,60,NeuralNetwork,5,0.6166666666666667,0.9500000000000001,0.95,0.6666666666666666,0.8083333333333333,0.9130434782608695
baseline_male,Boruta,60,NeuralNetwork_TUNED,5,0.16289594138375038,0.8717948717948718,0.85,0.3333333333333333,0.5916666666666667,0.782608695652174
baseline_male,Boruta,60,NaiveBayes,5,0.5303300858899106,0.8571428571428571,0.75,1.0,0.875,0.782608695652174
baseline_male,Boruta,60,LogisticRegression,5,0.42185656681265843,0.8947368421052632,0.85,0.6666666666666666,0.7583333333333333,0.8260869565217391
baseline_male,Boruta,60,AdaBoost,5,0.6519202405202649,0.9189189189189189,0.85,1.0,0.925,0.8695652173913043
baseline_male,Boruta,60,AdaBoost_TUNED,5,0.7348469228349533,0.9473684210526316,0.9,1.0,0.95,0.9130434782608695
baseline_male,Boruta,60,SVM_RBF,5,0.0,0.9302325581395349,1.0,0.0,0.5,0.8695652173913043
baseline_male,Boruta,60,SVM_RBF_TUNED,5,0.0,0.9302325581395349,1.0,0.0,0.5,0.8695652173913043
baseline_male,Boruta,70,RandomForest,5,0.7348469228349533,0.9473684210526316,0.9,1.0,0.95,0.9130434782608695
baseline_male,Boruta,70,RandomForest_TUNED,5,0.7348469228349533,0.9473684210526316,0.9,1.0,0.95,0.9130434782608695
baseline_male,Boruta,70,NeuralNetwork,5,0.6166666666666667,0.9500000000000001,0.95,0.6666666666666666,0.8083333333333333,0.9130434782608695
baseline_male,Boruta,70,NeuralNetwork_TUNED,5,0.5504818825631803,0.9523809523809523,1.0,0.3333333333333333,0.6666666666666666,0.9130434782608695
baseline_male,Boruta,70,NaiveBayes,5,0.2592724864350674,0.8,0.7,0.6666666666666666,0.6833333333333333,0.6956521739130435
baseline_male,Boruta,70,LogisticRegression,5,0.7348469228349533,0.9473684210526316,0.9,1.0,0.95,0.9130434782608695
baseline_male,Boruta,70,AdaBoost,5,0.5034965460952284,0.9230769230769231,0.9,0.6666666666666666,0.7833333333333333,0.8695652173913043
baseline_male,Boruta,70,AdaBoost_TUNED,5,0.7348469228349533,0.9473684210526316,0.9,1.0,0.95,0.9130434782608695
baseline_male,Boruta,70,SVM_RBF,5,0.0,0.9302325581395349,1.0,0.0,0.5,0.8695652173913043
baseline_male,Boruta,70,SVM_RBF_TUNED,5,0.0,0.9302325581395349,1.0,0.0,0.5,0.8695652173913043
baseline_male,Boruta,80,RandomForest,5,0.6166666666666667,0.9500000000000001,0.95,0.6666666666666666,0.8083333333333333,0.9130434782608695
baseline_male,Boruta,80,RandomForest_TUNED,5,0.6166666666666667,0.9500000000000001,0.95,0.6666666666666666,0.8083333333333333,0.9130434782608695
baseline_male,Boruta,80,NeuralNetwork,5,0.6166666666666667,0.9500000000000001,0.95,0.6666666666666666,0.8083333333333333,0.9130434782608695
baseline_male,Boruta,80,NeuralNetwork_TUNED,5,0.6166666666666667,0.9500000000000001,0.95,0.6666666666666666,0.8083333333333333,0.9130434782608695
baseline_male,Boruta,80,NaiveBayes,5,0.30496877279641665,0.8333333333333334,0.75,0.6666666666666666,0.7083333333333333,0.7391304347826086
baseline_male,Boruta,80,LogisticRegression,5,0.8440971508067066,0.9743589743589743,0.95,1.0,0.975,0.9565217391304348
baseline_male,Boruta,80,AdaBoost,5,0.8440971508067066,0.9743589743589743,0.95,1.0,0.975,0.9565217391304348
baseline_male,Boruta,80,AdaBoost_TUNED,5,0.7348469228349533,0.9473684210526316,0.9,1.0,0.95,0.9130434782608695
baseline_male,Boruta,80,SVM_RBF,5,0.5504818825631803,0.9523809523809523,1.0,0.3333333333333333,0.6666666666666666,0.9130434782608695
baseline_male,Boruta,80,SVM_RBF_TUNED,5,0.0,0.9302325581395349,1.0,0.0,0.5,0.8695652173913043
baseline_male,Boruta,90,RandomForest,5,0.6166666666666667,0.9500000000000001,0.95,0.6666666666666666,0.8083333333333333,0.9130434782608695
baseline_male,Boruta,90,RandomForest_TUNED,5,0.6166666666666667,0.9500000000000001,0.95,0.6666666666666666,0.8083333333333333,0.9130434782608695
baseline_male,Boruta,90,NeuralNetwork,5,0.6166666666666667,0.9500000000000001,0.95,0.6666666666666666,0.8083333333333333,0.9130434782608695
baseline_male,Boruta,90,NeuralNetwork_TUNED,5,0.7968190728895957,0.975609756097561,1.0,0.6666666666666666,0.8333333333333333,0.9565217391304348
baseline_male,Boruta,90,NaiveBayes,5,0.30496877279641665,0.8333333333333334,0.75,0.6666666666666666,0.7083333333333333,0.7391304347826086
baseline_male,Boruta,90,LogisticRegression,5,0.5034965460952284,0.9230769230769231,0.9,0.6666666666666666,0.7833333333333333,0.8695652173913043
baseline_male,Boruta,90,AdaBoost,5,0.6519202405202649,0.9189189189189189,0.85,1.0,0.925,0.8695652173913043
baseline_male,Boruta,90,AdaBoost_TUNED,5,0.6519202405202649,0.9189189189189189,0.85,1.0,0.925,0.8695652173913043
baseline_male,Boruta,90,SVM_RBF,5,0.0,0.9302325581395349,1.0,0.0,0.5,0.8695652173913043
baseline_male,Boruta,90,SVM_RBF_TUNED,5,0.5504818825631803,0.9523809523809523,1.0,0.3333333333333333,0.6666666666666666,0.9130434782608695
baseline_male,Boruta,100,RandomForest,5,0.6166666666666667,0.9500000000000001,0.95,0.6666666666666666,0.8083333333333333,0.9130434782608695
baseline_male,Boruta,100,RandomForest_TUNED,5,0.6166666666666667,0.9500000000000001,0.95,0.6666666666666666,0.8083333333333333,0.9130434782608695
baseline_male,Boruta,100,NeuralNetwork,5,0.8440971508067066,0.9743589743589743,0.95,1.0,0.975,0.9565217391304348
baseline_male,Boruta,100,NeuralNetwork_TUNED,5,0.6166666666666667,0.9500000000000001,0.95,0.6666666666666666,0.8083333333333333,0.9130434782608695
baseline_male,Boruta,100,NaiveBayes,5,0.35791699479543954,0.8648648648648648,0.8,0.6666666666666666,0.7333333333333334,0.782608695652174
baseline_male,Boruta,100,LogisticRegression,5,0.3386481059780782,0.9268292682926829,0.95,0.3333333333333333,0.6416666666666666,0.8695652173913043
baseline_male,Boruta,100,AdaBoost,5,0.7348469228349533,0.9473684210526316,0.9,1.0,0.95,0.9130434782608695
baseline_male,Boruta,100,AdaBoost_TUNED,5,0.7348469228349533,0.9473684210526316,0.9,1.0,0.95,0.9130434782608695
baseline_male,Boruta,100,SVM_RBF,5,0.7968190728895957,0.975609756097561,1.0,0.6666666666666666,0.8333333333333333,0.9565217391304348
baseline_male,Boruta,100,SVM_RBF_TUNED,5,0.5504818825631803,0.9523809523809523,1.0,0.3333333333333333,0.6666666666666666,0.9130434782608695
