Dataset,Method,N_Features,Feature,MeanAbsSHAP,StdAbsSHAP
baseline,Boruta,10,tqwt_TKEO_std_dec_12 (TQWT),0.07231372549019607,0.04673066938271173
baseline,Boruta,10,tqwt_energy_dec_26 (TQWT),0.04941503267973856,0.03650611839714757
baseline,Boruta,10,std_delta_delta_log_energy (MFCC),0.048480820105820104,0.0461022095228415
baseline,Boruta,10,tqwt_TKEO_mean_dec_12 (TQWT),0.04480337690631808,0.032147971738816915
baseline,Boruta,10,tqwt_entropy_log_dec_35 (TQWT),0.03718111111111111,0.0398331060464843
baseline,Boruta,10,std_6th_delta_delta (MFCC),0.034288359788359785,0.02415990005929128
baseline,Boruta,10,tqwt_energy_dec_27 (TQWT),0.033656862745098035,0.03348778490802423
baseline,Boruta,10,tqwt_TKEO_std_dec_11 (TQWT),0.033068888888888884,0.039500192028279334
baseline,Boruta,10,tqwt_entropy_shannon_dec_12 (TQWT),0.031054466230936807,0.03006499313418168
baseline,Boruta,10,tqwt_stdValue_dec_12 (TQWT),0.029184095860566448,0.023877077413360617
baseline,Boruta,10,std_delta_log_energy (MFCC),0.028860229276895945,0.028120452252494387
baseline,Boruta,10,std_8th_delta_delta (MFCC),0.028636111111111116,0.021090625083939885
baseline,Boruta,10,std_9th_delta_delta (MFCC),0.02758883388338834,0.022526090209477715
baseline,Boruta,10,std_11th_delta_delta (MFCC),0.027064270152505444,0.023801514800365846
baseline,Boruta,10,std_7th_delta_delta (MFCC),0.0268117744610282,0.015779382803858842
baseline,Boruta,10,tqwt_entropy_log_dec_34 (TQWT),0.023236666666666666,0.02641222480104788
baseline,Boruta,10,std_6th_delta (MFCC),0.023029629629629633,0.0191341526901408
baseline,Boruta,10,mean_MFCC_2nd_coef (MFCC),0.022629999999999997,0.035080209944553
baseline,Boruta,10,apq11Shimmer (Baseline),0.02224618736383443,0.01557797408745252
baseline,Boruta,10,std_8th_delta (MFCC),0.01722108843537415,0.012442931573530876
baseline,Boruta,10,std_10th_delta_delta (MFCC),0.015857298474945533,0.01348602832212693
baseline,Boruta,10,std_7th_delta (MFCC),0.01560116086235489,0.012832441345412664
baseline,Boruta,10,std_11th_delta (MFCC),0.01548474945533769,0.01406703042003287
baseline,Boruta,10,std_9th_delta (MFCC),0.011245000000000002,0.009580453641307605
baseline_male,Boruta,10,tqwt_energy_dec_26 (TQWT),0.042899999999999994,0.03589279949454424
baseline_male,Boruta,10,std_delta_delta_log_energy (MFCC),0.04143846153846154,0.04398419715596843
baseline_male,Boruta,10,tqwt_TKEO_std_dec_12 (TQWT),0.034741545893719805,0.06036343859608809
baseline_male,Boruta,10,tqwt_entropy_log_dec_35 (TQWT),0.033680555555555554,0.026443442909849083
baseline_male,Boruta,10,std_6th_delta_delta (MFCC),0.03186709401709401,0.02341866054299036
baseline_male,Boruta,10,tqwt_energy_dec_27 (TQWT),0.03184761904761905,0.03549613342887487
baseline_male,Boruta,10,tqwt_TKEO_std_dec_11 (TQWT),0.030581018518518514,0.043292315301982
baseline_male,Boruta,10,std_11th_delta_delta (MFCC),0.027197777777777776,0.015378719876017799
baseline_male,Boruta,10,std_8th_delta_delta (MFCC),0.027,0.017372697674601555
baseline_male,Boruta,10,std_delta_log_energy (MFCC),0.026684615384615383,0.025908427325179104
baseline_male,Boruta,10,tqwt_entropy_shannon_dec_12 (TQWT),0.02646825396825397,0.026338881832268356
baseline_male,Boruta,10,std_9th_delta_delta (MFCC),0.025667714884696016,0.02141598896958793
baseline_male,Boruta,10,tqwt_stdValue_dec_12 (TQWT),0.024271428571428572,0.024170592708755656
baseline_male,Boruta,10,std_6th_delta (MFCC),0.023496031746031747,0.020911444892824427
baseline_male,Boruta,10,std_7th_delta_delta (MFCC),0.0230766081871345,0.016444049592948432
baseline_male,Boruta,10,tqwt_entropy_log_dec_34 (TQWT),0.022275462962962962,0.022185643677503485
baseline_male,Boruta,10,tqwt_TKEO_mean_dec_12 (TQWT),0.02227490421455939,0.032590932063267124
baseline_male,Boruta,10,apq11Shimmer (Baseline),0.02161333333333333,0.014489541635842618
baseline_male,Boruta,10,std_7th_delta (MFCC),0.016150292397660825,0.01370562711105613
baseline_male,Boruta,10,std_8th_delta (MFCC),0.013739130434782608,0.009846181298393868
baseline_male,Boruta,10,std_9th_delta (MFCC),0.013230324074074073,0.00899453767865529
baseline_male,Boruta,10,std_11th_delta (MFCC),0.011988888888888887,0.009739718276834916
baseline_male,Boruta,10,mean_MFCC_2nd_coef (MFCC),0.011363425925925928,0.025148608799711886
baseline_male,Boruta,10,std_10th_delta_delta (MFCC),0.009646031746031748,0.009821121688327217
baseline_female,Boruta,10,tqwt_TKEO_std_dec_12 (TQWT),0.07185119047619047,0.05335338489691096
baseline_female,Boruta,10,std_delta_delta_log_energy (MFCC),0.06067440801457193,0.045264255564853535
baseline_female,Boruta,10,tqwt_energy_dec_26 (TQWT),0.05607986111111111,0.043646413872756265
baseline_female,Boruta,10,tqwt_TKEO_mean_dec_12 (TQWT),0.05237373737373737,0.034793155427988755
baseline_female,Boruta,10,tqwt_TKEO_std_dec_11 (TQWT),0.04248290598290598,0.03128540810468613
baseline_female,Boruta,10,mean_MFCC_2nd_coef (MFCC),0.042269230769230774,0.031462341845116266
baseline_female,Boruta,10,tqwt_entropy_shannon_dec_12 (TQWT),0.038614583333333334,0.03451052801726935
baseline_female,Boruta,10,std_delta_log_energy (MFCC),0.036459927140255005,0.0300277431860444
baseline_female,Boruta,10,tqwt_energy_dec_27 (TQWT),0.035312500000000004,0.022080168380186768
baseline_female,Boruta,10,tqwt_stdValue_dec_12 (TQWT),0.035128472222222214,0.027947608862209504
baseline_female,Boruta,10,std_9th_delta_delta (MFCC),0.034006365740740736,0.02693346244956228
baseline_female,Boruta,10,tqwt_entropy_log_dec_35 (TQWT),0.03289316239316239,0.03658303108434515
baseline_female,Boruta,10,std_6th_delta_delta (MFCC),0.03278642987249544,0.027371317873561653
baseline_female,Boruta,10,std_8th_delta_delta (MFCC),0.029368312757201642,0.022878406285276154
baseline_female,Boruta,10,apq11Shimmer (Baseline),0.027405982905982913,0.017423458456256743
baseline_female,Boruta,10,tqwt_entropy_log_dec_34 (TQWT),0.027164529914529913,0.02872268127486394
baseline_female,Boruta,10,std_7th_delta_delta (MFCC),0.026634171907756816,0.01595063887348348
baseline_female,Boruta,10,std_6th_delta (MFCC),0.024713194444444444,0.01773513185422424
baseline_female,Boruta,10,std_11th_delta_delta (MFCC),0.020594017094017092,0.022545506166414812
baseline_female,Boruta,10,std_10th_delta_delta (MFCC),0.017881944444444443,0.010475173753662742
baseline_female,Boruta,10,std_8th_delta (MFCC),0.017138888888888888,0.011744281610773413
baseline_female,Boruta,10,std_11th_delta (MFCC),0.017061965811965816,0.016159270164429217
baseline_female,Boruta,10,std_7th_delta (MFCC),0.015244758909853249,0.01273487083917414
baseline_female,Boruta,10,std_9th_delta (MFCC),0.01366880341880342,0.00965887686094351
baseline,Boruta,20,tqwt_energy_dec_26 (TQWT),0.04155174291938998,0.030856509538882203
baseline,Boruta,20,std_delta_delta_log_energy (MFCC),0.03602557319223986,0.03244578327203804
baseline,Boruta,20,mean_MFCC_2nd_coef (MFCC),0.02833333333333332,0.025740885917655703
baseline,Boruta,20,tqwt_entropy_log_dec_12 (TQWT),0.02762200435729848,0.017274537802709766
baseline,Boruta,20,std_6th_delta_delta (MFCC),0.02492791005291006,0.018181696356391486
baseline,Boruta,20,std_delta_log_energy (MFCC),0.023615740740740743,0.02269428619880107
baseline,Boruta,20,tqwt_kurtosisValue_dec_18 (TQWT),0.02358932461873638,0.0141028362859821
baseline,Boruta,20,tqwt_entropy_log_dec_33 (TQWT),0.02139333333333333,0.017336960556633967
baseline,Boruta,20,tqwt_entropy_log_dec_35 (TQWT),0.021048888888888884,0.02157365638374399
baseline,Boruta,20,std_7th_delta_delta (MFCC),0.019783730158730153,0.012695905656773997
baseline,Boruta,20,tqwt_entropy_shannon_dec_12 (TQWT),0.019005446623093683,0.015486452370740157
baseline,Boruta,20,tqwt_TKEO_std_dec_12 (TQWT),0.01819098949695965,0.017597554327429404
baseline,Boruta,20,tqwt_energy_dec_12 (TQWT),0.01715873015873016,0.018984024900441918
baseline,Boruta,20,std_6th_delta (MFCC),0.016907131011608623,0.013977508524794251
baseline,Boruta,20,tqwt_maxValue_dec_12 (TQWT),0.016604575163398694,0.010202480104131436
baseline,Boruta,20,std_9th_delta_delta (MFCC),0.016054894179894183,0.013668495796530818
baseline,Boruta,20,std_11th_delta_delta (MFCC),0.015258169934640521,0.011205450147276367
baseline,Boruta,20,tqwt_entropy_log_dec_34 (TQWT),0.014993333333333334,0.014157140895308092
baseline,Boruta,20,tqwt_TKEO_mean_dec_13 (TQWT),0.014689542483660131,0.011596658037563186
baseline,Boruta,20,std_7th_delta (MFCC),0.014464344941956881,0.009973098280972648
baseline,Boruta,20,apq11Shimmer (Baseline),0.014027233115468404,0.008095429941290009
baseline,Boruta,20,tqwt_entropy_log_dec_11 (TQWT),0.01384962962962963,0.01030083166535027
baseline,Boruta,20,tqwt_energy_dec_11 (TQWT),0.013121851851851853,0.01577359390923451
baseline,Boruta,20,tqwt_TKEO_mean_dec_12 (TQWT),0.012373436350257543,0.012380859886660546
baseline,Boruta,20,tqwt_TKEO_std_dec_13 (TQWT),0.012197167755991285,0.010995038718828787
baseline,Boruta,20,tqwt_stdValue_dec_11 (TQWT),0.011916386083052746,0.011389872257783864
baseline,Boruta,20,tqwt_energy_dec_27 (TQWT),0.011598039215686272,0.011985272538659159
baseline,Boruta,20,std_8th_delta_delta (MFCC),0.011289241622574954,0.008194479130773997
baseline,Boruta,20,std_12th_delta (MFCC),0.011137254901960785,0.007222779046302246
baseline,Boruta,20,std_12th_delta_delta (MFCC),0.01112636165577342,0.01037250333067928
baseline,Boruta,20,tqwt_stdValue_dec_12 (TQWT),0.010836276674025013,0.009347761507524224
baseline,Boruta,20,tqwt_entropy_shannon_dec_13 (TQWT),0.009944444444444447,0.00851855559785133
baseline,Boruta,20,tqwt_entropy_shannon_dec_11 (TQWT),0.009893378226711557,0.010473898861232863
baseline,Boruta,20,std_9th_delta (MFCC),0.009848544973544973,0.007311991578096305
baseline,Boruta,20,std_11th_delta (MFCC),0.008407407407407409,0.006752027226686479
baseline,Boruta,20,std_10th_delta_delta (MFCC),0.008231299927378359,0.0070869220794887245
baseline,Boruta,20,std_8th_delta (MFCC),0.00816372332597498,0.0086950192102064
baseline,Boruta,20,tqwt_TKEO_std_dec_11 (TQWT),0.007663860830527495,0.010389599589889114
baseline,Boruta,20,std_Log_energy (MFCC),0.006855335533553356,0.0062103097323158996
baseline,Boruta,20,tqwt_stdValue_dec_13 (TQWT),0.0057440087145969486,0.004468416869715826
baseline_male,Boruta,20,std_delta_delta_log_energy (MFCC),0.028735470085470092,0.029907097578471667
baseline_male,Boruta,20,tqwt_kurtosisValue_dec_18 (TQWT),0.024652777777777777,0.018308675435801794
baseline_male,Boruta,20,std_6th_delta_delta (MFCC),0.022649145299145294,0.01695575060441853
baseline_male,Boruta,20,tqwt_entropy_log_dec_35 (TQWT),0.022469907407407407,0.016109108767427847
baseline_male,Boruta,20,std_delta_log_energy (MFCC),0.020773504273504273,0.022132168591770033
baseline_male,Boruta,20,tqwt_energy_dec_26 (TQWT),0.02024537037037037,0.025148099077248704
baseline_male,Boruta,20,tqwt_entropy_log_dec_33 (TQWT),0.016858796296296295,0.013953299589083189
baseline_male,Boruta,20,mean_MFCC_2nd_coef (MFCC),0.01658538011695906,0.017401396722249843
baseline_male,Boruta,20,std_6th_delta (MFCC),0.016390058479532163,0.01451487279563839
baseline_male,Boruta,20,std_7th_delta_delta (MFCC),0.015778205128205127,0.011180455908133288
baseline_male,Boruta,20,tqwt_entropy_log_dec_12 (TQWT),0.015164750957854405,0.01659826027695369
baseline_male,Boruta,20,tqwt_entropy_log_dec_34 (TQWT),0.014974537037037038,0.012886669232742103
baseline_male,Boruta,20,tqwt_entropy_shannon_dec_12 (TQWT),0.014462643678160919,0.019383001522269808
baseline_male,Boruta,20,std_11th_delta_delta (MFCC),0.014004444444444444,0.0075087523172203095
baseline_male,Boruta,20,tqwt_energy_dec_11 (TQWT),0.013630158730158728,0.016092188246756525
baseline_male,Boruta,20,std_7th_delta (MFCC),0.01331578947368421,0.01001717442500628
baseline_male,Boruta,20,tqwt_energy_dec_12 (TQWT),0.013256038647342996,0.02000685298666077
baseline_male,Boruta,20,tqwt_entropy_log_dec_11 (TQWT),0.013251587301587302,0.010145227224017766
baseline_male,Boruta,20,tqwt_TKEO_std_dec_12 (TQWT),0.012813756613756614,0.016798282478554822
baseline_male,Boruta,20,tqwt_TKEO_mean_dec_13 (TQWT),0.012593650793650792,0.01232512122236991
baseline_male,Boruta,20,tqwt_maxValue_dec_12 (TQWT),0.012342995169082124,0.01182918610210405
baseline_male,Boruta,20,apq11Shimmer (Baseline),0.012211111111111114,0.010194774810334626
baseline_male,Boruta,20,std_9th_delta_delta (MFCC),0.012109829059829057,0.010912107781217902
baseline_male,Boruta,20,std_8th_delta_delta (MFCC),0.010481623931623933,0.0069831286614379685
baseline_male,Boruta,20,tqwt_TKEO_std_dec_13 (TQWT),0.010469841269841268,0.010692371395733785
baseline_male,Boruta,20,tqwt_energy_dec_27 (TQWT),0.010120634920634919,0.011001250298943666
baseline_male,Boruta,20,tqwt_stdValue_dec_11 (TQWT),0.009864066193853426,0.009759338280100161
baseline_male,Boruta,20,tqwt_TKEO_std_dec_11 (TQWT),0.009340425531914893,0.012511722635580307
baseline_male,Boruta,20,tqwt_entropy_shannon_dec_11 (TQWT),0.00904373522458629,0.010225273027558893
baseline_male,Boruta,20,tqwt_TKEO_mean_dec_12 (TQWT),0.00889506172839506,0.011181482845153756
baseline_male,Boruta,20,std_12th_delta (MFCC),0.008733333333333334,0.007152930477392772
baseline_male,Boruta,20,tqwt_entropy_shannon_dec_13 (TQWT),0.008358730158730157,0.008277724102717867
baseline_male,Boruta,20,std_9th_delta (MFCC),0.007904700854700854,0.006641649126809519
baseline_male,Boruta,20,std_Log_energy (MFCC),0.007826530612244897,0.008111942207268026
baseline_male,Boruta,20,std_11th_delta (MFCC),0.007753333333333333,0.00672046759419943
baseline_male,Boruta,20,std_12th_delta_delta (MFCC),0.007648888888888889,0.00836370920295724
baseline_male,Boruta,20,tqwt_stdValue_dec_12 (TQWT),0.00764814814814815,0.009917960074922173
baseline_male,Boruta,20,std_8th_delta (MFCC),0.0073716744913928005,0.0075444153726400825
baseline_male,Boruta,20,tqwt_stdValue_dec_13 (TQWT),0.006188888888888888,0.004758599203732793
baseline_male,Boruta,20,std_10th_delta_delta (MFCC),0.006110441767068274,0.006004065067926664
baseline_female,Boruta,20,tqwt_energy_dec_26 (TQWT),0.050261904761904765,0.03077934681691914
baseline_female,Boruta,20,std_delta_delta_log_energy (MFCC),0.046769581056466294,0.031702849369571316
baseline_female,Boruta,20,mean_MFCC_2nd_coef (MFCC),0.03583438155136269,0.027733026322156042
baseline_female,Boruta,20,tqwt_entropy_log_dec_12 (TQWT),0.031165404040404045,0.01745116166181941
baseline_female,Boruta,20,std_delta_log_energy (MFCC),0.028476320582877964,0.023225597023096935
baseline_female,Boruta,20,tqwt_kurtosisValue_dec_18 (TQWT),0.027658730158730153,0.01576389485350562
baseline_female,Boruta,20,tqwt_entropy_log_dec_33 (TQWT),0.024081196581196587,0.018075054832769034
baseline_female,Boruta,20,std_6th_delta_delta (MFCC),0.023705828779599262,0.020088960810598216
baseline_female,Boruta,20,std_7th_delta_delta (MFCC),0.021924863387978142,0.012977508393605291
baseline_female,Boruta,20,tqwt_entropy_shannon_dec_12 (TQWT),0.021459595959595956,0.017645951670366006
baseline_female,Boruta,20,tqwt_TKEO_std_dec_12 (TQWT),0.01970138888888889,0.018604029167833082
baseline_female,Boruta,20,tqwt_maxValue_dec_12 (TQWT),0.01966666666666667,0.011618978842568
baseline_female,Boruta,20,tqwt_TKEO_std_dec_13 (TQWT),0.018503472222222223,0.013724298549138262
baseline_female,Boruta,20,tqwt_entropy_log_dec_35 (TQWT),0.01832905982905983,0.02062030434297591
baseline_female,Boruta,20,tqwt_energy_dec_12 (TQWT),0.01821367521367522,0.0182705911320488
baseline_female,Boruta,20,std_9th_delta_delta (MFCC),0.018152094717668484,0.01682090097025048
baseline_female,Boruta,20,std_6th_delta (MFCC),0.017338574423480087,0.011609902788407548
baseline_female,Boruta,20,tqwt_entropy_log_dec_34 (TQWT),0.016391025641025642,0.015070249806736094
baseline_female,Boruta,20,tqwt_energy_dec_27 (TQWT),0.01610763888888889,0.00920892834208269
baseline_female,Boruta,20,tqwt_TKEO_mean_dec_13 (TQWT),0.015569444444444443,0.009914041510410069
baseline_female,Boruta,20,tqwt_TKEO_mean_dec_12 (TQWT),0.015416666666666665,0.014429909517257413
baseline_female,Boruta,20,std_7th_delta (MFCC),0.014789832285115306,0.010258639748601502
baseline_female,Boruta,20,apq11Shimmer (Baseline),0.01430769230769231,0.009599598541204322
baseline_female,Boruta,20,tqwt_entropy_log_dec_11 (TQWT),0.014172222222222223,0.011349472333008212
baseline_female,Boruta,20,tqwt_stdValue_dec_11 (TQWT),0.014067307692307693,0.010869423405950884
baseline_female,Boruta,20,tqwt_energy_dec_11 (TQWT),0.013832638888888887,0.015746897578164644
baseline_female,Boruta,20,std_12th_delta_delta (MFCC),0.013696581196581197,0.012963422389566735
baseline_female,Boruta,20,std_11th_delta_delta (MFCC),0.012205128205128205,0.012113339309743999
baseline_female,Boruta,20,std_8th_delta_delta (MFCC),0.012027777777777781,0.00956634620457221
baseline_female,Boruta,20,tqwt_stdValue_dec_12 (TQWT),0.011968253968253968,0.009918476715194958
baseline_female,Boruta,20,std_9th_delta (MFCC),0.01160063752276867,0.010983291428904094
baseline_female,Boruta,20,tqwt_entropy_shannon_dec_11 (TQWT),0.011349358974358974,0.011598383567486882
baseline_female,Boruta,20,std_12th_delta (MFCC),0.011226495726495726,0.008379223186631396
baseline_female,Boruta,20,std_8th_delta (MFCC),0.010454166666666669,0.00947777410572072
baseline_female,Boruta,20,tqwt_entropy_shannon_dec_13 (TQWT),0.009524305555555557,0.006506042797899573
baseline_female,Boruta,20,std_11th_delta (MFCC),0.008854700854700854,0.009160637882663325
baseline_female,Boruta,20,std_10th_delta_delta (MFCC),0.00875079365079365,0.006881994004092693
baseline_female,Boruta,20,tqwt_stdValue_dec_13 (TQWT),0.0072743055555555556,0.0067232957962057695
baseline_female,Boruta,20,tqwt_TKEO_std_dec_11 (TQWT),0.006867521367521367,0.007833338319575578
baseline_female,Boruta,20,std_Log_energy (MFCC),0.005570512820512821,0.0048173461388341145
baseline,Boruta,30,std_delta_delta_log_energy (MFCC),0.026856040564373903,0.026108106437300247
baseline,Boruta,30,tqwt_energy_dec_26 (TQWT),0.02634878587196468,0.019560073907603497
baseline,Boruta,30,tqwt_kurtosisValue_dec_26 (TQWT),0.023887799564270156,0.016255046787890838
baseline,Boruta,30,tqwt_TKEO_std_dec_19 (TQWT),0.021700435729847495,0.01866099106500479
baseline,Boruta,30,tqwt_kurtosisValue_dec_20 (TQWT),0.02028758169934641,0.01631327352240671
baseline,Boruta,30,std_delta_log_energy (MFCC),0.01909215167548501,0.018094882054628877
baseline,Boruta,30,std_6th_delta_delta (MFCC),0.019081569664902997,0.014863651724280882
baseline,Boruta,30,tqwt_entropy_log_dec_33 (TQWT),0.018435555555555556,0.013079516273957759
baseline,Boruta,30,tqwt_entropy_log_dec_12 (TQWT),0.017163073521282476,0.014601111169541868
baseline,Boruta,30,tqwt_entropy_log_dec_27 (TQWT),0.016690749863163653,0.01602708565526665
baseline,Boruta,30,std_7th_delta_delta (MFCC),0.016623897707231043,0.008967282155794705
baseline,Boruta,30,mean_MFCC_2nd_coef (MFCC),0.016437389770723107,0.01554704852655397
baseline,Boruta,30,tqwt_kurtosisValue_dec_18 (TQWT),0.015831880900508355,0.011546143856866895
baseline,Boruta,30,tqwt_entropy_log_dec_35 (TQWT),0.015820132013201326,0.01850210322305027
baseline,Boruta,30,DFA (Baseline),0.014672113289760348,0.009781763717534659
baseline,Boruta,30,tqwt_entropy_log_dec_26 (TQWT),0.014343137254901961,0.013675118205307644
baseline,Boruta,30,std_6th_delta (MFCC),0.014163902708678825,0.012116014029598065
baseline,Boruta,30,std_9th_delta_delta (MFCC),0.014059082892416227,0.012585315904091407
baseline,Boruta,30,std_4th_delta_delta (MFCC),0.01348111111111111,0.013205871977478733
baseline,Boruta,30,locAbsJitter (Baseline),0.013311546840958609,0.007918990720976373
baseline,Boruta,30,tqwt_entropy_log_dec_34 (TQWT),0.013051111111111112,0.01599620045614145
baseline,Boruta,30,std_7th_delta (MFCC),0.012866224433388612,0.007950908101236016
baseline,Boruta,30,tqwt_TKEO_std_dec_12 (TQWT),0.01194113756613757,0.011756526692929575
baseline,Boruta,30,tqwt_energy_dec_11 (TQWT),0.011464814814814817,0.012537404921891895
baseline,Boruta,30,GQ_std_cycle_open (Vocal Fold),0.010795206971677558,0.008833964242861843
baseline,Boruta,30,tqwt_entropy_log_dec_11 (TQWT),0.010312880044223328,0.00876303258394896
baseline,Boruta,30,tqwt_TKEO_mean_dec_12 (TQWT),0.009909894969596458,0.009421735066581179
baseline,Boruta,30,tqwt_stdValue_dec_12 (TQWT),0.009875069098949694,0.00973380754819067
baseline,Boruta,30,tqwt_TKEO_std_dec_13 (TQWT),0.009787581699346402,0.009169342418367683
baseline,Boruta,30,std_11th_delta_delta (MFCC),0.009373068432671081,0.00791952770711194
baseline,Boruta,30,tqwt_stdValue_dec_11 (TQWT),0.009369541182974016,0.008210896063593579
baseline,Boruta,30,tqwt_TKEO_mean_dec_13 (TQWT),0.008763616557734204,0.006811572496523585
baseline,Boruta,30,tqwt_energy_dec_27 (TQWT),0.00875108932461874,0.008875040659893545
baseline,Boruta,30,std_8th_delta_delta (MFCC),0.008730379188712521,0.006651358037366143
baseline,Boruta,30,tqwt_maxValue_dec_11 (TQWT),0.008382352941176471,0.007539512931612893
baseline,Boruta,30,std_4th_delta (MFCC),0.008378987898789877,0.005941354488596132
baseline,Boruta,30,tqwt_stdValue_dec_13 (TQWT),0.008281045751633988,0.0056591949770349575
baseline,Boruta,30,tqwt_entropy_shannon_dec_12 (TQWT),0.007882531785516858,0.006865808416690939
baseline,Boruta,30,std_9th_delta (MFCC),0.00787037037037037,0.005907848469151999
baseline,Boruta,30,tqwt_energy_dec_12 (TQWT),0.0073016924208977214,0.009374290118286466
baseline,Boruta,30,minIntensity (Intensity),0.007290555555555555,0.006413295866183915
baseline,Boruta,30,tqwt_maxValue_dec_12 (TQWT),0.007228333333333334,0.005675053878966376
baseline,Boruta,30,tqwt_entropy_shannon_dec_11 (TQWT),0.007207070707070708,0.0048491561587368425
baseline,Boruta,30,std_8th_delta (MFCC),0.006800442233278055,0.006540400032393151
baseline,Boruta,30,tqwt_TKEO_std_dec_11 (TQWT),0.0067053872053872065,0.00900594653448892
baseline,Boruta,30,tqwt_TKEO_mean_dec_11 (TQWT),0.00669888888888889,0.007285554559869974
baseline,Boruta,30,apq11Shimmer (Baseline),0.006697167755991285,0.0060248764852453415
baseline,Boruta,30,std_12th_delta_delta (MFCC),0.006643246187363835,0.0063587565480645435
baseline,Boruta,30,std_10th_delta_delta (MFCC),0.006442901234567902,0.005558526217048133
baseline,Boruta,30,tqwt_entropy_log_dec_13 (TQWT),0.005749455337690633,0.0048599585837030964
baseline,Boruta,30,std_Log_energy (MFCC),0.005379767827529022,0.006870658110907371
baseline,Boruta,30,tqwt_entropy_shannon_dec_13 (TQWT),0.005336601307189542,0.004255520605561088
baseline,Boruta,30,tqwt_minValue_dec_12 (TQWT),0.00501692420897719,0.0052806401441260215
baseline,Boruta,30,std_12th_delta (MFCC),0.0048017429193899785,0.004719653432318314
baseline,Boruta,30,std_11th_delta (MFCC),0.004501089324618735,0.00417282425413023
baseline,Boruta,30,tqwt_entropy_log_dec_28 (TQWT),0.00430718954248366,0.004055315516125534
baseline,Boruta,30,std_MFCC_8th_coef (MFCC),0.004058956916099773,0.0027704410300844174
baseline_male,Boruta,30,tqwt_TKEO_std_dec_19 (TQWT),0.02948067632850241,0.024160775756518416
baseline_male,Boruta,30,tqwt_kurtosisValue_dec_20 (TQWT),0.022733333333333328,0.016623222223564754
baseline_male,Boruta,30,std_delta_delta_log_energy (MFCC),0.02231239316239316,0.026391309228037636
baseline_male,Boruta,30,std_delta_log_energy (MFCC),0.017686324786324783,0.01728285233242145
baseline_male,Boruta,30,std_6th_delta_delta (MFCC),0.017552564102564106,0.01364150139791582
baseline_male,Boruta,30,tqwt_energy_dec_26 (TQWT),0.015923694779116464,0.016771871610914143
baseline_male,Boruta,30,tqwt_entropy_log_dec_35 (TQWT),0.015666666666666666,0.01847552469150099
baseline_male,Boruta,30,tqwt_kurtosisValue_dec_18 (TQWT),0.015410977242302544,0.012817054155388054
baseline_male,Boruta,30,std_6th_delta (MFCC),0.014787719298245612,0.013056533557117212
baseline_male,Boruta,30,tqwt_entropy_log_dec_34 (TQWT),0.013861111111111112,0.012806065171016397
baseline_male,Boruta,30,std_7th_delta_delta (MFCC),0.013354273504273503,0.008763380203434973
baseline_male,Boruta,30,mean_MFCC_2nd_coef (MFCC),0.012653418803418802,0.015380298904581653
baseline_male,Boruta,30,tqwt_kurtosisValue_dec_26 (TQWT),0.011962222222222221,0.012922080334070057
baseline_male,Boruta,30,DFA (Baseline),0.011927536231884061,0.009874104503984774
baseline_male,Boruta,30,std_4th_delta_delta (MFCC),0.01161574074074074,0.01187199064541788
baseline_male,Boruta,30,tqwt_energy_dec_11 (TQWT),0.011521428571428573,0.015188543594936203
baseline_male,Boruta,30,tqwt_entropy_log_dec_33 (TQWT),0.01112962962962963,0.009986345224390451
baseline_male,Boruta,30,apq11Shimmer (Baseline),0.01100888888888889,0.008218483039068919
baseline_male,Boruta,30,tqwt_entropy_log_dec_12 (TQWT),0.010605820105820106,0.012715380875805173
baseline_male,Boruta,30,std_9th_delta_delta (MFCC),0.01058846153846154,0.009169292024019022
baseline_male,Boruta,30,std_7th_delta (MFCC),0.010573684210526317,0.008132198837701866
baseline_male,Boruta,30,GQ_std_cycle_open (Vocal Fold),0.009442857142857142,0.00882906369270636
baseline_male,Boruta,30,tqwt_entropy_log_dec_27 (TQWT),0.009157840083073727,0.013303097552331437
baseline_male,Boruta,30,tqwt_TKEO_std_dec_12 (TQWT),0.008567948717948718,0.010520169339590848
baseline_male,Boruta,30,tqwt_entropy_log_dec_11 (TQWT),0.008257894736842103,0.008089040205865245
baseline_male,Boruta,30,tqwt_TKEO_mean_dec_13 (TQWT),0.008171428571428569,0.006451969865119886
baseline_male,Boruta,30,std_8th_delta_delta (MFCC),0.008011111111111113,0.005665181182043803
baseline_male,Boruta,30,std_4th_delta (MFCC),0.007870748299319726,0.005395534680593322
baseline_male,Boruta,30,tqwt_TKEO_mean_dec_11 (TQWT),0.007599537037037036,0.005523152274765934
baseline_male,Boruta,30,tqwt_TKEO_std_dec_13 (TQWT),0.007596825396825398,0.0063649170703293
baseline_male,Boruta,30,std_11th_delta_delta (MFCC),0.00748929049531459,0.00544281294929606
baseline_male,Boruta,30,tqwt_stdValue_dec_12 (TQWT),0.00722169312169312,0.008429139627478262
baseline_male,Boruta,30,tqwt_maxValue_dec_11 (TQWT),0.007113526570048307,0.009274477098591947
baseline_male,Boruta,30,tqwt_stdValue_dec_13 (TQWT),0.006941269841269841,0.005540593252141289
baseline_male,Boruta,30,std_9th_delta (MFCC),0.006812820512820513,0.0052532962701043115
baseline_male,Boruta,30,tqwt_TKEO_std_dec_11 (TQWT),0.006690307328605201,0.010598621907278602
baseline_male,Boruta,30,tqwt_stdValue_dec_11 (TQWT),0.006628654970760234,0.007992050134965378
baseline_male,Boruta,30,tqwt_energy_dec_27 (TQWT),0.0065490740740740735,0.007585529225979024
baseline_male,Boruta,30,tqwt_entropy_shannon_dec_13 (TQWT),0.0064428571428571425,0.005346729398661883
baseline_male,Boruta,30,tqwt_entropy_log_dec_13 (TQWT),0.006120634920634923,0.005958971869949191
baseline_male,Boruta,30,tqwt_maxValue_dec_12 (TQWT),0.006094202898550725,0.005894000018773788
baseline_male,Boruta,30,std_Log_energy (MFCC),0.005887134502923977,0.007641110585861611
baseline_male,Boruta,30,tqwt_TKEO_mean_dec_12 (TQWT),0.005797883597883598,0.007490526862358943
baseline_male,Boruta,30,std_8th_delta (MFCC),0.005746783625730996,0.006957823024353853
baseline_male,Boruta,30,tqwt_energy_dec_12 (TQWT),0.005588477366255143,0.009329191072874976
baseline_male,Boruta,30,minIntensity (Intensity),0.005339120370370371,0.004853943405810194
baseline_male,Boruta,30,tqwt_entropy_shannon_dec_11 (TQWT),0.0052257683215130015,0.004508507599473811
baseline_male,Boruta,30,tqwt_entropy_shannon_dec_12 (TQWT),0.005222751322751323,0.005866287943156036
baseline_male,Boruta,30,std_12th_delta_delta (MFCC),0.005074074074074075,0.00495868161373945
baseline_male,Boruta,30,std_10th_delta_delta (MFCC),0.004851282051282052,0.004897882340631555
baseline_male,Boruta,30,std_12th_delta (MFCC),0.004686666666666667,0.004598109678184354
baseline_male,Boruta,30,tqwt_entropy_log_dec_26 (TQWT),0.004456521739130434,0.0056490970541943014
baseline_male,Boruta,30,locAbsJitter (Baseline),0.0042,0.0062067724321118786
baseline_male,Boruta,30,std_11th_delta (MFCC),0.004022222222222223,0.00362065037101197
baseline_male,Boruta,30,tqwt_minValue_dec_12 (TQWT),0.003877229080932784,0.004382549815707535
baseline_male,Boruta,30,std_MFCC_8th_coef (MFCC),0.003504830917874397,0.0025627693568767295
baseline_male,Boruta,30,tqwt_entropy_log_dec_28 (TQWT),0.002611111111111111,0.002422419888895837
baseline_female,Boruta,30,tqwt_energy_dec_26 (TQWT),0.03481290849673202,0.023246836912139468
baseline_female,Boruta,30,std_delta_delta_log_energy (MFCC),0.0333688524590164,0.025258790499395
baseline_female,Boruta,30,tqwt_kurtosisValue_dec_26 (TQWT),0.028514957264957265,0.016299576077345702
baseline_female,Boruta,30,std_delta_log_energy (MFCC),0.02291484517304189,0.017390162933121088
baseline_female,Boruta,30,tqwt_entropy_log_dec_27 (TQWT),0.020921296296296295,0.01563306556143175
baseline_female,Boruta,30,tqwt_kurtosisValue_dec_20 (TQWT),0.020295138888888887,0.011871068570732472
baseline_female,Boruta,30,tqwt_entropy_log_dec_12 (TQWT),0.020109375,0.012882562292588221
baseline_female,Boruta,30,tqwt_entropy_log_dec_33 (TQWT),0.019807692307692307,0.01301093104986445
baseline_female,Boruta,30,mean_MFCC_2nd_coef (MFCC),0.019275500910746812,0.015720975846290976
baseline_female,Boruta,30,std_6th_delta_delta (MFCC),0.019091074681238614,0.016955772691876293
baseline_female,Boruta,30,tqwt_entropy_log_dec_26 (TQWT),0.01816468253968254,0.014742059193641209
baseline_female,Boruta,30,std_7th_delta_delta (MFCC),0.0177231329690346,0.009881535711958704
baseline_female,Boruta,30,tqwt_entropy_log_dec_34 (TQWT),0.017136752136752136,0.018976512854263824
baseline_female,Boruta,30,tqwt_entropy_log_dec_35 (TQWT),0.01700925925925926,0.01690772743196377
baseline_female,Boruta,30,DFA (Baseline),0.01673611111111111,0.009174064496891662
baseline_female,Boruta,30,std_9th_delta_delta (MFCC),0.016570582877959927,0.015470198576036485
baseline_female,Boruta,30,std_4th_delta_delta (MFCC),0.015467948717948717,0.013070545014043864
baseline_female,Boruta,30,std_6th_delta (MFCC),0.015268343815513629,0.009784604743824843
baseline_female,Boruta,30,locAbsJitter (Baseline),0.015087606837606836,0.008201851248063689
baseline_female,Boruta,30,tqwt_kurtosisValue_dec_18 (TQWT),0.015020634920634919,0.011875085164094181
baseline_female,Boruta,30,tqwt_TKEO_std_dec_12 (TQWT),0.013579690346083789,0.012298752350182813
baseline_female,Boruta,30,tqwt_TKEO_std_dec_13 (TQWT),0.013451388888888888,0.01126150361856644
baseline_female,Boruta,30,GQ_std_cycle_open (Vocal Fold),0.012822916666666665,0.008699569719122455
baseline_female,Boruta,30,std_7th_delta (MFCC),0.012782494758909857,0.007525767233023066
baseline_female,Boruta,30,tqwt_entropy_log_dec_11 (TQWT),0.011980083857442349,0.009483172041744117
baseline_female,Boruta,30,tqwt_stdValue_dec_12 (TQWT),0.011898148148148146,0.009103878747573858
baseline_female,Boruta,30,tqwt_energy_dec_27 (TQWT),0.011592592592592592,0.009126896893993063
baseline_female,Boruta,30,tqwt_TKEO_mean_dec_12 (TQWT),0.011311342592592593,0.009432621596617247
baseline_female,Boruta,30,tqwt_maxValue_dec_11 (TQWT),0.011277777777777779,0.007539336083272078
baseline_female,Boruta,30,tqwt_stdValue_dec_11 (TQWT),0.010781446540880502,0.008994264340731662
baseline_female,Boruta,30,tqwt_TKEO_mean_dec_11 (TQWT),0.010173076923076922,0.007418214114926897
baseline_female,Boruta,30,tqwt_energy_dec_11 (TQWT),0.009703472222222223,0.011055265084117964
baseline_female,Boruta,30,minIntensity (Intensity),0.009448717948717949,0.008371110403355506
baseline_female,Boruta,30,tqwt_energy_dec_12 (TQWT),0.009219047619047618,0.0104614254160778
baseline_female,Boruta,30,std_9th_delta (MFCC),0.009071038251366119,0.00799352624384344
baseline_female,Boruta,30,std_8th_delta_delta (MFCC),0.009061475409836064,0.007433260667366184
baseline_female,Boruta,30,std_11th_delta_delta (MFCC),0.008827614379084966,0.00884839129080133
baseline_female,Boruta,30,std_12th_delta_delta (MFCC),0.008641534391534391,0.0081393165822941
baseline_female,Boruta,30,tqwt_entropy_shannon_dec_12 (TQWT),0.008552083333333335,0.007677199973860082
baseline_female,Boruta,30,tqwt_stdValue_dec_13 (TQWT),0.008315972222222223,0.005761845603251891
baseline_female,Boruta,30,std_4th_delta (MFCC),0.00826923076923077,0.004863825269306519
baseline_female,Boruta,30,tqwt_TKEO_std_dec_19 (TQWT),0.00821825396825397,0.009760415649358575
baseline_female,Boruta,30,std_8th_delta (MFCC),0.007896750524109014,0.006491636069921759
baseline_female,Boruta,30,tqwt_TKEO_mean_dec_13 (TQWT),0.007836805555555555,0.007886419603641226
baseline_female,Boruta,30,tqwt_minValue_dec_12 (TQWT),0.007664285714285715,0.00653999429697153
baseline_female,Boruta,30,tqwt_maxValue_dec_12 (TQWT),0.007657407407407409,0.005871385794897059
baseline_female,Boruta,30,std_10th_delta_delta (MFCC),0.006962659380692169,0.005429047167952159
baseline_female,Boruta,30,tqwt_TKEO_std_dec_11 (TQWT),0.00694230769230769,0.00753604608703142
baseline_female,Boruta,30,tqwt_entropy_log_dec_28 (TQWT),0.0066431623931623935,0.004405061069901646
baseline_female,Boruta,30,tqwt_entropy_shannon_dec_11 (TQWT),0.006550213675213676,0.004619400412294015
baseline_female,Boruta,30,tqwt_entropy_shannon_dec_13 (TQWT),0.006152777777777778,0.00447105655630841
baseline_female,Boruta,30,apq11Shimmer (Baseline),0.006004273504273504,0.005625325025656885
baseline_female,Boruta,30,std_MFCC_8th_coef (MFCC),0.00581837606837607,0.0034518106900577623
baseline_female,Boruta,30,std_12th_delta (MFCC),0.0057029914529914535,0.004987332252666048
baseline_female,Boruta,30,std_Log_energy (MFCC),0.005372117400419288,0.005905634105205074
baseline_female,Boruta,30,tqwt_entropy_log_dec_13 (TQWT),0.00529513888888889,0.00385451127780181
baseline_female,Boruta,30,std_11th_delta (MFCC),0.004737179487179486,0.004749384347644616
baseline,Boruta,40,tqwt_entropy_log_dec_33 (TQWT),0.023360836083608363,0.01976763412317506
baseline,Boruta,40,std_delta_delta_log_energy (MFCC),0.0230299823633157,0.020569131388865295
baseline,Boruta,40,tqwt_kurtosisValue_dec_26 (TQWT),0.01778722222222222,0.013518062694557874
baseline,Boruta,40,std_6th_delta_delta (MFCC),0.017242283950617283,0.013185462287430278
baseline,Boruta,40,std_delta_log_energy (MFCC),0.017015211640211643,0.017252051634273718
baseline,Boruta,40,tqwt_energy_dec_26 (TQWT),0.016438557763061072,0.01253536647508214
baseline,Boruta,40,tqwt_entropy_log_dec_27 (TQWT),0.01583884479717813,0.015618005040032454
baseline,Boruta,40,tqwt_TKEO_std_dec_19 (TQWT),0.014821350762527233,0.012067868273007664
baseline,Boruta,40,DFA (Baseline),0.01457843137254902,0.011871919062678704
baseline,Boruta,40,tqwt_entropy_log_dec_34 (TQWT),0.013905555555555556,0.017265726187176988
baseline,Boruta,40,mean_MFCC_2nd_coef (MFCC),0.013384700176366844,0.014467566920892462
baseline,Boruta,40,tqwt_entropy_log_dec_26 (TQWT),0.012849049707602334,0.011220214797238986
baseline,Boruta,40,std_7th_delta_delta (MFCC),0.012599867724867726,0.008570650759089585
baseline,Boruta,40,tqwt_kurtosisValue_dec_18 (TQWT),0.011920116194626,0.007990846266351062
baseline,Boruta,40,tqwt_entropy_log_dec_35 (TQWT),0.011891376451077944,0.013540379001171615
baseline,Boruta,40,std_4th_delta_delta (MFCC),0.011815555555555553,0.009751845399206876
baseline,Boruta,40,locAbsJitter (Baseline),0.011644114411441144,0.011538277517177058
baseline,Boruta,40,std_6th_delta (MFCC),0.011283289241622573,0.008788879437337718
baseline,Boruta,40,tqwt_kurtosisValue_dec_36 (TQWT),0.01126470588235294,0.008645740381471808
baseline,Boruta,40,tqwt_entropy_log_dec_12 (TQWT),0.01120194003527337,0.009005353933574895
baseline,Boruta,40,std_7th_delta (MFCC),0.011042989417989417,0.007756861479620215
baseline,Boruta,40,tqwt_stdValue_dec_19 (TQWT),0.010745098039215686,0.010669203008887648
baseline,Boruta,40,tqwt_kurtosisValue_dec_20 (TQWT),0.010676296296296293,0.01160577624197445
baseline,Boruta,40,tqwt_TKEO_mean_dec_13 (TQWT),0.010546840958605662,0.006337990482892455
baseline,Boruta,40,std_9th_delta_delta (MFCC),0.010399029982363311,0.008295504723422104
baseline,Boruta,40,tqwt_kurtosisValue_dec_17 (TQWT),0.00997732426303855,0.0060106019806995216
baseline,Boruta,40,std_11th_delta (MFCC),0.009700435729847494,0.007754793826677182
baseline,Boruta,40,std_8th_delta_delta (MFCC),0.00935273368606702,0.007392670227395097
baseline,Boruta,40,apq11Shimmer (Baseline),0.009306100217864925,0.005662067842239637
baseline,Boruta,40,tqwt_energy_dec_27 (TQWT),0.008859823399558497,0.007855553420103403
baseline,Boruta,40,tqwt_TKEO_mean_dec_12 (TQWT),0.008126102292768956,0.0077119242383056575
baseline,Boruta,40,tqwt_energy_dec_11 (TQWT),0.008055185185185184,0.010305449075663999
baseline,Boruta,40,tqwt_entropy_log_dec_13 (TQWT),0.00800653594771242,0.004618797498665354
baseline,Boruta,40,tqwt_TKEO_std_dec_12 (TQWT),0.007916005291005288,0.007850111166789336
baseline,Boruta,40,std_11th_delta_delta (MFCC),0.007737073707370736,0.005696791804062826
baseline,Boruta,40,tqwt_entropy_log_dec_11 (TQWT),0.007575617283950615,0.006337245740639151
baseline,Boruta,40,tqwt_entropy_shannon_dec_12 (TQWT),0.0073891652846876715,0.007173778733269199
baseline,Boruta,40,tqwt_energy_dec_12 (TQWT),0.006996913580246911,0.007840729073498252
baseline,Boruta,40,std_4th_delta (MFCC),0.006844884488448845,0.005411366438560767
baseline,Boruta,40,std_9th_delta (MFCC),0.0067742504409171065,0.005642041660184162
baseline,Boruta,40,tqwt_TKEO_std_dec_11 (TQWT),0.006689883913764509,0.008250692942999259
baseline,Boruta,40,tqwt_entropy_shannon_dec_34 (TQWT),0.006678888888888889,0.007565993442605675
baseline,Boruta,40,tqwt_maxValue_dec_13 (TQWT),0.006452222222222221,0.004522347855385341
baseline,Boruta,40,tqwt_kurtosisValue_dec_27 (TQWT),0.006305010893246187,0.006969828220803733
baseline,Boruta,40,tqwt_stdValue_dec_12 (TQWT),0.006153439153439151,0.005977931078062925
baseline,Boruta,40,tqwt_stdValue_dec_11 (TQWT),0.006122166943062464,0.006522705088787568
baseline,Boruta,40,std_12th_delta (MFCC),0.006078431372549019,0.004696025242561562
baseline,Boruta,40,tqwt_TKEO_std_dec_13 (TQWT),0.006014161220043574,0.005848744598141313
baseline,Boruta,40,std_8th_delta (MFCC),0.005923438363736871,0.006137534652104464
baseline,Boruta,40,minIntensity (Intensity),0.005897964796479646,0.004834648199781954
baseline,Boruta,40,tqwt_maxValue_dec_12 (TQWT),0.005869817578772803,0.006049373514561572
baseline,Boruta,40,tqwt_maxValue_dec_11 (TQWT),0.005727222222222224,0.004606127031535861
baseline,Boruta,40,tqwt_entropy_shannon_dec_11 (TQWT),0.005403880070546737,0.005437316049562609
baseline,Boruta,40,std_10th_delta_delta (MFCC),0.0051776895943562605,0.004505530462732904
baseline,Boruta,40,GQ_std_cycle_open (Vocal Fold),0.005108910891089109,0.005686989704617182
baseline,Boruta,40,std_Log_energy (MFCC),0.005038142620232172,0.0053926929986173894
baseline,Boruta,40,tqwt_minValue_dec_13 (TQWT),0.004659041394335512,0.003065580701913082
baseline,Boruta,40,tqwt_stdValue_dec_13 (TQWT),0.004577342047930284,0.003630404125835389
baseline,Boruta,40,std_5th_delta (MFCC),0.004563333333333334,0.0025048550917316954
baseline,Boruta,40,std_MFCC_8th_coef (MFCC),0.004473922902494332,0.003337993356797979
baseline,Boruta,40,tqwt_minValue_dec_12 (TQWT),0.004467385295743505,0.004439104961627347
baseline,Boruta,40,meanIntensity (Intensity),0.004455337690631808,0.003328889940629307
baseline,Boruta,40,tqwt_entropy_shannon_dec_13 (TQWT),0.004145969498910674,0.0033239627202678165
baseline,Boruta,40,std_12th_delta_delta (MFCC),0.004083877995642702,0.0034695723521935965
baseline,Boruta,40,tqwt_TKEO_mean_dec_11 (TQWT),0.003982962962962963,0.0033651534098793883
baseline,Boruta,40,tqwt_entropy_log_dec_28 (TQWT),0.003640522875816993,0.0031566738481005187
baseline,Boruta,40,std_5th_delta_delta (MFCC),0.0034877777777777776,0.0029373965570608208
baseline,Boruta,40,std_10th_delta (MFCC),0.0033644444444444438,0.0030578399622499964
baseline_male,Boruta,40,std_delta_delta_log_energy (MFCC),0.02012820512820513,0.021378826330721502
baseline_male,Boruta,40,tqwt_stdValue_dec_19 (TQWT),0.018910628019323677,0.018646842145130432
baseline_male,Boruta,40,tqwt_TKEO_std_dec_19 (TQWT),0.017801932367149758,0.01753959748315723
baseline_male,Boruta,40,DFA (Baseline),0.01665325670498084,0.015136697155086608
baseline_male,Boruta,40,tqwt_entropy_log_dec_33 (TQWT),0.015888888888888886,0.017509166259273335
baseline_male,Boruta,40,std_6th_delta_delta (MFCC),0.015567948717948716,0.010550087878801483
baseline_male,Boruta,40,std_delta_log_energy (MFCC),0.014688888888888885,0.016452777210539147
baseline_male,Boruta,40,tqwt_energy_dec_26 (TQWT),0.013022757697456493,0.012945559765157204
baseline_male,Boruta,40,tqwt_entropy_log_dec_34 (TQWT),0.012636574074074074,0.013213496869558122
baseline_male,Boruta,40,tqwt_kurtosisValue_dec_18 (TQWT),0.012549531459170012,0.008694550419248022
baseline_male,Boruta,40,tqwt_kurtosisValue_dec_20 (TQWT),0.011367886178861787,0.011340496070032804
baseline_male,Boruta,40,std_6th_delta (MFCC),0.011366239316239311,0.009966774987145039
baseline_male,Boruta,40,tqwt_entropy_log_dec_35 (TQWT),0.011147089947089945,0.011241079871525356
baseline_male,Boruta,40,std_7th_delta_delta (MFCC),0.010515811965811963,0.008110576709833565
baseline_male,Boruta,40,mean_MFCC_2nd_coef (MFCC),0.009417094017094018,0.012062644426592514
baseline_male,Boruta,40,std_4th_delta_delta (MFCC),0.009152777777777779,0.008246199390134018
baseline_male,Boruta,40,std_7th_delta (MFCC),0.00915042735042735,0.007193664386144117
baseline_male,Boruta,40,tqwt_kurtosisValue_dec_17 (TQWT),0.0089975845410628,0.006436053775210752
baseline_male,Boruta,40,apq11Shimmer (Baseline),0.008951111111111111,0.0077350928670353826
baseline_male,Boruta,40,tqwt_entropy_log_dec_27 (TQWT),0.00884871794871795,0.013065171482390062
baseline_male,Boruta,40,tqwt_energy_dec_11 (TQWT),0.008681746031746032,0.011125840535076854
baseline_male,Boruta,40,std_8th_delta_delta (MFCC),0.008679059829059829,0.0055270674844663465
baseline_male,Boruta,40,tqwt_kurtosisValue_dec_36 (TQWT),0.008315972222222223,0.006314587603984254
baseline_male,Boruta,40,std_9th_delta_delta (MFCC),0.008164102564102564,0.006724682797922128
baseline_male,Boruta,40,tqwt_entropy_log_dec_13 (TQWT),0.007974603174603174,0.005702600103869106
baseline_male,Boruta,40,std_11th_delta_delta (MFCC),0.007375786163522014,0.00511060943235862
baseline_male,Boruta,40,tqwt_entropy_log_dec_12 (TQWT),0.007312393162393162,0.008844392696832756
baseline_male,Boruta,40,tqwt_TKEO_mean_dec_13 (TQWT),0.007038095238095239,0.006584439096638242
baseline_male,Boruta,40,std_4th_delta (MFCC),0.006716553287981859,0.004020183806859893
baseline_male,Boruta,40,tqwt_kurtosisValue_dec_26 (TQWT),0.00666087962962963,0.007645364476441895
baseline_male,Boruta,40,tqwt_entropy_shannon_dec_34 (TQWT),0.006321759259259258,0.006853275971431592
baseline_male,Boruta,40,tqwt_entropy_log_dec_11 (TQWT),0.006276068376068376,0.006393682385630844
baseline_male,Boruta,40,tqwt_kurtosisValue_dec_27 (TQWT),0.006236507936507936,0.004657774320409011
baseline_male,Boruta,40,tqwt_TKEO_std_dec_12 (TQWT),0.006195726495726496,0.006893610168353272
baseline_male,Boruta,40,tqwt_entropy_log_dec_26 (TQWT),0.005875771604938273,0.007291645030934638
baseline_male,Boruta,40,tqwt_energy_dec_27 (TQWT),0.005815930388219546,0.008089229123712792
baseline_male,Boruta,40,tqwt_TKEO_std_dec_13 (TQWT),0.005624521072796935,0.005287357128275876
baseline_male,Boruta,40,std_9th_delta (MFCC),0.005547435897435897,0.005178693521301332
baseline_male,Boruta,40,std_11th_delta (MFCC),0.0055288888888888905,0.003985086060665555
baseline_male,Boruta,40,std_Log_energy (MFCC),0.00546608187134503,0.006739248352591387
baseline_male,Boruta,40,tqwt_energy_dec_12 (TQWT),0.005381196581196581,0.007255467242401285
baseline_male,Boruta,40,tqwt_TKEO_std_dec_11 (TQWT),0.005311111111111111,0.009681685219560823
baseline_male,Boruta,40,std_8th_delta (MFCC),0.005176608187134504,0.004855522020226031
baseline_male,Boruta,40,tqwt_maxValue_dec_11 (TQWT),0.00503743961352657,0.00518247789140166
baseline_male,Boruta,40,tqwt_entropy_shannon_dec_13 (TQWT),0.004966666666666666,0.0037519510594005287
baseline_male,Boruta,40,std_12th_delta (MFCC),0.004897777777777777,0.004589687923512363
baseline_male,Boruta,40,tqwt_maxValue_dec_12 (TQWT),0.004884126984126985,0.005139428431072807
baseline_male,Boruta,40,tqwt_stdValue_dec_11 (TQWT),0.004819298245614036,0.005985277801950938
baseline_male,Boruta,40,tqwt_minValue_dec_13 (TQWT),0.0048190476190476195,0.003338626749342994
baseline_male,Boruta,40,locAbsJitter (Baseline),0.004764172335600906,0.006432291169326214
baseline_male,Boruta,40,minIntensity (Intensity),0.004719601677148848,0.004559888141376814
baseline_male,Boruta,40,tqwt_stdValue_dec_12 (TQWT),0.004710256410256411,0.005310155580635501
baseline_male,Boruta,40,tqwt_maxValue_dec_13 (TQWT),0.004706521739130435,0.004122837821978522
baseline_male,Boruta,40,tqwt_minValue_dec_12 (TQWT),0.004703174603174603,0.004446344882334025
baseline_male,Boruta,40,tqwt_entropy_shannon_dec_12 (TQWT),0.004585714285714285,0.0059313026245489614
baseline_male,Boruta,40,std_5th_delta_delta (MFCC),0.004449074074074074,0.0027862897751634993
baseline_male,Boruta,40,tqwt_TKEO_mean_dec_12 (TQWT),0.0044401709401709405,0.006153664838509795
baseline_male,Boruta,40,std_10th_delta_delta (MFCC),0.004373504273504275,0.004354369738275015
baseline_male,Boruta,40,std_MFCC_8th_coef (MFCC),0.004345410628019325,0.0032430567915802512
baseline_male,Boruta,40,GQ_std_cycle_open (Vocal Fold),0.0043135593220338985,0.005206386128044625
baseline_male,Boruta,40,std_5th_delta (MFCC),0.0042361111111111115,0.002286715736069961
baseline_male,Boruta,40,tqwt_TKEO_mean_dec_11 (TQWT),0.00408968253968254,0.004374485543354614
baseline_male,Boruta,40,tqwt_entropy_shannon_dec_11 (TQWT),0.004028632478632478,0.005658580157765362
baseline_male,Boruta,40,tqwt_stdValue_dec_13 (TQWT),0.003863492063492064,0.002753473035388899
baseline_male,Boruta,40,tqwt_entropy_log_dec_28 (TQWT),0.0036666666666666653,0.003108281102379804
baseline_male,Boruta,40,meanIntensity (Intensity),0.003403174603174604,0.004150016794862328
baseline_male,Boruta,40,std_12th_delta_delta (MFCC),0.002978703703703703,0.0025159966523078765
baseline_male,Boruta,40,std_10th_delta (MFCC),0.0022175925925925926,0.0018660752661410968
baseline_female,Boruta,40,tqwt_entropy_log_dec_33 (TQWT),0.029677350427350417,0.019316127674734895
baseline_female,Boruta,40,std_delta_delta_log_energy (MFCC),0.028397085610200358,0.019142767406894887
baseline_female,Boruta,40,tqwt_kurtosisValue_dec_26 (TQWT),0.02184294871794872,0.01440430342387657
baseline_female,Boruta,40,std_delta_log_energy (MFCC),0.020773224043715847,0.017125151275187867
baseline_female,Boruta,40,tqwt_entropy_log_dec_27 (TQWT),0.020289162112932604,0.015090123203322618
baseline_female,Boruta,40,tqwt_energy_dec_26 (TQWT),0.01962581699346406,0.013245357052802229
baseline_female,Boruta,40,mean_MFCC_2nd_coef (MFCC),0.018262295081967216,0.01615866324558047
baseline_female,Boruta,40,std_6th_delta_delta (MFCC),0.017079234972677593,0.014093040691873775
baseline_female,Boruta,40,tqwt_entropy_log_dec_34 (TQWT),0.015923076923076922,0.01870768322046884
baseline_female,Boruta,40,tqwt_entropy_log_dec_26 (TQWT),0.0147625,0.011983090179736405
baseline_female,Boruta,40,DFA (Baseline),0.01431818181818182,0.010520194533459029
baseline_female,Boruta,40,tqwt_entropy_log_dec_35 (TQWT),0.013972800925925927,0.01374645743214976
baseline_female,Boruta,40,std_7th_delta_delta (MFCC),0.013873861566484515,0.008355674882013055
baseline_female,Boruta,40,std_4th_delta_delta (MFCC),0.013788461538461534,0.008563600992588455
baseline_female,Boruta,40,std_7th_delta (MFCC),0.01311657559198543,0.0094176594211033
baseline_female,Boruta,40,std_9th_delta_delta (MFCC),0.013046448087431693,0.010362029582092458
baseline_female,Boruta,40,tqwt_entropy_log_dec_12 (TQWT),0.012841074681238615,0.00916957699911272
baseline_female,Boruta,40,locAbsJitter (Baseline),0.01263568376068376,0.01249118405226914
baseline_female,Boruta,40,std_6th_delta (MFCC),0.012056010928961748,0.008669351814167552
baseline_female,Boruta,40,tqwt_TKEO_mean_dec_13 (TQWT),0.011583333333333334,0.006325583163951462
baseline_female,Boruta,40,tqwt_kurtosisValue_dec_36 (TQWT),0.010737654320987654,0.009895534499017256
baseline_female,Boruta,40,tqwt_energy_dec_27 (TQWT),0.010591503267973859,0.006592117145274547
baseline_female,Boruta,40,tqwt_kurtosisValue_dec_18 (TQWT),0.010328571428571428,0.007573859502482717
baseline_female,Boruta,40,tqwt_kurtosisValue_dec_17 (TQWT),0.010132478632478632,0.006848302629064292
baseline_female,Boruta,40,apq11Shimmer (Baseline),0.009912393162393162,0.0066418219065854395
baseline_female,Boruta,40,std_11th_delta (MFCC),0.00986111111111111,0.009956848334881311
baseline_female,Boruta,40,std_8th_delta_delta (MFCC),0.009561475409836064,0.008696966724488017
baseline_female,Boruta,40,tqwt_TKEO_mean_dec_12 (TQWT),0.009433970856102005,0.007923893863549167
baseline_female,Boruta,40,tqwt_entropy_log_dec_13 (TQWT),0.009385416666666667,0.00487323420769267
baseline_female,Boruta,40,tqwt_TKEO_std_dec_12 (TQWT),0.009349726775956286,0.008043302038820945
baseline_female,Boruta,40,tqwt_kurtosisValue_dec_20 (TQWT),0.00915359477124183,0.008157544460351456
baseline_female,Boruta,40,tqwt_entropy_log_dec_11 (TQWT),0.008342896174863387,0.006849700829394267
baseline_female,Boruta,40,std_11th_delta_delta (MFCC),0.00824363425925926,0.005888774039185317
baseline_female,Boruta,40,std_12th_delta (MFCC),0.007995726495726494,0.004964954697756582
baseline_female,Boruta,40,tqwt_energy_dec_12 (TQWT),0.007970400728597447,0.00807979353969838
baseline_female,Boruta,40,std_9th_delta (MFCC),0.00781967213114754,0.0064154110790985855
baseline_female,Boruta,40,tqwt_stdValue_dec_11 (TQWT),0.007749475890985328,0.006768928470901198
baseline_female,Boruta,40,tqwt_energy_dec_11 (TQWT),0.007450694444444445,0.00931484767682048
baseline_female,Boruta,40,tqwt_kurtosisValue_dec_27 (TQWT),0.007399305555555555,0.007532023012835173
baseline_female,Boruta,40,tqwt_maxValue_dec_11 (TQWT),0.007356995884773662,0.005300327062709204
baseline_female,Boruta,40,tqwt_entropy_shannon_dec_12 (TQWT),0.0073032407407407395,0.007100780324357345
baseline_female,Boruta,40,tqwt_maxValue_dec_12 (TQWT),0.007192129629629632,0.00720050003222489
baseline_female,Boruta,40,tqwt_entropy_shannon_dec_34 (TQWT),0.007153846153846155,0.0079579418085858
baseline_female,Boruta,40,tqwt_maxValue_dec_13 (TQWT),0.007117283950617284,0.004830169196644733
baseline_female,Boruta,40,std_MFCC_8th_coef (MFCC),0.007106837606837607,0.0034512659867412293
baseline_female,Boruta,40,tqwt_TKEO_std_dec_11 (TQWT),0.007019392033542976,0.007866173275401863
baseline_female,Boruta,40,std_8th_delta (MFCC),0.006672431865828094,0.006740954523241291
baseline_female,Boruta,40,tqwt_stdValue_dec_12 (TQWT),0.006642531876138433,0.006641982413082218
baseline_female,Boruta,40,GQ_std_cycle_open (Vocal Fold),0.006472222222222221,0.00625760870194571
baseline_female,Boruta,40,std_4th_delta (MFCC),0.006297008547008547,0.0047873524710059625
baseline_female,Boruta,40,tqwt_TKEO_std_dec_19 (TQWT),0.006001984126984128,0.006085925015827293
baseline_female,Boruta,40,tqwt_stdValue_dec_13 (TQWT),0.005996527777777777,0.0038178827669150626
baseline_female,Boruta,40,minIntensity (Intensity),0.005855902777777779,0.00529336540037666
baseline_female,Boruta,40,meanIntensity (Intensity),0.005822916666666665,0.0033310996505353445
baseline_female,Boruta,40,tqwt_entropy_shannon_dec_11 (TQWT),0.005810109289617488,0.006041371152858622
baseline_female,Boruta,40,std_12th_delta_delta (MFCC),0.005785714285714286,0.004887346798638167
baseline_female,Boruta,40,std_10th_delta_delta (MFCC),0.005607468123861567,0.0043290620426013685
baseline_female,Boruta,40,tqwt_TKEO_std_dec_13 (TQWT),0.005607323232323233,0.006088168024654023
baseline_female,Boruta,40,tqwt_minValue_dec_12 (TQWT),0.0054218750000000005,0.004938096457845284
baseline_female,Boruta,40,tqwt_minValue_dec_13 (TQWT),0.00528125,0.003330522973082709
baseline_female,Boruta,40,tqwt_stdValue_dec_19 (TQWT),0.004865079365079365,0.004489723219233612
baseline_female,Boruta,40,tqwt_entropy_log_dec_28 (TQWT),0.00480128205128205,0.003535131627274382
baseline_female,Boruta,40,tqwt_TKEO_mean_dec_11 (TQWT),0.004756249999999999,0.0035591838517898275
baseline_female,Boruta,40,std_10th_delta (MFCC),0.004685897435897437,0.0037894856205382002
baseline_female,Boruta,40,std_Log_energy (MFCC),0.004682389937106918,0.0045553146050145675
baseline_female,Boruta,40,tqwt_entropy_shannon_dec_13 (TQWT),0.004614583333333333,0.0036409732043376102
baseline_female,Boruta,40,std_5th_delta_delta (MFCC),0.004042735042735043,0.0025365205368647094
baseline_female,Boruta,40,std_5th_delta (MFCC),0.002955128205128205,0.002319170542144756
baseline,Boruta,50,std_delta_delta_log_energy (MFCC),0.018726410934744267,0.017246694936516493
baseline,Boruta,50,tqwt_energy_dec_25 (TQWT),0.01760997732426304,0.01623723590257748
baseline,Boruta,50,tqwt_energy_dec_26 (TQWT),0.01692702821869489,0.013387989628779462
baseline,Boruta,50,tqwt_entropy_log_dec_33 (TQWT),0.016723872387238724,0.014948243747543688
baseline,Boruta,50,std_delta_log_energy (MFCC),0.016115961199294527,0.014378705366197305
baseline,Boruta,50,tqwt_entropy_log_dec_27 (TQWT),0.016098985890652562,0.013625783263240805
baseline,Boruta,50,tqwt_TKEO_std_dec_19 (TQWT),0.014775599128540306,0.009780435332858817
baseline,Boruta,50,std_6th_delta_delta (MFCC),0.014755731922398593,0.012166538306831596
baseline,Boruta,50,tqwt_energy_dec_6 (TQWT),0.013733115468409588,0.008155052156989358
baseline,Boruta,50,tqwt_kurtosisValue_dec_26 (TQWT),0.013490555555555556,0.011102952378975182
baseline,Boruta,50,tqwt_entropy_log_dec_19 (TQWT),0.012868191721132897,0.011593294555606688
baseline,Boruta,50,mean_MFCC_2nd_coef (MFCC),0.011951719576719578,0.013170020194279378
baseline,Boruta,50,std_7th_delta_delta (MFCC),0.011756834215167551,0.007472962618869186
baseline,Boruta,50,locAbsJitter (Baseline),0.011067656765676566,0.008805440724920755
baseline,Boruta,50,tqwt_entropy_shannon_dec_13 (TQWT),0.01103267973856209,0.007632601158661208
baseline,Boruta,50,tqwt_entropy_log_dec_26 (TQWT),0.010953216374269003,0.010172955090494889
baseline,Boruta,50,std_9th_delta_delta (MFCC),0.010926146384479718,0.01049744801362942
baseline,Boruta,50,std_6th_delta (MFCC),0.010307980599647259,0.009125386696602891
baseline,Boruta,50,std_8th_delta_delta (MFCC),0.010075617283950613,0.007251046915428388
baseline,Boruta,50,tqwt_kurtosisValue_dec_17 (TQWT),0.009721666666666667,0.0069112084412331016
baseline,Boruta,50,tqwt_meanValue_dec_36 (TQWT),0.009420634920634921,0.006784835509944703
baseline,Boruta,50,DFA (Baseline),0.009347494553376906,0.006995130955895977
baseline,Boruta,50,tqwt_kurtosisValue_dec_18 (TQWT),0.009279427942794278,0.006181820436945245
baseline,Boruta,50,std_7th_delta (MFCC),0.009071208112874776,0.005887743716695071
baseline,Boruta,50,tqwt_entropy_log_dec_12 (TQWT),0.009028880070546735,0.0076288208325075695
baseline,Boruta,50,tqwt_TKEO_std_dec_7 (TQWT),0.008956666666666668,0.007327952825820433
baseline,Boruta,50,tqwt_energy_dec_27 (TQWT),0.008812431243124308,0.008452461100312112
baseline,Boruta,50,tqwt_TKEO_mean_dec_13 (TQWT),0.008495642701525054,0.006382493922819953
baseline,Boruta,50,tqwt_entropy_log_dec_35 (TQWT),0.0080685461580984,0.009567145322674523
baseline,Boruta,50,tqwt_TKEO_std_dec_13 (TQWT),0.008065904139433552,0.0056321768916366526
baseline,Boruta,50,rapJitter (Baseline),0.00803921568627451,0.0038271195206381254
baseline,Boruta,50,det_LT_TKEO_mean_1_coef (Wavelet),0.007992222222222223,0.008770190015658904
baseline,Boruta,50,apq11Shimmer (Baseline),0.007832222222222221,0.007364948993556645
baseline,Boruta,50,std_11th_delta_delta (MFCC),0.00773982398239824,0.006703840027686271
baseline,Boruta,50,std_12th_delta (MFCC),0.007588235294117649,0.005559488846707951
baseline,Boruta,50,tqwt_TKEO_mean_dec_12 (TQWT),0.007419532627865957,0.007164550682169403
baseline,Boruta,50,tqwt_kurtosisValue_dec_36 (TQWT),0.0074002192982456135,0.005409018602970864
baseline,Boruta,50,tqwt_stdValue_dec_19 (TQWT),0.0073442265795206985,0.006414435508732813
baseline,Boruta,50,tqwt_energy_dec_11 (TQWT),0.007256495301271421,0.009532147803027673
baseline,Boruta,50,tqwt_kurtosisValue_dec_16 (TQWT),0.007098039215686274,0.004685914621248802
baseline,Boruta,50,tqwt_entropy_log_dec_34 (TQWT),0.0070786578657865765,0.008472564863552478
baseline,Boruta,50,tqwt_kurtosisValue_dec_20 (TQWT),0.006892857142857141,0.007036725826281147
baseline,Boruta,50,tqwt_kurtosisValue_dec_27 (TQWT),0.006640522875816994,0.008004364618205273
baseline,Boruta,50,std_9th_delta (MFCC),0.006375661375661374,0.004489695659136791
baseline,Boruta,50,minIntensity (Intensity),0.006143289328932893,0.00527128627800562
baseline,Boruta,50,std_MFCC_6th_coef (MFCC),0.00613,0.00348983129190164
baseline,Boruta,50,std_4th_delta_delta (MFCC),0.006007186290768378,0.0050203851653350985
baseline,Boruta,50,tqwt_entropy_shannon_dec_34 (TQWT),0.0059900000000000005,0.006181695514440902
baseline,Boruta,50,tqwt_energy_dec_12 (TQWT),0.005922619047619048,0.007435709327635649
baseline,Boruta,50,tqwt_stdValue_dec_35 (TQWT),0.0057832244008714576,0.013137196157025766
baseline,Boruta,50,tqwt_kurtosisValue_dec_35 (TQWT),0.005649444444444445,0.00675169987450142
baseline,Boruta,50,tqwt_TKEO_std_dec_12 (TQWT),0.005590167548500881,0.005889233041272998
baseline,Boruta,50,tqwt_entropy_shannon_dec_12 (TQWT),0.005488977072310403,0.004901234595115162
baseline,Boruta,50,std_11th_delta (MFCC),0.005431372549019609,0.004495796014338906
baseline,Boruta,50,tqwt_stdValue_dec_13 (TQWT),0.005270152505446622,0.0044308365271571734
baseline,Boruta,50,std_4th_delta (MFCC),0.005246345029239765,0.003922476640805537
baseline,Boruta,50,std_10th_delta_delta (MFCC),0.0051655643738977046,0.004571188875018952
baseline,Boruta,50,tqwt_entropy_shannon_dec_6 (TQWT),0.005153333333333333,0.004311358841871728
baseline,Boruta,50,std_8th_delta (MFCC),0.005149530127142068,0.004873177623654206
baseline,Boruta,50,tqwt_maxValue_dec_12 (TQWT),0.0051252072968490875,0.00509531106408183
baseline,Boruta,50,tqwt_stdValue_dec_11 (TQWT),0.005109347442680775,0.005285688752919212
baseline,Boruta,50,tqwt_entropy_log_dec_11 (TQWT),0.00505357142857143,0.00511167016958569
baseline,Boruta,50,tqwt_maxValue_dec_11 (TQWT),0.004980740740740741,0.005487550819895418
baseline,Boruta,50,tqwt_entropy_shannon_dec_11 (TQWT),0.00496031746031746,0.0042787062081821045
baseline,Boruta,50,std_5th_delta (MFCC),0.004951111111111111,0.003978060013566745
baseline,Boruta,50,tqwt_TKEO_mean_dec_6 (TQWT),0.0049277777777777775,0.004420497332784217
baseline,Boruta,50,tqwt_entropy_log_dec_13 (TQWT),0.004915032679738561,0.003899651246170773
baseline,Boruta,50,std_Log_energy (MFCC),0.004852681039248203,0.005298891567489945
baseline,Boruta,50,tqwt_maxValue_dec_13 (TQWT),0.004649006622516557,0.00372289378982399
baseline,Boruta,50,GQ_std_cycle_open (Vocal Fold),0.0046408140814081416,0.0042992558604849716
baseline,Boruta,50,tqwt_stdValue_dec_12 (TQWT),0.004632936507936508,0.004885992486652826
baseline,Boruta,50,tqwt_TKEO_std_dec_11 (TQWT),0.0045652557319223975,0.005487560706720034
baseline,Boruta,50,tqwt_stdValue_dec_6 (TQWT),0.004414741474147415,0.004326001072656499
baseline,Boruta,50,tqwt_minValue_dec_12 (TQWT),0.004311221669430626,0.004278733166728006
baseline,Boruta,50,tqwt_TKEO_mean_dec_11 (TQWT),0.004123272526257602,0.003741658143469803
baseline,Boruta,50,std_12th_delta_delta (MFCC),0.0038779956427015248,0.0038830351927554916
baseline,Boruta,50,meanIntensity (Intensity),0.003861666666666667,0.0029821768652184386
baseline,Boruta,50,tqwt_entropy_log_dec_8 (TQWT),0.0038453159041394332,0.003953637777061632
baseline,Boruta,50,tqwt_minValue_dec_13 (TQWT),0.003725165562913909,0.003371856962261899
baseline,Boruta,50,tqwt_energy_dec_28 (TQWT),0.0034333333333333342,0.0032105305641215564
baseline,Boruta,50,ddpJitter (Baseline),0.003375816993464052,0.003468031182396972
baseline,Boruta,50,std_5th_delta_delta (MFCC),0.0029744444444444445,0.002371589286632342
baseline,Boruta,50,std_10th_delta (MFCC),0.0029685185185185188,0.0027192402951931277
baseline,Boruta,50,tqwt_TKEO_mean_dec_28 (TQWT),0.002932461873638344,0.002299205137607655
baseline,Boruta,50,maxIntensity (Intensity),0.0029240362811791386,0.0027869717075209885
baseline,Boruta,50,std_MFCC_8th_coef (MFCC),0.0029149659863945583,0.002359714477457241
baseline,Boruta,50,tqwt_kurtosisValue_dec_28 (TQWT),0.002706971677559913,0.0029794634647760418
baseline,Boruta,50,tqwt_entropy_log_dec_28 (TQWT),0.002233115468409586,0.001712883314901578
baseline,Boruta,50,tqwt_energy_dec_13 (TQWT),0.0017984749455337687,0.001545325624144831
baseline_male,Boruta,50,tqwt_entropy_log_dec_19 (TQWT),0.020833333333333332,0.013742466742068641
baseline_male,Boruta,50,tqwt_TKEO_std_dec_19 (TQWT),0.019152173913043476,0.014807278812311146
baseline_male,Boruta,50,std_delta_delta_log_energy (MFCC),0.01747948717948718,0.017284016446684355
baseline_male,Boruta,50,tqwt_energy_dec_25 (TQWT),0.01721014492753623,0.016604483314911
baseline_male,Boruta,50,tqwt_energy_dec_6 (TQWT),0.014082125603864737,0.007783824730908834
baseline_male,Boruta,50,std_delta_log_energy (MFCC),0.014061538461538457,0.013280408109615024
baseline_male,Boruta,50,std_6th_delta_delta (MFCC),0.013935470085470086,0.010356259416621355
baseline_male,Boruta,50,tqwt_stdValue_dec_19 (TQWT),0.012954106280193233,0.00975299032649986
baseline_male,Boruta,50,tqwt_kurtosisValue_dec_17 (TQWT),0.012098659003831419,0.008363087812201742
baseline_male,Boruta,50,tqwt_entropy_log_dec_33 (TQWT),0.01108049886621315,0.012367091799076269
baseline_male,Boruta,50,tqwt_entropy_shannon_dec_13 (TQWT),0.010869841269841269,0.007713415890303382
baseline_male,Boruta,50,tqwt_energy_dec_26 (TQWT),0.010509401709401709,0.010425285239965585
baseline_male,Boruta,50,det_LT_TKEO_mean_1_coef (Wavelet),0.009798611111111112,0.012459290124516955
baseline_male,Boruta,50,apq11Shimmer (Baseline),0.009222222222222222,0.01050773940543766
baseline_male,Boruta,50,tqwt_meanValue_dec_36 (TQWT),0.009166666666666667,0.007304645312214337
baseline_male,Boruta,50,mean_MFCC_2nd_coef (MFCC),0.009130769230769229,0.01181759368064263
baseline_male,Boruta,50,std_7th_delta_delta (MFCC),0.009102564102564107,0.006609503793406277
baseline_male,Boruta,50,std_6th_delta (MFCC),0.009055555555555553,0.00861428151088508
baseline_male,Boruta,50,tqwt_kurtosisValue_dec_18 (TQWT),0.009053459119496853,0.006982987708301201
baseline_male,Boruta,50,tqwt_kurtosisValue_dec_16 (TQWT),0.008984126984126983,0.006422388549797863
baseline_male,Boruta,50,tqwt_TKEO_std_dec_7 (TQWT),0.008921296296296297,0.008025339964826076
baseline_male,Boruta,50,tqwt_entropy_log_dec_34 (TQWT),0.008731638418079096,0.008328238041663836
baseline_male,Boruta,50,tqwt_entropy_log_dec_27 (TQWT),0.008603846153846151,0.013197653687726485
baseline_male,Boruta,50,DFA (Baseline),0.008603448275862069,0.007073439940217766
baseline_male,Boruta,50,std_8th_delta_delta (MFCC),0.008582478632478633,0.006162464638333287
baseline_male,Boruta,50,std_9th_delta_delta (MFCC),0.008416239316239315,0.00796001637647742
baseline_male,Boruta,50,tqwt_stdValue_dec_13 (TQWT),0.007926984126984128,0.005364488519676138
baseline_male,Boruta,50,tqwt_kurtosisValue_dec_20 (TQWT),0.007832478632478629,0.009087517568626559
baseline_male,Boruta,50,tqwt_entropy_log_dec_35 (TQWT),0.007487830687830688,0.007885432970656973
baseline_male,Boruta,50,std_7th_delta (MFCC),0.007461965811965813,0.005677850057261983
baseline_male,Boruta,50,tqwt_energy_dec_11 (TQWT),0.007380116959064326,0.011664375797297342
baseline_male,Boruta,50,tqwt_stdValue_dec_35 (TQWT),0.007185714285714287,0.015154516024006042
baseline_male,Boruta,50,tqwt_kurtosisValue_dec_36 (TQWT),0.006493827160493827,0.005040529581602593
baseline_male,Boruta,50,std_11th_delta_delta (MFCC),0.006150943396226416,0.00465268645201465
baseline_male,Boruta,50,tqwt_entropy_shannon_dec_34 (TQWT),0.0059953703703703705,0.006618900015831876
baseline_male,Boruta,50,std_MFCC_6th_coef (MFCC),0.005784722222222222,0.0033036752782753865
baseline_male,Boruta,50,tqwt_entropy_log_dec_12 (TQWT),0.0057072649572649575,0.007771055736997426
baseline_male,Boruta,50,tqwt_kurtosisValue_dec_35 (TQWT),0.005652777777777778,0.0067159744158470655
baseline_male,Boruta,50,tqwt_TKEO_mean_dec_13 (TQWT),0.005577586206896551,0.006039387060514216
baseline_male,Boruta,50,std_Log_energy (MFCC),0.005506432748538012,0.006425467833379683
baseline_male,Boruta,50,tqwt_TKEO_std_dec_13 (TQWT),0.005410919540229885,0.005529643549810907
baseline_male,Boruta,50,std_4th_delta_delta (MFCC),0.005357309941520468,0.004280751557397896
baseline_male,Boruta,50,tqwt_kurtosisValue_dec_26 (TQWT),0.005307870370370371,0.00836277594702789
baseline_male,Boruta,50,tqwt_energy_dec_27 (TQWT),0.005297693920335431,0.008411637674263105
baseline_male,Boruta,50,minIntensity (Intensity),0.005156708595387842,0.005111222341993299
baseline_male,Boruta,50,std_12th_delta (MFCC),0.005099999999999999,0.006740135712983042
baseline_male,Boruta,50,tqwt_TKEO_mean_dec_6 (TQWT),0.005043981481481482,0.004050733917500353
baseline_male,Boruta,50,tqwt_kurtosisValue_dec_27 (TQWT),0.004949206349206349,0.006364889494273901
baseline_male,Boruta,50,tqwt_maxValue_dec_11 (TQWT),0.004863492063492063,0.0060947804057009825
baseline_male,Boruta,50,std_9th_delta (MFCC),0.004838034188034189,0.004448896484553931
baseline_male,Boruta,50,tqwt_entropy_log_dec_26 (TQWT),0.00474537037037037,0.004938351644843744
baseline_male,Boruta,50,tqwt_entropy_log_dec_11 (TQWT),0.004624786324786326,0.004993750552874184
baseline_male,Boruta,50,tqwt_maxValue_dec_12 (TQWT),0.004580423280423281,0.0041232199183917325
baseline_male,Boruta,50,tqwt_TKEO_mean_dec_12 (TQWT),0.0045350427350427346,0.005989975195292059
baseline_male,Boruta,50,std_10th_delta_delta (MFCC),0.004498290598290598,0.004359832290548671
baseline_male,Boruta,50,tqwt_entropy_log_dec_8 (TQWT),0.004415458937198067,0.0052055481328172
baseline_male,Boruta,50,tqwt_stdValue_dec_11 (TQWT),0.004404700854700856,0.005524978268891347
baseline_male,Boruta,50,tqwt_entropy_log_dec_13 (TQWT),0.004292063492063493,0.003862402389465942
baseline_male,Boruta,50,tqwt_stdValue_dec_6 (TQWT),0.004262711864406781,0.004315947427850084
baseline_male,Boruta,50,tqwt_TKEO_std_dec_12 (TQWT),0.004261111111111111,0.005118949055846475
baseline_male,Boruta,50,std_5th_delta (MFCC),0.004247685185185185,0.003470194243452256
baseline_male,Boruta,50,tqwt_entropy_shannon_dec_11 (TQWT),0.004156837606837607,0.003767254350398797
baseline_male,Boruta,50,std_4th_delta (MFCC),0.004152777777777777,0.002834416117771377
baseline_male,Boruta,50,tqwt_TKEO_mean_dec_11 (TQWT),0.004132804232804233,0.003919065724414697
baseline_male,Boruta,50,GQ_std_cycle_open (Vocal Fold),0.004121468926553672,0.004668035903207175
baseline_male,Boruta,50,std_8th_delta (MFCC),0.004083040935672516,0.003920139419404263
baseline_male,Boruta,50,tqwt_entropy_shannon_dec_6 (TQWT),0.003960648148148148,0.004606715267094103
baseline_male,Boruta,50,tqwt_TKEO_std_dec_11 (TQWT),0.0038931623931623936,0.006115017637090181
baseline_male,Boruta,50,tqwt_kurtosisValue_dec_28 (TQWT),0.0037933333333333317,0.004558580992004054
baseline_male,Boruta,50,tqwt_maxValue_dec_13 (TQWT),0.0037633744855967077,0.0034016954326455085
baseline_male,Boruta,50,std_11th_delta (MFCC),0.003726666666666667,0.003574248907848369
baseline_male,Boruta,50,tqwt_energy_dec_12 (TQWT),0.003697435897435898,0.006405781827653904
baseline_male,Boruta,50,tqwt_entropy_shannon_dec_12 (TQWT),0.0036957264957264944,0.0044944516843863835
baseline_male,Boruta,50,std_5th_delta_delta (MFCC),0.0036875000000000002,0.002801734525910266
baseline_male,Boruta,50,tqwt_stdValue_dec_12 (TQWT),0.0036760683760683767,0.005070220694145725
baseline_male,Boruta,50,maxIntensity (Intensity),0.0035120772946859898,0.0027859824836431457
baseline_male,Boruta,50,tqwt_minValue_dec_12 (TQWT),0.0034576719576719576,0.004646392897948818
baseline_male,Boruta,50,tqwt_minValue_dec_13 (TQWT),0.003284636488340192,0.00302401345659683
baseline_male,Boruta,50,std_12th_delta_delta (MFCC),0.0032583333333333336,0.0032817836572034682
baseline_male,Boruta,50,tqwt_energy_dec_28 (TQWT),0.003076388888888889,0.00306526235962492
baseline_male,Boruta,50,meanIntensity (Intensity),0.0030584291187739465,0.002591659927335089
baseline_male,Boruta,50,std_MFCC_8th_coef (MFCC),0.0029033816425120765,0.002191487877054984
baseline_male,Boruta,50,locAbsJitter (Baseline),0.0028140589569160997,0.004224102626720435
baseline_male,Boruta,50,rapJitter (Baseline),0.002768888888888889,0.002774142365825134
baseline_male,Boruta,50,std_10th_delta (MFCC),0.002577932098765432,0.002550973192925965
baseline_male,Boruta,50,ddpJitter (Baseline),0.002326666666666666,0.0019356075471480725
baseline_male,Boruta,50,tqwt_entropy_log_dec_28 (TQWT),0.002124444444444445,0.0023643519535297953
baseline_male,Boruta,50,tqwt_energy_dec_13 (TQWT),0.0021095238095238094,0.001851862739080736
baseline_male,Boruta,50,tqwt_TKEO_mean_dec_28 (TQWT),0.002097777777777778,0.0021477156894437128
baseline_female,Boruta,50,std_delta_delta_log_energy (MFCC),0.023427140255009107,0.01696862099662204
baseline_female,Boruta,50,tqwt_entropy_log_dec_33 (TQWT),0.021034188034188033,0.015615401343590383
baseline_female,Boruta,50,tqwt_entropy_log_dec_27 (TQWT),0.019948542805100184,0.01322055072003754
baseline_female,Boruta,50,tqwt_energy_dec_25 (TQWT),0.01939957264957265,0.014621717321149983
baseline_female,Boruta,50,std_delta_log_energy (MFCC),0.01935200364298725,0.01502257156923549
baseline_female,Boruta,50,tqwt_energy_dec_26 (TQWT),0.019294626593806916,0.013799480665351046
baseline_female,Boruta,50,std_6th_delta_delta (MFCC),0.016242714025500912,0.012867563317665412
baseline_female,Boruta,50,mean_MFCC_2nd_coef (MFCC),0.015410291438979963,0.013468461848791972
baseline_female,Boruta,50,tqwt_kurtosisValue_dec_26 (TQWT),0.015113247863247864,0.00925378905596455
baseline_female,Boruta,50,std_7th_delta_delta (MFCC),0.013620218579234976,0.007471037807333508
baseline_female,Boruta,50,std_9th_delta_delta (MFCC),0.013337887067395263,0.014605517312985025
baseline_female,Boruta,50,tqwt_energy_dec_6 (TQWT),0.012539682539682538,0.009862868958953339
baseline_female,Boruta,50,tqwt_entropy_log_dec_26 (TQWT),0.012370833333333331,0.011605877943347944
baseline_female,Boruta,50,std_6th_delta (MFCC),0.011987249544626594,0.009007040447325008
baseline_female,Boruta,50,tqwt_entropy_log_dec_12 (TQWT),0.011179872495446263,0.008803696738861876
baseline_female,Boruta,50,DFA (Baseline),0.011026515151515148,0.007280862174612696
baseline_female,Boruta,50,tqwt_energy_dec_27 (TQWT),0.010998263888888886,0.007262866010189018
baseline_female,Boruta,50,tqwt_entropy_shannon_dec_13 (TQWT),0.010760416666666666,0.006972328474885713
baseline_female,Boruta,50,tqwt_TKEO_std_dec_13 (TQWT),0.01043939393939394,0.006302532331883184
baseline_female,Boruta,50,std_8th_delta_delta (MFCC),0.01025774134790528,0.008443935934301976
baseline_female,Boruta,50,tqwt_entropy_log_dec_35 (TQWT),0.010090856481481482,0.011314005403604329
baseline_female,Boruta,50,std_12th_delta (MFCC),0.00975,0.006179537872016671
baseline_female,Boruta,50,locAbsJitter (Baseline),0.009682692307692307,0.010375232067122651
baseline_female,Boruta,50,tqwt_kurtosisValue_dec_27 (TQWT),0.009572916666666667,0.0077123144789193725
baseline_female,Boruta,50,tqwt_meanValue_dec_36 (TQWT),0.009104700854700856,0.007219407714269068
baseline_female,Boruta,50,tqwt_TKEO_mean_dec_12 (TQWT),0.009069216757741343,0.00769606668954172
baseline_female,Boruta,50,std_7th_delta (MFCC),0.008762750455373405,0.006042740703925498
baseline_female,Boruta,50,tqwt_kurtosisValue_dec_18 (TQWT),0.00866724537037037,0.006520827857513687
baseline_female,Boruta,50,tqwt_kurtosisValue_dec_17 (TQWT),0.008268518518518517,0.005893535902333909
baseline_female,Boruta,50,tqwt_energy_dec_12 (TQWT),0.007942167577413478,0.008492556198425101
baseline_female,Boruta,50,apq11Shimmer (Baseline),0.007803418803418805,0.005951611545846027
baseline_female,Boruta,50,tqwt_entropy_shannon_dec_34 (TQWT),0.007705128205128206,0.006160370195869802
baseline_female,Boruta,50,tqwt_kurtosisValue_dec_36 (TQWT),0.007649305555555557,0.006102643601747939
baseline_female,Boruta,50,tqwt_TKEO_mean_dec_13 (TQWT),0.0076376262626262625,0.006928983521626324
baseline_female,Boruta,50,tqwt_entropy_log_dec_34 (TQWT),0.007338624338624338,0.007254299461022684
baseline_female,Boruta,50,rapJitter (Baseline),0.007318376068376068,0.0050231919490954504
baseline_female,Boruta,50,std_9th_delta (MFCC),0.007298724954462661,0.00572734248553981
baseline_female,Boruta,50,tqwt_TKEO_std_dec_7 (TQWT),0.007292735042735044,0.005728223453876773
baseline_female,Boruta,50,std_4th_delta_delta (MFCC),0.007196540880503143,0.005426764292065698
baseline_female,Boruta,50,std_11th_delta_delta (MFCC),0.007122106481481483,0.007889851052565754
baseline_female,Boruta,50,tqwt_energy_dec_11 (TQWT),0.007034067085953878,0.00691740436589301
baseline_female,Boruta,50,tqwt_TKEO_std_dec_12 (TQWT),0.006862932604735882,0.006276174756985719
baseline_female,Boruta,50,tqwt_maxValue_dec_12 (TQWT),0.006644675925925927,0.0057904511931655845
baseline_female,Boruta,50,tqwt_stdValue_dec_11 (TQWT),0.006562841530054645,0.005854917453526042
baseline_female,Boruta,50,tqwt_entropy_shannon_dec_12 (TQWT),0.006370673952641167,0.004926411505426553
baseline_female,Boruta,50,minIntensity (Intensity),0.006207754629629632,0.004780848607480056
baseline_female,Boruta,50,tqwt_entropy_log_dec_11 (TQWT),0.0061994535519125675,0.005482099249516604
baseline_female,Boruta,50,tqwt_stdValue_dec_13 (TQWT),0.006076388888888889,0.004261954170224473
baseline_female,Boruta,50,tqwt_kurtosisValue_dec_20 (TQWT),0.005926229508196722,0.0046724059219083545
baseline_female,Boruta,50,tqwt_entropy_log_dec_13 (TQWT),0.005819444444444446,0.0036204099224126786
baseline_female,Boruta,50,std_8th_delta (MFCC),0.0057437106918239,0.005314149969912162
baseline_female,Boruta,50,tqwt_maxValue_dec_11 (TQWT),0.005684027777777778,0.00520071781684757
baseline_female,Boruta,50,std_10th_delta_delta (MFCC),0.005552823315118397,0.0046657797181648185
baseline_female,Boruta,50,std_4th_delta (MFCC),0.005503472222222223,0.004357017347519881
baseline_female,Boruta,50,GQ_std_cycle_open (Vocal Fold),0.005387566137566137,0.004697461695903409
baseline_female,Boruta,50,std_MFCC_6th_coef (MFCC),0.005361111111111112,0.0037693623907887708
baseline_female,Boruta,50,std_12th_delta_delta (MFCC),0.005339947089947088,0.004971313298142579
baseline_female,Boruta,50,tqwt_entropy_shannon_dec_11 (TQWT),0.005208561020036431,0.004796330363478633
baseline_female,Boruta,50,std_5th_delta (MFCC),0.005173076923076923,0.003328832709243167
baseline_female,Boruta,50,tqwt_entropy_shannon_dec_6 (TQWT),0.00513034188034188,0.0037071405918701495
baseline_female,Boruta,50,tqwt_kurtosisValue_dec_35 (TQWT),0.005120726495726495,0.0055114274805912805
baseline_female,Boruta,50,std_Log_energy (MFCC),0.005047169811320754,0.004890319345421154
baseline_female,Boruta,50,tqwt_TKEO_std_dec_11 (TQWT),0.0050259562841530065,0.005657944690796394
baseline_female,Boruta,50,tqwt_stdValue_dec_12 (TQWT),0.004985428051001822,0.004902172368028218
baseline_female,Boruta,50,meanIntensity (Intensity),0.004955026455026454,0.004137708045036672
baseline_female,Boruta,50,tqwt_minValue_dec_12 (TQWT),0.004909722222222222,0.004412476372196415
baseline_female,Boruta,50,tqwt_stdValue_dec_19 (TQWT),0.0048333333333333344,0.004717026041058223
baseline_female,Boruta,50,tqwt_maxValue_dec_13 (TQWT),0.0047793650793650794,0.003978777782334539
baseline_female,Boruta,50,std_11th_delta (MFCC),0.0047777777777777775,0.004999831646997376
baseline_female,Boruta,50,tqwt_TKEO_std_dec_19 (TQWT),0.004462301587301587,0.0052305194895126295
baseline_female,Boruta,50,tqwt_stdValue_dec_35 (TQWT),0.004447916666666665,0.0038249455333812703
baseline_female,Boruta,50,tqwt_kurtosisValue_dec_16 (TQWT),0.004361111111111112,0.002469275344100025
baseline_female,Boruta,50,tqwt_TKEO_mean_dec_11 (TQWT),0.004295138888888889,0.0037677297354851906
baseline_female,Boruta,50,ddpJitter (Baseline),0.004098290598290598,0.003591057907594487
baseline_female,Boruta,50,tqwt_stdValue_dec_6 (TQWT),0.004050264550264549,0.003895882147502801
baseline_female,Boruta,50,tqwt_TKEO_mean_dec_6 (TQWT),0.003982905982905983,0.004129277243166236
baseline_female,Boruta,50,tqwt_minValue_dec_13 (TQWT),0.003937301587301587,0.003816833656187893
baseline_female,Boruta,50,std_10th_delta (MFCC),0.003915954415954415,0.003230873356758581
baseline_female,Boruta,50,tqwt_entropy_log_dec_19 (TQWT),0.0035952380952380945,0.004605761896448575
baseline_female,Boruta,50,maxIntensity (Intensity),0.003591880341880342,0.0030217641794254486
baseline_female,Boruta,50,tqwt_energy_dec_28 (TQWT),0.0033450854700854695,0.0029658215649920254
baseline_female,Boruta,50,tqwt_entropy_log_dec_28 (TQWT),0.003044871794871795,0.002130428399107832
baseline_female,Boruta,50,det_LT_TKEO_mean_1_coef (Wavelet),0.002982905982905983,0.006296233885630452
baseline_female,Boruta,50,tqwt_entropy_log_dec_8 (TQWT),0.00264484126984127,0.0020685669075005526
baseline_female,Boruta,50,tqwt_TKEO_mean_dec_28 (TQWT),0.002602564102564103,0.0020391604052097416
baseline_female,Boruta,50,std_5th_delta_delta (MFCC),0.002512820512820512,0.0020145160853850376
baseline_female,Boruta,50,tqwt_kurtosisValue_dec_28 (TQWT),0.002367521367521368,0.0019509421585929463
baseline_female,Boruta,50,tqwt_energy_dec_13 (TQWT),0.002149305555555555,0.0016053396359430336
baseline_female,Boruta,50,std_MFCC_8th_coef (MFCC),0.0020213675213675217,0.001886643066248107
baseline,Boruta,60,std_delta_delta_log_energy (MFCC),0.01984215167548501,0.017345434181966237
baseline,Boruta,60,tqwt_energy_dec_25 (TQWT),0.019227891156462586,0.015452670923597754
baseline,Boruta,60,tqwt_energy_dec_6 (TQWT),0.01605773420479303,0.010910560101707965
baseline,Boruta,60,std_6th_delta_delta (MFCC),0.014556437389770728,0.012527246702288742
baseline,Boruta,60,tqwt_entropy_log_dec_33 (TQWT),0.013149064906490648,0.010333825650799905
baseline,Boruta,60,std_delta_log_energy (MFCC),0.01240123456790123,0.012759146711936599
baseline,Boruta,60,std_7th_delta_delta (MFCC),0.012310185185185183,0.007854973201611687
baseline,Boruta,60,tqwt_kurtosisValue_dec_26 (TQWT),0.012027777777777778,0.009441687030526403
baseline,Boruta,60,tqwt_energy_dec_26 (TQWT),0.01159082892416226,0.009683390175292754
baseline,Boruta,60,tqwt_TKEO_std_dec_19 (TQWT),0.01131372549019608,0.009007366648403322
baseline,Boruta,60,tqwt_entropy_log_dec_27 (TQWT),0.011296296296296297,0.009950367386968128
baseline,Boruta,60,mean_MFCC_2nd_coef (MFCC),0.011140652557319218,0.011711332948321374
baseline,Boruta,60,tqwt_entropy_log_dec_26 (TQWT),0.011044225146198829,0.008675343967324615
baseline,Boruta,60,tqwt_TKEO_mean_dec_13 (TQWT),0.010683006535947712,0.011033295605335298
baseline,Boruta,60,tqwt_meanValue_dec_5 (TQWT),0.010552154195011338,0.007418630203398907
baseline,Boruta,60,tqwt_kurtosisValue_dec_23 (TQWT),0.009811546840958604,0.005061561544324051
baseline,Boruta,60,tqwt_entropy_log_dec_19 (TQWT),0.009805010893246187,0.00983594952652416
baseline,Boruta,60,tqwt_kurtosisValue_dec_18 (TQWT),0.00954950495049505,0.006710737714498649
baseline,Boruta,60,std_9th_delta_delta (MFCC),0.009405202821869489,0.007325280103689807
baseline,Boruta,60,std_7th_delta (MFCC),0.008885141093474425,0.006068277055802774
baseline,Boruta,60,tqwt_medianValue_dec_36 (TQWT),0.008698257080610021,0.004784644038972344
baseline,Boruta,60,tqwt_entropy_log_dec_12 (TQWT),0.008615961199294529,0.007668163848568959
baseline,Boruta,60,DFA (Baseline),0.00832516339869281,0.00688923730122001
baseline,Boruta,60,tqwt_TKEO_std_dec_7 (TQWT),0.008321111111111112,0.006397942455270253
baseline,Boruta,60,std_8th_delta_delta (MFCC),0.008194003527336862,0.006590798046366877
baseline,Boruta,60,std_6th_delta (MFCC),0.00807142857142857,0.007077291002523887
baseline,Boruta,60,b1 (Bandwidth),0.00784640522875817,0.005526171431600223
baseline,Boruta,60,mean_MFCC_5th_coef (MFCC),0.007799019607843137,0.006620674890976027
baseline,Boruta,60,tqwt_energy_dec_27 (TQWT),0.007605885588558856,0.007213898445050483
baseline,Boruta,60,tqwt_TKEO_std_dec_13 (TQWT),0.007546434494195683,0.007213524715174843
baseline,Boruta,60,tqwt_entropy_shannon_dec_13 (TQWT),0.007532679738562092,0.004441796220401234
baseline,Boruta,60,tqwt_entropy_log_dec_35 (TQWT),0.007417328042328045,0.007799824973261344
baseline,Boruta,60,tqwt_TKEO_std_dec_12 (TQWT),0.0073765432098765425,0.007393664096414593
baseline,Boruta,60,tqwt_kurtosisValue_dec_20 (TQWT),0.007141975308641973,0.0075867303295770044
baseline,Boruta,60,ppq5Jitter (Baseline),0.007028322440087147,0.0059540697802410725
baseline,Boruta,60,tqwt_TKEO_mean_dec_12 (TQWT),0.0070279982363315695,0.006647211306329162
baseline,Boruta,60,tqwt_kurtosisValue_dec_17 (TQWT),0.006592134213421341,0.0051293990962548806
baseline,Boruta,60,ddpJitter (Baseline),0.006508714596949892,0.004365300059423027
baseline,Boruta,60,locAbsJitter (Baseline),0.006494883040935675,0.007398889342514458
baseline,Boruta,60,std_11th_delta (MFCC),0.006367102396514161,0.005776678494496076
baseline,Boruta,60,tqwt_entropy_shannon_dec_35 (TQWT),0.006225555555555556,0.007063553424084393
baseline,Boruta,60,std_4th_delta_delta (MFCC),0.006144278606965175,0.005762095145613245
baseline,Boruta,60,tqwt_meanValue_dec_36 (TQWT),0.006141111111111113,0.004702807840591834
baseline,Boruta,60,tqwt_energy_dec_11 (TQWT),0.006084577114427861,0.006848923132967615
baseline,Boruta,60,tqwt_entropy_log_dec_28 (TQWT),0.006083333333333334,0.0060726663094177145
baseline,Boruta,60,std_9th_delta (MFCC),0.005984347442680775,0.004680758965059394
baseline,Boruta,60,det_TKEO_mean_1_coef (Wavelet),0.005754444444444444,0.006595783590541293
baseline,Boruta,60,tqwt_stdValue_dec_12 (TQWT),0.005634700176366842,0.004721084441721632
baseline,Boruta,60,apq11Shimmer (Baseline),0.005546111111111113,0.006299121619107124
baseline,Boruta,60,tqwt_stdValue_dec_11 (TQWT),0.005543209876543209,0.006595021159230538
baseline,Boruta,60,tqwt_stdValue_dec_19 (TQWT),0.005542483660130719,0.004654806726620849
baseline,Boruta,60,tqwt_energy_dec_12 (TQWT),0.005472222222222222,0.006207116308109493
baseline,Boruta,60,std_MFCC_8th_coef (MFCC),0.005433106575963719,0.003410112315755534
baseline,Boruta,60,tqwt_entropy_log_dec_34 (TQWT),0.005429259259259257,0.007246900416493049
baseline,Boruta,60,tqwt_entropy_shannon_dec_12 (TQWT),0.00542085537918871,0.0048817229166083454
baseline,Boruta,60,std_4th_delta (MFCC),0.005388336097291321,0.004294373624571974
baseline,Boruta,60,tqwt_kurtosisValue_dec_16 (TQWT),0.005222222222222222,0.003381018566897793
baseline,Boruta,60,std_11th_delta_delta (MFCC),0.005093253968253966,0.004787286639754956
baseline,Boruta,60,std_12th_delta (MFCC),0.004989651416122005,0.004283549889929104
baseline,Boruta,60,tqwt_entropy_shannon_dec_34 (TQWT),0.004981111111111112,0.0053890592852662445
baseline,Boruta,60,GQ_std_cycle_open (Vocal Fold),0.004863586358635865,0.0045606756485613645
baseline,Boruta,60,tqwt_entropy_log_dec_11 (TQWT),0.004861331569664901,0.003826814042434757
baseline,Boruta,60,std_10th_delta_delta (MFCC),0.00485758377425044,0.0043078294939357204
baseline,Boruta,60,std_MFCC_6th_coef (MFCC),0.004791111111111111,0.0030767698244784708
baseline,Boruta,60,tqwt_TKEO_mean_dec_6 (TQWT),0.004782728272827283,0.005009153376597287
baseline,Boruta,60,tqwt_kurtosisValue_dec_34 (TQWT),0.004771666666666666,0.006721236595115616
baseline,Boruta,60,mean_delta_log_energy (MFCC),0.004688453159041394,0.003297986538556602
baseline,Boruta,60,minIntensity (Intensity),0.004653465346534652,0.0036589839247789433
baseline,Boruta,60,tqwt_kurtosisValue_dec_35 (TQWT),0.004531111111111111,0.004696725405059772
baseline,Boruta,60,tqwt_entropy_shannon_dec_11 (TQWT),0.004531084656084655,0.004445900387642701
baseline,Boruta,60,tqwt_kurtosisValue_dec_36 (TQWT),0.0045255847953216384,0.004200174820377324
baseline,Boruta,60,std_8th_delta (MFCC),0.0044133597883597876,0.004716708602770506
baseline,Boruta,60,tqwt_TKEO_std_dec_6 (TQWT),0.004284444444444444,0.0035856176926898865
baseline,Boruta,60,tqwt_maxValue_dec_12 (TQWT),0.004255666113875069,0.0040938377839403765
baseline,Boruta,60,tqwt_TKEO_std_dec_11 (TQWT),0.004220238095238094,0.00542953690161937
baseline,Boruta,60,tqwt_entropy_shannon_dec_6 (TQWT),0.004202222222222223,0.003482222169874847
baseline,Boruta,60,tqwt_kurtosisValue_dec_27 (TQWT),0.004114379084967321,0.004084786287698276
baseline,Boruta,60,tqwt_minValue_dec_13 (TQWT),0.004066961000735836,0.0036887648538768934
baseline,Boruta,60,tqwt_stdValue_dec_35 (TQWT),0.003995642701525054,0.008619514691710937
baseline,Boruta,60,tqwt_entropy_shannon_dec_18 (TQWT),0.003934640522875816,0.0032836336187221106
baseline,Boruta,60,std_5th_delta (MFCC),0.003870737073707372,0.0028216995814173947
baseline,Boruta,60,tqwt_entropy_shannon_dec_17 (TQWT),0.0038638344226579516,0.003340859809211012
baseline,Boruta,60,tqwt_stdValue_dec_7 (TQWT),0.003860000000000001,0.003244916864668951
baseline,Boruta,60,tqwt_stdValue_dec_6 (TQWT),0.0037189218921892197,0.0033361083167943585
baseline,Boruta,60,Ed_1_coef (Wavelet),0.003700897867564535,0.005653190714735914
baseline,Boruta,60,tqwt_TKEO_mean_dec_11 (TQWT),0.003697899391929243,0.0030444127321895844
baseline,Boruta,60,std_Log_energy (MFCC),0.003659480375898287,0.004105772519698397
baseline,Boruta,60,tqwt_maxValue_dec_13 (TQWT),0.003640912435614422,0.00331876594914531
baseline,Boruta,60,tqwt_minValue_dec_12 (TQWT),0.0035644002211166403,0.00408776325623686
baseline,Boruta,60,tqwt_entropy_log_dec_13 (TQWT),0.0035266666666666667,0.002830665016742932
baseline,Boruta,60,meanIntensity (Intensity),0.0035199999999999993,0.00326082908435173
baseline,Boruta,60,tqwt_TKEO_mean_dec_7 (TQWT),0.0033822222222222222,0.0035513463153085028
baseline,Boruta,60,tqwt_stdValue_dec_13 (TQWT),0.003380718954248366,0.0027517880377869435
baseline,Boruta,60,tqwt_energy_dec_1 (TQWT),0.0033485838779956424,0.002678861881187804
baseline,Boruta,60,rapJitter (Baseline),0.0033344226579520696,0.0024936686444852864
baseline,Boruta,60,det_LT_TKEO_mean_1_coef (Wavelet),0.0032944444444444445,0.004371472868896692
baseline,Boruta,60,std_12th_delta_delta (MFCC),0.003253812636165578,0.0034967111775399845
baseline,Boruta,60,tqwt_maxValue_dec_11 (TQWT),0.0032485185185185195,0.00330841151664245
baseline,Boruta,60,det_LT_TKEO_std_1_coef (Wavelet),0.0032278911564625847,0.0031817761158494566
baseline,Boruta,60,std_10th_delta (MFCC),0.0031580687830687834,0.002722220640068876
baseline,Boruta,60,tqwt_entropy_log_dec_16 (TQWT),0.002964052287581699,0.002301469557891869
baseline,Boruta,60,maxIntensity (Intensity),0.0028356009070294786,0.0026240883315447965
baseline,Boruta,60,tqwt_entropy_shannon_dec_16 (TQWT),0.00283115468409586,0.0023810892183064656
baseline,Boruta,60,tqwt_energy_dec_28 (TQWT),0.002763888888888888,0.0028963084159379284
baseline,Boruta,60,std_MFCC_7th_coef (MFCC),0.0027500000000000007,0.0023544704175364867
baseline,Boruta,60,tqwt_entropy_log_dec_8 (TQWT),0.0024858387799564273,0.0027255658053360614
baseline,Boruta,60,Ed2_1_coef (Wavelet),0.0024716553287981863,0.00509164019788724
baseline,Boruta,60,tqwt_minValue_dec_11 (TQWT),0.0023605664488017433,0.0022032552933219343
baseline,Boruta,60,tqwt_TKEO_mean_dec_28 (TQWT),0.0023594771241830063,0.002527127501534643
baseline,Boruta,60,tqwt_entropy_log_dec_17 (TQWT),0.002284313725490196,0.0018233261923892745
baseline,Boruta,60,tqwt_entropy_log_dec_6 (TQWT),0.0022644444444444444,0.002238666598269006
baseline,Boruta,60,f2 (Formant Frequency),0.0021808278867102393,0.002219657963254046
baseline,Boruta,60,tqwt_kurtosisValue_dec_28 (TQWT),0.001992374727668846,0.0019549326454200502
baseline,Boruta,60,tqwt_stdValue_dec_28 (TQWT),0.0019444444444444444,0.0016831422507492674
baseline,Boruta,60,std_5th_delta_delta (MFCC),0.0019177777777777778,0.0015245623406732356
baseline,Boruta,60,tqwt_energy_dec_13 (TQWT),0.001901960784313726,0.0016649694660904194
baseline,Boruta,60,tqwt_entropy_log_dec_9 (TQWT),0.0017559912854030496,0.001740368875981457
baseline_male,Boruta,60,tqwt_entropy_log_dec_19 (TQWT),0.01657971014492754,0.01366566856397335
baseline_male,Boruta,60,tqwt_energy_dec_25 (TQWT),0.015794685990338165,0.014622374769340512
baseline_male,Boruta,60,std_delta_delta_log_energy (MFCC),0.01537350427350427,0.017275667340555488
baseline_male,Boruta,60,tqwt_TKEO_std_dec_19 (TQWT),0.01467391304347826,0.012662939169764811
baseline_male,Boruta,60,std_6th_delta_delta (MFCC),0.013738034188034185,0.010697028239158603
baseline_male,Boruta,60,tqwt_meanValue_dec_5 (TQWT),0.013490338164251207,0.008199956363364834
baseline_male,Boruta,60,tqwt_energy_dec_6 (TQWT),0.012816425120772947,0.009097427674913096
baseline_male,Boruta,60,std_delta_log_energy (MFCC),0.011635470085470086,0.012341995776495467
baseline_male,Boruta,60,std_7th_delta_delta (MFCC),0.011442735042735044,0.007650890771929496
baseline_male,Boruta,60,tqwt_kurtosisValue_dec_23 (TQWT),0.011414285714285712,0.005029459914639645
baseline_male,Boruta,60,tqwt_entropy_log_dec_33 (TQWT),0.010490929705215422,0.011145071845927454
baseline_male,Boruta,60,DFA (Baseline),0.009136973180076629,0.007330699704568262
baseline_male,Boruta,60,tqwt_TKEO_mean_dec_13 (TQWT),0.009028735632183909,0.00957025225672023
baseline_male,Boruta,60,tqwt_TKEO_std_dec_7 (TQWT),0.008898148148148148,0.007121050125845267
baseline_male,Boruta,60,tqwt_entropy_shannon_dec_13 (TQWT),0.008560317460317459,0.004481986965979169
baseline_male,Boruta,60,tqwt_stdValue_dec_19 (TQWT),0.008548309178743961,0.005694862196086444
baseline_male,Boruta,60,tqwt_kurtosisValue_dec_18 (TQWT),0.008332285115303982,0.006720523698761146
baseline_male,Boruta,60,mean_MFCC_5th_coef (MFCC),0.008225095785440614,0.006782443794464414
baseline_male,Boruta,60,tqwt_energy_dec_26 (TQWT),0.00820854700854701,0.008013223568181176
baseline_male,Boruta,60,b1 (Bandwidth),0.00807936507936508,0.005531625047070315
baseline_male,Boruta,60,std_9th_delta_delta (MFCC),0.008034188034188034,0.006419984006238579
baseline_male,Boruta,60,tqwt_medianValue_dec_36 (TQWT),0.007888888888888888,0.006028979897013971
baseline_male,Boruta,60,tqwt_kurtosisValue_dec_17 (TQWT),0.007827568134171908,0.005550161748485773
baseline_male,Boruta,60,std_8th_delta_delta (MFCC),0.007661111111111107,0.005383152643314548
baseline_male,Boruta,60,tqwt_kurtosisValue_dec_20 (TQWT),0.007632905982905981,0.008125115064928638
baseline_male,Boruta,60,std_7th_delta (MFCC),0.007342735042735043,0.006204829681839072
baseline_male,Boruta,60,mean_MFCC_2nd_coef (MFCC),0.007220085470085469,0.008960061404030585
baseline_male,Boruta,60,std_6th_delta (MFCC),0.007209829059829059,0.006456182609462681
baseline_male,Boruta,60,tqwt_kurtosisValue_dec_16 (TQWT),0.006984126984126985,0.005083518481786031
baseline_male,Boruta,60,tqwt_entropy_log_dec_35 (TQWT),0.006916666666666668,0.006242753582645273
baseline_male,Boruta,60,tqwt_energy_dec_11 (TQWT),0.006277192982456141,0.00787804182228225
baseline_male,Boruta,60,tqwt_entropy_log_dec_34 (TQWT),0.00623170731707317,0.006728577634423771
baseline_male,Boruta,60,apq11Shimmer (Baseline),0.005935185185185187,0.008716195909841505
baseline_male,Boruta,60,tqwt_kurtosisValue_dec_34 (TQWT),0.005666666666666667,0.007654698269324899
baseline_male,Boruta,60,tqwt_entropy_log_dec_27 (TQWT),0.005575213675213675,0.007913605254634354
baseline_male,Boruta,60,tqwt_entropy_log_dec_26 (TQWT),0.005537808641975308,0.006423711367562713
baseline_male,Boruta,60,tqwt_entropy_shannon_dec_18 (TQWT),0.0054533333333333335,0.003132767823225052
baseline_male,Boruta,60,det_TKEO_mean_1_coef (Wavelet),0.0054513888888888876,0.011106661618871751
baseline_male,Boruta,60,tqwt_kurtosisValue_dec_35 (TQWT),0.005321759259259259,0.0058637287614180834
baseline_male,Boruta,60,tqwt_entropy_log_dec_12 (TQWT),0.005318376068376068,0.007914937388250318
baseline_male,Boruta,60,std_4th_delta (MFCC),0.005302923976608189,0.0035668568721043494
baseline_male,Boruta,60,std_4th_delta_delta (MFCC),0.005242105263157894,0.005313955871820916
baseline_male,Boruta,60,tqwt_energy_dec_27 (TQWT),0.005234276729559749,0.006514393119791234
baseline_male,Boruta,60,std_9th_delta (MFCC),0.0052239316239316245,0.004443590705249655
baseline_male,Boruta,60,tqwt_entropy_shannon_dec_35 (TQWT),0.005083333333333334,0.005781696335813723
baseline_male,Boruta,60,tqwt_stdValue_dec_35 (TQWT),0.005066666666666668,0.009464638415802282
baseline_male,Boruta,60,tqwt_TKEO_std_dec_12 (TQWT),0.004961965811965813,0.006513935415296803
baseline_male,Boruta,60,tqwt_TKEO_std_dec_13 (TQWT),0.004900000000000001,0.005760153655456221
baseline_male,Boruta,60,tqwt_TKEO_mean_dec_6 (TQWT),0.004868173258003768,0.004830969666568614
baseline_male,Boruta,60,tqwt_entropy_shannon_dec_34 (TQWT),0.004865740740740741,0.005813523633181462
baseline_male,Boruta,60,std_11th_delta_delta (MFCC),0.004758119658119659,0.0038229767174942568
baseline_male,Boruta,60,std_MFCC_8th_coef (MFCC),0.004673913043478261,0.0025069241991013177
baseline_male,Boruta,60,tqwt_TKEO_mean_dec_12 (TQWT),0.004579059829059829,0.005238398612373653
baseline_male,Boruta,60,tqwt_entropy_log_dec_11 (TQWT),0.00453034188034188,0.0036796730676149966
baseline_male,Boruta,60,Ed_1_coef (Wavelet),0.004514184397163121,0.007974574909347984
baseline_male,Boruta,60,tqwt_stdValue_dec_11 (TQWT),0.004435897435897436,0.005844409289547775
baseline_male,Boruta,60,det_LT_TKEO_mean_1_coef (Wavelet),0.004421296296296296,0.005103542313809466
baseline_male,Boruta,60,minIntensity (Intensity),0.0043789308176100635,0.004157615807195996
baseline_male,Boruta,60,ppq5Jitter (Baseline),0.004328888888888889,0.004047111205429017
baseline_male,Boruta,60,tqwt_meanValue_dec_36 (TQWT),0.004328703703703705,0.0036373026608514875
baseline_male,Boruta,60,std_11th_delta (MFCC),0.004226666666666666,0.003494809536111188
baseline_male,Boruta,60,std_12th_delta (MFCC),0.004210648148148147,0.0037400469371543666
baseline_male,Boruta,60,std_5th_delta (MFCC),0.004131205673758865,0.0030147658119739486
baseline_male,Boruta,60,std_MFCC_6th_coef (MFCC),0.004129629629629629,0.002766078649858042
baseline_male,Boruta,60,tqwt_stdValue_dec_12 (TQWT),0.004055555555555557,0.0048670606673000575
baseline_male,Boruta,60,GQ_std_cycle_open (Vocal Fold),0.004051789077212805,0.004223586772872801
baseline_male,Boruta,60,Ed2_1_coef (Wavelet),0.004019323671497583,0.006597344003602211
baseline_male,Boruta,60,tqwt_kurtosisValue_dec_26 (TQWT),0.00400462962962963,0.004868190538171836
baseline_male,Boruta,60,tqwt_stdValue_dec_6 (TQWT),0.004,0.003729700952076345
baseline_male,Boruta,60,std_Log_energy (MFCC),0.003921637426900585,0.004520568932698252
baseline_male,Boruta,60,tqwt_TKEO_std_dec_6 (TQWT),0.0038958333333333336,0.0031142106388254145
baseline_male,Boruta,60,tqwt_stdValue_dec_13 (TQWT),0.0038898467432950195,0.0036017415828752497
baseline_male,Boruta,60,tqwt_kurtosisValue_dec_36 (TQWT),0.0038726851851851856,0.0038108196018571063
baseline_male,Boruta,60,tqwt_entropy_shannon_dec_11 (TQWT),0.003844871794871795,0.0044449015911379635
baseline_male,Boruta,60,mean_delta_log_energy (MFCC),0.003806666666666667,0.0032744850361930587
baseline_male,Boruta,60,std_8th_delta (MFCC),0.0037739316239316237,0.004201180610429416
baseline_male,Boruta,60,tqwt_entropy_shannon_dec_17 (TQWT),0.0037729468599033813,0.003021839219207806
baseline_male,Boruta,60,det_LT_TKEO_std_1_coef (Wavelet),0.0036062801932367143,0.003866646701107678
baseline_male,Boruta,60,tqwt_energy_dec_1 (TQWT),0.0035844444444444444,0.0026467972222169824
baseline_male,Boruta,60,tqwt_maxValue_dec_11 (TQWT),0.0035841269841269847,0.0038453714183126816
baseline_male,Boruta,60,tqwt_TKEO_mean_dec_7 (TQWT),0.0035486111111111113,0.0034013526605973596
baseline_male,Boruta,60,tqwt_entropy_shannon_dec_12 (TQWT),0.0035089743589743604,0.0040796821830340006
baseline_male,Boruta,60,tqwt_entropy_log_dec_8 (TQWT),0.0034685990338164264,0.003455160411029677
baseline_male,Boruta,60,tqwt_TKEO_std_dec_11 (TQWT),0.003445299145299146,0.006058436686161991
baseline_male,Boruta,60,tqwt_minValue_dec_13 (TQWT),0.003425925925925926,0.0037133578645123493
baseline_male,Boruta,60,tqwt_kurtosisValue_dec_27 (TQWT),0.003425396825396826,0.003057408418129025
baseline_male,Boruta,60,tqwt_energy_dec_12 (TQWT),0.0033790598290598293,0.004936136298647154
baseline_male,Boruta,60,meanIntensity (Intensity),0.003328544061302682,0.003244204761518028
baseline_male,Boruta,60,tqwt_TKEO_mean_dec_11 (TQWT),0.003306349206349206,0.002894291530889203
baseline_male,Boruta,60,tqwt_entropy_shannon_dec_6 (TQWT),0.0032847222222222223,0.0034599697751671794
baseline_male,Boruta,60,tqwt_entropy_log_dec_13 (TQWT),0.0032078544061302683,0.0026951862927694927
baseline_male,Boruta,60,std_MFCC_7th_coef (MFCC),0.003201388888888888,0.0026288303896461985
baseline_male,Boruta,60,tqwt_maxValue_dec_12 (TQWT),0.0031518518518518523,0.0035476674043591664
baseline_male,Boruta,60,tqwt_entropy_log_dec_28 (TQWT),0.0030856481481481477,0.0044804238837820734
baseline_male,Boruta,60,tqwt_minValue_dec_12 (TQWT),0.003082010582010582,0.0038725576756267156
baseline_male,Boruta,60,tqwt_entropy_shannon_dec_16 (TQWT),0.003042857142857142,0.002486075384631532
baseline_male,Boruta,60,std_10th_delta_delta (MFCC),0.003015384615384616,0.00291795695444512
baseline_male,Boruta,60,tqwt_stdValue_dec_7 (TQWT),0.0029814814814814817,0.002830025071577198
baseline_male,Boruta,60,tqwt_entropy_log_dec_16 (TQWT),0.002768253968253969,0.002001000716267704
baseline_male,Boruta,60,maxIntensity (Intensity),0.0027632850241545897,0.0023430131494609524
baseline_male,Boruta,60,tqwt_energy_dec_28 (TQWT),0.002739583333333334,0.0025493359397083656
baseline_male,Boruta,60,tqwt_maxValue_dec_13 (TQWT),0.002625514403292181,0.0029844097736580573
baseline_male,Boruta,60,std_10th_delta (MFCC),0.002592307692307693,0.002518772268612013
baseline_male,Boruta,60,locAbsJitter (Baseline),0.0024160052910052916,0.00374734664919377
baseline_male,Boruta,60,tqwt_kurtosisValue_dec_28 (TQWT),0.0023733333333333345,0.0027122843668182157
baseline_male,Boruta,60,std_12th_delta_delta (MFCC),0.0023000000000000004,0.0029493657852276284
baseline_male,Boruta,60,tqwt_entropy_log_dec_6 (TQWT),0.0022268518518518514,0.0015439075974451285
baseline_male,Boruta,60,tqwt_minValue_dec_11 (TQWT),0.0022028985507246373,0.0019796492322363447
baseline_male,Boruta,60,tqwt_entropy_log_dec_9 (TQWT),0.002091787439613526,0.0020206321876615175
baseline_male,Boruta,60,f2 (Formant Frequency),0.0020666666666666663,0.001783051739090457
baseline_male,Boruta,60,rapJitter (Baseline),0.001957777777777778,0.0020484179300172163
baseline_male,Boruta,60,tqwt_entropy_log_dec_17 (TQWT),0.0019541062801932373,0.002045815923405618
baseline_male,Boruta,60,std_5th_delta_delta (MFCC),0.0019513888888888894,0.0014062896664549915
baseline_male,Boruta,60,tqwt_stdValue_dec_28 (TQWT),0.0016244444444444449,0.001419007957547661
baseline_male,Boruta,60,tqwt_energy_dec_13 (TQWT),0.0016142857142857142,0.0016855206475981986
baseline_male,Boruta,60,ddpJitter (Baseline),0.0015288888888888889,0.0018511365986081918
baseline_male,Boruta,60,tqwt_TKEO_mean_dec_28 (TQWT),0.0013933333333333334,0.0019880725420447893
baseline_female,Boruta,60,std_delta_delta_log_energy (MFCC),0.025097449908925314,0.017887835195163376
baseline_female,Boruta,60,tqwt_energy_dec_25 (TQWT),0.023192307692307696,0.014936085015379217
baseline_female,Boruta,60,std_6th_delta_delta (MFCC),0.015683970856101997,0.013758108318134314
baseline_female,Boruta,60,tqwt_entropy_log_dec_33 (TQWT),0.015598290598290597,0.010557554698735873
baseline_female,Boruta,60,tqwt_energy_dec_6 (TQWT),0.01559325396825397,0.012831999387994508
baseline_female,Boruta,60,std_delta_log_energy (MFCC),0.015112477231329692,0.012339429286845114
baseline_female,Boruta,60,tqwt_kurtosisValue_dec_26 (TQWT),0.014942307692307692,0.010295084497924725
baseline_female,Boruta,60,tqwt_entropy_log_dec_27 (TQWT),0.014329690346083786,0.009721838403482418
baseline_female,Boruta,60,tqwt_energy_dec_26 (TQWT),0.01359562841530055,0.009701658868166362
baseline_female,Boruta,60,std_7th_delta_delta (MFCC),0.013353369763205827,0.008415588159945617
baseline_female,Boruta,60,mean_MFCC_2nd_coef (MFCC),0.013211293260473586,0.013441863544640217
baseline_female,Boruta,60,tqwt_entropy_log_dec_26 (TQWT),0.011474999999999997,0.009007877899327147
baseline_female,Boruta,60,std_9th_delta_delta (MFCC),0.011330145719489981,0.009602562071388659
baseline_female,Boruta,60,DFA (Baseline),0.010616161616161615,0.007803512056857348
baseline_female,Boruta,60,tqwt_medianValue_dec_36 (TQWT),0.010523504273504273,0.004952131929645114
baseline_female,Boruta,60,tqwt_entropy_log_dec_12 (TQWT),0.010264571948998179,0.007299583515286038
baseline_female,Boruta,60,tqwt_energy_dec_27 (TQWT),0.00986226851851852,0.006559617594738499
baseline_female,Boruta,60,std_6th_delta (MFCC),0.009846083788706737,0.007508158210919991
baseline_female,Boruta,60,tqwt_entropy_log_dec_35 (TQWT),0.009506830601092895,0.008936050433781775
baseline_female,Boruta,60,std_7th_delta (MFCC),0.009238160291438981,0.006046947561386416
baseline_female,Boruta,60,tqwt_TKEO_mean_dec_12 (TQWT),0.008942622950819672,0.006483209920946399
baseline_female,Boruta,60,tqwt_TKEO_mean_dec_13 (TQWT),0.008767676767676768,0.01144442554199757
baseline_female,Boruta,60,tqwt_kurtosisValue_dec_18 (TQWT),0.008662615740740742,0.006463234941567757
baseline_female,Boruta,60,tqwt_TKEO_std_dec_12 (TQWT),0.008544626593806922,0.007673531567975829
baseline_female,Boruta,60,mean_MFCC_5th_coef (MFCC),0.008390151515151515,0.006197958210730124
baseline_female,Boruta,60,tqwt_meanValue_dec_5 (TQWT),0.00832905982905983,0.006089340529159794
baseline_female,Boruta,60,tqwt_TKEO_std_dec_13 (TQWT),0.00831712962962963,0.007117816098915509
baseline_female,Boruta,60,std_8th_delta_delta (MFCC),0.007991803278688524,0.007209894661610136
baseline_female,Boruta,60,tqwt_entropy_log_dec_28 (TQWT),0.007960470085470085,0.005605620329259008
baseline_female,Boruta,60,locAbsJitter (Baseline),0.007838235294117648,0.00905459799619297
baseline_female,Boruta,60,tqwt_meanValue_dec_36 (TQWT),0.007657051282051281,0.005613451598395804
baseline_female,Boruta,60,tqwt_kurtosisValue_dec_23 (TQWT),0.007552083333333333,0.005181704978996942
baseline_female,Boruta,60,tqwt_entropy_shannon_dec_35 (TQWT),0.007412393162393162,0.0073050282332402725
baseline_female,Boruta,60,ppq5Jitter (Baseline),0.0072585470085470075,0.006611604180402048
baseline_female,Boruta,60,tqwt_stdValue_dec_11 (TQWT),0.00725,0.007679280372011656
baseline_female,Boruta,60,ddpJitter (Baseline),0.007217948717948717,0.004949259691627778
baseline_female,Boruta,60,std_9th_delta (MFCC),0.007128870673952642,0.006542939643443877
baseline_female,Boruta,60,tqwt_kurtosisValue_dec_20 (TQWT),0.007101548269581056,0.006505980906107217
baseline_female,Boruta,60,std_11th_delta (MFCC),0.006732905982905983,0.007120248332954148
baseline_female,Boruta,60,std_4th_delta_delta (MFCC),0.006695492662473794,0.0062523566354168334
baseline_female,Boruta,60,tqwt_stdValue_dec_12 (TQWT),0.006598360655737705,0.004368931099138911
baseline_female,Boruta,60,tqwt_entropy_shannon_dec_12 (TQWT),0.006586520947176684,0.004776172516319766
baseline_female,Boruta,60,tqwt_TKEO_std_dec_7 (TQWT),0.006583333333333334,0.004909994371997257
baseline_female,Boruta,60,b1 (Bandwidth),0.0064826388888888885,0.004433543905751221
baseline_female,Boruta,60,tqwt_energy_dec_12 (TQWT),0.006379781420765027,0.006664563445463378
baseline_female,Boruta,60,GQ_std_cycle_open (Vocal Fold),0.006133597883597883,0.0045013094312788505
baseline_female,Boruta,60,std_12th_delta (MFCC),0.006115226337448558,0.004878272695987513
baseline_female,Boruta,60,tqwt_entropy_shannon_dec_13 (TQWT),0.006048611111111113,0.0035943806835155826
baseline_female,Boruta,60,apq11Shimmer (Baseline),0.005860042735042735,0.006542951467416824
baseline_female,Boruta,60,std_4th_delta (MFCC),0.005774109014675052,0.004539780605802597
baseline_female,Boruta,60,std_8th_delta (MFCC),0.005758196721311475,0.0047354729773472016
baseline_female,Boruta,60,std_MFCC_6th_coef (MFCC),0.0057115384615384615,0.0036878249314538677
baseline_female,Boruta,60,tqwt_energy_dec_11 (TQWT),0.005575471698113209,0.00552162362121627
baseline_female,Boruta,60,std_10th_delta_delta (MFCC),0.005525500910746811,0.0056042047142297186
baseline_female,Boruta,60,tqwt_entropy_shannon_dec_34 (TQWT),0.005393162393162392,0.006010030958362204
baseline_female,Boruta,60,std_12th_delta_delta (MFCC),0.005306878306878307,0.004905118084360126
baseline_female,Boruta,60,tqwt_kurtosisValue_dec_17 (TQWT),0.005276620370370371,0.004706120066869922
baseline_female,Boruta,60,tqwt_entropy_log_dec_11 (TQWT),0.00522176684881603,0.0043784879313843615
baseline_female,Boruta,60,tqwt_maxValue_dec_12 (TQWT),0.005144675925925927,0.004346056837853636
baseline_female,Boruta,60,std_11th_delta_delta (MFCC),0.00496129326047359,0.005088645398441891
baseline_female,Boruta,60,tqwt_stdValue_dec_7 (TQWT),0.004938034188034188,0.0028175789365607958
baseline_female,Boruta,60,tqwt_entropy_log_dec_19 (TQWT),0.0048789682539682536,0.0038961889860191033
baseline_female,Boruta,60,tqwt_entropy_log_dec_34 (TQWT),0.004859477124183008,0.00655406737666838
baseline_female,Boruta,60,mean_delta_log_energy (MFCC),0.0048440170940170935,0.002760960022872524
baseline_female,Boruta,60,tqwt_TKEO_mean_dec_6 (TQWT),0.004838624338624339,0.004552847046162386
baseline_female,Boruta,60,tqwt_entropy_shannon_dec_11 (TQWT),0.0047340619307832425,0.004529962426936559
baseline_female,Boruta,60,tqwt_kurtosisValue_dec_36 (TQWT),0.0047104166666666674,0.0045217906020426826
baseline_female,Boruta,60,tqwt_TKEO_std_dec_11 (TQWT),0.004592896174863389,0.004983261900512503
baseline_female,Boruta,60,tqwt_kurtosisValue_dec_34 (TQWT),0.0045769230769230765,0.0056428145896325
baseline_female,Boruta,60,minIntensity (Intensity),0.004454282407407407,0.0036774117958914086
baseline_female,Boruta,60,tqwt_minValue_dec_12 (TQWT),0.004451967592592593,0.0041683397321755165
baseline_female,Boruta,60,tqwt_kurtosisValue_dec_16 (TQWT),0.004420138888888889,0.002019113626930262
baseline_female,Boruta,60,tqwt_kurtosisValue_dec_27 (TQWT),0.004263888888888888,0.004548898151122191
baseline_female,Boruta,60,tqwt_TKEO_std_dec_19 (TQWT),0.004261904761904762,0.0038792246663785063
baseline_female,Boruta,60,tqwt_maxValue_dec_13 (TQWT),0.004257142857142858,0.003958015210681948
baseline_female,Boruta,60,tqwt_minValue_dec_13 (TQWT),0.004244444444444446,0.00357702268143666
baseline_female,Boruta,60,std_MFCC_8th_coef (MFCC),0.004202991452991451,0.0032717964224034213
baseline_female,Boruta,60,tqwt_TKEO_mean_dec_11 (TQWT),0.004148148148148148,0.0034649738513582804
baseline_female,Boruta,60,std_5th_delta (MFCC),0.0041337448559670776,0.0028149041066800645
baseline_female,Boruta,60,std_10th_delta (MFCC),0.00404280510018215,0.003230866378986579
baseline_female,Boruta,60,meanIntensity (Intensity),0.003789682539682539,0.0034054974230518353
baseline_female,Boruta,60,tqwt_TKEO_std_dec_6 (TQWT),0.003681623931623932,0.002715354488487644
baseline_female,Boruta,60,tqwt_energy_dec_1 (TQWT),0.003668803418803419,0.002821466566463899
baseline_female,Boruta,60,std_Log_energy (MFCC),0.0036158280922431864,0.004098436220780849
baseline_female,Boruta,60,tqwt_stdValue_dec_6 (TQWT),0.0035992063492063494,0.003831633163340756
baseline_female,Boruta,60,tqwt_entropy_log_dec_13 (TQWT),0.0034576719576719576,0.0028944342381686428
baseline_female,Boruta,60,tqwt_kurtosisValue_dec_35 (TQWT),0.0034412393162393164,0.0034185245138854364
baseline_female,Boruta,60,tqwt_maxValue_dec_11 (TQWT),0.003438888888888889,0.0030535232665016817
baseline_female,Boruta,60,tqwt_energy_dec_28 (TQWT),0.003384615384615384,0.0035998613764934998
baseline_female,Boruta,60,tqwt_entropy_shannon_dec_6 (TQWT),0.003341880341880342,0.0026179116397352592
baseline_female,Boruta,60,rapJitter (Baseline),0.0033290598290598296,0.002443440191696938
baseline_female,Boruta,60,tqwt_entropy_shannon_dec_16 (TQWT),0.0033125,0.0026067345495505165
baseline_female,Boruta,60,tqwt_stdValue_dec_13 (TQWT),0.0032411616161616163,0.002669076073884864
baseline_female,Boruta,60,tqwt_stdValue_dec_35 (TQWT),0.0032152777777777774,0.00271497866309405
baseline_female,Boruta,60,tqwt_entropy_shannon_dec_18 (TQWT),0.0031965811965811966,0.0028641365545794425
baseline_female,Boruta,60,tqwt_TKEO_mean_dec_7 (TQWT),0.0031773504273504274,0.003461115658905608
baseline_female,Boruta,60,tqwt_entropy_log_dec_16 (TQWT),0.003166666666666667,0.0025732760071518665
baseline_female,Boruta,60,tqwt_TKEO_mean_dec_28 (TQWT),0.0031581196581196578,0.002861761815679405
baseline_female,Boruta,60,tqwt_stdValue_dec_19 (TQWT),0.003015873015873016,0.0028561705491624576
baseline_female,Boruta,60,tqwt_entropy_log_dec_17 (TQWT),0.002712301587301587,0.002339113779492375
baseline_female,Boruta,60,det_LT_TKEO_std_1_coef (Wavelet),0.002681623931623931,0.0025454293555725736
baseline_female,Boruta,60,f2 (Formant Frequency),0.0026736111111111114,0.0026812452413252385
baseline_female,Boruta,60,tqwt_energy_dec_13 (TQWT),0.0026354166666666665,0.0015270052312809338
baseline_female,Boruta,60,tqwt_entropy_log_dec_6 (TQWT),0.002570512820512821,0.0029150452179149164
baseline_female,Boruta,60,tqwt_entropy_shannon_dec_17 (TQWT),0.0025436507936507933,0.0026040745346104423
baseline_female,Boruta,60,tqwt_entropy_log_dec_8 (TQWT),0.0024186507936507944,0.002197950555629646
baseline_female,Boruta,60,maxIntensity (Intensity),0.002378205128205129,0.002660663301533888
baseline_female,Boruta,60,Ed2_1_coef (Wavelet),0.0022841880341880347,0.0022795453102157936
baseline_female,Boruta,60,Ed_1_coef (Wavelet),0.0022788461538461534,0.0021386663399916
baseline_female,Boruta,60,std_MFCC_7th_coef (MFCC),0.0022777777777777783,0.002617742033236535
baseline_female,Boruta,60,tqwt_kurtosisValue_dec_28 (TQWT),0.002066239316239316,0.0023718739955542016
baseline_female,Boruta,60,tqwt_stdValue_dec_28 (TQWT),0.0019978632478632476,0.0018117568566071189
baseline_female,Boruta,60,tqwt_minValue_dec_11 (TQWT),0.0019940476190476192,0.0023022087102381205
baseline_female,Boruta,60,std_5th_delta_delta (MFCC),0.0019273504273504272,0.001497373781701898
baseline_female,Boruta,60,tqwt_entropy_log_dec_9 (TQWT),0.0017559523809523808,0.0014961902598116235
baseline_female,Boruta,60,det_TKEO_mean_1_coef (Wavelet),0.0014059829059829057,0.0012861201942684648
baseline_female,Boruta,60,det_LT_TKEO_mean_1_coef (Wavelet),0.0013846153846153847,0.002253313688198467
baseline,Boruta,70,std_delta_delta_log_energy (MFCC),0.020510582010582017,0.018038070842517552
baseline,Boruta,70,tqwt_kurtosisValue_dec_26 (TQWT),0.01429611111111111,0.012047626428127475
baseline,Boruta,70,std_6th_delta_delta (MFCC),0.013710758377425044,0.010972162062320295
baseline,Boruta,70,tqwt_energy_dec_25 (TQWT),0.011826666666666666,0.011433526232564455
baseline,Boruta,70,std_delta_log_energy (MFCC),0.011600529100529096,0.01066907559784904
baseline,Boruta,70,tqwt_medianValue_dec_36 (TQWT),0.011054466230936819,0.0055069344265457395
baseline,Boruta,70,tqwt_entropy_log_dec_27 (TQWT),0.01050374779541446,0.009902669491149938
baseline,Boruta,70,tqwt_energy_dec_26 (TQWT),0.010075837742504408,0.007862592649231611
baseline,Boruta,70,tqwt_kurtosisValue_dec_18 (TQWT),0.009933443344334433,0.007517293682154749
baseline,Boruta,70,tqwt_energy_dec_6 (TQWT),0.009809130913091307,0.00794200146593196
baseline,Boruta,70,tqwt_kurtosisValue_dec_33 (TQWT),0.00957843137254902,0.0047515794089907585
baseline,Boruta,70,tqwt_meanValue_dec_5 (TQWT),0.009534013605442175,0.008783718220352201
baseline,Boruta,70,std_7th_delta_delta (MFCC),0.009336419753086418,0.005664977480803527
baseline,Boruta,70,tqwt_entropy_log_dec_33 (TQWT),0.00901575456053068,0.008964882709661266
baseline,Boruta,70,tqwt_TKEO_std_dec_7 (TQWT),0.009003333333333334,0.007406299342303156
baseline,Boruta,70,std_6th_delta (MFCC),0.008839506172839502,0.007284724921394675
baseline,Boruta,70,mean_MFCC_2nd_coef (MFCC),0.008814153439153434,0.010317478736570742
baseline,Boruta,70,std_11th_delta (MFCC),0.0084760348583878,0.005665099702745906
baseline,Boruta,70,std_9th_delta_delta (MFCC),0.008216269841269839,0.006919105891109577
baseline,Boruta,70,tqwt_entropy_log_dec_12 (TQWT),0.00817901234567901,0.007852690497185415
baseline,Boruta,70,tqwt_energy_dec_27 (TQWT),0.007879537953795377,0.006947201594697203
baseline,Boruta,70,tqwt_entropy_log_dec_26 (TQWT),0.0078431855500821,0.005923164333985104
baseline,Boruta,70,std_MFCC_6th_coef (MFCC),0.007602222222222223,0.004044024447384868
baseline,Boruta,70,std_7th_delta (MFCC),0.007576278659611992,0.005428089146697725
baseline,Boruta,70,locAbsJitter (Baseline),0.007413211719181868,0.007936848411180291
baseline,Boruta,70,b1 (Bandwidth),0.007343137254901962,0.004550690588220799
baseline,Boruta,70,tqwt_entropy_shannon_dec_12 (TQWT),0.0071563051146384445,0.006387551353218596
baseline,Boruta,70,tqwt_TKEO_mean_dec_12 (TQWT),0.007096119929453262,0.006647413009238947
baseline,Boruta,70,tqwt_kurtosisValue_dec_23 (TQWT),0.007015250544662311,0.004436827515847516
baseline,Boruta,70,std_11th_delta_delta (MFCC),0.0070116843033509665,0.007053102700505839
baseline,Boruta,70,tqwt_meanValue_dec_36 (TQWT),0.006845,0.004913630943097447
baseline,Boruta,70,tqwt_kurtosisValue_dec_36 (TQWT),0.006770833333333331,0.005556991191184408
baseline,Boruta,70,tqwt_TKEO_std_dec_12 (TQWT),0.006764329805996471,0.007643003628523543
baseline,Boruta,70,tqwt_entropy_log_dec_35 (TQWT),0.006649470899470897,0.007052546266706655
baseline,Boruta,70,DFA (Baseline),0.0066129266521423365,0.005368596344893565
baseline,Boruta,70,tqwt_stdValue_dec_19 (TQWT),0.00656644880174292,0.0058936214116649425
baseline,Boruta,70,tqwt_TKEO_std_dec_6 (TQWT),0.006543333333333332,0.0042128947857458235
baseline,Boruta,70,tqwt_stdValue_dec_12 (TQWT),0.006372134038800703,0.006419304456117663
baseline,Boruta,70,tqwt_entropy_log_dec_19 (TQWT),0.006336601307189542,0.005617188227002134
baseline,Boruta,70,tqwt_kurtosisValue_dec_20 (TQWT),0.0063070987654320985,0.006160928266517141
baseline,Boruta,70,tqwt_TKEO_std_dec_19 (TQWT),0.006129629629629629,0.0050826582174002
baseline,Boruta,70,std_4th_delta_delta (MFCC),0.006107794361525706,0.005884508011105308
baseline,Boruta,70,ddpJitter (Baseline),0.005938997821350763,0.0035415635503041835
baseline,Boruta,70,std_8th_delta_delta (MFCC),0.005846119929453265,0.004773707539658502
baseline,Boruta,70,GNE_NSR_SEO (Vocal Fold),0.005806100217864925,0.005020333563841101
baseline,Boruta,70,locPctJitter (Baseline),0.005705555555555556,0.004716856129835522
baseline,Boruta,70,std_9th_delta (MFCC),0.005700176366843033,0.0047955915460381575
baseline,Boruta,70,tqwt_stdValue_dec_35 (TQWT),0.0054520697167755984,0.007532645161535921
baseline,Boruta,70,tqwt_entropy_log_dec_34 (TQWT),0.005314074074074073,0.005525413106454163
baseline,Boruta,70,tqwt_TKEO_mean_dec_26 (TQWT),0.0053061002178649225,0.004083130030578924
baseline,Boruta,70,tqwt_entropy_log_dec_28 (TQWT),0.005257222222222223,0.004903665393063635
baseline,Boruta,70,mean_MFCC_5th_coef (MFCC),0.005255446623093683,0.005660267788649056
baseline,Boruta,70,tqwt_entropy_log_dec_13 (TQWT),0.005216417910447759,0.0037965777746349163
baseline,Boruta,70,std_4th_delta (MFCC),0.00515975677169707,0.004186199859683684
baseline,Boruta,70,std_10th_delta_delta (MFCC),0.005111331569664901,0.005105241450003829
baseline,Boruta,70,apq11Shimmer (Baseline),0.005108888888888889,0.0056936229451922185
baseline,Boruta,70,tqwt_energy_dec_11 (TQWT),0.005015754560530679,0.005501818602403497
baseline,Boruta,70,tqwt_stdValue_dec_11 (TQWT),0.004877645502645502,0.0053074411489727365
baseline,Boruta,70,det_LT_TKEO_std_4_coef (Wavelet),0.0048639455782312924,0.0029746532233436694
baseline,Boruta,70,tqwt_TKEO_std_dec_13 (TQWT),0.004794637921503591,0.004417465795431252
baseline,Boruta,70,tqwt_TKEO_mean_dec_13 (TQWT),0.004733995584988962,0.0049452327045790955
baseline,Boruta,70,std_5th_delta_delta (MFCC),0.004683168316831684,0.00441574535043692
baseline,Boruta,70,tqwt_entropy_shannon_dec_19 (TQWT),0.00466884531590414,0.004058372821600124
baseline,Boruta,70,tqwt_entropy_log_dec_11 (TQWT),0.00466137566137566,0.00435453819288121
baseline,Boruta,70,mean_delta_log_energy (MFCC),0.0046514161220043565,0.0032629834833169456
baseline,Boruta,70,tqwt_kurtosisValue_dec_17 (TQWT),0.004646314631463146,0.004202577828959874
baseline,Boruta,70,tqwt_skewnessValue_dec_23 (TQWT),0.004589324618736384,0.002696382278486569
baseline,Boruta,70,tqwt_TKEO_mean_dec_5 (TQWT),0.0045729847494553385,0.0037830333593767973
baseline,Boruta,70,tqwt_energy_dec_12 (TQWT),0.004535052910052908,0.0053330696662329145
baseline,Boruta,70,det_LT_TKEO_mean_1_coef (Wavelet),0.004454444444444445,0.006270437031162168
baseline,Boruta,70,std_8th_delta (MFCC),0.00442879188712522,0.004856328031836947
baseline,Boruta,70,det_TKEO_mean_1_coef (Wavelet),0.004374444444444445,0.006080124239118153
baseline,Boruta,70,minIntensity (Intensity),0.004358910891089107,0.003527907417923347
baseline,Boruta,70,GQ_std_cycle_open (Vocal Fold),0.004240924092409242,0.0035577705104304536
baseline,Boruta,70,ppq5Jitter (Baseline),0.004176470588235295,0.003549732059637521
baseline,Boruta,70,tqwt_kurtosisValue_dec_16 (TQWT),0.004169977924944813,0.0037521611372783
baseline,Boruta,70,tqwt_maxValue_dec_11 (TQWT),0.004103703703703705,0.005703870283843095
baseline,Boruta,70,tqwt_entropy_shannon_dec_34 (TQWT),0.00404,0.0053220546289499135
baseline,Boruta,70,tqwt_kurtosisValue_dec_27 (TQWT),0.004012061403508772,0.004554396578635716
baseline,Boruta,70,tqwt_maxValue_dec_13 (TQWT),0.004006080707573244,0.0033224434334570107
baseline,Boruta,70,tqwt_TKEO_std_dec_11 (TQWT),0.003975749559082893,0.004484483898044978
baseline,Boruta,70,std_Log_energy (MFCC),0.0039693562610229275,0.00452111163830074
baseline,Boruta,70,std_MFCC_4th_coef (MFCC),0.003906666666666667,0.0026315132610821683
baseline,Boruta,70,tqwt_energy_dec_1 (TQWT),0.0038823529411764705,0.0031698323484536306
baseline,Boruta,70,tqwt_TKEO_mean_dec_6 (TQWT),0.0038679867986798687,0.0036708021655295583
baseline,Boruta,70,det_TKEO_std_1_coef (Wavelet),0.0038211111111111124,0.004945191650216413
baseline,Boruta,70,tqwt_kurtosisValue_dec_35 (TQWT),0.0037511111111111117,0.004429712298411588
baseline,Boruta,70,tqwt_entropy_shannon_dec_11 (TQWT),0.0037281746031746035,0.004095260257323442
baseline,Boruta,70,tqwt_stdValue_dec_27 (TQWT),0.003726757369614512,0.0028889218927695714
baseline,Boruta,70,tqwt_maxValue_dec_12 (TQWT),0.0036104497354497345,0.0034757807477313854
baseline,Boruta,70,tqwt_minValue_dec_12 (TQWT),0.003553344389165285,0.004901235837541819
baseline,Boruta,70,meanIntensity (Intensity),0.0035494444444444436,0.0031482418377793125
baseline,Boruta,70,tqwt_meanValue_dec_11 (TQWT),0.0035403050108932473,0.0037835258734428227
baseline,Boruta,70,tqwt_entropy_log_dec_16 (TQWT),0.003459694989106753,0.002979531028964957
baseline,Boruta,70,tqwt_kurtosisValue_dec_34 (TQWT),0.003354999999999999,0.004391280611692677
baseline,Boruta,70,std_12th_delta_delta (MFCC),0.003298111837327523,0.0032619029696019904
baseline,Boruta,70,std_12th_delta (MFCC),0.0032913943355119837,0.003438446828476376
baseline,Boruta,70,tqwt_entropy_log_dec_17 (TQWT),0.0032042483660130725,0.0027541232737414885
baseline,Boruta,70,maxIntensity (Intensity),0.003174603174603174,0.0026889291416789065
baseline,Boruta,70,tqwt_entropy_shannon_dec_35 (TQWT),0.003170594837261504,0.003290873079967798
baseline,Boruta,70,tqwt_entropy_shannon_dec_13 (TQWT),0.003162222222222222,0.0030715756518457705
baseline,Boruta,70,tqwt_energy_dec_7 (TQWT),0.0031477777777777767,0.0031848083108927438
baseline,Boruta,70,tqwt_stdValue_dec_13 (TQWT),0.0031320824135393677,0.0027595424686459942
baseline,Boruta,70,std_MFCC_7th_coef (MFCC),0.0030788888888888897,0.002534820641546918
baseline,Boruta,70,tqwt_minValue_dec_13 (TQWT),0.003065857247976454,0.002362521158927704
baseline,Boruta,70,tqwt_TKEO_mean_dec_36 (TQWT),0.0030633333333333337,0.0030133106401711274
baseline,Boruta,70,rapJitter (Baseline),0.0030359477124183003,0.002325719185164489
baseline,Boruta,70,tqwt_stdValue_dec_28 (TQWT),0.0029607843137254906,0.0028913541153879853
baseline,Boruta,70,tqwt_entropy_log_dec_18 (TQWT),0.002869281045751634,0.002964577742315164
baseline,Boruta,70,tqwt_minValue_dec_11 (TQWT),0.002824618736383442,0.0025570101190940885
baseline,Boruta,70,tqwt_entropy_log_dec_8 (TQWT),0.0027701525054466226,0.003600936288654888
baseline,Boruta,70,tqwt_energy_dec_28 (TQWT),0.0027488888888888893,0.0030051823606374105
baseline,Boruta,70,tqwt_entropy_log_dec_6 (TQWT),0.00273982398239824,0.00227449912133366
baseline,Boruta,70,tqwt_TKEO_mean_dec_11 (TQWT),0.002699281370923162,0.0026271022342842054
baseline,Boruta,70,std_10th_delta (MFCC),0.0026148589065255736,0.0026145145257259186
baseline,Boruta,70,tqwt_entropy_log_dec_9 (TQWT),0.0026023965141612204,0.004352316894205902
baseline,Boruta,70,tqwt_TKEO_mean_dec_16 (TQWT),0.0024477124183006527,0.0021213608836367303
baseline,Boruta,70,locDbShimmer (Baseline),0.002405228758169934,0.002050510268996742
baseline,Boruta,70,tqwt_stdValue_dec_6 (TQWT),0.002350385038503851,0.0021759824433372917
baseline,Boruta,70,tqwt_entropy_shannon_dec_16 (TQWT),0.002337690631808279,0.0020850823984533613
baseline,Boruta,70,tqwt_kurtosisValue_dec_28 (TQWT),0.0022026143790849673,0.002344112100798012
baseline,Boruta,70,tqwt_TKEO_mean_dec_28 (TQWT),0.0021721132897603488,0.0018796402912546575
baseline,Boruta,70,tqwt_energy_dec_13 (TQWT),0.002142701525054466,0.0019663115108856043
baseline,Boruta,70,tqwt_stdValue_dec_17 (TQWT),0.002135076252723312,0.002574599812341458
baseline,Boruta,70,Ed_1_coef (Wavelet),0.0021346801346801354,0.004015314861284659
baseline,Boruta,70,tqwt_entropy_shannon_dec_18 (TQWT),0.0021198257080610027,0.0013856851594916256
baseline,Boruta,70,std_MFCC_8th_coef (MFCC),0.002060090702947846,0.0022291606881865204
baseline,Boruta,70,tqwt_stdValue_dec_16 (TQWT),0.0019869281045751634,0.001636406146835003
baseline,Boruta,70,Ed2_1_coef (Wavelet),0.0019852607709750568,0.002851201058711019
baseline,Boruta,70,tqwt_stdValue_dec_7 (TQWT),0.0019400000000000003,0.001673618610761677
baseline,Boruta,70,f2 (Formant Frequency),0.0019204793028322438,0.002610152591781395
baseline,Boruta,70,tqwt_energy_dec_17 (TQWT),0.0019161220043572985,0.0021036834327001317
baseline,Boruta,70,tqwt_entropy_shannon_dec_6 (TQWT),0.0018074807480748078,0.0017952524457320808
baseline,Boruta,70,std_5th_delta (MFCC),0.0018047304730473039,0.001608278456657696
baseline,Boruta,70,det_LT_TKEO_std_1_coef (Wavelet),0.0016417233560090704,0.002028465028901567
baseline,Boruta,70,tqwt_TKEO_mean_dec_7 (TQWT),0.001637777777777778,0.0015212571171584028
baseline,Boruta,70,tqwt_energy_dec_15 (TQWT),0.0013594771241830065,0.0014981857506716754
baseline,Boruta,70,tqwt_entropy_shannon_dec_17 (TQWT),0.0012505446623093683,0.0014818744283083903
baseline_male,Boruta,70,std_delta_delta_log_energy (MFCC),0.016475213675213672,0.016113053387152437
baseline_male,Boruta,70,std_6th_delta_delta (MFCC),0.012880769230769222,0.008717664402979797
baseline_male,Boruta,70,tqwt_meanValue_dec_5 (TQWT),0.01266183574879227,0.010679601953615007
baseline_male,Boruta,70,tqwt_entropy_log_dec_19 (TQWT),0.011625603864734302,0.00790922797048708
baseline_male,Boruta,70,tqwt_stdValue_dec_19 (TQWT),0.01158454106280193,0.008697654968513753
baseline_male,Boruta,70,tqwt_energy_dec_25 (TQWT),0.011111111111111112,0.009331360466780467
baseline_male,Boruta,70,tqwt_TKEO_std_dec_7 (TQWT),0.010046296296296296,0.00618236311068929
baseline_male,Boruta,70,std_delta_log_energy (MFCC),0.010028205128205125,0.009792866317034838
baseline_male,Boruta,70,tqwt_kurtosisValue_dec_18 (TQWT),0.00985377358490566,0.007999530179099533
baseline_male,Boruta,70,tqwt_medianValue_dec_36 (TQWT),0.008857777777777777,0.004522523988131321
baseline_male,Boruta,70,tqwt_kurtosisValue_dec_33 (TQWT),0.008559999999999998,0.007478228660846356
baseline_male,Boruta,70,tqwt_energy_dec_6 (TQWT),0.008516548463356973,0.006495062378714196
baseline_male,Boruta,70,tqwt_TKEO_std_dec_19 (TQWT),0.008246376811594201,0.008388572247956916
baseline_male,Boruta,70,std_6th_delta (MFCC),0.007628205128205129,0.006404859437910925
baseline_male,Boruta,70,tqwt_kurtosisValue_dec_23 (TQWT),0.007507936507936507,0.0040880650862940215
baseline_male,Boruta,70,std_7th_delta_delta (MFCC),0.007416666666666668,0.005197248272208148
baseline_male,Boruta,70,tqwt_entropy_log_dec_33 (TQWT),0.007195742471443407,0.007580735764651858
baseline_male,Boruta,70,std_9th_delta_delta (MFCC),0.006967948717948718,0.0059119055087177436
baseline_male,Boruta,70,tqwt_entropy_shannon_dec_19 (TQWT),0.006905797101449274,0.006535816246191321
baseline_male,Boruta,70,b1 (Bandwidth),0.006741269841269839,0.004967844301553443
baseline_male,Boruta,70,GNE_NSR_SEO (Vocal Fold),0.0067088888888888875,0.005824258922128376
baseline_male,Boruta,70,std_11th_delta_delta (MFCC),0.006704700854700854,0.0055738190287227775
baseline_male,Boruta,70,tqwt_kurtosisValue_dec_20 (TQWT),0.006397863247863248,0.006376541241057168
baseline_male,Boruta,70,mean_MFCC_5th_coef (MFCC),0.006359195402298851,0.0058089472428988
baseline_male,Boruta,70,std_7th_delta (MFCC),0.006273931623931625,0.004692922976370989
baseline_male,Boruta,70,det_LT_TKEO_mean_1_coef (Wavelet),0.006238425925925927,0.007654707266792678
baseline_male,Boruta,70,tqwt_entropy_log_dec_35 (TQWT),0.006229487179487178,0.005726345307844098
baseline_male,Boruta,70,DFA (Baseline),0.006174029451137886,0.004900174111549699
baseline_male,Boruta,70,tqwt_entropy_log_dec_26 (TQWT),0.006133956386292835,0.00637911519896788
baseline_male,Boruta,70,std_11th_delta (MFCC),0.006095555555555555,0.004335080497859633
baseline_male,Boruta,70,std_4th_delta_delta (MFCC),0.005798830409356724,0.005443844655813637
baseline_male,Boruta,70,std_MFCC_6th_coef (MFCC),0.00574537037037037,0.0037073049132825167
baseline_male,Boruta,70,tqwt_TKEO_std_dec_6 (TQWT),0.005673611111111111,0.003637252645543301
baseline_male,Boruta,70,tqwt_energy_dec_26 (TQWT),0.00564059829059829,0.005742781436724587
baseline_male,Boruta,70,mean_MFCC_2nd_coef (MFCC),0.005617521367521367,0.008472863961953219
baseline_male,Boruta,70,tqwt_TKEO_std_dec_12 (TQWT),0.00561111111111111,0.007844044831724158
baseline_male,Boruta,70,tqwt_stdValue_dec_35 (TQWT),0.005596825396825396,0.008514623574258265
baseline_male,Boruta,70,tqwt_kurtosisValue_dec_26 (TQWT),0.005453703703703704,0.007454692061990247
baseline_male,Boruta,70,tqwt_kurtosisValue_dec_17 (TQWT),0.005423480083857442,0.004726584773775035
baseline_male,Boruta,70,locPctJitter (Baseline),0.005319444444444445,0.00379753251861971
baseline_male,Boruta,70,tqwt_entropy_log_dec_12 (TQWT),0.005264529914529915,0.007105071668100393
baseline_male,Boruta,70,std_4th_delta (MFCC),0.005257894736842105,0.003928829513043073
baseline_male,Boruta,70,tqwt_skewnessValue_dec_23 (TQWT),0.0052560386473429945,0.002958396120590945
baseline_male,Boruta,70,det_LT_TKEO_std_4_coef (Wavelet),0.0052415458937198085,0.0029055862682076366
baseline_male,Boruta,70,tqwt_entropy_log_dec_34 (TQWT),0.005202574525745258,0.005353719343137147
baseline_male,Boruta,70,tqwt_kurtosisValue_dec_36 (TQWT),0.005188271604938271,0.004891383162952773
baseline_male,Boruta,70,tqwt_meanValue_dec_36 (TQWT),0.004983796296296295,0.004094708215587777
baseline_male,Boruta,70,tqwt_energy_dec_11 (TQWT),0.004960818713450293,0.005855484845017329
baseline_male,Boruta,70,det_TKEO_mean_1_coef (Wavelet),0.004953703703703704,0.00929116152534234
baseline_male,Boruta,70,std_8th_delta_delta (MFCC),0.004927350427350428,0.0037063165224792563
baseline_male,Boruta,70,tqwt_entropy_log_dec_9 (TQWT),0.004823671497584541,0.005713823684111504
baseline_male,Boruta,70,tqwt_entropy_log_dec_27 (TQWT),0.0048004273504273515,0.006702984822417226
baseline_male,Boruta,70,tqwt_kurtosisValue_dec_16 (TQWT),0.004722222222222222,0.004404584805570012
baseline_male,Boruta,70,tqwt_stdValue_dec_12 (TQWT),0.004703846153846155,0.0066093810853230656
baseline_male,Boruta,70,tqwt_energy_dec_27 (TQWT),0.004696540880503145,0.00650246510873083
baseline_male,Boruta,70,tqwt_entropy_log_dec_11 (TQWT),0.004631623931623931,0.004809471569630988
baseline_male,Boruta,70,std_5th_delta_delta (MFCC),0.004624716553287982,0.003806429489119344
baseline_male,Boruta,70,apq11Shimmer (Baseline),0.004560185185185185,0.006319873838948366
baseline_male,Boruta,70,tqwt_entropy_log_dec_13 (TQWT),0.004386243386243386,0.0034795715367393217
baseline_male,Boruta,70,std_9th_delta (MFCC),0.004258547008547008,0.003907752297374539
baseline_male,Boruta,70,tqwt_entropy_shannon_dec_12 (TQWT),0.004173931623931625,0.005485044055957825
baseline_male,Boruta,70,mean_delta_log_energy (MFCC),0.004166666666666665,0.003050746967065125
baseline_male,Boruta,70,GQ_std_cycle_open (Vocal Fold),0.004131826741996233,0.004293509929564115
baseline_male,Boruta,70,std_Log_energy (MFCC),0.004084188034188035,0.005075645216170959
baseline_male,Boruta,70,tqwt_TKEO_mean_dec_26 (TQWT),0.00405079365079365,0.003672425824534981
baseline_male,Boruta,70,tqwt_stdValue_dec_13 (TQWT),0.004029492455418382,0.0041559834246761036
baseline_male,Boruta,70,std_10th_delta_delta (MFCC),0.00395897435897436,0.004108204855114796
baseline_male,Boruta,70,tqwt_entropy_log_dec_18 (TQWT),0.00394927536231884,0.0037408171169508258
baseline_male,Boruta,70,tqwt_TKEO_std_dec_13 (TQWT),0.0039370370370370375,0.004013446573826459
baseline_male,Boruta,70,det_TKEO_std_1_coef (Wavelet),0.0039259259259259265,0.008014213160948176
baseline_male,Boruta,70,tqwt_entropy_log_dec_8 (TQWT),0.0038864734299516907,0.00432526518451283
baseline_male,Boruta,70,tqwt_entropy_log_dec_16 (TQWT),0.0038429118773946366,0.003172705561380673
baseline_male,Boruta,70,tqwt_stdValue_dec_11 (TQWT),0.0037970085470085484,0.005209674458756719
baseline_male,Boruta,70,tqwt_maxValue_dec_11 (TQWT),0.003792857142857143,0.005779905867763469
baseline_male,Boruta,70,tqwt_TKEO_mean_dec_12 (TQWT),0.003787606837606839,0.005403100099724449
baseline_male,Boruta,70,tqwt_TKEO_mean_dec_5 (TQWT),0.003659420289855071,0.003157291951887177
baseline_male,Boruta,70,tqwt_entropy_log_dec_17 (TQWT),0.003643518518518519,0.003497674391705554
baseline_male,Boruta,70,tqwt_maxValue_dec_13 (TQWT),0.0036365079365079365,0.0033848289514588343
baseline_male,Boruta,70,tqwt_meanValue_dec_11 (TQWT),0.0036066666666666677,0.0034297584817656254
baseline_male,Boruta,70,std_8th_delta (MFCC),0.003605982905982906,0.00453347932999239
baseline_male,Boruta,70,tqwt_entropy_shannon_dec_34 (TQWT),0.0035833333333333333,0.005042697194178455
baseline_male,Boruta,70,std_MFCC_4th_coef (MFCC),0.003560185185185185,0.002217145021553752
baseline_male,Boruta,70,tqwt_TKEO_mean_dec_13 (TQWT),0.0034780521262002743,0.0045039747012279065
baseline_male,Boruta,70,tqwt_entropy_shannon_dec_35 (TQWT),0.003443262411347518,0.002934052251406196
baseline_male,Boruta,70,tqwt_TKEO_std_dec_11 (TQWT),0.003358119658119658,0.004631919963137738
baseline_male,Boruta,70,minIntensity (Intensity),0.0033149895178197068,0.003201290428871523
baseline_male,Boruta,70,tqwt_TKEO_mean_dec_6 (TQWT),0.003295668549905838,0.0038959996409968964
baseline_male,Boruta,70,tqwt_entropy_shannon_dec_13 (TQWT),0.0032116858237547885,0.003020756300199151
baseline_male,Boruta,70,tqwt_TKEO_mean_dec_36 (TQWT),0.003210648148148148,0.0030003903052774283
baseline_male,Boruta,70,tqwt_kurtosisValue_dec_35 (TQWT),0.0031759259259259262,0.005074647812283832
baseline_male,Boruta,70,tqwt_kurtosisValue_dec_27 (TQWT),0.0031322751322751326,0.004680368684485966
baseline_male,Boruta,70,tqwt_entropy_shannon_dec_11 (TQWT),0.0031106837606837616,0.004346636010077884
baseline_male,Boruta,70,tqwt_minValue_dec_12 (TQWT),0.0031031746031746025,0.004035277532704392
baseline_male,Boruta,70,std_MFCC_7th_coef (MFCC),0.0030717592592592598,0.002395520465611808
baseline_male,Boruta,70,tqwt_stdValue_dec_17 (TQWT),0.0030314009661835746,0.0030714896220932443
baseline_male,Boruta,70,tqwt_minValue_dec_11 (TQWT),0.0030169082125603873,0.0032262385430832604
baseline_male,Boruta,70,tqwt_energy_dec_7 (TQWT),0.003016203703703704,0.002791553283693173
baseline_male,Boruta,70,tqwt_entropy_log_dec_28 (TQWT),0.002987268518518519,0.0035948724524174167
baseline_male,Boruta,70,std_12th_delta_delta (MFCC),0.0029464524765729578,0.002893964976856311
baseline_male,Boruta,70,tqwt_stdValue_dec_27 (TQWT),0.002891304347826087,0.002067651980282413
baseline_male,Boruta,70,tqwt_kurtosisValue_dec_34 (TQWT),0.0028807870370370376,0.004570252076006936
baseline_male,Boruta,70,tqwt_energy_dec_12 (TQWT),0.002873076923076924,0.004277095550650544
baseline_male,Boruta,70,Ed_1_coef (Wavelet),0.0028628841607565014,0.0064068193978606015
baseline_male,Boruta,70,tqwt_energy_dec_1 (TQWT),0.002831111111111111,0.0038083294727968807
baseline_male,Boruta,70,std_12th_delta (MFCC),0.00274074074074074,0.0036172650927563236
baseline_male,Boruta,70,tqwt_energy_dec_28 (TQWT),0.002733796296296296,0.0029498738627138743
baseline_male,Boruta,70,tqwt_stdValue_dec_6 (TQWT),0.002724105461393597,0.002306391310620032
baseline_male,Boruta,70,ppq5Jitter (Baseline),0.00272,0.002762653118336114
baseline_male,Boruta,70,tqwt_entropy_log_dec_6 (TQWT),0.0026939736346516005,0.0023920589039164507
baseline_male,Boruta,70,tqwt_maxValue_dec_12 (TQWT),0.0026841880341880345,0.00289441801602651
baseline_male,Boruta,70,tqwt_energy_dec_13 (TQWT),0.002622222222222222,0.0022095444993452595
baseline_male,Boruta,70,meanIntensity (Intensity),0.0025814176245210732,0.0026386253564908042
baseline_male,Boruta,70,tqwt_minValue_dec_13 (TQWT),0.0025740740740740732,0.002259862579827842
baseline_male,Boruta,70,tqwt_TKEO_mean_dec_11 (TQWT),0.0025428571428571436,0.002413583790796507
baseline_male,Boruta,70,locAbsJitter (Baseline),0.0025306334371754937,0.004181163902153337
baseline_male,Boruta,70,maxIntensity (Intensity),0.0024492753623188393,0.0017942137271102132
baseline_male,Boruta,70,tqwt_kurtosisValue_dec_28 (TQWT),0.002448888888888889,0.002801486806738224
baseline_male,Boruta,70,tqwt_stdValue_dec_28 (TQWT),0.0024066666666666668,0.0024113781836835016
baseline_male,Boruta,70,locDbShimmer (Baseline),0.0024044444444444447,0.0021909884596753196
baseline_male,Boruta,70,Ed2_1_coef (Wavelet),0.0023043478260869575,0.0035728822194919943
baseline_male,Boruta,70,std_MFCC_8th_coef (MFCC),0.002282608695652173,0.001959413416756763
baseline_male,Boruta,70,tqwt_stdValue_dec_7 (TQWT),0.002249999999999999,0.0014025463094795626
baseline_male,Boruta,70,tqwt_energy_dec_17 (TQWT),0.0022367149758454113,0.0022809966928219304
baseline_male,Boruta,70,tqwt_entropy_shannon_dec_16 (TQWT),0.002201587301587301,0.001944158360255596
baseline_male,Boruta,70,tqwt_entropy_shannon_dec_6 (TQWT),0.0020621468926553667,0.001523355102628402
baseline_male,Boruta,70,det_LT_TKEO_std_1_coef (Wavelet),0.0020410628019323675,0.0021714513152786474
baseline_male,Boruta,70,tqwt_TKEO_mean_dec_16 (TQWT),0.0020126984126984126,0.002157982502683579
baseline_male,Boruta,70,std_10th_delta (MFCC),0.0019730769230769233,0.002077525290057513
baseline_male,Boruta,70,tqwt_stdValue_dec_16 (TQWT),0.0018238095238095242,0.0016711204228431493
baseline_male,Boruta,70,std_5th_delta (MFCC),0.0016501182033096923,0.0015228816883533101
baseline_male,Boruta,70,f2 (Formant Frequency),0.0016333333333333334,0.001676796141200623
baseline_male,Boruta,70,tqwt_energy_dec_15 (TQWT),0.0016285714285714289,0.0019240739173847865
baseline_male,Boruta,70,tqwt_entropy_shannon_dec_17 (TQWT),0.0016183574879227046,0.0020030820715476647
baseline_male,Boruta,70,ddpJitter (Baseline),0.0015977777777777787,0.0015218857171733153
baseline_male,Boruta,70,tqwt_TKEO_mean_dec_7 (TQWT),0.001587962962962963,0.0018739571376772475
baseline_male,Boruta,70,tqwt_TKEO_mean_dec_28 (TQWT),0.001586666666666667,0.0012327975461485109
baseline_male,Boruta,70,tqwt_entropy_shannon_dec_18 (TQWT),0.001406666666666667,0.0012571835627745497
baseline_male,Boruta,70,rapJitter (Baseline),0.0011666666666666668,0.0012704779077631042
baseline_female,Boruta,70,std_delta_delta_log_energy (MFCC),0.026266393442622955,0.021156868546246044
baseline_female,Boruta,70,tqwt_kurtosisValue_dec_26 (TQWT),0.019455128205128205,0.012696912758758684
baseline_female,Boruta,70,std_6th_delta_delta (MFCC),0.015119763205828784,0.012083625452810316
baseline_female,Boruta,70,tqwt_medianValue_dec_36 (TQWT),0.01377350427350427,0.00554751054752249
baseline_female,Boruta,70,tqwt_energy_dec_25 (TQWT),0.01369047619047619,0.011869395084945975
baseline_female,Boruta,70,std_delta_log_energy (MFCC),0.013640710382513663,0.011164987002928266
baseline_female,Boruta,70,tqwt_entropy_log_dec_27 (TQWT),0.013520036429872493,0.010865388859454704
baseline_female,Boruta,70,tqwt_energy_dec_26 (TQWT),0.01206375227686703,0.007993844892855843
baseline_female,Boruta,70,mean_MFCC_2nd_coef (MFCC),0.011337887067395264,0.010798034260673073
baseline_female,Boruta,70,tqwt_entropy_log_dec_33 (TQWT),0.011173167848699764,0.00929925448294173
baseline_female,Boruta,70,std_7th_delta_delta (MFCC),0.010366120218579232,0.006408101298953848
baseline_female,Boruta,70,std_6th_delta (MFCC),0.010051457194899817,0.007722105059280438
baseline_female,Boruta,70,tqwt_energy_dec_27 (TQWT),0.009865162037037037,0.006309129867059402
baseline_female,Boruta,70,tqwt_energy_dec_6 (TQWT),0.009860082304526752,0.009547670407336261
baseline_female,Boruta,70,tqwt_entropy_log_dec_12 (TQWT),0.009571493624772312,0.008360802457451768
baseline_female,Boruta,70,tqwt_TKEO_std_dec_7 (TQWT),0.00945940170940171,0.0056400690984578766
baseline_female,Boruta,70,tqwt_kurtosisValue_dec_18 (TQWT),0.009282407407407404,0.00749401045589331
baseline_female,Boruta,70,std_7th_delta (MFCC),0.008944444444444446,0.006545818685451864
baseline_female,Boruta,70,std_9th_delta_delta (MFCC),0.008846539162112933,0.008176853688271903
baseline_female,Boruta,70,tqwt_kurtosisValue_dec_33 (TQWT),0.008839743589743591,0.0053488978991665884
baseline_female,Boruta,70,locAbsJitter (Baseline),0.00858628841607565,0.009338375668037245
baseline_female,Boruta,70,tqwt_entropy_log_dec_35 (TQWT),0.008352459016393442,0.00772742048954321
baseline_female,Boruta,70,tqwt_TKEO_mean_dec_12 (TQWT),0.00812295081967213,0.006910081420751155
baseline_female,Boruta,70,tqwt_entropy_log_dec_26 (TQWT),0.008046875,0.005677810818448342
baseline_female,Boruta,70,tqwt_meanValue_dec_36 (TQWT),0.007918803418803418,0.005875423790998443
baseline_female,Boruta,70,tqwt_TKEO_std_dec_12 (TQWT),0.007874772313296903,0.00777846016187482
baseline_female,Boruta,70,tqwt_meanValue_dec_5 (TQWT),0.007666666666666668,0.006393990685254154
baseline_female,Boruta,70,tqwt_entropy_shannon_dec_12 (TQWT),0.007632058287795993,0.006409837251483454
baseline_female,Boruta,70,std_MFCC_6th_coef (MFCC),0.00760042735042735,0.003929146989258109
baseline_female,Boruta,70,std_11th_delta_delta (MFCC),0.007397540983606557,0.008113983834264111
baseline_female,Boruta,70,DFA (Baseline),0.0073039682539682545,0.005159838583153292
baseline_female,Boruta,70,std_4th_delta_delta (MFCC),0.007174004192872118,0.006268941739516798
baseline_female,Boruta,70,ddpJitter (Baseline),0.007034188034188034,0.004267934654521578
baseline_female,Boruta,70,tqwt_entropy_log_dec_28 (TQWT),0.007011752136752136,0.004583714047902037
baseline_female,Boruta,70,b1 (Bandwidth),0.0068090277777777776,0.004432977320442983
baseline_female,Boruta,70,tqwt_stdValue_dec_12 (TQWT),0.006683060109289619,0.005496425149391282
baseline_female,Boruta,70,std_9th_delta (MFCC),0.006538706739526413,0.006794455947740555
baseline_female,Boruta,70,std_8th_delta_delta (MFCC),0.00652094717668488,0.0056961910060241774
baseline_female,Boruta,70,std_11th_delta (MFCC),0.006388888888888888,0.007688171733772902
baseline_female,Boruta,70,tqwt_kurtosisValue_dec_36 (TQWT),0.0063437499999999996,0.006475143462257095
baseline_female,Boruta,70,det_LT_TKEO_std_4_coef (Wavelet),0.0062307692307692316,0.0043863087829865265
baseline_female,Boruta,70,tqwt_stdValue_dec_11 (TQWT),0.006193989071038254,0.0058646333385747864
baseline_female,Boruta,70,apq11Shimmer (Baseline),0.006061965811965812,0.005419333599496491
baseline_female,Boruta,70,tqwt_kurtosisValue_dec_20 (TQWT),0.006008196721311477,0.0054876859156511035
baseline_female,Boruta,70,tqwt_entropy_log_dec_34 (TQWT),0.005899509803921569,0.005534150807066022
baseline_female,Boruta,70,tqwt_maxValue_dec_11 (TQWT),0.005761805555555556,0.005698071111571933
baseline_female,Boruta,70,std_10th_delta_delta (MFCC),0.0056935336976320595,0.005306593132615036
baseline_female,Boruta,70,locPctJitter (Baseline),0.005520655270655271,0.0045257621860495985
baseline_female,Boruta,70,tqwt_entropy_shannon_dec_34 (TQWT),0.00547008547008547,0.004644019225510869
baseline_female,Boruta,70,mean_MFCC_5th_coef (MFCC),0.0054431818181818175,0.005012699290336614
baseline_female,Boruta,70,GNE_NSR_SEO (Vocal Fold),0.00542948717948718,0.004971456712109825
baseline_female,Boruta,70,std_4th_delta (MFCC),0.005365303983228512,0.005068418144801038
baseline_female,Boruta,70,tqwt_energy_dec_12 (TQWT),0.005362932604735884,0.00574714181020596
baseline_female,Boruta,70,tqwt_TKEO_std_dec_6 (TQWT),0.005356837606837607,0.004260859511873606
baseline_female,Boruta,70,tqwt_minValue_dec_12 (TQWT),0.005095486111111112,0.005539413462184683
baseline_female,Boruta,70,tqwt_kurtosisValue_dec_27 (TQWT),0.005066176470588235,0.005238468167884116
baseline_female,Boruta,70,GQ_std_cycle_open (Vocal Fold),0.005056878306878307,0.003652588896076175
baseline_female,Boruta,70,tqwt_TKEO_mean_dec_13 (TQWT),0.00505079365079365,0.005155354896538458
baseline_female,Boruta,70,tqwt_entropy_log_dec_13 (TQWT),0.0049033564814814825,0.0035344135704685597
baseline_female,Boruta,70,tqwt_TKEO_std_dec_13 (TQWT),0.004903356481481481,0.0049276233081221215
baseline_female,Boruta,70,minIntensity (Intensity),0.004887731481481482,0.0040815501266975186
baseline_female,Boruta,70,tqwt_energy_dec_11 (TQWT),0.0048542976939203375,0.005580552523703086
baseline_female,Boruta,70,tqwt_entropy_log_dec_11 (TQWT),0.004825136612021858,0.004380139857532495
baseline_female,Boruta,70,tqwt_kurtosisValue_dec_23 (TQWT),0.00478125,0.003276673818379964
baseline_female,Boruta,70,tqwt_stdValue_dec_35 (TQWT),0.004652777777777777,0.00409618881466157
baseline_female,Boruta,70,tqwt_maxValue_dec_12 (TQWT),0.0046475409836065585,0.0032687950890094315
baseline_female,Boruta,70,tqwt_TKEO_mean_dec_26 (TQWT),0.004625,0.0036797799039947985
baseline_female,Boruta,70,std_8th_delta (MFCC),0.004615209471766848,0.004546597168869364
baseline_female,Boruta,70,tqwt_TKEO_std_dec_11 (TQWT),0.004578779599271404,0.004441289825061469
baseline_female,Boruta,70,tqwt_TKEO_mean_dec_5 (TQWT),0.004543650793650794,0.0037835619101570586
baseline_female,Boruta,70,tqwt_skewnessValue_dec_23 (TQWT),0.0045297619047619045,0.0032864331802706743
baseline_female,Boruta,70,mean_delta_log_energy (MFCC),0.0044380341880341885,0.0030281399067135736
baseline_female,Boruta,70,tqwt_entropy_shannon_dec_35 (TQWT),0.004413461538461538,0.003846260165335032
baseline_female,Boruta,70,meanIntensity (Intensity),0.00431084656084656,0.004270381360779187
baseline_female,Boruta,70,tqwt_energy_dec_1 (TQWT),0.0043055555555555555,0.003644008768348384
baseline_female,Boruta,70,tqwt_maxValue_dec_13 (TQWT),0.004269097222222223,0.0037524055873049797
baseline_female,Boruta,70,std_Log_energy (MFCC),0.004260018214936248,0.004387492406734148
baseline_female,Boruta,70,ppq5Jitter (Baseline),0.004200854700854701,0.00411911033684095
baseline_female,Boruta,70,tqwt_entropy_shannon_dec_11 (TQWT),0.004129781420765028,0.0039461083633638774
baseline_female,Boruta,70,tqwt_stdValue_dec_27 (TQWT),0.004128205128205129,0.0027235442749647776
baseline_female,Boruta,70,std_MFCC_4th_coef (MFCC),0.004042735042735043,0.0024240908349763574
baseline_female,Boruta,70,std_5th_delta_delta (MFCC),0.003875000000000001,0.004251528293630565
baseline_female,Boruta,70,tqwt_meanValue_dec_11 (TQWT),0.0038290598290598287,0.00393003148144483
baseline_female,Boruta,70,tqwt_kurtosisValue_dec_34 (TQWT),0.0038279914529914527,0.0036796164222620054
baseline_female,Boruta,70,tqwt_TKEO_mean_dec_36 (TQWT),0.003816239316239316,0.0028754307969593475
baseline_female,Boruta,70,std_12th_delta (MFCC),0.0038055555555555546,0.003957906972788143
baseline_female,Boruta,70,tqwt_kurtosisValue_dec_17 (TQWT),0.0037876157407407407,0.003880265269521846
baseline_female,Boruta,70,tqwt_stdValue_dec_28 (TQWT),0.0036581196581196573,0.0037232836130008757
baseline_female,Boruta,70,tqwt_kurtosisValue_dec_35 (TQWT),0.003570512820512821,0.0033330128051020686
baseline_female,Boruta,70,tqwt_TKEO_std_dec_19 (TQWT),0.003561507936507936,0.003308115428056366
baseline_female,Boruta,70,rapJitter (Baseline),0.0035598290598290593,0.00255360627758177
baseline_female,Boruta,70,tqwt_energy_dec_7 (TQWT),0.0034273504273504276,0.0032060762278718164
baseline_female,Boruta,70,tqwt_kurtosisValue_dec_16 (TQWT),0.003365873015873016,0.0028584122107514513
baseline_female,Boruta,70,tqwt_minValue_dec_13 (TQWT),0.003308730158730159,0.002730847077161508
baseline_female,Boruta,70,std_10th_delta (MFCC),0.0032267759562841537,0.0031109664308927826
baseline_female,Boruta,70,tqwt_energy_dec_13 (TQWT),0.0031388888888888885,0.0026220409040970494
baseline_female,Boruta,70,tqwt_energy_dec_28 (TQWT),0.0031324786324786326,0.003636913395960879
baseline_female,Boruta,70,std_12th_delta_delta (MFCC),0.0031000000000000003,0.003257355802818644
baseline_female,Boruta,70,tqwt_TKEO_mean_dec_11 (TQWT),0.00300462962962963,0.002818997306962977
baseline_female,Boruta,70,tqwt_minValue_dec_11 (TQWT),0.003003968253968254,0.002291065264712644
baseline_female,Boruta,70,tqwt_entropy_log_dec_17 (TQWT),0.0030030864197530863,0.002597011622200828
baseline_female,Boruta,70,tqwt_entropy_shannon_dec_16 (TQWT),0.00298611111111111,0.0022434125615226896
baseline_female,Boruta,70,locDbShimmer (Baseline),0.002948717948717948,0.0021288419462158364
baseline_female,Boruta,70,tqwt_stdValue_dec_13 (TQWT),0.0029388888888888885,0.0022003203655710122
baseline_female,Boruta,70,tqwt_entropy_log_dec_16 (TQWT),0.0029229797979797973,0.0021905035713532263
baseline_female,Boruta,70,tqwt_entropy_log_dec_19 (TQWT),0.002908730158730159,0.002968870708040475
baseline_female,Boruta,70,tqwt_entropy_shannon_dec_13 (TQWT),0.002855820105820105,0.002788018266686785
baseline_female,Boruta,70,tqwt_stdValue_dec_19 (TQWT),0.002775793650793651,0.0028348677687228974
baseline_female,Boruta,70,tqwt_TKEO_mean_dec_6 (TQWT),0.0027473544973544975,0.0028794084366977673
baseline_female,Boruta,70,tqwt_entropy_shannon_dec_19 (TQWT),0.002732142857142857,0.003435874391782436
baseline_female,Boruta,70,tqwt_TKEO_mean_dec_16 (TQWT),0.0026249999999999993,0.0020732735846901626
baseline_female,Boruta,70,maxIntensity (Intensity),0.0025747863247863245,0.002788691790392387
baseline_female,Boruta,70,std_MFCC_7th_coef (MFCC),0.0025427350427350425,0.002440110336468098
baseline_female,Boruta,70,tqwt_entropy_shannon_dec_18 (TQWT),0.0024316239316239316,0.00184587131383553
baseline_female,Boruta,70,tqwt_entropy_log_dec_8 (TQWT),0.0023511904761904763,0.003311072036397895
baseline_female,Boruta,70,std_MFCC_8th_coef (MFCC),0.00235042735042735,0.002530134364333227
baseline_female,Boruta,70,tqwt_entropy_log_dec_9 (TQWT),0.0023273809523809523,0.0026892177028137376
baseline_female,Boruta,70,tqwt_entropy_log_dec_6 (TQWT),0.0023108465608465602,0.0020649835269295237
baseline_female,Boruta,70,tqwt_stdValue_dec_17 (TQWT),0.0023095238095238095,0.0022294942212736668
baseline_female,Boruta,70,tqwt_TKEO_mean_dec_28 (TQWT),0.0022628205128205118,0.0022074122853850834
baseline_female,Boruta,70,tqwt_kurtosisValue_dec_28 (TQWT),0.0021431623931623934,0.0018420149342551538
baseline_female,Boruta,70,tqwt_entropy_shannon_dec_6 (TQWT),0.0020727513227513238,0.0021354672693707556
baseline_female,Boruta,70,tqwt_stdValue_dec_6 (TQWT),0.002056878306878307,0.0020827506063337063
baseline_female,Boruta,70,tqwt_entropy_log_dec_18 (TQWT),0.0020218253968253964,0.0016897556840235611
baseline_female,Boruta,70,std_5th_delta (MFCC),0.0019135802469135799,0.0016717543693899129
baseline_female,Boruta,70,tqwt_energy_dec_15 (TQWT),0.0018472222222222217,0.001896504602797429
baseline_female,Boruta,70,det_LT_TKEO_std_1_coef (Wavelet),0.0018376068376068373,0.0018381429157629107
baseline_female,Boruta,70,f2 (Formant Frequency),0.0018055555555555557,0.002418001180403317
baseline_female,Boruta,70,tqwt_energy_dec_17 (TQWT),0.001795634920634921,0.0015703816482207122
baseline_female,Boruta,70,det_LT_TKEO_mean_1_coef (Wavelet),0.0017649572649572648,0.0035329244941769518
baseline_female,Boruta,70,tqwt_stdValue_dec_16 (TQWT),0.001715277777777778,0.001784474127506905
baseline_female,Boruta,70,tqwt_stdValue_dec_7 (TQWT),0.0016645299145299141,0.0017061330651183203
baseline_female,Boruta,70,tqwt_TKEO_mean_dec_7 (TQWT),0.0015170940170940177,0.001110292183503393
baseline_female,Boruta,70,Ed_1_coef (Wavelet),0.001439102564102564,0.0014344814779423574
baseline_female,Boruta,70,det_TKEO_mean_1_coef (Wavelet),0.0014166666666666668,0.0012396032274950568
baseline_female,Boruta,70,Ed2_1_coef (Wavelet),0.0013311965811965804,0.001179886018703085
baseline_female,Boruta,70,det_TKEO_std_1_coef (Wavelet),0.0012927350427350424,0.0012078942768341042
baseline_female,Boruta,70,tqwt_entropy_shannon_dec_17 (TQWT),0.001238095238095238,0.0011272117079154458
baseline,Boruta,80,std_delta_delta_log_energy (MFCC),0.018277116402116395,0.015471206834501943
baseline,Boruta,80,std_delta_log_energy (MFCC),0.012754850088183422,0.01164858005126618
baseline,Boruta,80,tqwt_energy_dec_25 (TQWT),0.012015555555555554,0.010818222832313885
baseline,Boruta,80,std_6th_delta_delta (MFCC),0.011650132275132273,0.008995427584154834
baseline,Boruta,80,std_7th_delta_delta (MFCC),0.010620590828924158,0.006624600230623749
baseline,Boruta,80,mean_MFCC_2nd_coef (MFCC),0.00980621693121693,0.01012693351862383
baseline,Boruta,80,tqwt_entropy_log_dec_27 (TQWT),0.009652777777777776,0.008366129174577097
baseline,Boruta,80,tqwt_energy_dec_26 (TQWT),0.009416887125220458,0.007904290892981487
baseline,Boruta,80,tqwt_meanValue_dec_5 (TQWT),0.009348072562358279,0.00553668151061173
baseline,Boruta,80,tqwt_entropy_log_dec_12 (TQWT),0.009004850088183415,0.00869251401178315
baseline,Boruta,80,tqwt_entropy_log_dec_33 (TQWT),0.00896274250440917,0.008847849750836228
baseline,Boruta,80,tqwt_medianValue_dec_36 (TQWT),0.008615468409586059,0.004638987503818234
baseline,Boruta,80,tqwt_entropy_log_dec_19 (TQWT),0.008332244008714596,0.006237487379190847
baseline,Boruta,80,std_9th_delta_delta (MFCC),0.008049823633156962,0.006319650722322404
baseline,Boruta,80,std_6th_delta (MFCC),0.00784149029982363,0.005933309736396262
baseline,Boruta,80,GNE_NSR_SEO (Vocal Fold),0.007736383442265796,0.00680899641328282
baseline,Boruta,80,std_11th_delta (MFCC),0.007715686274509803,0.006480680983214029
baseline,Boruta,80,std_9th_delta (MFCC),0.007420414462081128,0.005203251579063638
baseline,Boruta,80,std_7th_delta (MFCC),0.007328042328042327,0.005327891947196578
baseline,Boruta,80,tqwt_TKEO_mean_dec_19 (TQWT),0.007162309368191721,0.003853586263193311
baseline,Boruta,80,b1 (Bandwidth),0.007015250544662309,0.00545269259485959
baseline,Boruta,80,std_8th_delta_delta (MFCC),0.00688227513227513,0.005491034935455412
baseline,Boruta,80,tqwt_TKEO_mean_dec_12 (TQWT),0.006843253968253967,0.0063492605626167525
baseline,Boruta,80,tqwt_kurtosisValue_dec_26 (TQWT),0.006812729948491537,0.007356999044109148
baseline,Boruta,80,std_4th_delta_delta (MFCC),0.00676893311221669,0.006204267784793488
baseline,Boruta,80,locAbsJitter (Baseline),0.006762023217247096,0.007056290348209498
baseline,Boruta,80,tqwt_energy_dec_6 (TQWT),0.00672882288228823,0.005722832756720035
baseline,Boruta,80,tqwt_kurtosisValue_dec_18 (TQWT),0.006550605060506052,0.005686007070077686
baseline,Boruta,80,tqwt_entropy_log_dec_35 (TQWT),0.006525573192239859,0.008750869190631595
baseline,Boruta,80,mean_MFCC_5th_coef (MFCC),0.00650871459694989,0.005792882098346678
baseline,Boruta,80,tqwt_stdValue_dec_27 (TQWT),0.0064682539682539685,0.006512204130573205
baseline,Boruta,80,tqwt_TKEO_std_dec_7 (TQWT),0.006450495049504951,0.005075309116815448
baseline,Boruta,80,tqwt_entropy_log_dec_26 (TQWT),0.006376026272577996,0.006038164590754345
baseline,Boruta,80,DFA (Baseline),0.006340595497458242,0.005027949107810435
baseline,Boruta,80,tqwt_TKEO_std_dec_12 (TQWT),0.006281305114638447,0.006672007595801834
baseline,Boruta,80,tqwt_entropy_log_dec_13 (TQWT),0.006056661138750689,0.0049563399577721556
baseline,Boruta,80,tqwt_meanValue_dec_36 (TQWT),0.006014372581536758,0.004844630683900344
baseline,Boruta,80,tqwt_TKEO_std_dec_19 (TQWT),0.005910675381263617,0.004649208656795959
baseline,Boruta,80,tqwt_energy_dec_27 (TQWT),0.005786853685368534,0.00518786582073643
baseline,Boruta,80,tqwt_kurtosisValue_dec_36 (TQWT),0.005773391812865497,0.004324356844793773
baseline,Boruta,80,tqwt_TKEO_std_dec_13 (TQWT),0.005584853510226641,0.004835970849434289
baseline,Boruta,80,tqwt_stdValue_dec_12 (TQWT),0.005524029982363315,0.0050179709582977745
baseline,Boruta,80,tqwt_stdValue_dec_26 (TQWT),0.0055098039215686285,0.005121628661994033
baseline,Boruta,80,tqwt_entropy_log_dec_28 (TQWT),0.00544611111111111,0.0049241707813910875
baseline,Boruta,80,tqwt_kurtosisValue_dec_20 (TQWT),0.005369047619047618,0.005142199010063505
baseline,Boruta,80,tqwt_kurtosisValue_dec_23 (TQWT),0.005274509803921568,0.00366120359509081
baseline,Boruta,80,tqwt_energy_dec_11 (TQWT),0.005114427860696516,0.006095833049264766
baseline,Boruta,80,tqwt_kurtosisValue_dec_33 (TQWT),0.005101307189542484,0.004624979662280146
baseline,Boruta,80,std_10th_delta_delta (MFCC),0.005087522045855378,0.004308122120632494
baseline,Boruta,80,tqwt_skewnessValue_dec_26 (TQWT),0.0050577342047930275,0.003829675994677586
baseline,Boruta,80,tqwt_minValue_dec_11 (TQWT),0.005028052805280529,0.004805070903451375
baseline,Boruta,80,tqwt_kurtosisValue_dec_17 (TQWT),0.004999999999999997,0.004143001666656357
baseline,Boruta,80,tqwt_TKEO_mean_dec_26 (TQWT),0.004981481481481482,0.004620007000347781
baseline,Boruta,80,locPctJitter (Baseline),0.0048903703703703704,0.005655592577724082
baseline,Boruta,80,tqwt_stdValue_dec_13 (TQWT),0.00487674760853569,0.0040734654612062686
baseline,Boruta,80,tqwt_energy_dec_7 (TQWT),0.004873333333333333,0.00363868107973205
baseline,Boruta,80,tqwt_energy_dec_12 (TQWT),0.004819223985890651,0.006734512884930788
baseline,Boruta,80,tqwt_entropy_log_dec_11 (TQWT),0.004744708994708993,0.0038550647958755188
baseline,Boruta,80,tqwt_entropy_shannon_dec_19 (TQWT),0.004720043572984748,0.006153187425648995
baseline,Boruta,80,std_8th_delta (MFCC),0.004699294532627866,0.004904215072428841
baseline,Boruta,80,apq11Shimmer (Baseline),0.004611851851851852,0.004258965276822376
baseline,Boruta,80,det_TKEO_mean_1_coef (Wavelet),0.004597777777777778,0.005625067293214735
baseline,Boruta,80,tqwt_entropy_log_dec_34 (TQWT),0.0045939745715865106,0.005315846765159373
baseline,Boruta,80,tqwt_TKEO_std_dec_14 (TQWT),0.0045147392290249425,0.0034184300589244175
baseline,Boruta,80,std_11th_delta_delta (MFCC),0.004512566137566135,0.004667954341349846
baseline,Boruta,80,tqwt_entropy_shannon_dec_12 (TQWT),0.004461860670194001,0.004663194117088055
baseline,Boruta,80,tqwt_TKEO_std_dec_6 (TQWT),0.00444829482948295,0.003548762056068984
baseline,Boruta,80,std_MFCC_6th_coef (MFCC),0.004371111111111112,0.003182443136987538
baseline,Boruta,80,tqwt_entropy_shannon_dec_11 (TQWT),0.004265652557319222,0.0034237963731083665
baseline,Boruta,80,tqwt_maxValue_dec_13 (TQWT),0.004200110558319514,0.003621734152991823
baseline,Boruta,80,tqwt_TKEO_mean_dec_13 (TQWT),0.004173657100809419,0.0043256555187417296
baseline,Boruta,80,rapJitter (Baseline),0.0041089324618736375,0.0022905954642701335
baseline,Boruta,80,tqwt_stdValue_dec_19 (TQWT),0.004027233115468409,0.00406149987762799
baseline,Boruta,80,tqwt_meanValue_dec_11 (TQWT),0.0040108932461873645,0.00565066992621146
baseline,Boruta,80,tqwt_kurtosisValue_dec_27 (TQWT),0.003917397660818714,0.004287571777561914
baseline,Boruta,80,meanIntensity (Intensity),0.003884999999999999,0.0032197217485737135
baseline,Boruta,80,GQ_std_cycle_open (Vocal Fold),0.003811881188118812,0.0037231745975313964
baseline,Boruta,80,std_4th_delta (MFCC),0.0038109452736318408,0.0032227942385587593
baseline,Boruta,80,RPDE (Baseline),0.003803854875283447,0.0037469267305353104
baseline,Boruta,80,minIntensity (Intensity),0.0037975797579757986,0.003166471736868441
baseline,Boruta,80,tqwt_stdValue_dec_11 (TQWT),0.003743606701940034,0.004071346272388121
baseline,Boruta,80,tqwt_minValue_dec_13 (TQWT),0.0036997792494481247,0.0031818078400655155
baseline,Boruta,80,tqwt_kurtosisValue_dec_34 (TQWT),0.0036549999999999985,0.003970388466916519
baseline,Boruta,80,tqwt_stdValue_dec_6 (TQWT),0.0036501650165016507,0.0036590457338984343
baseline,Boruta,80,std_MFCC_4th_coef (MFCC),0.0036221122112211233,0.00279172385587123
baseline,Boruta,80,tqwt_skewnessValue_dec_23 (TQWT),0.0036209150326797375,0.0032092152635027674
baseline,Boruta,80,tqwt_kurtosisValue_dec_16 (TQWT),0.0036059602649006622,0.003047426060834685
baseline,Boruta,80,std_Log_energy (MFCC),0.0035934744268077586,0.003905545014950449
baseline,Boruta,80,tqwt_minValue_dec_12 (TQWT),0.0035835537918871246,0.003996204042644801
baseline,Boruta,80,tqwt_maxValue_dec_12 (TQWT),0.0035123456790123455,0.003078634937386819
baseline,Boruta,80,tqwt_energy_dec_34 (TQWT),0.003485555555555555,0.0035375864332629903
baseline,Boruta,80,meanHarmToNoiseHarmonicity (Baseline),0.003429193899782134,0.0021222413130831033
baseline,Boruta,80,mean_2nd_delta (MFCC),0.0034111111111111113,0.0035701485579491643
baseline,Boruta,80,tqwt_entropy_shannon_dec_13 (TQWT),0.0033983333333333326,0.0024605276660488993
baseline,Boruta,80,ppq5Jitter (Baseline),0.003388888888888889,0.0027350055008220023
baseline,Boruta,80,det_LT_TKEO_std_4_coef (Wavelet),0.003384353741496598,0.0025546993321451444
baseline,Boruta,80,tqwt_energy_dec_10 (TQWT),0.003371111111111111,0.002966073808158891
baseline,Boruta,80,tqwt_stdValue_dec_33 (TQWT),0.0032936507936507935,0.0036145809345370337
baseline,Boruta,80,tqwt_entropy_shannon_dec_36 (TQWT),0.0032832244008714597,0.0031428051224603863
baseline,Boruta,80,tqwt_TKEO_std_dec_11 (TQWT),0.003225308641975309,0.003431332103954802
baseline,Boruta,80,std_5th_delta_delta (MFCC),0.0031956882255389724,0.0028535911559187986
baseline,Boruta,80,std_10th_delta (MFCC),0.003187169312169312,0.003168783767282
baseline,Boruta,80,tqwt_TKEO_mean_dec_16 (TQWT),0.003160130718954248,0.0025522237145738
baseline,Boruta,80,std_12th_delta_delta (MFCC),0.0031463326071169222,0.0035180891091420087
baseline,Boruta,80,f2 (Formant Frequency),0.0031318082788671024,0.0023419057437712534
baseline,Boruta,80,tqwt_TKEO_mean_dec_5 (TQWT),0.0031100217864923744,0.002755056714393049
baseline,Boruta,80,tqwt_TKEO_mean_dec_11 (TQWT),0.0030970017636684295,0.0030143873509702276
baseline,Boruta,80,tqwt_stdValue_dec_34 (TQWT),0.0030963718820861672,0.0026101987341067994
baseline,Boruta,80,std_MFCC_7th_coef (MFCC),0.0030811111111111117,0.0021995641106609697
baseline,Boruta,80,tqwt_entropy_shannon_dec_34 (TQWT),0.0030774074074074076,0.005259052194747349
baseline,Boruta,80,std_12th_delta (MFCC),0.0030610021786492384,0.0028820256203941938
baseline,Boruta,80,Ed_1_coef (Wavelet),0.0029298540965207627,0.004878635844564081
baseline,Boruta,80,det_TKEO_std_1_coef (Wavelet),0.002902222222222224,0.0030447315573015363
baseline,Boruta,80,GNE_std (Vocal Fold),0.002867102396514161,0.0032974693178948107
baseline,Boruta,80,std_5th_delta (MFCC),0.0028624862486248625,0.00261701375232358
baseline,Boruta,80,tqwt_entropy_log_dec_8 (TQWT),0.0028594771241830064,0.0027688823857872093
baseline,Boruta,80,tqwt_entropy_shannon_dec_18 (TQWT),0.0028409586056644884,0.0023674155497020676
baseline,Boruta,80,tqwt_stdValue_dec_35 (TQWT),0.0028294444444444443,0.004842088682005914
baseline,Boruta,80,tqwt_entropy_shannon_dec_35 (TQWT),0.0028107407407407417,0.004624736936218095
baseline,Boruta,80,tqwt_stdValue_dec_14 (TQWT),0.0027933333333333334,0.0017952294060739182
baseline,Boruta,80,tqwt_maxValue_dec_11 (TQWT),0.0027888336097291323,0.002978544022760802
baseline,Boruta,80,std_MFCC_8th_coef (MFCC),0.0027814569536423845,0.0020150477512815373
baseline,Boruta,80,ddpJitter (Baseline),0.002760555555555555,0.0023646920622960492
baseline,Boruta,80,tqwt_kurtosisValue_dec_28 (TQWT),0.0027026143790849677,0.002514791125840225
baseline,Boruta,80,tqwt_TKEO_mean_dec_6 (TQWT),0.0026864686468646873,0.002822074154957913
baseline,Boruta,80,tqwt_TKEO_mean_dec_35 (TQWT),0.002625850340136054,0.0022252863818514883
baseline,Boruta,80,tqwt_energy_dec_1 (TQWT),0.0026220043572984745,0.0024942922076091954
baseline,Boruta,80,tqwt_kurtosisValue_dec_35 (TQWT),0.002563888888888889,0.003980266689041386
baseline,Boruta,80,tqwt_entropy_shannon_dec_16 (TQWT),0.0025217864923747276,0.0020258465859455165
baseline,Boruta,80,tqwt_entropy_log_dec_6 (TQWT),0.0024669966996699677,0.002207130202724151
baseline,Boruta,80,tqwt_entropy_shannon_dec_7 (TQWT),0.002454444444444445,0.002490316568128518
baseline,Boruta,80,tqwt_entropy_log_dec_16 (TQWT),0.0024449891067538135,0.002109948319852705
baseline,Boruta,80,det_LT_TKEO_mean_1_coef (Wavelet),0.0023982398239823987,0.0029283516517495498
baseline,Boruta,80,tqwt_entropy_log_dec_18 (TQWT),0.0023404139433551197,0.0022628392571862528
baseline,Boruta,80,tqwt_stdValue_dec_28 (TQWT),0.0023355119825708066,0.0017003167627255439
baseline,Boruta,80,mean_delta_log_energy (MFCC),0.0022788671023965144,0.001837299345108962
baseline,Boruta,80,tqwt_TKEO_mean_dec_17 (TQWT),0.002228758169934641,0.0021339365197960876
baseline,Boruta,80,Ed2_1_coef (Wavelet),0.0022267573696145124,0.003710404638208028
baseline,Boruta,80,tqwt_energy_dec_13 (TQWT),0.0021394335511982572,0.002659892866375899
baseline,Boruta,80,tqwt_TKEO_mean_dec_28 (TQWT),0.0020773420479302837,0.001917908269072983
baseline,Boruta,80,tqwt_TKEO_mean_dec_7 (TQWT),0.002043333333333333,0.0018583738371003532
baseline,Boruta,80,tqwt_entropy_shannon_dec_6 (TQWT),0.0020357535753575363,0.0020666563435620057
baseline,Boruta,80,tqwt_entropy_log_dec_17 (TQWT),0.001997821350762528,0.002030683297574293
baseline,Boruta,80,tqwt_stdValue_dec_17 (TQWT),0.001966230936819172,0.0019403908801977879
baseline,Boruta,80,tqwt_entropy_log_dec_5 (TQWT),0.001895555555555556,0.0020678774928363317
baseline,Boruta,80,mean_MFCC_1st_coef (MFCC),0.0018469387755102038,0.0015849259238846258
baseline,Boruta,80,tqwt_energy_dec_17 (TQWT),0.0018191721132897606,0.0015370601772399745
baseline,Boruta,80,maxIntensity (Intensity),0.0018072562358276648,0.0014157868178684128
baseline,Boruta,80,tqwt_energy_dec_15 (TQWT),0.0017886710239651412,0.001639248880369834
baseline,Boruta,80,tqwt_stdValue_dec_16 (TQWT),0.0017854030501089325,0.0017441080013157995
baseline,Boruta,80,locDbShimmer (Baseline),0.0017603485838779956,0.0019323188189428635
baseline,Boruta,80,tqwt_entropy_log_dec_9 (TQWT),0.0017549019607843138,0.0018656500622567889
baseline,Boruta,80,tqwt_stdValue_dec_7 (TQWT),0.001752222222222222,0.0015026370886656749
baseline,Boruta,80,tqwt_energy_dec_28 (TQWT),0.001733888888888889,0.0019537146171211854
baseline,Boruta,80,tqwt_entropy_shannon_dec_17 (TQWT),0.0016889978213507626,0.0017309858666867245
baseline,Boruta,80,tqwt_kurtosisValue_dec_22 (TQWT),0.00160239651416122,0.002138747599638286
baseline,Boruta,80,det_LT_TKEO_std_1_coef (Wavelet),0.0015725623582766438,0.0016296188341452097
baseline,Boruta,80,tqwt_stdValue_dec_36 (TQWT),0.0015011111111111115,0.001276544650255699
baseline,Boruta,80,tqwt_TKEO_mean_dec_36 (TQWT),0.0014944444444444443,0.001593753731602617
baseline,Boruta,80,tqwt_energy_dec_16 (TQWT),0.0013660130718954246,0.001434238140507932
baseline_male,Boruta,80,std_delta_delta_log_energy (MFCC),0.01384102564102564,0.014635164153287975
baseline_male,Boruta,80,tqwt_entropy_log_dec_19 (TQWT),0.013282608695652174,0.009022679501246337
baseline_male,Boruta,80,std_delta_log_energy (MFCC),0.011377777777777777,0.010764945525898816
baseline_male,Boruta,80,std_6th_delta_delta (MFCC),0.011286324786324789,0.008521387035868357
baseline_male,Boruta,80,tqwt_meanValue_dec_5 (TQWT),0.011147342995169078,0.007106998313356283
baseline_male,Boruta,80,tqwt_energy_dec_25 (TQWT),0.010080459770114942,0.008856664286976587
baseline_male,Boruta,80,tqwt_TKEO_mean_dec_19 (TQWT),0.009403381642512079,0.005401404274342628
baseline_male,Boruta,80,GNE_NSR_SEO (Vocal Fold),0.008915555555555555,0.008699020229482912
baseline_male,Boruta,80,std_7th_delta_delta (MFCC),0.008416666666666666,0.005517088692219634
baseline_male,Boruta,80,tqwt_entropy_shannon_dec_19 (TQWT),0.008089371980676328,0.008833961303526854
baseline_male,Boruta,80,tqwt_TKEO_std_dec_19 (TQWT),0.007898550724637684,0.006545418082041261
baseline_male,Boruta,80,std_6th_delta (MFCC),0.0074880341880341865,0.00565316697938928
baseline_male,Boruta,80,tqwt_kurtosisValue_dec_18 (TQWT),0.007412473794549265,0.006543668853397789
baseline_male,Boruta,80,std_9th_delta_delta (MFCC),0.006938034188034186,0.005883260992632036
baseline_male,Boruta,80,mean_MFCC_5th_coef (MFCC),0.0069166666666666664,0.006150560908257994
baseline_male,Boruta,80,b1 (Bandwidth),0.006904761904761905,0.0053375812981887325
baseline_male,Boruta,80,tqwt_energy_dec_6 (TQWT),0.006581560283687944,0.00529043825341578
baseline_male,Boruta,80,tqwt_entropy_log_dec_33 (TQWT),0.006463675213675213,0.007914669501202549
baseline_male,Boruta,80,std_8th_delta_delta (MFCC),0.006392735042735043,0.00472720147685671
baseline_male,Boruta,80,tqwt_kurtosisValue_dec_23 (TQWT),0.006338095238095238,0.004391830091279893
baseline_male,Boruta,80,std_4th_delta_delta (MFCC),0.0062280701754385956,0.004915426315550124
baseline_male,Boruta,80,std_9th_delta (MFCC),0.006036752136752138,0.004484135575320784
baseline_male,Boruta,80,tqwt_entropy_log_dec_35 (TQWT),0.006024786324786325,0.007921545532932197
baseline_male,Boruta,80,std_7th_delta (MFCC),0.005997008547008547,0.004483099068803788
baseline_male,Boruta,80,tqwt_kurtosisValue_dec_33 (TQWT),0.005662222222222223,0.005800226083750756
baseline_male,Boruta,80,tqwt_entropy_log_dec_12 (TQWT),0.005642735042735043,0.00730260543910558
baseline_male,Boruta,80,tqwt_stdValue_dec_19 (TQWT),0.005637681159420289,0.005250969138820537
baseline_male,Boruta,80,tqwt_entropy_log_dec_13 (TQWT),0.005595238095238096,0.0050972421429986555
baseline_male,Boruta,80,tqwt_energy_dec_26 (TQWT),0.005516239316239317,0.0054426346584023726
baseline_male,Boruta,80,mean_MFCC_2nd_coef (MFCC),0.005489316239316239,0.00874768258958233
baseline_male,Boruta,80,DFA (Baseline),0.005433065595716197,0.004194555047048835
baseline_male,Boruta,80,tqwt_TKEO_std_dec_7 (TQWT),0.005412529550827423,0.004111519896249492
baseline_male,Boruta,80,tqwt_meanValue_dec_36 (TQWT),0.005354970760233919,0.0042530505080408355
baseline_male,Boruta,80,tqwt_stdValue_dec_26 (TQWT),0.005247619047619047,0.004882383422844614
baseline_male,Boruta,80,tqwt_kurtosisValue_dec_20 (TQWT),0.0052,0.005472545796780302
baseline_male,Boruta,80,tqwt_entropy_log_dec_34 (TQWT),0.005026479750778816,0.005130695490374894
baseline_male,Boruta,80,tqwt_energy_dec_7 (TQWT),0.005,0.0033943937946527116
baseline_male,Boruta,80,tqwt_kurtosisValue_dec_17 (TQWT),0.004996331236897277,0.003914245128238049
baseline_male,Boruta,80,tqwt_energy_dec_11 (TQWT),0.0049719298245614035,0.006082006059700864
baseline_male,Boruta,80,tqwt_minValue_dec_11 (TQWT),0.004937352245862885,0.005291485336491674
baseline_male,Boruta,80,tqwt_TKEO_std_dec_13 (TQWT),0.004884656084656085,0.005511754233219923
baseline_male,Boruta,80,det_LT_TKEO_std_4_coef (Wavelet),0.004857487922705314,0.002840716355720715
baseline_male,Boruta,80,tqwt_energy_dec_34 (TQWT),0.004793981481481481,0.0032314830695940842
baseline_male,Boruta,80,tqwt_TKEO_std_dec_12 (TQWT),0.004653418803418804,0.007022012843500171
baseline_male,Boruta,80,tqwt_TKEO_std_dec_6 (TQWT),0.004595103578154427,0.003694782169867557
baseline_male,Boruta,80,tqwt_entropy_log_dec_11 (TQWT),0.004593589743589744,0.004167378029052174
baseline_male,Boruta,80,tqwt_meanValue_dec_11 (TQWT),0.004551111111111111,0.008872468692573715
baseline_male,Boruta,80,tqwt_medianValue_dec_36 (TQWT),0.0045355555555555566,0.003406438583597805
baseline_male,Boruta,80,std_11th_delta (MFCC),0.00452888888888889,0.003934368978535092
baseline_male,Boruta,80,Ed_1_coef (Wavelet),0.004459810874704493,0.0068668429447212645
baseline_male,Boruta,80,std_MFCC_6th_coef (MFCC),0.004442129629629629,0.0035841286072647157
baseline_male,Boruta,80,tqwt_kurtosisValue_dec_36 (TQWT),0.004380401234567902,0.0033781822617818583
baseline_male,Boruta,80,tqwt_entropy_log_dec_27 (TQWT),0.004287606837606838,0.00651700938174546
baseline_male,Boruta,80,tqwt_TKEO_std_dec_14 (TQWT),0.004169082125603866,0.003897952029908773
baseline_male,Boruta,80,apq11Shimmer (Baseline),0.004162037037037037,0.004478657879282081
baseline_male,Boruta,80,std_Log_energy (MFCC),0.0041380341880341885,0.004430760682697083
baseline_male,Boruta,80,tqwt_kurtosisValue_dec_16 (TQWT),0.004085048010973936,0.00344604090516803
baseline_male,Boruta,80,tqwt_stdValue_dec_13 (TQWT),0.004052126200274348,0.004201237170380347
baseline_male,Boruta,80,tqwt_TKEO_mean_dec_12 (TQWT),0.004048717948717949,0.006125826905709266
baseline_male,Boruta,80,std_8th_delta (MFCC),0.003994017094017095,0.004067320327556054
baseline_male,Boruta,80,tqwt_stdValue_dec_6 (TQWT),0.003974576271186441,0.00396048349408677
baseline_male,Boruta,80,tqwt_entropy_shannon_dec_36 (TQWT),0.0038873015873015886,0.0033483232854324
baseline_male,Boruta,80,tqwt_skewnessValue_dec_26 (TQWT),0.0038768115942028987,0.0025636747544610624
baseline_male,Boruta,80,det_TKEO_mean_1_coef (Wavelet),0.003868055555555556,0.008807626581193155
baseline_male,Boruta,80,tqwt_entropy_shannon_dec_34 (TQWT),0.00386449864498645,0.006009869041230594
baseline_male,Boruta,80,tqwt_maxValue_dec_13 (TQWT),0.003842857142857143,0.003510788289704302
baseline_male,Boruta,80,tqwt_entropy_log_dec_8 (TQWT),0.0038188405797101445,0.00340723700312339
baseline_male,Boruta,80,tqwt_stdValue_dec_27 (TQWT),0.0037850241545893727,0.0034778831375836977
baseline_male,Boruta,80,std_11th_delta_delta (MFCC),0.003783333333333333,0.00315490645391166
baseline_male,Boruta,80,std_10th_delta_delta (MFCC),0.0037675213675213695,0.0032184707496365483
baseline_male,Boruta,80,tqwt_skewnessValue_dec_23 (TQWT),0.0036521739130434775,0.0024004253317341556
baseline_male,Boruta,80,minIntensity (Intensity),0.0036132075471698114,0.003448576757525796
baseline_male,Boruta,80,tqwt_stdValue_dec_12 (TQWT),0.003611111111111111,0.004668905285888702
baseline_male,Boruta,80,GQ_std_cycle_open (Vocal Fold),0.003583804143126176,0.003813069145040053
baseline_male,Boruta,80,tqwt_energy_dec_10 (TQWT),0.0035601851851851853,0.0036705384546934067
baseline_male,Boruta,80,tqwt_energy_dec_12 (TQWT),0.003508974358974359,0.006325920600112646
baseline_male,Boruta,80,tqwt_stdValue_dec_33 (TQWT),0.003495169082125604,0.00336649812897072
baseline_male,Boruta,80,locPctJitter (Baseline),0.0034336419753086414,0.002955653262682655
baseline_male,Boruta,80,tqwt_entropy_log_dec_18 (TQWT),0.0034247685185185184,0.0032038868840726623
baseline_male,Boruta,80,tqwt_entropy_shannon_dec_11 (TQWT),0.003377350427350427,0.003306142282919538
baseline_male,Boruta,80,tqwt_energy_dec_27 (TQWT),0.003367400419287212,0.004250994335718782
baseline_male,Boruta,80,std_MFCC_7th_coef (MFCC),0.0033634259259259264,0.002259448322172989
baseline_male,Boruta,80,meanHarmToNoiseHarmonicity (Baseline),0.003306666666666667,0.0024333518449252676
baseline_male,Boruta,80,std_MFCC_4th_coef (MFCC),0.0032358276643990927,0.0027231352477251206
baseline_male,Boruta,80,tqwt_kurtosisValue_dec_26 (TQWT),0.003232262382864793,0.004934352073946385
baseline_male,Boruta,80,tqwt_entropy_shannon_dec_13 (TQWT),0.003207854406130269,0.002081603272528975
baseline_male,Boruta,80,std_4th_delta (MFCC),0.0032023391812865494,0.0026318877862868215
baseline_male,Boruta,80,tqwt_stdValue_dec_11 (TQWT),0.0031500000000000005,0.0038213749243540796
baseline_male,Boruta,80,std_5th_delta_delta (MFCC),0.0031473684210526313,0.0029095852826066786
baseline_male,Boruta,80,meanIntensity (Intensity),0.00314655172413793,0.003600079958730806
baseline_male,Boruta,80,tqwt_kurtosisValue_dec_34 (TQWT),0.003101851851851852,0.004111221359743079
baseline_male,Boruta,80,Ed2_1_coef (Wavelet),0.0030942028985507255,0.004961739089098915
baseline_male,Boruta,80,tqwt_energy_dec_1 (TQWT),0.0030622222222222214,0.0023210379611753908
baseline_male,Boruta,80,GNE_std (Vocal Fold),0.003017777777777777,0.002942462928923335
baseline_male,Boruta,80,tqwt_TKEO_mean_dec_6 (TQWT),0.0030150659133709973,0.0031013639898070907
baseline_male,Boruta,80,tqwt_TKEO_mean_dec_5 (TQWT),0.0029927536231884066,0.002950633418012269
baseline_male,Boruta,80,tqwt_entropy_shannon_dec_18 (TQWT),0.0029577777777777775,0.0019966363105374395
baseline_male,Boruta,80,tqwt_stdValue_dec_35 (TQWT),0.0029559386973180076,0.006023901215248249
baseline_male,Boruta,80,std_12th_delta (MFCC),0.0029464524765729586,0.0025427416462129302
baseline_male,Boruta,80,tqwt_entropy_log_dec_28 (TQWT),0.002939814814814815,0.00368013056290502
baseline_male,Boruta,80,tqwt_TKEO_mean_dec_11 (TQWT),0.00293931623931624,0.002622169145026375
baseline_male,Boruta,80,ppq5Jitter (Baseline),0.002935374149659864,0.0023878536641951677
baseline_male,Boruta,80,tqwt_TKEO_mean_dec_13 (TQWT),0.002930041152263374,0.0037490002521821035
baseline_male,Boruta,80,tqwt_kurtosisValue_dec_28 (TQWT),0.002917777777777778,0.0032013713903230245
baseline_male,Boruta,80,tqwt_entropy_log_dec_26 (TQWT),0.0028961578400830737,0.0035669123431754735
baseline_male,Boruta,80,tqwt_stdValue_dec_14 (TQWT),0.0028888888888888888,0.00198527442787908
baseline_male,Boruta,80,mean_delta_log_energy (MFCC),0.0028599999999999993,0.0016375932680955036
baseline_male,Boruta,80,tqwt_kurtosisValue_dec_27 (TQWT),0.0028201058201058208,0.0031158182989069008
baseline_male,Boruta,80,tqwt_stdValue_dec_34 (TQWT),0.0027826086956521732,0.0021606826013506665
baseline_male,Boruta,80,tqwt_kurtosisValue_dec_35 (TQWT),0.0027766203703703703,0.004091663554442412
baseline_male,Boruta,80,tqwt_entropy_shannon_dec_12 (TQWT),0.002775641025641026,0.0038793599572983306
baseline_male,Boruta,80,det_TKEO_std_1_coef (Wavelet),0.0027384259259259267,0.004519461168743638
baseline_male,Boruta,80,mean_2nd_delta (MFCC),0.0027060185185185186,0.002342285485466467
baseline_male,Boruta,80,locAbsJitter (Baseline),0.0027024922118380067,0.003709950118341421
baseline_male,Boruta,80,det_LT_TKEO_mean_1_coef (Wavelet),0.002692671394799055,0.003806337847942021
baseline_male,Boruta,80,tqwt_entropy_log_dec_6 (TQWT),0.002662900188323917,0.0023649745072421543
baseline_male,Boruta,80,tqwt_TKEO_std_dec_11 (TQWT),0.0026602564102564106,0.003155636577256778
baseline_male,Boruta,80,std_12th_delta_delta (MFCC),0.002651271753681392,0.003013427155879369
baseline_male,Boruta,80,std_MFCC_8th_coef (MFCC),0.0026268861454046637,0.0019522583629309163
baseline_male,Boruta,80,tqwt_minValue_dec_12 (TQWT),0.0026141025641025642,0.003518630868468521
baseline_male,Boruta,80,tqwt_entropy_shannon_dec_35 (TQWT),0.0026077235772357724,0.00410525120975083
baseline_male,Boruta,80,tqwt_TKEO_mean_dec_26 (TQWT),0.0025898148148148148,0.003713571829400835
baseline_male,Boruta,80,tqwt_minValue_dec_13 (TQWT),0.0025843621399176957,0.003256531558167558
baseline_male,Boruta,80,f2 (Formant Frequency),0.0025333333333333336,0.0018627305111757195
baseline_male,Boruta,80,RPDE (Baseline),0.002524154589371981,0.0030028955746012613
baseline_male,Boruta,80,det_LT_TKEO_std_1_coef (Wavelet),0.002512077294685991,0.001927467190827239
baseline_male,Boruta,80,tqwt_maxValue_dec_12 (TQWT),0.0024893162393162397,0.0027801911494482784
baseline_male,Boruta,80,std_10th_delta (MFCC),0.0024598290598290603,0.0025106932632114618
baseline_male,Boruta,80,tqwt_entropy_shannon_dec_16 (TQWT),0.0024396825396825394,0.001997210101328398
baseline_male,Boruta,80,std_5th_delta (MFCC),0.00242080378250591,0.0021936580270851503
baseline_male,Boruta,80,tqwt_entropy_shannon_dec_7 (TQWT),0.002400462962962963,0.0020539781093590823
baseline_male,Boruta,80,tqwt_entropy_log_dec_16 (TQWT),0.002345785440613027,0.0018402841058321887
baseline_male,Boruta,80,tqwt_maxValue_dec_11 (TQWT),0.00228187134502924,0.0032977091100680673
baseline_male,Boruta,80,tqwt_TKEO_mean_dec_16 (TQWT),0.0022269841269841268,0.002202262314066901
baseline_male,Boruta,80,tqwt_stdValue_dec_17 (TQWT),0.0021594202898550727,0.0018911201989049906
baseline_male,Boruta,80,tqwt_entropy_shannon_dec_6 (TQWT),0.002055555555555556,0.0019212450806528193
baseline_male,Boruta,80,tqwt_entropy_log_dec_9 (TQWT),0.0020338164251207736,0.002498623756835547
baseline_male,Boruta,80,tqwt_TKEO_mean_dec_35 (TQWT),0.002,0.002169869427715256
baseline_male,Boruta,80,ddpJitter (Baseline),0.001998842592592592,0.0021964066620832976
baseline_male,Boruta,80,mean_MFCC_1st_coef (MFCC),0.0019468599033816425,0.001485906765701945
baseline_male,Boruta,80,tqwt_entropy_log_dec_5 (TQWT),0.0019398148148148148,0.0018968521728211795
baseline_male,Boruta,80,tqwt_entropy_log_dec_17 (TQWT),0.0019097222222222224,0.0019444375069251306
baseline_male,Boruta,80,tqwt_TKEO_mean_dec_17 (TQWT),0.0018502415458937192,0.0018127509804901948
baseline_male,Boruta,80,tqwt_TKEO_mean_dec_7 (TQWT),0.0017754629629629628,0.0013025074296305348
baseline_male,Boruta,80,tqwt_stdValue_dec_16 (TQWT),0.001723809523809524,0.0017141985885470799
baseline_male,Boruta,80,tqwt_stdValue_dec_7 (TQWT),0.0016458333333333333,0.0015493795769766772
baseline_male,Boruta,80,tqwt_entropy_shannon_dec_17 (TQWT),0.0016379310344827583,0.001724284758879944
baseline_male,Boruta,80,tqwt_kurtosisValue_dec_22 (TQWT),0.0016066666666666666,0.0026778537863186075
baseline_male,Boruta,80,tqwt_stdValue_dec_28 (TQWT),0.0015400000000000001,0.0018139516036599268
baseline_male,Boruta,80,maxIntensity (Intensity),0.0014734299516908215,0.0011818421937465973
baseline_male,Boruta,80,tqwt_energy_dec_17 (TQWT),0.0014323671497584538,0.0014349508772363816
baseline_male,Boruta,80,tqwt_energy_dec_15 (TQWT),0.001428571428571428,0.0013282871543257365
baseline_male,Boruta,80,tqwt_TKEO_mean_dec_28 (TQWT),0.001395555555555556,0.0011601404768069798
baseline_male,Boruta,80,locDbShimmer (Baseline),0.0013622222222222223,0.0015162714397755704
baseline_male,Boruta,80,tqwt_energy_dec_28 (TQWT),0.0013020833333333333,0.001213586763345675
baseline_male,Boruta,80,rapJitter (Baseline),0.001288888888888889,0.0014522772149658993
baseline_male,Boruta,80,tqwt_TKEO_mean_dec_36 (TQWT),0.0012615740740740745,0.0012744713804554693
baseline_male,Boruta,80,tqwt_energy_dec_16 (TQWT),0.0012190476190476192,0.0013003357319834813
baseline_male,Boruta,80,tqwt_energy_dec_13 (TQWT),0.0012059386973180073,0.0011913396468750646
baseline_male,Boruta,80,tqwt_stdValue_dec_36 (TQWT),0.0011597222222222221,0.0009788201114819955
baseline_female,Boruta,80,std_delta_delta_log_energy (MFCC),0.022799180327868852,0.01570388959745828
baseline_female,Boruta,80,tqwt_energy_dec_25 (TQWT),0.016305555555555556,0.012446610426582455
baseline_female,Boruta,80,std_delta_log_energy (MFCC),0.015402094717668487,0.012992161031320346
baseline_female,Boruta,80,tqwt_entropy_log_dec_27 (TQWT),0.012970856102003644,0.008415534345565821
baseline_female,Boruta,80,std_6th_delta_delta (MFCC),0.012705373406193075,0.010061172332457713
baseline_female,Boruta,80,mean_MFCC_2nd_coef (MFCC),0.012174408014571952,0.010641437809772123
baseline_female,Boruta,80,std_7th_delta_delta (MFCC),0.011785974499089247,0.007380568341784373
baseline_female,Boruta,80,tqwt_entropy_log_dec_12 (TQWT),0.011427140255009105,0.008833225874442473
baseline_female,Boruta,80,tqwt_stdValue_dec_27 (TQWT),0.011305555555555555,0.005776652057611658
baseline_female,Boruta,80,tqwt_energy_dec_26 (TQWT),0.01117714025500911,0.008839261191142426
baseline_female,Boruta,80,tqwt_medianValue_dec_36 (TQWT),0.01097222222222222,0.005364520332991423
baseline_female,Boruta,80,tqwt_entropy_log_dec_33 (TQWT),0.010591985428051003,0.010185847292097509
baseline_female,Boruta,80,std_6th_delta (MFCC),0.009848816029143897,0.006180041287427749
baseline_female,Boruta,80,std_9th_delta_delta (MFCC),0.009474043715846996,0.007322969653579521
baseline_female,Boruta,80,std_7th_delta (MFCC),0.00912978142076503,0.006562340517859139
baseline_female,Boruta,80,tqwt_kurtosisValue_dec_26 (TQWT),0.00902614379084967,0.006918112994884021
baseline_female,Boruta,80,std_9th_delta (MFCC),0.008320582877959929,0.00733347788319293
baseline_female,Boruta,80,std_11th_delta (MFCC),0.008224358974358973,0.010323302872413566
baseline_female,Boruta,80,locAbsJitter (Baseline),0.008222813238770684,0.008167695461707045
baseline_female,Boruta,80,tqwt_TKEO_std_dec_12 (TQWT),0.007982695810564662,0.007136151742564602
baseline_female,Boruta,80,tqwt_entropy_log_dec_26 (TQWT),0.007699074074074074,0.0067751418114418965
baseline_female,Boruta,80,tqwt_meanValue_dec_5 (TQWT),0.007692307692307694,0.004396646771177193
baseline_female,Boruta,80,tqwt_entropy_log_dec_35 (TQWT),0.007677595628415302,0.008822149490394084
baseline_female,Boruta,80,std_4th_delta_delta (MFCC),0.007468553459119497,0.007301939536822487
baseline_female,Boruta,80,tqwt_skewnessValue_dec_26 (TQWT),0.007402777777777779,0.003939655963660225
baseline_female,Boruta,80,mean_MFCC_5th_coef (MFCC),0.007347222222222223,0.005571192476415924
baseline_female,Boruta,80,tqwt_TKEO_mean_dec_12 (TQWT),0.007239526411657559,0.007118726000235141
baseline_female,Boruta,80,tqwt_energy_dec_27 (TQWT),0.00712789351851852,0.005040346442113649
baseline_female,Boruta,80,std_8th_delta_delta (MFCC),0.0071142987249544635,0.0065539609256024785
baseline_female,Boruta,80,GNE_NSR_SEO (Vocal Fold),0.007055555555555555,0.006363942135167439
baseline_female,Boruta,80,tqwt_TKEO_std_dec_7 (TQWT),0.006909465020576131,0.004716719844217054
baseline_female,Boruta,80,DFA (Baseline),0.006901587301587303,0.005219743080835335
baseline_female,Boruta,80,tqwt_entropy_log_dec_28 (TQWT),0.006590811965811966,0.004665373974135074
baseline_female,Boruta,80,tqwt_meanValue_dec_36 (TQWT),0.006544025157232705,0.005271192694787693
baseline_female,Boruta,80,tqwt_energy_dec_6 (TQWT),0.006437242798353909,0.0066572141950844215
baseline_female,Boruta,80,b1 (Bandwidth),0.0063715277777777754,0.004966345315813458
baseline_female,Boruta,80,tqwt_stdValue_dec_12 (TQWT),0.006322859744990892,0.005146333200129842
baseline_female,Boruta,80,tqwt_stdValue_dec_26 (TQWT),0.005937499999999999,0.00580164900745243
baseline_female,Boruta,80,tqwt_entropy_shannon_dec_12 (TQWT),0.005849271402550092,0.004916623349437418
baseline_female,Boruta,80,locPctJitter (Baseline),0.005788461538461539,0.005826002326381502
baseline_female,Boruta,80,tqwt_entropy_log_dec_13 (TQWT),0.005665509259259261,0.004328684924286226
baseline_female,Boruta,80,tqwt_TKEO_mean_dec_26 (TQWT),0.005649470899470899,0.005192380287608603
baseline_female,Boruta,80,tqwt_minValue_dec_11 (TQWT),0.005588477366255144,0.004855403059274744
baseline_female,Boruta,80,tqwt_kurtosisValue_dec_33 (TQWT),0.005476495726495725,0.003937711661685392
baseline_female,Boruta,80,tqwt_kurtosisValue_dec_36 (TQWT),0.005473611111111112,0.005122624443295133
baseline_female,Boruta,80,tqwt_energy_dec_12 (TQWT),0.005424863387978142,0.006993564201466797
baseline_female,Boruta,80,std_10th_delta_delta (MFCC),0.005410746812386157,0.004106692001746909
baseline_female,Boruta,80,tqwt_TKEO_mean_dec_13 (TQWT),0.005405555555555556,0.004601180514832325
baseline_female,Boruta,80,tqwt_kurtosisValue_dec_18 (TQWT),0.005339120370370371,0.00438967276038448
baseline_female,Boruta,80,tqwt_kurtosisValue_dec_20 (TQWT),0.00527777777777778,0.004119295403587764
baseline_female,Boruta,80,tqwt_energy_dec_7 (TQWT),0.005243589743589743,0.003938991116472721
baseline_female,Boruta,80,tqwt_entropy_log_dec_34 (TQWT),0.005224586288416076,0.005551049466912136
baseline_female,Boruta,80,tqwt_TKEO_std_dec_13 (TQWT),0.005221064814814816,0.004860932052451323
baseline_female,Boruta,80,std_MFCC_6th_coef (MFCC),0.0051730769230769235,0.0038501365493384065
baseline_female,Boruta,80,tqwt_energy_dec_11 (TQWT),0.005024633123689729,0.0059714390141176995
baseline_female,Boruta,80,std_8th_delta (MFCC),0.005011384335154827,0.005577974272303109
baseline_female,Boruta,80,apq11Shimmer (Baseline),0.004922364672364672,0.004690596556236427
baseline_female,Boruta,80,tqwt_kurtosisValue_dec_23 (TQWT),0.004920138888888888,0.0032511117544424587
baseline_female,Boruta,80,tqwt_entropy_log_dec_11 (TQWT),0.0048957194899817875,0.0043440482085955676
baseline_female,Boruta,80,tqwt_TKEO_std_dec_14 (TQWT),0.004867521367521367,0.00376082938244181
baseline_female,Boruta,80,tqwt_stdValue_dec_11 (TQWT),0.004799635701275048,0.0045668469638388085
baseline_female,Boruta,80,mean_2nd_delta (MFCC),0.004773504273504273,0.004697945143431176
baseline_female,Boruta,80,std_11th_delta_delta (MFCC),0.004763205828779601,0.005425159847863475
baseline_female,Boruta,80,tqwt_stdValue_dec_13 (TQWT),0.004732539682539684,0.0038557901811516267
baseline_female,Boruta,80,tqwt_stdValue_dec_33 (TQWT),0.0046431623931623926,0.0038530665022967706
baseline_female,Boruta,80,tqwt_entropy_shannon_dec_11 (TQWT),0.0045418943533697635,0.0038308496452266728
baseline_female,Boruta,80,tqwt_minValue_dec_12 (TQWT),0.004492714025500913,0.00414746535116947
baseline_female,Boruta,80,tqwt_TKEO_std_dec_6 (TQWT),0.0044378306878306885,0.003701935477376613
baseline_female,Boruta,80,tqwt_maxValue_dec_12 (TQWT),0.004420765027322404,0.00346817756292187
baseline_female,Boruta,80,tqwt_maxValue_dec_13 (TQWT),0.004323495370370371,0.0039415492812257934
baseline_female,Boruta,80,GQ_std_cycle_open (Vocal Fold),0.004291005291005291,0.002834700572699111
baseline_female,Boruta,80,tqwt_kurtosisValue_dec_27 (TQWT),0.004273692810457515,0.004899243117193833
baseline_female,Boruta,80,RPDE (Baseline),0.004196581196581195,0.002877707469705752
baseline_female,Boruta,80,std_10th_delta (MFCC),0.004183515482695812,0.003661175418657615
baseline_female,Boruta,80,tqwt_entropy_shannon_dec_36 (TQWT),0.004114583333333332,0.00390809855787459
baseline_female,Boruta,80,tqwt_kurtosisValue_dec_17 (TQWT),0.004094328703703703,0.004467640204198554
baseline_female,Boruta,80,tqwt_minValue_dec_13 (TQWT),0.004091269841269842,0.003241601092999498
baseline_female,Boruta,80,std_4th_delta (MFCC),0.004079140461215933,0.0036876526237776116
baseline_female,Boruta,80,tqwt_TKEO_mean_dec_11 (TQWT),0.004067395264116576,0.003516498978943264
baseline_female,Boruta,80,det_LT_TKEO_std_4_coef (Wavelet),0.003995726495726495,0.002692243998633436
baseline_female,Boruta,80,meanIntensity (Intensity),0.003908730158730158,0.0030566944486456198
baseline_female,Boruta,80,std_MFCC_4th_coef (MFCC),0.003899572649572649,0.002941952116107492
baseline_female,Boruta,80,tqwt_maxValue_dec_11 (TQWT),0.0038831236897274644,0.0030442268009064485
baseline_female,Boruta,80,tqwt_energy_dec_13 (TQWT),0.0037815656565656575,0.0028436149757863423
baseline_female,Boruta,80,tqwt_skewnessValue_dec_23 (TQWT),0.00367063492063492,0.003168090589865316
baseline_female,Boruta,80,tqwt_TKEO_std_dec_11 (TQWT),0.003664389799635701,0.003514710677809115
baseline_female,Boruta,80,tqwt_entropy_log_dec_19 (TQWT),0.0036369047619047618,0.003309266604252756
baseline_female,Boruta,80,tqwt_kurtosisValue_dec_34 (TQWT),0.003604700854700855,0.00332769512130078
baseline_female,Boruta,80,std_12th_delta (MFCC),0.0035968253968253973,0.0037079939329931148
baseline_female,Boruta,80,std_Log_energy (MFCC),0.0035928961748633885,0.00403266999981337
baseline_female,Boruta,80,tqwt_kurtosisValue_dec_16 (TQWT),0.003585714285714286,0.0029817907665171117
baseline_female,Boruta,80,rapJitter (Baseline),0.0035641025641025637,0.0025119096937768893
baseline_female,Boruta,80,ppq5Jitter (Baseline),0.0035608974358974353,0.003073536399564609
baseline_female,Boruta,80,minIntensity (Intensity),0.0034930555555555557,0.003037281256213477
baseline_female,Boruta,80,tqwt_meanValue_dec_11 (TQWT),0.0034188034188034197,0.0033530524515671895
baseline_female,Boruta,80,std_5th_delta_delta (MFCC),0.0033286163522012586,0.002441369005715061
baseline_female,Boruta,80,tqwt_stdValue_dec_6 (TQWT),0.0033214285714285715,0.003160532906642209
baseline_female,Boruta,80,tqwt_entropy_shannon_dec_6 (TQWT),0.003226190476190476,0.002479557692252057
baseline_female,Boruta,80,tqwt_energy_dec_34 (TQWT),0.003224358974358975,0.0036955598063300615
baseline_female,Boruta,80,tqwt_energy_dec_1 (TQWT),0.003202991452991454,0.002693271965233715
baseline_female,Boruta,80,tqwt_kurtosisValue_dec_35 (TQWT),0.0031314102564102566,0.0030651825309704686
baseline_female,Boruta,80,ddpJitter (Baseline),0.0031185897435897438,0.0023779912018449174
baseline_female,Boruta,80,tqwt_entropy_shannon_dec_35 (TQWT),0.0031143790849673205,0.004164020860599507
baseline_female,Boruta,80,tqwt_entropy_shannon_dec_18 (TQWT),0.0030854700854700853,0.002230210970702317
baseline_female,Boruta,80,std_12th_delta_delta (MFCC),0.0030206349206349198,0.003673561390502428
baseline_female,Boruta,80,tqwt_TKEO_mean_dec_35 (TQWT),0.0029465811965811964,0.002303534768843838
baseline_female,Boruta,80,tqwt_stdValue_dec_19 (TQWT),0.002946428571428571,0.002785884374818267
baseline_female,Boruta,80,tqwt_entropy_shannon_dec_13 (TQWT),0.002925925925925925,0.002406801063242389
baseline_female,Boruta,80,tqwt_TKEO_mean_dec_28 (TQWT),0.002912393162393163,0.00246705922332262
baseline_female,Boruta,80,tqwt_entropy_log_dec_5 (TQWT),0.0028482905982905983,0.00225713329682824
baseline_female,Boruta,80,tqwt_TKEO_mean_dec_16 (TQWT),0.002843750000000001,0.0029626130266415954
baseline_female,Boruta,80,std_MFCC_8th_coef (MFCC),0.0028293650793650795,0.0022139330001449695
baseline_female,Boruta,80,tqwt_entropy_shannon_dec_16 (TQWT),0.0026909722222222213,0.002039500467085102
baseline_female,Boruta,80,tqwt_stdValue_dec_34 (TQWT),0.0026794871794871803,0.0026004729882195972
baseline_female,Boruta,80,tqwt_entropy_shannon_dec_34 (TQWT),0.002663398692810458,0.002437615773249549
baseline_female,Boruta,80,tqwt_entropy_log_dec_16 (TQWT),0.002619949494949495,0.0022578028299971376
baseline_female,Boruta,80,std_5th_delta (MFCC),0.0026172839506172843,0.0027271156423985398
baseline_female,Boruta,80,meanHarmToNoiseHarmonicity (Baseline),0.00260042735042735,0.0022557190013980494
baseline_female,Boruta,80,tqwt_TKEO_mean_dec_5 (TQWT),0.0025734126984126985,0.002146001417049557
baseline_female,Boruta,80,tqwt_stdValue_dec_28 (TQWT),0.0025726495726495734,0.0017921565812799984
baseline_female,Boruta,80,tqwt_entropy_shannon_dec_7 (TQWT),0.002564102564102564,0.0022915603311387538
baseline_female,Boruta,80,tqwt_TKEO_mean_dec_6 (TQWT),0.0025582010582010577,0.002420956418931022
baseline_female,Boruta,80,tqwt_entropy_log_dec_8 (TQWT),0.0025099206349206353,0.0020621779194344683
baseline_female,Boruta,80,tqwt_stdValue_dec_35 (TQWT),0.002492063492063492,0.002591255134988289
baseline_female,Boruta,80,tqwt_entropy_shannon_dec_17 (TQWT),0.0024785353535353534,0.002071086681839738
baseline_female,Boruta,80,GNE_std (Vocal Fold),0.002446581196581196,0.00328739926568008
baseline_female,Boruta,80,tqwt_TKEO_std_dec_19 (TQWT),0.002412698412698413,0.0019259164251399785
baseline_female,Boruta,80,mean_delta_log_energy (MFCC),0.0023974358974358976,0.001983741776348786
baseline_female,Boruta,80,tqwt_entropy_log_dec_17 (TQWT),0.002393004115226337,0.002412486016504786
baseline_female,Boruta,80,maxIntensity (Intensity),0.0023696581196581204,0.0019134685224381886
baseline_female,Boruta,80,tqwt_stdValue_dec_17 (TQWT),0.0023253968253968255,0.0022201319295049723
baseline_female,Boruta,80,tqwt_TKEO_mean_dec_17 (TQWT),0.0023234126984126987,0.0017423289877412803
baseline_female,Boruta,80,std_MFCC_7th_coef (MFCC),0.0023205128205128203,0.001986928646903418
baseline_female,Boruta,80,tqwt_entropy_shannon_dec_19 (TQWT),0.0023095238095238104,0.0034263275949496658
baseline_female,Boruta,80,tqwt_stdValue_dec_14 (TQWT),0.00227991452991453,0.0016767000138137227
baseline_female,Boruta,80,locDbShimmer (Baseline),0.002267094017094017,0.0021621397503048456
baseline_female,Boruta,80,tqwt_TKEO_mean_dec_19 (TQWT),0.0022261904761904767,0.0017764340996888645
baseline_female,Boruta,80,tqwt_TKEO_mean_dec_7 (TQWT),0.002217948717948718,0.001782208791434992
baseline_female,Boruta,80,tqwt_kurtosisValue_dec_28 (TQWT),0.002213675213675214,0.001861530006552128
baseline_female,Boruta,80,tqwt_energy_dec_16 (TQWT),0.0021701388888888886,0.0022812032781791055
baseline_female,Boruta,80,tqwt_entropy_log_dec_18 (TQWT),0.0020082304526748973,0.001741072314720103
baseline_female,Boruta,80,tqwt_stdValue_dec_7 (TQWT),0.001995726495726496,0.0014284206454632123
baseline_female,Boruta,80,f2 (Formant Frequency),0.001972222222222222,0.0020597841624554474
baseline_female,Boruta,80,tqwt_stdValue_dec_16 (TQWT),0.0019687500000000004,0.0019088744625951684
baseline_female,Boruta,80,Ed_1_coef (Wavelet),0.0019529914529914532,0.0020255354504077126
baseline_female,Boruta,80,tqwt_entropy_log_dec_6 (TQWT),0.00189021164021164,0.0017746564861231527
baseline_female,Boruta,80,tqwt_energy_dec_17 (TQWT),0.0018869047619047622,0.0017419081833823734
baseline_female,Boruta,80,tqwt_energy_dec_10 (TQWT),0.0018098290598290597,0.00174175533836175
baseline_female,Boruta,80,tqwt_energy_dec_15 (TQWT),0.0017361111111111112,0.0016573617323148047
baseline_female,Boruta,80,tqwt_stdValue_dec_36 (TQWT),0.0017051282051282052,0.0016149828507354524
baseline_female,Boruta,80,mean_MFCC_1st_coef (MFCC),0.0016410256410256412,0.0013534939349497776
baseline_female,Boruta,80,tqwt_energy_dec_28 (TQWT),0.0016100427350427353,0.0016772242809131148
baseline_female,Boruta,80,tqwt_kurtosisValue_dec_22 (TQWT),0.0016068376068376071,0.001259874234708801
baseline_female,Boruta,80,det_LT_TKEO_mean_1_coef (Wavelet),0.001525720164609054,0.0024923326860517947
baseline_female,Boruta,80,tqwt_entropy_log_dec_9 (TQWT),0.00151984126984127,0.0014277337060570807
baseline_female,Boruta,80,tqwt_TKEO_mean_dec_36 (TQWT),0.001482905982905983,0.0013586847853804599
baseline_female,Boruta,80,Ed2_1_coef (Wavelet),0.0014700854700854704,0.001416442200129785
baseline_female,Boruta,80,det_TKEO_std_1_coef (Wavelet),0.0014529914529914526,0.001488749883753552
baseline_female,Boruta,80,det_LT_TKEO_std_1_coef (Wavelet),0.001371794871794872,0.0010690190095604677
baseline_female,Boruta,80,det_TKEO_mean_1_coef (Wavelet),0.0005876068376068377,0.0006123573303076399
baseline,Boruta,90,std_delta_delta_log_energy (MFCC),0.01589263668430334,0.01433744138007668
baseline,Boruta,90,std_7th_delta_delta (MFCC),0.011973104056437391,0.007388295718173438
baseline,Boruta,90,std_6th_delta_delta (MFCC),0.010554673721340387,0.008242147121043425
baseline,Boruta,90,tqwt_entropy_log_dec_27 (TQWT),0.010488977072310404,0.010076529627913852
baseline,Boruta,90,std_delta_log_energy (MFCC),0.010278659611992943,0.008849752838041944
baseline,Boruta,90,tqwt_energy_dec_26 (TQWT),0.009874118165784831,0.0075413008737311065
baseline,Boruta,90,std_9th_delta_delta (MFCC),0.009266534391534392,0.007079147729774982
baseline,Boruta,90,std_6th_delta (MFCC),0.008998236331569664,0.006432881852141947
baseline,Boruta,90,tqwt_entropy_log_dec_12 (TQWT),0.008851410934744263,0.00831080643050903
baseline,Boruta,90,tqwt_energy_dec_25 (TQWT),0.008532222222222219,0.008198920374374835
baseline,Boruta,90,b1 (Bandwidth),0.008257080610021787,0.005729240013186146
baseline,Boruta,90,tqwt_entropy_log_dec_33 (TQWT),0.007843474426807759,0.006923202186543035
baseline,Boruta,90,tqwt_energy_dec_27 (TQWT),0.007681793179317931,0.007832791166545651
baseline,Boruta,90,tqwt_medianValue_dec_36 (TQWT),0.007532679738562094,0.005064281915966903
baseline,Boruta,90,mean_MFCC_5th_coef (MFCC),0.0072962962962962955,0.00703581061757257
baseline,Boruta,90,std_7th_delta (MFCC),0.007132716049382715,0.004370096346322963
baseline,Boruta,90,tqwt_kurtosisValue_dec_18 (TQWT),0.007023377337733771,0.005961650774855021
baseline,Boruta,90,app_LT_TKEO_std_2_coef (Wavelet),0.006739229024943311,0.005553910000756528
baseline,Boruta,90,locAbsJitter (Baseline),0.006682144831398559,0.006917634921809363
baseline,Boruta,90,mean_MFCC_2nd_coef (MFCC),0.006491843033509698,0.0073551581444689955
baseline,Boruta,90,std_9th_delta (MFCC),0.006462301587301588,0.006153393391984495
baseline,Boruta,90,tqwt_skewnessValue_dec_25 (TQWT),0.006400226757369613,0.0057989744758069044
baseline,Boruta,90,tqwt_stdValue_dec_12 (TQWT),0.006399250440917105,0.006678435375857091
baseline,Boruta,90,tqwt_TKEO_mean_dec_12 (TQWT),0.0063205467372134,0.006090178193547325
baseline,Boruta,90,tqwt_TKEO_std_dec_12 (TQWT),0.00612874779541446,0.005769565897428566
baseline,Boruta,90,tqwt_entropy_log_dec_28 (TQWT),0.005978333333333333,0.0062233297923975075
baseline,Boruta,90,tqwt_TKEO_std_dec_19 (TQWT),0.005976034858387797,0.004996432144462236
baseline,Boruta,90,tqwt_TKEO_mean_dec_26 (TQWT),0.005956971677559914,0.005263845517626756
baseline,Boruta,90,tqwt_stdValue_dec_7 (TQWT),0.005743333333333333,0.003391749321530764
baseline,Boruta,90,tqwt_kurtosisValue_dec_34 (TQWT),0.005717037037037035,0.004960677456021372
baseline,Boruta,90,tqwt_kurtosisValue_dec_20 (TQWT),0.0056818783068783045,0.005068916887254637
baseline,Boruta,90,tqwt_entropy_shannon_dec_19 (TQWT),0.005652505446623094,0.0071771635619842546
baseline,Boruta,90,tqwt_skewnessValue_dec_26 (TQWT),0.005612200435729847,0.005441637115572198
baseline,Boruta,90,tqwt_meanValue_dec_36 (TQWT),0.005610558319513543,0.00484483614250748
baseline,Boruta,90,tqwt_energy_dec_6 (TQWT),0.005558855885588559,0.00483281201536445
baseline,Boruta,90,tqwt_kurtosisValue_dec_17 (TQWT),0.005549229922992297,0.003923020326042783
baseline,Boruta,90,GNE_NSR_SEO (Vocal Fold),0.005532679738562091,0.004730301522522644
baseline,Boruta,90,app_det_TKEO_mean_3_coef (Wavelet),0.005530612244897959,0.004235909600085036
baseline,Boruta,90,tqwt_entropy_log_dec_35 (TQWT),0.0054700176366843,0.00720712573148791
baseline,Boruta,90,DFA (Baseline),0.005465141612200437,0.004296703892031356
baseline,Boruta,90,std_8th_delta_delta (MFCC),0.005458774250440917,0.005143277346757911
baseline,Boruta,90,mean_delta_log_energy (MFCC),0.005450980392156863,0.003260547569141783
baseline,Boruta,90,std_4th_delta_delta (MFCC),0.005440917107583777,0.005861728413757477
baseline,Boruta,90,tqwt_energy_dec_11 (TQWT),0.005428689883913763,0.005803648611567342
baseline,Boruta,90,rapJitter (Baseline),0.005297385620915032,0.0040727100073864285
baseline,Boruta,90,tqwt_kurtosisValue_dec_26 (TQWT),0.005252349364289662,0.0058505860598370395
baseline,Boruta,90,std_4th_delta (MFCC),0.005222222222222221,0.0038266709883021267
baseline,Boruta,90,tqwt_entropy_log_dec_11 (TQWT),0.004911816578483244,0.003977735866859852
baseline,Boruta,90,std_10th_delta_delta (MFCC),0.004872134038800705,0.003698731095459695
baseline,Boruta,90,tqwt_entropy_shannon_dec_26 (TQWT),0.004757080610021787,0.003580832814208599
baseline,Boruta,90,tqwt_entropy_log_dec_1 (TQWT),0.00461437908496732,0.00441618958811283
baseline,Boruta,90,std_8th_delta (MFCC),0.004559964726631394,0.004465830279696527
baseline,Boruta,90,tqwt_minValue_dec_7 (TQWT),0.004508888888888889,0.003138951283918535
baseline,Boruta,90,std_11th_delta_delta (MFCC),0.0044907407407407405,0.0042434023007018986
baseline,Boruta,90,tqwt_stdValue_dec_19 (TQWT),0.0044858387799564265,0.0037533585210165303
baseline,Boruta,90,tqwt_stdValue_dec_11 (TQWT),0.004463624338624339,0.004354951121157252
baseline,Boruta,90,ppq5Jitter (Baseline),0.004408140814081408,0.0044526673998271215
baseline,Boruta,90,tqwt_meanValue_dec_5 (TQWT),0.004386621315192744,0.004167031326260058
baseline,Boruta,90,tqwt_maxValue_dec_12 (TQWT),0.004340828924162256,0.004621224951007019
baseline,Boruta,90,std_MFCC_6th_coef (MFCC),0.004320000000000001,0.003636879208925311
baseline,Boruta,90,tqwt_entropy_log_dec_34 (TQWT),0.004267857142857141,0.0059669013526569125
baseline,Boruta,90,tqwt_entropy_log_dec_13 (TQWT),0.004262299613045881,0.0038688438161019623
baseline,Boruta,90,std_MFCC_4th_coef (MFCC),0.004239273927392739,0.0029192671322683713
baseline,Boruta,90,tqwt_entropy_shannon_dec_12 (TQWT),0.004225088183421517,0.004333070588860577
baseline,Boruta,90,tqwt_energy_dec_19 (TQWT),0.004135076252723312,0.0038451263883319477
baseline,Boruta,90,std_11th_delta (MFCC),0.004109477124183006,0.0049524420443793
baseline,Boruta,90,tqwt_kurtosisValue_dec_33 (TQWT),0.004093888888888889,0.004491018708490303
baseline,Boruta,90,det_LT_TKEO_std_1_coef (Wavelet),0.004065759637188209,0.004776096215747074
baseline,Boruta,90,tqwt_TKEO_std_dec_13 (TQWT),0.004062189054726369,0.0034118456166717962
baseline,Boruta,90,apq11Shimmer (Baseline),0.004050740740740741,0.0041564707554308305
baseline,Boruta,90,std_12th_delta_delta (MFCC),0.004046840958605665,0.0036708883422647853
baseline,Boruta,90,tqwt_minValue_dec_13 (TQWT),0.004021707137601178,0.00400826729590461
baseline,Boruta,90,tqwt_maxValue_dec_13 (TQWT),0.004018518518518517,0.0034937424652656864
baseline,Boruta,90,tqwt_stdValue_dec_26 (TQWT),0.003998910675381263,0.003281648300354966
baseline,Boruta,90,tqwt_entropy_log_dec_26 (TQWT),0.003967159277504106,0.004021894771041766
baseline,Boruta,90,tqwt_entropy_shannon_dec_36 (TQWT),0.0038795379537953797,0.0031637420105205104
baseline,Boruta,90,det_LT_TKEO_std_4_coef (Wavelet),0.003877551020408162,0.0027748686347485356
baseline,Boruta,90,locPctJitter (Baseline),0.0038748148148148157,0.004182221333352174
baseline,Boruta,90,tqwt_kurtosisValue_dec_27 (TQWT),0.003874634502923977,0.0043169951068498065
baseline,Boruta,90,tqwt_minValue_dec_12 (TQWT),0.0038727954144620806,0.004690073032738763
baseline,Boruta,90,tqwt_energy_dec_7 (TQWT),0.0038177777777777784,0.0033055523909772473
baseline,Boruta,90,tqwt_stdValue_dec_13 (TQWT),0.003809050772626932,0.003385146571762172
baseline,Boruta,90,tqwt_energy_dec_12 (TQWT),0.0037808641975308633,0.004996441242995329
baseline,Boruta,90,tqwt_entropy_shannon_dec_11 (TQWT),0.0036686507936507934,0.003731963703635362
baseline,Boruta,90,tqwt_TKEO_mean_dec_13 (TQWT),0.0036404090657822003,0.004481896406958595
baseline,Boruta,90,tqwt_kurtosisValue_dec_23 (TQWT),0.0036318082788671024,0.002374915633679384
baseline,Boruta,90,GQ_std_cycle_open (Vocal Fold),0.0036232123212321227,0.0032452830239961166
baseline,Boruta,90,tqwt_maxValue_dec_11 (TQWT),0.003619402985074627,0.004573214479212781
baseline,Boruta,90,det_TKEO_std_1_coef (Wavelet),0.0036000000000000003,0.004659470322238145
baseline,Boruta,90,std_Log_energy (MFCC),0.003594356261022927,0.003653909641795774
baseline,Boruta,90,tqwt_TKEO_mean_dec_19 (TQWT),0.0035751633986928115,0.0035701481807252403
baseline,Boruta,90,tqwt_TKEO_mean_dec_7 (TQWT),0.0035722222222222227,0.0028623280644947797
baseline,Boruta,90,tqwt_TKEO_mean_dec_16 (TQWT),0.0035566448801742905,0.0027081587932080028
baseline,Boruta,90,tqwt_maxValue_dec_7 (TQWT),0.003554444444444445,0.002913012838653577
baseline,Boruta,90,tqwt_energy_dec_10 (TQWT),0.003522222222222222,0.0029816532373567388
baseline,Boruta,90,tqwt_TKEO_std_dec_6 (TQWT),0.0034829482948294833,0.0031807203598008264
baseline,Boruta,90,tqwt_meanValue_dec_11 (TQWT),0.0034194444444444454,0.004532828729813085
baseline,Boruta,90,mean_2nd_delta (MFCC),0.0033822222222222227,0.0028637690643260163
baseline,Boruta,90,det_TKEO_mean_1_coef (Wavelet),0.003337777777777778,0.005767750433736816
baseline,Boruta,90,tqwt_TKEO_mean_dec_36 (TQWT),0.0032970297029702987,0.0033563447401801965
baseline,Boruta,90,tqwt_entropy_shannon_dec_34 (TQWT),0.0032907407407407408,0.00483970735988437
baseline,Boruta,90,tqwt_energy_dec_34 (TQWT),0.003238888888888889,0.002859526033709014
baseline,Boruta,90,std_5th_delta_delta (MFCC),0.003233278054173577,0.0025205200667825613
baseline,Boruta,90,tqwt_kurtosisValue_dec_36 (TQWT),0.003191885964912281,0.00274307385322685
baseline,Boruta,90,tqwt_entropy_log_dec_16 (TQWT),0.003182461873638344,0.0022833094337624204
baseline,Boruta,90,det_LT_entropy_shannon_3_coef (Wavelet),0.0031689342403628117,0.002275120750015897
baseline,Boruta,90,tqwt_kurtosisValue_dec_35 (TQWT),0.0031431199411331876,0.002794996561772792
baseline,Boruta,90,tqwt_entropy_shannon_dec_33 (TQWT),0.003069444444444444,0.005328078137161584
baseline,Boruta,90,det_LT_TKEO_mean_1_coef (Wavelet),0.0030506050605060503,0.003706065494591591
baseline,Boruta,90,meanIntensity (Intensity),0.00301,0.0027360150805497965
baseline,Boruta,90,tqwt_stdValue_dec_27 (TQWT),0.0029838888888888884,0.0036583237997283827
baseline,Boruta,90,std_5th_delta (MFCC),0.002982948294829483,0.002732759664649444
baseline,Boruta,90,maxIntensity (Intensity),0.002926111111111112,0.0024901522257225863
baseline,Boruta,90,minIntensity (Intensity),0.002910891089108911,0.002426010456385468
baseline,Boruta,90,tqwt_stdValue_dec_6 (TQWT),0.002883771929824562,0.002401874482193345
baseline,Boruta,90,tqwt_minValue_dec_11 (TQWT),0.002883333333333334,0.00351840091712279
baseline,Boruta,90,det_LT_entropy_shannon_4_coef (Wavelet),0.0028718820861678004,0.001953616249090486
baseline,Boruta,90,locDbShimmer (Baseline),0.0027952069716775593,0.002289412506360215
baseline,Boruta,90,tqwt_stdValue_dec_14 (TQWT),0.0027788888888888898,0.0021730242868706856
baseline,Boruta,90,tqwt_kurtosisValue_dec_16 (TQWT),0.00277262693156733,0.0024224564540504395
baseline,Boruta,90,tqwt_TKEO_mean_dec_5 (TQWT),0.002772331154684096,0.0019698709803154077
baseline,Boruta,90,std_10th_delta (MFCC),0.0027658730158730185,0.0027329385305323362
baseline,Boruta,90,tqwt_entropy_shannon_dec_35 (TQWT),0.002762222222222222,0.004108013908533511
baseline,Boruta,90,tqwt_skewnessValue_dec_23 (TQWT),0.002748366013071896,0.0020048477110955944
baseline,Boruta,90,tqwt_entropy_log_dec_19 (TQWT),0.00274074074074074,0.0026097887655727394
baseline,Boruta,90,tqwt_TKEO_std_dec_7 (TQWT),0.002733773377337734,0.0023356752258895373
baseline,Boruta,90,tqwt_entropy_log_dec_18 (TQWT),0.002645102339181287,0.002796794849517052
baseline,Boruta,90,tqwt_energy_dec_1 (TQWT),0.002630718954248366,0.0021605802820406283
baseline,Boruta,90,meanHarmToNoiseHarmonicity (Baseline),0.002622004357298476,0.0024394724390086157
baseline,Boruta,90,tqwt_TKEO_mean_dec_9 (TQWT),0.0025904139433551208,0.0017073956485311238
baseline,Boruta,90,std_12th_delta (MFCC),0.0025551924473493103,0.002353490399420832
baseline,Boruta,90,tqwt_stdValue_dec_33 (TQWT),0.0025299999999999997,0.005349702096680294
baseline,Boruta,90,ddpJitter (Baseline),0.0025248148148148157,0.0027726148753471095
baseline,Boruta,90,Ed_1_coef (Wavelet),0.0024740740740740743,0.0030315620017896425
baseline,Boruta,90,GNE_std (Vocal Fold),0.0024727668845315903,0.002812322607553165
baseline,Boruta,90,tqwt_TKEO_mean_dec_11 (TQWT),0.002463403880070547,0.002784916472634199
baseline,Boruta,90,tqwt_entropy_shannon_dec_17 (TQWT),0.0024624183006535954,0.001963265586900021
baseline,Boruta,90,RPDE (Baseline),0.0024217687074829927,0.002378021679673853
baseline,Boruta,90,std_MFCC_8th_coef (MFCC),0.0024039735099337747,0.0024271416573132796
baseline,Boruta,90,tqwt_entropy_shannon_dec_18 (TQWT),0.002401540154015402,0.0017833146139341774
baseline,Boruta,90,Ed2_1_coef (Wavelet),0.00236,0.0020868881600348155
baseline,Boruta,90,mean_MFCC_1st_coef (MFCC),0.002348072562358276,0.003169784884479816
baseline,Boruta,90,tqwt_entropy_shannon_dec_6 (TQWT),0.002342684268426843,0.002314852033690058
baseline,Boruta,90,tqwt_energy_dec_13 (TQWT),0.0023300653594771252,0.0021553483769337443
baseline,Boruta,90,tqwt_TKEO_mean_dec_28 (TQWT),0.002311546840958606,0.002008451879232015
baseline,Boruta,90,tqwt_TKEO_std_dec_11 (TQWT),0.0022980599647266318,0.002367754138475945
baseline,Boruta,90,tqwt_entropy_log_dec_17 (TQWT),0.0022864923747276684,0.0024456085207978364
baseline,Boruta,90,f1 (Formant Frequency),0.002264705882352941,0.0019050495968053612
baseline,Boruta,90,tqwt_TKEO_std_dec_14 (TQWT),0.002264172335600907,0.0019310649912777191
baseline,Boruta,90,tqwt_stdValue_dec_8 (TQWT),0.002226579520697167,0.0014224102325098055
baseline,Boruta,90,tqwt_entropy_shannon_dec_13 (TQWT),0.002208333333333333,0.0018421610211369573
baseline,Boruta,90,tqwt_entropy_shannon_dec_7 (TQWT),0.0021655555555555555,0.0016623542269740088
baseline,Boruta,90,std_MFCC_7th_coef (MFCC),0.0021555555555555555,0.0016836568748662432
baseline,Boruta,90,tqwt_entropy_shannon_dec_16 (TQWT),0.0021535947712418304,0.0020027876599212195
baseline,Boruta,90,tqwt_entropy_log_dec_9 (TQWT),0.002143790849673203,0.0025477213491524953
baseline,Boruta,90,tqwt_stdValue_dec_16 (TQWT),0.002137254901960784,0.0021324146225495215
baseline,Boruta,90,tqwt_TKEO_mean_dec_34 (TQWT),0.0021167800453514734,0.002275992680375127
baseline,Boruta,90,tqwt_stdValue_dec_34 (TQWT),0.002107709750566893,0.0017856823944387157
baseline,Boruta,90,tqwt_entropy_log_dec_8 (TQWT),0.0020708061002178645,0.0025769369603056724
baseline,Boruta,90,tqwt_TKEO_std_dec_5 (TQWT),0.002064270152505446,0.0018488304528800205
baseline,Boruta,90,tqwt_stdValue_dec_28 (TQWT),0.0019978213507625274,0.0015276433002078074
baseline,Boruta,90,tqwt_TKEO_mean_dec_17 (TQWT),0.0019618736383442263,0.0018844059137219813
baseline,Boruta,90,tqwt_energy_dec_17 (TQWT),0.0019324618736383447,0.001900815259504813
baseline,Boruta,90,tqwt_stdValue_dec_35 (TQWT),0.001899444444444444,0.0023989382922479743
baseline,Boruta,90,tqwt_entropy_log_dec_6 (TQWT),0.0018954895489548948,0.001980145612101767
baseline,Boruta,90,tqwt_entropy_shannon_dec_8 (TQWT),0.0018769063180827889,0.0015170535512225897
baseline,Boruta,90,tqwt_TKEO_mean_dec_6 (TQWT),0.0018536853685368537,0.002146717505709113
baseline,Boruta,90,tqwt_kurtosisValue_dec_28 (TQWT),0.0017690631808278867,0.0013524025868604489
baseline,Boruta,90,tqwt_energy_dec_16 (TQWT),0.001747276688453159,0.0014563714341060763
baseline,Boruta,90,f2 (Formant Frequency),0.001741830065359477,0.002471766093905128
baseline,Boruta,90,tqwt_entropy_log_dec_5 (TQWT),0.001677777777777778,0.0017647499909193693
baseline,Boruta,90,tqwt_energy_dec_28 (TQWT),0.001565555555555555,0.0014298142830221343
baseline,Boruta,90,tqwt_stdValue_dec_17 (TQWT),0.0015185185185185184,0.00123936345249544
baseline,Boruta,90,tqwt_entropy_shannon_dec_10 (TQWT),0.0014711111111111108,0.002063111854574108
baseline,Boruta,90,tqwt_kurtosisValue_dec_22 (TQWT),0.0014270152505446625,0.0014026434506387191
baseline,Boruta,90,tqwt_TKEO_mean_dec_35 (TQWT),0.0014138321995464855,0.0013832485727314882
baseline,Boruta,90,tqwt_stdValue_dec_36 (TQWT),0.0013188888888888888,0.0015196864578430737
baseline,Boruta,90,tqwt_energy_dec_15 (TQWT),0.0007995642701525056,0.0008865382683720307
baseline_male,Boruta,90,std_delta_delta_log_energy (MFCC),0.012933333333333333,0.013054320409281605
baseline_male,Boruta,90,std_7th_delta_delta (MFCC),0.01068974358974359,0.0064354756827618605
baseline_male,Boruta,90,tqwt_entropy_shannon_dec_19 (TQWT),0.00990338164251208,0.011185687845605707
baseline_male,Boruta,90,std_6th_delta_delta (MFCC),0.009428205128205129,0.007215585176207571
baseline_male,Boruta,90,std_delta_log_energy (MFCC),0.008814957264957264,0.008094390395959546
baseline_male,Boruta,90,std_6th_delta (MFCC),0.008740598290598289,0.006149988208783622
baseline_male,Boruta,90,mean_MFCC_5th_coef (MFCC),0.008663793103448275,0.007278024792077501
baseline_male,Boruta,90,GNE_NSR_SEO (Vocal Fold),0.008384444444444443,0.007292627264053224
baseline_male,Boruta,90,b1 (Bandwidth),0.008144444444444444,0.00677244080195275
baseline_male,Boruta,90,tqwt_kurtosisValue_dec_18 (TQWT),0.008020964360587005,0.007212809469830558
baseline_male,Boruta,90,tqwt_TKEO_std_dec_19 (TQWT),0.007611111111111109,0.007495950250135432
baseline_male,Boruta,90,tqwt_energy_dec_25 (TQWT),0.007340038314176245,0.006487460341400686
baseline_male,Boruta,90,std_9th_delta_delta (MFCC),0.0069384615384615374,0.006335829294225074
baseline_male,Boruta,90,tqwt_kurtosisValue_dec_20 (TQWT),0.006794444444444445,0.007006911788754449
baseline_male,Boruta,90,tqwt_TKEO_mean_dec_19 (TQWT),0.006731884057971014,0.005945711462627267
baseline_male,Boruta,90,tqwt_energy_dec_26 (TQWT),0.006593589743589743,0.0071422284306045525
baseline_male,Boruta,90,std_7th_delta (MFCC),0.006227777777777779,0.003975831788201543
baseline_male,Boruta,90,tqwt_stdValue_dec_7 (TQWT),0.006099537037037037,0.004916967820984753
baseline_male,Boruta,90,det_LT_TKEO_std_1_coef (Wavelet),0.006002415458937197,0.004865217078097585
baseline_male,Boruta,90,tqwt_entropy_log_dec_12 (TQWT),0.005934188034188035,0.007622732756718403
baseline_male,Boruta,90,tqwt_kurtosisValue_dec_17 (TQWT),0.0059208595387840665,0.003765926557176397
baseline_male,Boruta,90,tqwt_stdValue_dec_19 (TQWT),0.005905797101449276,0.005433682042586418
baseline_male,Boruta,90,tqwt_kurtosisValue_dec_34 (TQWT),0.005738425925925926,0.005782971509059237
baseline_male,Boruta,90,tqwt_entropy_log_dec_33 (TQWT),0.005631623931623932,0.005706603303500409
baseline_male,Boruta,90,tqwt_energy_dec_6 (TQWT),0.005491725768321513,0.004531211261077306
baseline_male,Boruta,90,std_4th_delta (MFCC),0.005483625730994154,0.0032645372647130575
baseline_male,Boruta,90,std_4th_delta_delta (MFCC),0.005458974358974359,0.005311372747691703
baseline_male,Boruta,90,std_8th_delta_delta (MFCC),0.00540854700854701,0.004578994786646876
baseline_male,Boruta,90,tqwt_medianValue_dec_36 (TQWT),0.005333333333333334,0.004013958378192513
baseline_male,Boruta,90,tqwt_entropy_log_dec_1 (TQWT),0.005320634920634922,0.004743793473168549
baseline_male,Boruta,90,std_9th_delta (MFCC),0.005318376068376068,0.004992552715537479
baseline_male,Boruta,90,tqwt_kurtosisValue_dec_23 (TQWT),0.005295238095238096,0.003240721233733952
baseline_male,Boruta,90,tqwt_energy_dec_19 (TQWT),0.005065079365079364,0.0035546327690654795
baseline_male,Boruta,90,tqwt_entropy_log_dec_35 (TQWT),0.0049880341880341895,0.005804427031222109
baseline_male,Boruta,90,tqwt_entropy_log_dec_27 (TQWT),0.004930341880341881,0.00739416845247736
baseline_male,Boruta,90,DFA (Baseline),0.004827309236947792,0.004140410211326291
baseline_male,Boruta,90,tqwt_meanValue_dec_5 (TQWT),0.004729468599033815,0.004715180380499753
baseline_male,Boruta,90,mean_delta_log_energy (MFCC),0.004728888888888888,0.0029716848606322487
baseline_male,Boruta,90,tqwt_energy_dec_11 (TQWT),0.0046953216374269,0.005896311406973043
baseline_male,Boruta,90,tqwt_meanValue_dec_36 (TQWT),0.004640935672514621,0.004008002643889065
baseline_male,Boruta,90,mean_MFCC_2nd_coef (MFCC),0.0045730769230769245,0.00585660081802915
baseline_male,Boruta,90,tqwt_skewnessValue_dec_25 (TQWT),0.004478260869565218,0.003183509522313182
baseline_male,Boruta,90,tqwt_skewnessValue_dec_26 (TQWT),0.004468599033816426,0.0027490752102658812
baseline_male,Boruta,90,tqwt_entropy_log_dec_19 (TQWT),0.004434782608695652,0.003185344477029157
baseline_male,Boruta,90,mean_2nd_delta (MFCC),0.004398148148148148,0.003390075217583364
baseline_male,Boruta,90,tqwt_energy_dec_27 (TQWT),0.0043836477987421385,0.007028390045918615
baseline_male,Boruta,90,tqwt_kurtosisValue_dec_33 (TQWT),0.0043819444444444435,0.005016014563166866
baseline_male,Boruta,90,tqwt_entropy_log_dec_34 (TQWT),0.004339743589743589,0.006008767415401749
baseline_male,Boruta,90,det_LT_entropy_shannon_3_coef (Wavelet),0.004321256038647342,0.002897107928068757
baseline_male,Boruta,90,tqwt_entropy_shannon_dec_33 (TQWT),0.0042432950191570885,0.0061669559166502045
baseline_male,Boruta,90,tqwt_TKEO_mean_dec_12 (TQWT),0.0041598290598290595,0.0058950968423077945
baseline_male,Boruta,90,tqwt_stdValue_dec_12 (TQWT),0.004130769230769231,0.005828379017999515
baseline_male,Boruta,90,tqwt_entropy_log_dec_11 (TQWT),0.0040803418803418805,0.0042788861942826715
baseline_male,Boruta,90,tqwt_TKEO_std_dec_6 (TQWT),0.004037664783427496,0.0027989491301113317
baseline_male,Boruta,90,tqwt_TKEO_mean_dec_26 (TQWT),0.003982407407407407,0.0029628098934959676
baseline_male,Boruta,90,apq11Shimmer (Baseline),0.00379783950617284,0.004501796995546223
baseline_male,Boruta,90,std_12th_delta_delta (MFCC),0.0037878179384203477,0.003496180547158974
baseline_male,Boruta,90,std_MFCC_6th_coef (MFCC),0.0037546296296296303,0.0033821510020695202
baseline_male,Boruta,90,tqwt_TKEO_std_dec_12 (TQWT),0.0037418803418803413,0.005178632620239444
baseline_male,Boruta,90,tqwt_energy_dec_10 (TQWT),0.0037337962962962967,0.003794883686315319
baseline_male,Boruta,90,tqwt_minValue_dec_7 (TQWT),0.0036851851851851854,0.0028553488169804904
baseline_male,Boruta,90,tqwt_stdValue_dec_33 (TQWT),0.003646551724137932,0.006294430584032712
baseline_male,Boruta,90,tqwt_entropy_shannon_dec_36 (TQWT),0.003641242937853107,0.003002705045078824
baseline_male,Boruta,90,GQ_std_cycle_open (Vocal Fold),0.0036261770244821107,0.003599736804534274
baseline_male,Boruta,90,std_MFCC_4th_coef (MFCC),0.0036088435374149667,0.002649606749864714
baseline_male,Boruta,90,tqwt_meanValue_dec_11 (TQWT),0.003556712962962962,0.005308880539742278
baseline_male,Boruta,90,tqwt_TKEO_mean_dec_16 (TQWT),0.0035269841269841263,0.0024286972662459208
baseline_male,Boruta,90,tqwt_entropy_shannon_dec_34 (TQWT),0.003523035230352304,0.005571747048416939
baseline_male,Boruta,90,std_8th_delta (MFCC),0.0035111111111111116,0.0037953039529913454
baseline_male,Boruta,90,tqwt_entropy_shannon_dec_11 (TQWT),0.003508119658119658,0.004009593557928777
baseline_male,Boruta,90,tqwt_kurtosisValue_dec_27 (TQWT),0.0035052910052910057,0.004354806156064784
baseline_male,Boruta,90,tqwt_energy_dec_34 (TQWT),0.003493055555555555,0.002151252046544553
baseline_male,Boruta,90,tqwt_stdValue_dec_6 (TQWT),0.0034911924119241195,0.0030953903443898204
baseline_male,Boruta,90,tqwt_entropy_log_dec_28 (TQWT),0.0034814814814814812,0.005643794204175032
baseline_male,Boruta,90,std_11th_delta_delta (MFCC),0.003470940170940172,0.0031721544428995746
baseline_male,Boruta,90,tqwt_TKEO_std_dec_7 (TQWT),0.003432624113475178,0.00245240234692274
baseline_male,Boruta,90,tqwt_stdValue_dec_11 (TQWT),0.0034226495726495726,0.0038769545699920025
baseline_male,Boruta,90,tqwt_TKEO_std_dec_13 (TQWT),0.003417989417989419,0.0031536037721121564
baseline_male,Boruta,90,tqwt_TKEO_mean_dec_13 (TQWT),0.003413756613756615,0.005224342944091123
baseline_male,Boruta,90,tqwt_maxValue_dec_12 (TQWT),0.0034132478632478637,0.004484599754060072
baseline_male,Boruta,90,tqwt_stdValue_dec_13 (TQWT),0.0033902606310013722,0.0030298986511582077
baseline_male,Boruta,90,det_LT_TKEO_mean_1_coef (Wavelet),0.003390070921985816,0.004790774442283723
baseline_male,Boruta,90,tqwt_maxValue_dec_7 (TQWT),0.0033680555555555564,0.003145274606042825
baseline_male,Boruta,90,tqwt_TKEO_mean_dec_7 (TQWT),0.0033518518518518515,0.0023695306937392526
baseline_male,Boruta,90,tqwt_entropy_log_dec_18 (TQWT),0.003348765432098765,0.003922902806265958
baseline_male,Boruta,90,tqwt_TKEO_mean_dec_36 (TQWT),0.0033361581920903958,0.0032119211823928343
baseline_male,Boruta,90,tqwt_kurtosisValue_dec_16 (TQWT),0.003312757201646091,0.0032457200803911596
baseline_male,Boruta,90,det_TKEO_mean_1_coef (Wavelet),0.003293981481481481,0.009329370933525028
baseline_male,Boruta,90,tqwt_maxValue_dec_11 (TQWT),0.003287134502923977,0.004969105469803385
baseline_male,Boruta,90,tqwt_maxValue_dec_13 (TQWT),0.0032280423280423285,0.0037110001091283586
baseline_male,Boruta,90,tqwt_entropy_log_dec_13 (TQWT),0.0032253968253968253,0.002911709249428931
baseline_male,Boruta,90,std_10th_delta_delta (MFCC),0.003205128205128206,0.0029777240039075025
baseline_male,Boruta,90,tqwt_entropy_shannon_dec_12 (TQWT),0.0031713675213675217,0.004700032891274527
baseline_male,Boruta,90,det_TKEO_std_1_coef (Wavelet),0.003162037037037038,0.007677985736025771
baseline_male,Boruta,90,tqwt_minValue_dec_11 (TQWT),0.003103174603174603,0.0031745583652947568
baseline_male,Boruta,90,mean_MFCC_1st_coef (MFCC),0.003009661835748792,0.003134496558430543
baseline_male,Boruta,90,tqwt_stdValue_dec_14 (TQWT),0.0030046296296296297,0.0022139075670302615
baseline_male,Boruta,90,tqwt_entropy_log_dec_26 (TQWT),0.002996884735202492,0.0031494031600920055
baseline_male,Boruta,90,det_LT_TKEO_std_4_coef (Wavelet),0.0029927536231884057,0.002081555080803501
baseline_male,Boruta,90,tqwt_entropy_shannon_dec_35 (TQWT),0.0029837398373983737,0.00449267050532911
baseline_male,Boruta,90,std_Log_energy (MFCC),0.0029811965811965806,0.0035906571684803405
baseline_male,Boruta,90,tqwt_entropy_log_dec_9 (TQWT),0.002963768115942027,0.0041019353758673435
baseline_male,Boruta,90,tqwt_TKEO_std_dec_14 (TQWT),0.0029492753623188398,0.0019196065151641168
baseline_male,Boruta,90,rapJitter (Baseline),0.0029066666666666663,0.002610219002927387
baseline_male,Boruta,90,tqwt_TKEO_mean_dec_5 (TQWT),0.0029033816425120783,0.002191860648446216
baseline_male,Boruta,90,tqwt_skewnessValue_dec_23 (TQWT),0.002886473429951691,0.0021631745526232934
baseline_male,Boruta,90,tqwt_entropy_shannon_dec_26 (TQWT),0.0028155555555555547,0.0032441415589419724
baseline_male,Boruta,90,tqwt_TKEO_mean_dec_9 (TQWT),0.002760869565217392,0.0018343308918981512
baseline_male,Boruta,90,app_det_TKEO_mean_3_coef (Wavelet),0.0027342995169082123,0.002774374869318547
baseline_male,Boruta,90,Ed_1_coef (Wavelet),0.002731746031746032,0.00431987821749403
baseline_male,Boruta,90,tqwt_energy_dec_12 (TQWT),0.002720940170940171,0.004298485910055737
baseline_male,Boruta,90,std_5th_delta_delta (MFCC),0.0026953216374269004,0.0022907024313451765
baseline_male,Boruta,90,tqwt_kurtosisValue_dec_26 (TQWT),0.002692107995846313,0.0033291317302247647
baseline_male,Boruta,90,locPctJitter (Baseline),0.002689043209876543,0.0023135123381328006
baseline_male,Boruta,90,tqwt_minValue_dec_13 (TQWT),0.0026570644718792876,0.0032012608249818645
baseline_male,Boruta,90,locAbsJitter (Baseline),0.002618380062305296,0.0033891685117347845
baseline_male,Boruta,90,meanIntensity (Intensity),0.0026139846743295017,0.0026352805824043763
baseline_male,Boruta,90,tqwt_energy_dec_17 (TQWT),0.002611111111111111,0.002343058630780862
baseline_male,Boruta,90,tqwt_energy_dec_7 (TQWT),0.002569444444444445,0.002413568517578356
baseline_male,Boruta,90,det_LT_entropy_shannon_4_coef (Wavelet),0.002502415458937198,0.0017832950228666702
baseline_male,Boruta,90,minIntensity (Intensity),0.0024748427672955974,0.002359674708852189
baseline_male,Boruta,90,std_5th_delta (MFCC),0.002466903073286052,0.002068971435485654
baseline_male,Boruta,90,tqwt_energy_dec_1 (TQWT),0.0024400000000000003,0.0020204732891855592
baseline_male,Boruta,90,std_11th_delta (MFCC),0.0024287037037037038,0.002675325244360898
baseline_male,Boruta,90,tqwt_kurtosisValue_dec_36 (TQWT),0.0024212962962962964,0.0021360034565937706
baseline_male,Boruta,90,tqwt_stdValue_dec_26 (TQWT),0.002384259259259259,0.0027128849289199883
baseline_male,Boruta,90,tqwt_minValue_dec_12 (TQWT),0.002362820512820513,0.003713985321532441
baseline_male,Boruta,90,tqwt_entropy_log_dec_16 (TQWT),0.0023582375478927203,0.002100100730928486
baseline_male,Boruta,90,tqwt_kurtosisValue_dec_35 (TQWT),0.002351330203442879,0.002796339055104239
baseline_male,Boruta,90,tqwt_stdValue_dec_16 (TQWT),0.002338095238095238,0.002113430943771372
baseline_male,Boruta,90,std_MFCC_8th_coef (MFCC),0.0023299039780521266,0.0021045584658100085
baseline_male,Boruta,90,tqwt_entropy_shannon_dec_16 (TQWT),0.002325396825396825,0.0023420602544012904
baseline_male,Boruta,90,maxIntensity (Intensity),0.002297892720306513,0.0022361086264588545
baseline_male,Boruta,90,tqwt_entropy_log_dec_8 (TQWT),0.002289855072463768,0.003108292221500849
baseline_male,Boruta,90,tqwt_entropy_shannon_dec_18 (TQWT),0.0022732426303854877,0.0016977630526338534
baseline_male,Boruta,90,tqwt_entropy_shannon_dec_6 (TQWT),0.0022693032015065912,0.0023219376659030793
baseline_male,Boruta,90,app_LT_TKEO_std_2_coef (Wavelet),0.0022512077294685995,0.002889668206467446
baseline_male,Boruta,90,tqwt_TKEO_mean_dec_11 (TQWT),0.0021893162393162397,0.0027103296305730573
baseline_male,Boruta,90,ppq5Jitter (Baseline),0.0021678004535147393,0.0021300467512108223
baseline_male,Boruta,90,tqwt_energy_dec_16 (TQWT),0.002155555555555556,0.0016374468521854974
baseline_male,Boruta,90,std_12th_delta (MFCC),0.002137215528781794,0.0021416103110550675
baseline_male,Boruta,90,meanHarmToNoiseHarmonicity (Baseline),0.002135555555555556,0.001685856492146384
baseline_male,Boruta,90,tqwt_stdValue_dec_27 (TQWT),0.0020919540229885052,0.0029728765969273844
baseline_male,Boruta,90,GNE_std (Vocal Fold),0.0020777777777777778,0.0018090806429711121
baseline_male,Boruta,90,std_10th_delta (MFCC),0.0020760683760683765,0.002021251683290935
baseline_male,Boruta,90,tqwt_stdValue_dec_35 (TQWT),0.0020488505747126434,0.0025935314191743216
baseline_male,Boruta,90,tqwt_entropy_log_dec_6 (TQWT),0.002024482109227872,0.0020729354457410553
baseline_male,Boruta,90,tqwt_entropy_shannon_dec_13 (TQWT),0.0020105363984674325,0.00200650453986061
baseline_male,Boruta,90,tqwt_kurtosisValue_dec_22 (TQWT),0.0019733333333333334,0.0016309322303332966
baseline_male,Boruta,90,tqwt_TKEO_std_dec_11 (TQWT),0.001960683760683761,0.0022653251208520154
baseline_male,Boruta,90,tqwt_entropy_log_dec_5 (TQWT),0.00194212962962963,0.001270269068826025
baseline_male,Boruta,90,tqwt_TKEO_mean_dec_6 (TQWT),0.0019387947269303195,0.0023873327438738066
baseline_male,Boruta,90,tqwt_TKEO_mean_dec_34 (TQWT),0.0019299516908212555,0.0019336218929984432
baseline_male,Boruta,90,tqwt_entropy_shannon_dec_10 (TQWT),0.0019259259259259258,0.002332140689312876
baseline_male,Boruta,90,tqwt_entropy_shannon_dec_17 (TQWT),0.0018591954022988513,0.0019150558844575026
baseline_male,Boruta,90,Ed2_1_coef (Wavelet),0.0018538647342995166,0.0019592826966886847
baseline_male,Boruta,90,tqwt_entropy_shannon_dec_8 (TQWT),0.0018429951690821262,0.0016533497533308143
baseline_male,Boruta,90,tqwt_entropy_log_dec_17 (TQWT),0.0018386880856760372,0.002139399949263473
baseline_male,Boruta,90,tqwt_kurtosisValue_dec_28 (TQWT),0.0017711111111111118,0.0017849414601089906
baseline_male,Boruta,90,std_MFCC_7th_coef (MFCC),0.0017685185185185184,0.001694729830504048
baseline_male,Boruta,90,tqwt_TKEO_mean_dec_28 (TQWT),0.0017666666666666657,0.001978487911111517
baseline_male,Boruta,90,tqwt_TKEO_std_dec_5 (TQWT),0.0017608695652173913,0.0018078618841641909
baseline_male,Boruta,90,tqwt_TKEO_mean_dec_17 (TQWT),0.0017512077294685993,0.002064844070693777
baseline_male,Boruta,90,tqwt_energy_dec_28 (TQWT),0.0017037037037037036,0.0016952610538134546
baseline_male,Boruta,90,tqwt_stdValue_dec_8 (TQWT),0.0016618357487922708,0.0012160322729947045
baseline_male,Boruta,90,tqwt_entropy_shannon_dec_7 (TQWT),0.0016527777777777775,0.0013205816283917088
baseline_male,Boruta,90,tqwt_stdValue_dec_34 (TQWT),0.0016425120772946857,0.001351673908468923
baseline_male,Boruta,90,f1 (Formant Frequency),0.0016352657004830913,0.0015190176140184805
baseline_male,Boruta,90,RPDE (Baseline),0.0015338164251207731,0.0018031335538066784
baseline_male,Boruta,90,tqwt_energy_dec_13 (TQWT),0.0015047892720306516,0.0015052283278149628
baseline_male,Boruta,90,tqwt_stdValue_dec_28 (TQWT),0.0014955555555555562,0.0013481645105652153
baseline_male,Boruta,90,locDbShimmer (Baseline),0.0013911111111111114,0.0013859259687266097
baseline_male,Boruta,90,ddpJitter (Baseline),0.0013850308641975314,0.0013877564289239358
baseline_male,Boruta,90,tqwt_stdValue_dec_36 (TQWT),0.0012638888888888886,0.0015207871077932134
baseline_male,Boruta,90,f2 (Formant Frequency),0.001226984126984127,0.0016738824262421716
baseline_male,Boruta,90,tqwt_TKEO_mean_dec_35 (TQWT),0.0011473429951690823,0.0010946006195161524
baseline_male,Boruta,90,tqwt_stdValue_dec_17 (TQWT),0.0010338164251207727,0.0012319214594058133
baseline_male,Boruta,90,tqwt_energy_dec_15 (TQWT),0.0010190476190476193,0.0012988971089480873
baseline_female,Boruta,90,std_delta_delta_log_energy (MFCC),0.019678961748633886,0.014216501142453729
baseline_female,Boruta,90,std_7th_delta_delta (MFCC),0.014965846994535521,0.008631548232911238
baseline_female,Boruta,90,tqwt_entropy_log_dec_27 (TQWT),0.013412568306010928,0.010645738883186536
baseline_female,Boruta,90,std_delta_log_energy (MFCC),0.012697176684881599,0.010341677051837193
baseline_female,Boruta,90,std_6th_delta_delta (MFCC),0.011766848816029143,0.009662082677738229
baseline_female,Boruta,90,std_9th_delta_delta (MFCC),0.011578779599271402,0.008766718000682893
baseline_female,Boruta,90,tqwt_medianValue_dec_36 (TQWT),0.010756410256410257,0.005443444785344215
baseline_female,Boruta,90,tqwt_energy_dec_25 (TQWT),0.010611111111111111,0.008215270334363116
baseline_female,Boruta,90,tqwt_entropy_log_dec_12 (TQWT),0.010562841530054644,0.007963262141103903
baseline_female,Boruta,90,std_6th_delta (MFCC),0.010546903460837887,0.00676765976506484
baseline_female,Boruta,90,tqwt_energy_dec_26 (TQWT),0.010416666666666663,0.0076993224513619155
baseline_female,Boruta,90,tqwt_entropy_log_dec_33 (TQWT),0.009899362477231326,0.007929539184447424
baseline_female,Boruta,90,tqwt_energy_dec_27 (TQWT),0.00916724537037037,0.00722457224397262
baseline_female,Boruta,90,mean_MFCC_2nd_coef (MFCC),0.00890664845173042,0.008077715072416438
baseline_female,Boruta,90,tqwt_skewnessValue_dec_25 (TQWT),0.008856837606837607,0.005520898532423922
baseline_female,Boruta,90,locAbsJitter (Baseline),0.008225177304964538,0.007842232928657513
baseline_female,Boruta,90,app_LT_TKEO_std_2_coef (Wavelet),0.008094017094017093,0.00518938516875732
baseline_female,Boruta,90,tqwt_stdValue_dec_12 (TQWT),0.007662112932604733,0.007314326379010421
baseline_female,Boruta,90,std_7th_delta (MFCC),0.007454007285974499,0.0044774347849888384
baseline_female,Boruta,90,tqwt_skewnessValue_dec_26 (TQWT),0.007402777777777779,0.00480720735205568
baseline_female,Boruta,90,mean_MFCC_5th_coef (MFCC),0.007316919191919192,0.005817840562242109
baseline_female,Boruta,90,tqwt_kurtosisValue_dec_26 (TQWT),0.0072919621749408985,0.006907015477240126
baseline_female,Boruta,90,tqwt_TKEO_std_dec_12 (TQWT),0.007188979963570126,0.006536959900484407
baseline_female,Boruta,90,std_9th_delta (MFCC),0.00707377049180328,0.007441401190670679
baseline_female,Boruta,90,tqwt_TKEO_mean_dec_12 (TQWT),0.006934426229508198,0.00634943485699466
baseline_female,Boruta,90,app_det_TKEO_mean_3_coef (Wavelet),0.006670940170940171,0.004537559651337664
baseline_female,Boruta,90,tqwt_entropy_log_dec_35 (TQWT),0.006555555555555554,0.00811431516541935
baseline_female,Boruta,90,tqwt_TKEO_mean_dec_26 (TQWT),0.006525132275132276,0.005449120926466232
baseline_female,Boruta,90,b1 (Bandwidth),0.006423611111111112,0.003972267684773481
baseline_female,Boruta,90,tqwt_entropy_log_dec_28 (TQWT),0.006395299145299145,0.005249755684662328
baseline_female,Boruta,90,tqwt_meanValue_dec_36 (TQWT),0.006225366876310275,0.005319189261584303
baseline_female,Boruta,90,std_8th_delta_delta (MFCC),0.006184426229508196,0.005381283055731007
baseline_female,Boruta,90,tqwt_kurtosisValue_dec_18 (TQWT),0.006150462962962964,0.005414839571935306
baseline_female,Boruta,90,std_4th_delta_delta (MFCC),0.006035974499089254,0.0064605814946228305
baseline_female,Boruta,90,DFA (Baseline),0.00590952380952381,0.004334837707916624
baseline_female,Boruta,90,tqwt_stdValue_dec_11 (TQWT),0.005859289617486341,0.005467171452852686
baseline_female,Boruta,90,rapJitter (Baseline),0.005794871794871794,0.004307023281855991
baseline_female,Boruta,90,tqwt_kurtosisValue_dec_34 (TQWT),0.005762108262108262,0.004278558637547677
baseline_female,Boruta,90,tqwt_minValue_dec_12 (TQWT),0.005523224043715849,0.005335144480166242
baseline_female,Boruta,90,std_10th_delta_delta (MFCC),0.005476320582877961,0.0039000118255085323
baseline_female,Boruta,90,mean_delta_log_energy (MFCC),0.005446581196581197,0.0039008725103246247
baseline_female,Boruta,90,std_4th_delta (MFCC),0.005372117400419286,0.004280360310927244
baseline_female,Boruta,90,std_11th_delta (MFCC),0.005341269841269842,0.007399725434631781
baseline_female,Boruta,90,tqwt_energy_dec_11 (TQWT),0.005280922431865829,0.006249700683047397
baseline_female,Boruta,90,tqwt_minValue_dec_13 (TQWT),0.00526984126984127,0.004554553309515546
baseline_female,Boruta,90,std_8th_delta (MFCC),0.0051575591985428045,0.0048216668134848
baseline_female,Boruta,90,tqwt_entropy_log_dec_26 (TQWT),0.005135995370370372,0.0047472840670368015
baseline_female,Boruta,90,tqwt_entropy_log_dec_13 (TQWT),0.0050891203703703715,0.004509718210804439
baseline_female,Boruta,90,tqwt_stdValue_dec_7 (TQWT),0.005055555555555556,0.002637238414521231
baseline_female,Boruta,90,tqwt_maxValue_dec_12 (TQWT),0.00503233151183971,0.004736907991435655
baseline_female,Boruta,90,tqwt_energy_dec_6 (TQWT),0.005020576131687242,0.005440491969952749
baseline_female,Boruta,90,tqwt_entropy_log_dec_11 (TQWT),0.004956739526411659,0.0038614547373678797
baseline_female,Boruta,90,tqwt_stdValue_dec_26 (TQWT),0.004947089947089947,0.0032787972587283894
baseline_female,Boruta,90,locPctJitter (Baseline),0.004905982905982905,0.0047114843920601016
baseline_female,Boruta,90,GNE_NSR_SEO (Vocal Fold),0.004811965811965813,0.003924003809606446
baseline_female,Boruta,90,tqwt_kurtosisValue_dec_17 (TQWT),0.004792824074074074,0.004473574776894515
baseline_female,Boruta,90,std_MFCC_6th_coef (MFCC),0.0047713675213675215,0.004098983523590444
baseline_female,Boruta,90,ppq5Jitter (Baseline),0.00473931623931624,0.004758172727160924
baseline_female,Boruta,90,tqwt_entropy_shannon_dec_26 (TQWT),0.0047136752136752134,0.004021129029200464
baseline_female,Boruta,90,tqwt_energy_dec_7 (TQWT),0.004711538461538461,0.0037258770118133917
baseline_female,Boruta,90,tqwt_kurtosisValue_dec_20 (TQWT),0.004710837887067395,0.003662235724043052
baseline_female,Boruta,90,apq11Shimmer (Baseline),0.004678062678062679,0.004845919998042967
baseline_female,Boruta,90,tqwt_energy_dec_19 (TQWT),0.004635416666666665,0.0038152760404426066
baseline_female,Boruta,90,tqwt_entropy_shannon_dec_12 (TQWT),0.004607012750455374,0.004450831605481664
baseline_female,Boruta,90,det_LT_TKEO_std_4_coef (Wavelet),0.004523504273504273,0.003256110291015067
baseline_female,Boruta,90,tqwt_meanValue_dec_5 (TQWT),0.004478632478632479,0.003451515234351055
baseline_female,Boruta,90,tqwt_energy_dec_12 (TQWT),0.004457650273224045,0.0051327237440672415
baseline_female,Boruta,90,tqwt_TKEO_mean_dec_36 (TQWT),0.004443121693121694,0.0029087731433191095
baseline_female,Boruta,90,tqwt_TKEO_mean_dec_7 (TQWT),0.004429487179487179,0.002899534623400974
baseline_female,Boruta,90,tqwt_entropy_log_dec_34 (TQWT),0.004354280510018215,0.0053121598723904415
baseline_female,Boruta,90,det_LT_entropy_shannon_4_coef (Wavelet),0.004258547008547007,0.002144937231192495
baseline_female,Boruta,90,std_11th_delta_delta (MFCC),0.004248178506375227,0.0048274917957846185
baseline_female,Boruta,90,tqwt_kurtosisValue_dec_33 (TQWT),0.00424465811965812,0.004343182350415273
baseline_female,Boruta,90,det_LT_TKEO_std_1_coef (Wavelet),0.004160256410256411,0.0035205480424585207
baseline_female,Boruta,90,tqwt_kurtosisValue_dec_27 (TQWT),0.00413562091503268,0.0049968917756651856
baseline_female,Boruta,90,tqwt_stdValue_dec_27 (TQWT),0.004095238095238095,0.002878921755829859
baseline_female,Boruta,90,tqwt_maxValue_dec_13 (TQWT),0.003994791666666667,0.0034938793718779448
baseline_female,Boruta,90,tqwt_entropy_shannon_dec_11 (TQWT),0.003985428051001822,0.0036229355868967737
baseline_female,Boruta,90,tqwt_maxValue_dec_11 (TQWT),0.0039764150943396226,0.004101163693988434
baseline_female,Boruta,90,tqwt_entropy_shannon_dec_19 (TQWT),0.003958333333333333,0.004366483870602937
baseline_female,Boruta,90,tqwt_minValue_dec_7 (TQWT),0.003927350427350427,0.003283896357069645
baseline_female,Boruta,90,tqwt_TKEO_mean_dec_13 (TQWT),0.003912615740740742,0.0045619136257999985
baseline_female,Boruta,90,tqwt_entropy_log_dec_16 (TQWT),0.003892676767676767,0.00231939974391587
baseline_female,Boruta,90,meanIntensity (Intensity),0.0037579365079365074,0.003208849370991771
baseline_female,Boruta,90,tqwt_entropy_shannon_dec_36 (TQWT),0.003711640211640212,0.002782597723024911
baseline_female,Boruta,90,std_MFCC_4th_coef (MFCC),0.0037115384615384606,0.0027627414929620375
baseline_female,Boruta,90,mean_2nd_delta (MFCC),0.003653846153846153,0.0028351495618526078
baseline_female,Boruta,90,tqwt_meanValue_dec_11 (TQWT),0.003650641025641025,0.005034639111623051
baseline_female,Boruta,90,meanHarmToNoiseHarmonicity (Baseline),0.0036452991452991454,0.0029842490522311318
baseline_female,Boruta,90,tqwt_entropy_shannon_dec_34 (TQWT),0.003609477124183007,0.004518131997595383
baseline_female,Boruta,90,tqwt_minValue_dec_11 (TQWT),0.0035972222222222217,0.00342740909673473
baseline_female,Boruta,90,maxIntensity (Intensity),0.0035661375661375657,0.002769362491026038
baseline_female,Boruta,90,tqwt_kurtosisValue_dec_36 (TQWT),0.003549305555555555,0.0036976941913878436
baseline_female,Boruta,90,tqwt_TKEO_std_dec_13 (TQWT),0.0035387731481481477,0.0031663061900462945
baseline_female,Boruta,90,tqwt_kurtosisValue_dec_23 (TQWT),0.0035243055555555553,0.0023454572518492355
baseline_female,Boruta,90,std_12th_delta_delta (MFCC),0.0034404761904761913,0.0034648729848866656
baseline_female,Boruta,90,std_5th_delta (MFCC),0.003431069958847737,0.0030130063733260475
baseline_female,Boruta,90,locDbShimmer (Baseline),0.0034059829059829064,0.002719523468515743
baseline_female,Boruta,90,GQ_std_cycle_open (Vocal Fold),0.0033849206349206348,0.0027915319796933714
baseline_female,Boruta,90,tqwt_entropy_log_dec_17 (TQWT),0.0033825396825396827,0.0030338269932807405
baseline_female,Boruta,90,std_10th_delta (MFCC),0.0033806921675774144,0.003116612922734329
baseline_female,Boruta,90,minIntensity (Intensity),0.0033582175925925915,0.002684438815808242
baseline_female,Boruta,90,std_5th_delta_delta (MFCC),0.0033296645702306092,0.0027368979524964115
baseline_female,Boruta,90,tqwt_stdValue_dec_13 (TQWT),0.003302380952380951,0.002980259282979838
baseline_female,Boruta,90,tqwt_skewnessValue_dec_23 (TQWT),0.0032996031746031747,0.002569486762662373
baseline_female,Boruta,90,tqwt_entropy_shannon_dec_33 (TQWT),0.0032619047619047623,0.003362567046596564
baseline_female,Boruta,90,std_12th_delta (MFCC),0.0032563492063492063,0.0029437441042243578
baseline_female,Boruta,90,tqwt_TKEO_mean_dec_16 (TQWT),0.0032465277777777787,0.002621512561993009
baseline_female,Boruta,90,std_Log_energy (MFCC),0.0032008196721311486,0.0036627794998056345
baseline_female,Boruta,90,RPDE (Baseline),0.003170940170940171,0.002250056013247685
baseline_female,Boruta,90,tqwt_maxValue_dec_7 (TQWT),0.0031047008547008532,0.0023361314351958203
baseline_female,Boruta,90,det_LT_entropy_shannon_3_coef (Wavelet),0.003102564102564103,0.002414367583689532
baseline_female,Boruta,90,tqwt_stdValue_dec_6 (TQWT),0.0030984126984126984,0.00316094885771209
baseline_female,Boruta,90,tqwt_TKEO_mean_dec_11 (TQWT),0.0030569216757741348,0.003035235852048793
baseline_female,Boruta,90,tqwt_TKEO_std_dec_6 (TQWT),0.00305026455026455,0.0030986929030207295
baseline_female,Boruta,90,tqwt_energy_dec_1 (TQWT),0.003004273504273504,0.0025267650038223546
baseline_female,Boruta,90,tqwt_stdValue_dec_19 (TQWT),0.002958333333333333,0.0024304068610091116
baseline_female,Boruta,90,tqwt_kurtosisValue_dec_35 (TQWT),0.002938888888888889,0.002774739388948904
baseline_female,Boruta,90,ddpJitter (Baseline),0.002867521367521367,0.0027428789720973647
baseline_female,Boruta,90,tqwt_stdValue_dec_33 (TQWT),0.002775132275132275,0.003645716967152763
baseline_female,Boruta,90,tqwt_stdValue_dec_34 (TQWT),0.0027371794871794875,0.0022025040240653314
baseline_female,Boruta,90,tqwt_entropy_shannon_dec_35 (TQWT),0.0027369281045751628,0.0026659929644171475
baseline_female,Boruta,90,tqwt_TKEO_mean_dec_28 (TQWT),0.002713675213675214,0.0024559462599316037
baseline_female,Boruta,90,tqwt_TKEO_std_dec_7 (TQWT),0.0027109053497942383,0.0019896031705731966
baseline_female,Boruta,90,GNE_std (Vocal Fold),0.002647435897435898,0.0034969560840396397
baseline_female,Boruta,90,std_MFCC_8th_coef (MFCC),0.0026198412698412695,0.0024645391437464435
baseline_female,Boruta,90,f2 (Formant Frequency),0.0026145833333333333,0.0029084039496395544
baseline_female,Boruta,90,tqwt_TKEO_mean_dec_34 (TQWT),0.0026025641025641025,0.0027019087327870266
baseline_female,Boruta,90,tqwt_TKEO_mean_dec_5 (TQWT),0.002593253968253968,0.0019846045992368455
baseline_female,Boruta,90,tqwt_TKEO_std_dec_19 (TQWT),0.0025357142857142857,0.002540445447423138
baseline_female,Boruta,90,tqwt_entropy_log_dec_19 (TQWT),0.0025297619047619036,0.0021972906394331117
baseline_female,Boruta,90,tqwt_entropy_log_dec_1 (TQWT),0.0025243055555555552,0.002485415991679108
baseline_female,Boruta,90,tqwt_kurtosisValue_dec_16 (TQWT),0.0025103174603174606,0.0018726818112396173
baseline_female,Boruta,90,tqwt_energy_dec_10 (TQWT),0.0024893162393162397,0.002360286464807227
baseline_female,Boruta,90,tqwt_TKEO_std_dec_11 (TQWT),0.0024726775956284155,0.002604997011868478
baseline_female,Boruta,90,det_LT_TKEO_mean_1_coef (Wavelet),0.0024578189300411522,0.002618239872605658
baseline_female,Boruta,90,tqwt_energy_dec_34 (TQWT),0.0024294871794871796,0.002808141023997194
baseline_female,Boruta,90,tqwt_stdValue_dec_8 (TQWT),0.0024285714285714292,0.0019189197015005704
baseline_female,Boruta,90,tqwt_entropy_shannon_dec_17 (TQWT),0.0023611111111111103,0.0020699357165167554
baseline_female,Boruta,90,tqwt_entropy_shannon_dec_18 (TQWT),0.0023493589743589748,0.0018233628043217772
baseline_female,Boruta,90,tqwt_entropy_shannon_dec_16 (TQWT),0.0023472222222222223,0.0018682469670009989
baseline_female,Boruta,90,tqwt_stdValue_dec_28 (TQWT),0.0023226495726495723,0.0020697330525444356
baseline_female,Boruta,90,tqwt_TKEO_mean_dec_9 (TQWT),0.002317460317460318,0.001638235216192614
baseline_female,Boruta,90,tqwt_entropy_shannon_dec_6 (TQWT),0.00225,0.0021927912197319045
baseline_female,Boruta,90,tqwt_TKEO_std_dec_5 (TQWT),0.0022003968253968254,0.0021396648891718988
baseline_female,Boruta,90,tqwt_entropy_shannon_dec_7 (TQWT),0.0021880341880341878,0.0017579666067495678
baseline_female,Boruta,90,Ed2_1_coef (Wavelet),0.0021615226337448556,0.0017003250246984123
baseline_female,Boruta,90,tqwt_stdValue_dec_35 (TQWT),0.0021428571428571425,0.00204338654478994
baseline_female,Boruta,90,tqwt_TKEO_mean_dec_17 (TQWT),0.0021269841269841274,0.001804838626660523
baseline_female,Boruta,90,f1 (Formant Frequency),0.002126984126984127,0.001615192895841175
baseline_female,Boruta,90,tqwt_stdValue_dec_14 (TQWT),0.0021196581196581197,0.0020438725932442996
baseline_female,Boruta,90,tqwt_energy_dec_13 (TQWT),0.0021060606060606057,0.0019474949359525825
baseline_female,Boruta,90,tqwt_entropy_log_dec_18 (TQWT),0.0020527777777777775,0.0022042901550286377
baseline_female,Boruta,90,tqwt_energy_dec_17 (TQWT),0.0019960317460317465,0.0018647322504264745
baseline_female,Boruta,90,tqwt_entropy_log_dec_6 (TQWT),0.00196957671957672,0.001964167993907151
baseline_female,Boruta,90,tqwt_kurtosisValue_dec_28 (TQWT),0.001897435897435897,0.0014624276524651185
baseline_female,Boruta,90,mean_MFCC_1st_coef (MFCC),0.0018824786324786325,0.0023324223599498583
baseline_female,Boruta,90,std_MFCC_7th_coef (MFCC),0.0018589743589743591,0.0017960749499631762
baseline_female,Boruta,90,tqwt_entropy_shannon_dec_13 (TQWT),0.001851851851851852,0.0015411715921801862
baseline_female,Boruta,90,tqwt_TKEO_std_dec_14 (TQWT),0.0018461538461538457,0.001625635458118037
baseline_female,Boruta,90,tqwt_stdValue_dec_16 (TQWT),0.0018333333333333337,0.001532932417522151
baseline_female,Boruta,90,tqwt_entropy_shannon_dec_8 (TQWT),0.0018234126984126987,0.001749038976987901
baseline_female,Boruta,90,tqwt_entropy_log_dec_5 (TQWT),0.0017158119658119658,0.0017459722716638927
baseline_female,Boruta,90,tqwt_stdValue_dec_36 (TQWT),0.0016837606837606833,0.0014674411924788168
baseline_female,Boruta,90,tqwt_TKEO_mean_dec_6 (TQWT),0.0016574074074074074,0.0017058468806569107
baseline_female,Boruta,90,tqwt_TKEO_mean_dec_35 (TQWT),0.0016495726495726498,0.0016142380883143001
baseline_female,Boruta,90,tqwt_entropy_log_dec_8 (TQWT),0.0015952380952380953,0.0017648368401867636
baseline_female,Boruta,90,Ed_1_coef (Wavelet),0.0015847222222222222,0.0017772250782524888
baseline_female,Boruta,90,tqwt_stdValue_dec_17 (TQWT),0.0015238095238095232,0.0012332255616494196
baseline_female,Boruta,90,tqwt_energy_dec_28 (TQWT),0.0015010683760683756,0.0015174607155546195
baseline_female,Boruta,90,tqwt_energy_dec_16 (TQWT),0.001392361111111111,0.0013762978329490672
baseline_female,Boruta,90,tqwt_TKEO_mean_dec_19 (TQWT),0.0013055555555555552,0.001516494172046487
baseline_female,Boruta,90,tqwt_kurtosisValue_dec_22 (TQWT),0.001224358974358974,0.001246590421504865
baseline_female,Boruta,90,tqwt_entropy_shannon_dec_10 (TQWT),0.0011923076923076924,0.0015128303899167904
baseline_female,Boruta,90,tqwt_entropy_log_dec_9 (TQWT),0.001063492063492064,0.0011844329304510186
baseline_female,Boruta,90,tqwt_energy_dec_15 (TQWT),0.0010416666666666664,0.001316157096833846
baseline_female,Boruta,90,det_TKEO_mean_1_coef (Wavelet),0.0010192307692307695,0.00102176204127853
baseline_female,Boruta,90,det_TKEO_std_1_coef (Wavelet),0.0009487179487179489,0.0011947177186894093
baseline,Boruta,100,std_delta_delta_log_energy (MFCC),0.01653174603174603,0.01469639092544748
baseline,Boruta,100,std_6th_delta_delta (MFCC),0.011820987654320988,0.00979873595610416
baseline,Boruta,100,std_delta_log_energy (MFCC),0.010841490299823633,0.01037879905382176
baseline,Boruta,100,std_7th_delta_delta (MFCC),0.010482142857142855,0.006577746732438577
baseline,Boruta,100,tqwt_entropy_log_dec_27 (TQWT),0.010054894179894181,0.010172805999426054
baseline,Boruta,100,tqwt_energy_dec_26 (TQWT),0.009722442680776013,0.008095703154528738
baseline,Boruta,100,tqwt_skewnessValue_dec_25 (TQWT),0.009275510204081633,0.01088170886960501
baseline,Boruta,100,std_9th_delta_delta (MFCC),0.008748236331569664,0.0065891378142772005
baseline,Boruta,100,std_6th_delta (MFCC),0.008572310405643737,0.006596774060327186
baseline,Boruta,100,std_7th_delta (MFCC),0.0075870811287477935,0.004839858645081832
baseline,Boruta,100,tqwt_kurtosisValue_dec_18 (TQWT),0.00733938393839384,0.00557187447674291
baseline,Boruta,100,mean_MFCC_2nd_coef (MFCC),0.007005511463844796,0.007924594434833957
baseline,Boruta,100,tqwt_entropy_log_dec_12 (TQWT),0.006871693121693118,0.006973865732267195
baseline,Boruta,100,tqwt_energy_dec_6 (TQWT),0.006770467836257309,0.007315926405462783
baseline,Boruta,100,mean_MFCC_5th_coef (MFCC),0.006615158204562176,0.006484659365401516
baseline,Boruta,100,std_9th_delta (MFCC),0.0065811287477954145,0.004754266383926429
baseline,Boruta,100,tqwt_TKEO_mean_dec_19 (TQWT),0.006416122004357299,0.00503271912218383
baseline,Boruta,100,tqwt_TKEO_std_dec_12 (TQWT),0.006309303350970015,0.006228070532708742
baseline,Boruta,100,tqwt_entropy_log_dec_33 (TQWT),0.006298280423280422,0.00647157581897285
baseline,Boruta,100,tqwt_energy_dec_25 (TQWT),0.006195555555555556,0.006578295185391232
baseline,Boruta,100,tqwt_TKEO_mean_dec_12 (TQWT),0.006133597883597885,0.006022090307679704
baseline,Boruta,100,app_LT_TKEO_mean_2_coef (Wavelet),0.006105442176870749,0.005570363578164586
baseline,Boruta,100,tqwt_kurtosisValue_dec_26 (TQWT),0.006104477611940296,0.006197995323541647
baseline,Boruta,100,tqwt_TKEO_mean_dec_26 (TQWT),0.005929824561403507,0.005337127530273561
baseline,Boruta,100,locAbsJitter (Baseline),0.005914040906578218,0.0061059331577880205
baseline,Boruta,100,tqwt_energy_dec_27 (TQWT),0.005906525573192239,0.006029740496767594
baseline,Boruta,100,tqwt_medianValue_dec_36 (TQWT),0.005887799564270151,0.004821677298700999
baseline,Boruta,100,tqwt_stdValue_dec_12 (TQWT),0.005675044091710757,0.006532344639416964
baseline,Boruta,100,b1 (Bandwidth),0.0056072984749455336,0.004397198284213879
baseline,Boruta,100,GNE_NSR_SEO (Vocal Fold),0.005532679738562091,0.004730301522522644
baseline,Boruta,100,mean_delta_log_energy (MFCC),0.005450980392156863,0.003260547569141783
baseline,Boruta,100,tqwt_entropy_log_dec_35 (TQWT),0.005375440917107581,0.006293013122036254
baseline,Boruta,100,DFA (Baseline),0.005336601307189544,0.004165231365084698
baseline,Boruta,100,tqwt_energy_dec_12 (TQWT),0.005318342151675486,0.007044758314206958
baseline,Boruta,100,rapJitter (Baseline),0.005297385620915032,0.0040727100073864285
baseline,Boruta,100,tqwt_kurtosisValue_dec_17 (TQWT),0.005297304730473048,0.003882589765048799
baseline,Boruta,100,std_8th_delta_delta (MFCC),0.005256613756613757,0.004619693461617991
baseline,Boruta,100,std_4th_delta_delta (MFCC),0.005224647266313933,0.005322351782755663
baseline,Boruta,100,tqwt_meanValue_dec_5 (TQWT),0.005218820861678004,0.004278579381346591
baseline,Boruta,100,tqwt_kurtosisValue_dec_23 (TQWT),0.005136165577342049,0.003178442894808977
baseline,Boruta,100,mean_2nd_delta (MFCC),0.005128888888888889,0.004337381806415698
baseline,Boruta,100,tqwt_entropy_log_dec_19 (TQWT),0.005010893246187361,0.004132742300105851
baseline,Boruta,100,tqwt_energy_dec_11 (TQWT),0.004977888336097291,0.005090158836470313
baseline,Boruta,100,tqwt_energy_dec_21 (TQWT),0.004973333333333333,0.004787313896905222
baseline,Boruta,100,tqwt_energy_dec_19 (TQWT),0.0048703703703703695,0.003886512431781373
baseline,Boruta,100,tqwt_stdValue_dec_27 (TQWT),0.004868888888888888,0.0048944104153119585
baseline,Boruta,100,tqwt_TKEO_std_dec_19 (TQWT),0.004848333333333333,0.00450933803409768
baseline,Boruta,100,tqwt_kurtosisValue_dec_20 (TQWT),0.00484126984126984,0.004034820323716497
baseline,Boruta,100,tqwt_entropy_log_dec_11 (TQWT),0.004822089947089946,0.004355950314979655
baseline,Boruta,100,tqwt_entropy_shannon_dec_26 (TQWT),0.004757080610021787,0.003580832814208599
baseline,Boruta,100,tqwt_entropy_shannon_dec_12 (TQWT),0.004748897707231039,0.0044800554128551
baseline,Boruta,100,std_10th_delta_delta (MFCC),0.004747134038800707,0.003741690703104387
baseline,Boruta,100,tqwt_TKEO_mean_dec_13 (TQWT),0.004595632946379214,0.0042429966726681085
baseline,Boruta,100,tqwt_entropy_shannon_dec_11 (TQWT),0.004567901234567902,0.004789169926427608
baseline,Boruta,100,RPDE (Baseline),0.0045192743764172335,0.004904045677359937
baseline,Boruta,100,std_11th_delta (MFCC),0.004515250544662309,0.0048865399858755605
baseline,Boruta,100,std_4th_delta (MFCC),0.004515201768933112,0.003852436771194883
baseline,Boruta,100,tqwt_entropy_log_dec_34 (TQWT),0.004479056437389771,0.005884556127325832
baseline,Boruta,100,tqwt_kurtosisValue_dec_34 (TQWT),0.0044733333333333335,0.004337118442818101
baseline,Boruta,100,ppq5Jitter (Baseline),0.00445929592959296,0.0039023436783587875
baseline,Boruta,100,tqwt_entropy_log_dec_26 (TQWT),0.004447181171319103,0.004458742376486762
baseline,Boruta,100,std_11th_delta_delta (MFCC),0.004409391534391534,0.004138876683742905
baseline,Boruta,100,tqwt_entropy_log_dec_1 (TQWT),0.004367102396514162,0.0034945843375044413
baseline,Boruta,100,tqwt_entropy_log_dec_32 (TQWT),0.004285714285714286,0.004002900394430533
baseline,Boruta,100,tqwt_stdValue_dec_11 (TQWT),0.0042579365079365075,0.004359824297729729
baseline,Boruta,100,tqwt_meanValue_dec_36 (TQWT),0.0042437810945273645,0.0035957985206482856
baseline,Boruta,100,tqwt_kurtosisValue_dec_35 (TQWT),0.004068432671081678,0.0036537687902840183
baseline,Boruta,100,tqwt_entropy_shannon_dec_19 (TQWT),0.004037037037037037,0.005395411137117497
baseline,Boruta,100,tqwt_minValue_dec_13 (TQWT),0.003984179543782193,0.003683263242988735
baseline,Boruta,100,app_LT_TKEO_std_2_coef (Wavelet),0.003977324263038548,0.0034661682693947313
baseline,Boruta,100,tqwt_skewnessValue_dec_26 (TQWT),0.003957516339869281,0.0034931286670285885
baseline,Boruta,100,GQ_std_cycle_open (Vocal Fold),0.003954895489548955,0.003350642264616712
baseline,Boruta,100,std_MFCC_6th_coef (MFCC),0.003911441144114412,0.003957944992513344
baseline,Boruta,100,det_LT_TKEO_std_4_coef (Wavelet),0.0038945578231292504,0.00269929254166992
baseline,Boruta,100,tqwt_maxValue_dec_13 (TQWT),0.003888888888888889,0.0038572009620604663
baseline,Boruta,100,std_Log_energy (MFCC),0.003881172839506171,0.0038465828846213704
baseline,Boruta,100,tqwt_maxValue_dec_12 (TQWT),0.003877865961199295,0.004027554223881669
baseline,Boruta,100,tqwt_stdValue_dec_19 (TQWT),0.003858387799564269,0.004464560384908399
baseline,Boruta,100,tqwt_entropy_log_dec_28 (TQWT),0.003846666666666666,0.0034592182653109026
baseline,Boruta,100,det_TKEO_mean_1_coef (Wavelet),0.003811111111111112,0.005057265897148562
baseline,Boruta,100,locPctJitter (Baseline),0.0037900000000000017,0.003316089211928704
baseline,Boruta,100,tqwt_stdValue_dec_26 (TQWT),0.00371677559912854,0.003590976597069319
baseline,Boruta,100,tqwt_kurtosisValue_dec_33 (TQWT),0.0036983333333333347,0.003664362430937941
baseline,Boruta,100,tqwt_minValue_dec_12 (TQWT),0.0036805555555555537,0.004573058923476325
baseline,Boruta,100,tqwt_entropy_log_dec_13 (TQWT),0.003670812603648424,0.0027833071966603916
baseline,Boruta,100,tqwt_TKEO_mean_dec_18 (TQWT),0.0035777777777777774,0.00415749176281711
baseline,Boruta,100,tqwt_kurtosisValue_dec_36 (TQWT),0.0035643274853801197,0.0027771972917017117
baseline,Boruta,100,tqwt_TKEO_std_dec_13 (TQWT),0.00356301824212272,0.0030804383991759015
baseline,Boruta,100,tqwt_stdValue_dec_13 (TQWT),0.0035610743193524664,0.0032629099347818115
baseline,Boruta,100,tqwt_energy_dec_13 (TQWT),0.0035040470934510686,0.0035528107069072185
baseline,Boruta,100,std_10th_delta (MFCC),0.003405643738977072,0.0030102944120883055
baseline,Boruta,100,tqwt_entropy_shannon_dec_13 (TQWT),0.003382634289919059,0.0034061042760264617
baseline,Boruta,100,tqwt_energy_dec_34 (TQWT),0.003361111111111111,0.003242177338626491
baseline,Boruta,100,tqwt_maxValue_dec_11 (TQWT),0.0033402432283029314,0.003810684472110424
baseline,Boruta,100,tqwt_minValue_dec_11 (TQWT),0.0033074074074074073,0.003920225847425442
baseline,Boruta,100,apq11Shimmer (Baseline),0.00329215035931454,0.0036572804861931675
baseline,Boruta,100,minIntensity (Intensity),0.0032744774477447753,0.002904972060820242
baseline,Boruta,100,std_5th_delta_delta (MFCC),0.0032302377003869545,0.0030030766797958346
baseline,Boruta,100,tqwt_entropy_shannon_dec_33 (TQWT),0.0032227777777777775,0.003374949201575765
baseline,Boruta,100,tqwt_kurtosisValue_dec_27 (TQWT),0.003207236842105264,0.0034988047868809023
baseline,Boruta,100,tqwt_TKEO_std_dec_6 (TQWT),0.0031907894736842115,0.0033164816463976724
baseline,Boruta,100,det_LT_entropy_shannon_3_coef (Wavelet),0.0031519274376417225,0.0025723862301515045
baseline,Boruta,100,std_8th_delta (MFCC),0.0031395502645502637,0.0031589774666576135
baseline,Boruta,100,std_12th_delta (MFCC),0.003129266521423384,0.0031226532839356224
baseline,Boruta,100,tqwt_energy_dec_7 (TQWT),0.003112222222222222,0.002605456377131361
baseline,Boruta,100,tqwt_entropy_shannon_dec_18 (TQWT),0.0030418041804180424,0.002092000454746821
baseline,Boruta,100,tqwt_skewnessValue_dec_23 (TQWT),0.003040305010893246,0.0021744988452500344
baseline,Boruta,100,tqwt_TKEO_std_dec_11 (TQWT),0.0030361552028218704,0.0035111219445929506
baseline,Boruta,100,tqwt_entropy_shannon_dec_35 (TQWT),0.003008888888888889,0.005109047925036689
baseline,Boruta,100,det_LT_TKEO_mean_1_coef (Wavelet),0.002995049504950495,0.0042771740087609615
baseline,Boruta,100,tqwt_TKEO_std_dec_7 (TQWT),0.0029895489548954902,0.0024234757652692005
baseline,Boruta,100,tqwt_TKEO_mean_dec_9 (TQWT),0.0029520697167755993,0.001852538285804305
baseline,Boruta,100,tqwt_TKEO_mean_dec_6 (TQWT),0.00293201754385965,0.002254640196638291
baseline,Boruta,100,Ed_4_coef (Wavelet),0.0028888888888888896,0.0023300966897234483
baseline,Boruta,100,tqwt_stdValue_dec_6 (TQWT),0.0028519736842105275,0.002385130166858629
baseline,Boruta,100,tqwt_energy_dec_35 (TQWT),0.0028322440087145966,0.003503000840341956
baseline,Boruta,100,tqwt_TKEO_mean_dec_11 (TQWT),0.0028227513227513227,0.0028397275749293786
baseline,Boruta,100,tqwt_meanValue_dec_11 (TQWT),0.002797222222222222,0.00405314606217967
baseline,Boruta,100,locDbShimmer (Baseline),0.0027952069716775593,0.002289412506360215
baseline,Boruta,100,std_5th_delta (MFCC),0.00277942794279428,0.002233687157533531
baseline,Boruta,100,std_MFCC_4th_coef (MFCC),0.0027332233223322337,0.002849981601931031
baseline,Boruta,100,std_12th_delta_delta (MFCC),0.0027185911401597677,0.0031577908322791017
baseline,Boruta,100,tqwt_entropy_shannon_dec_16 (TQWT),0.0027075163398692812,0.0023928136498180988
baseline,Boruta,100,app_det_TKEO_mean_3_coef (Wavelet),0.0026927437641723357,0.0023685133865367952
baseline,Boruta,100,tqwt_entropy_shannon_dec_6 (TQWT),0.00267986798679868,0.0027252818982174574
baseline,Boruta,100,tqwt_entropy_log_dec_16 (TQWT),0.0026770152505446623,0.001808596660876568
baseline,Boruta,100,tqwt_energy_dec_1 (TQWT),0.002630718954248366,0.0021605802820406283
baseline,Boruta,100,meanHarmToNoiseHarmonicity (Baseline),0.002622004357298476,0.0024394724390086157
baseline,Boruta,100,tqwt_stdValue_dec_33 (TQWT),0.002587222222222222,0.003529048598195148
baseline,Boruta,100,maxIntensity (Intensity),0.0025777777777777787,0.00253178726121167
baseline,Boruta,100,tqwt_entropy_shannon_dec_36 (TQWT),0.0025412541254125408,0.0028332430131618215
baseline,Boruta,100,tqwt_TKEO_mean_dec_7 (TQWT),0.002541111111111111,0.0021525470637238364
baseline,Boruta,100,tqwt_entropy_log_dec_17 (TQWT),0.00252323892519971,0.002501080264576617
baseline,Boruta,100,tqwt_entropy_log_dec_8 (TQWT),0.0025000000000000005,0.0035835373258948852
baseline,Boruta,100,GNE_std (Vocal Fold),0.0024727668845315903,0.002812322607553165
baseline,Boruta,100,tqwt_stdValue_dec_7 (TQWT),0.0024477447744774474,0.0023421705584944874
baseline,Boruta,100,std_MFCC_7th_coef (MFCC),0.002444444444444444,0.0017660172149162538
baseline,Boruta,100,tqwt_entropy_shannon_dec_5 (TQWT),0.00237641723356009,0.0028472053934118042
baseline,Boruta,100,det_TKEO_std_1_coef (Wavelet),0.0023751375137513755,0.0020671432124711314
baseline,Boruta,100,tqwt_stdValue_dec_14 (TQWT),0.00236,0.0019989818437477387
baseline,Boruta,100,tqwt_stdValue_dec_35 (TQWT),0.0023581481481481496,0.003350466588045947
baseline,Boruta,100,tqwt_maxValue_dec_7 (TQWT),0.0023544444444444446,0.002982192779782892
baseline,Boruta,100,tqwt_entropy_shannon_dec_34 (TQWT),0.002337037037037037,0.004154583651416324
baseline,Boruta,100,tqwt_TKEO_mean_dec_28 (TQWT),0.002311546840958606,0.002008451879232015
baseline,Boruta,100,tqwt_kurtosisValue_dec_16 (TQWT),0.002270787343635026,0.0023056219378535235
baseline,Boruta,100,tqwt_entropy_log_dec_18 (TQWT),0.00227046783625731,0.002606312460207536
baseline,Boruta,100,std_MFCC_8th_coef (MFCC),0.00216887417218543,0.0019931655677451923
baseline,Boruta,100,tqwt_stdValue_dec_8 (TQWT),0.0021644880174291944,0.0016828150722196671
baseline,Boruta,100,tqwt_TKEO_std_dec_18 (TQWT),0.0021344444444444445,0.0020212053191308948
baseline,Boruta,100,tqwt_entropy_shannon_dec_17 (TQWT),0.002126906318082789,0.0019474794547136816
baseline,Boruta,100,tqwt_entropy_shannon_dec_10 (TQWT),0.002115555555555556,0.002145521206566136
baseline,Boruta,100,tqwt_TKEO_mean_dec_16 (TQWT),0.0020991285403050117,0.001471020987047296
baseline,Boruta,100,tqwt_stdValue_dec_17 (TQWT),0.0020709064327485384,0.002301131336560381
baseline,Boruta,100,tqwt_energy_dec_10 (TQWT),0.002062222222222222,0.0024628141711385823
baseline,Boruta,100,meanIntensity (Intensity),0.0020277777777777772,0.002096511645601733
baseline,Boruta,100,tqwt_entropy_log_dec_9 (TQWT),0.0020239651416122007,0.0018948130041829935
baseline,Boruta,100,tqwt_stdValue_dec_16 (TQWT),0.0020141612200435728,0.0018169068439755109
baseline,Boruta,100,tqwt_stdValue_dec_28 (TQWT),0.0019978213507625274,0.0015276433002078074
baseline,Boruta,100,det_LT_TKEO_std_1_coef (Wavelet),0.0019577777777777775,0.0023872716691956705
baseline,Boruta,100,tqwt_energy_dec_28 (TQWT),0.0019088888888888888,0.001667289367136634
baseline,Boruta,100,tqwt_TKEO_mean_dec_36 (TQWT),0.0019004400440044008,0.002005026746966537
baseline,Boruta,100,tqwt_stdValue_dec_34 (TQWT),0.001899092970521542,0.0024735709420083585
baseline,Boruta,100,ddpJitter (Baseline),0.0018985185185185186,0.0020466769870239273
baseline,Boruta,100,tqwt_TKEO_mean_dec_5 (TQWT),0.0018660130718954246,0.0015325487627982075
baseline,Boruta,100,det_LT_entropy_shannon_4_coef (Wavelet),0.0017800453514739232,0.001472862896567229
baseline,Boruta,100,tqwt_kurtosisValue_dec_28 (TQWT),0.0017690631808278867,0.0013524025868604489
baseline,Boruta,100,tqwt_TKEO_std_dec_16 (TQWT),0.0017396514161220039,0.0014886056097286474
baseline,Boruta,100,tqwt_minValue_dec_7 (TQWT),0.001734444444444444,0.0017474917218464722
baseline,Boruta,100,tqwt_entropy_log_dec_6 (TQWT),0.0017332233223322337,0.0016484289091896586
baseline,Boruta,100,tqwt_energy_dec_17 (TQWT),0.0017331154684095856,0.0015797905735622586
baseline,Boruta,100,tqwt_TKEO_mean_dec_33 (TQWT),0.0017312925170068028,0.0018228685327857119
baseline,Boruta,100,Ed_1_coef (Wavelet),0.0017148148148148155,0.002294625975407728
baseline,Boruta,100,tqwt_energy_dec_16 (TQWT),0.0016797385620915034,0.0018197793842177521
baseline,Boruta,100,tqwt_maxValue_dec_17 (TQWT),0.0016564625850340132,0.0016136811025836502
baseline,Boruta,100,tqwt_TKEO_mean_dec_34 (TQWT),0.001639455782312925,0.0018593055298677247
baseline,Boruta,100,f1 (Formant Frequency),0.0016394335511982566,0.0015574356543291547
baseline,Boruta,100,mean_MFCC_1st_coef (MFCC),0.0016371882086167802,0.0013369956381682833
baseline,Boruta,100,tqwt_TKEO_mean_dec_14 (TQWT),0.0015634920634920635,0.0013236424844673732
baseline,Boruta,100,tqwt_stdValue_dec_36 (TQWT),0.0015555555555555557,0.0010963410549072394
baseline,Boruta,100,tqwt_TKEO_std_dec_5 (TQWT),0.00153921568627451,0.0013265679107157034
baseline,Boruta,100,tqwt_TKEO_mean_dec_17 (TQWT),0.001525054466230937,0.0014880545901700217
baseline,Boruta,100,tqwt_TKEO_std_dec_4 (TQWT),0.0014782135076252723,0.0016433336903554552
baseline,Boruta,100,tqwt_entropy_log_dec_5 (TQWT),0.001457777777777778,0.002170680043638825
baseline,Boruta,100,tqwt_TKEO_std_dec_14 (TQWT),0.001431972789115646,0.0017974651420402078
baseline,Boruta,100,Ed2_1_coef (Wavelet),0.0014305555555555556,0.0015540227424360375
baseline,Boruta,100,tqwt_kurtosisValue_dec_22 (TQWT),0.0014270152505446625,0.0014026434506387191
baseline,Boruta,100,tqwt_entropy_shannon_dec_8 (TQWT),0.0013474945533769062,0.0011203114960162215
baseline,Boruta,100,tqwt_TKEO_mean_dec_35 (TQWT),0.0013412698412698415,0.0012891263624195788
baseline,Boruta,100,tqwt_energy_dec_15 (TQWT),0.0013159041394335508,0.0011741868218067694
baseline,Boruta,100,tqwt_entropy_shannon_dec_7 (TQWT),0.0011155555555555558,0.001036245925298737
baseline,Boruta,100,f2 (Formant Frequency),0.0008747276688453161,0.0011381671049662924
baseline_male,Boruta,100,std_delta_delta_log_energy (MFCC),0.013164957264957262,0.013291074739687466
baseline_male,Boruta,100,tqwt_TKEO_mean_dec_19 (TQWT),0.011014492753623187,0.007886746303985384
baseline_male,Boruta,100,std_6th_delta_delta (MFCC),0.010145299145299146,0.008197781822090567
baseline_male,Boruta,100,tqwt_stdValue_dec_19 (TQWT),0.00995169082125604,0.0065557626604282665
baseline_male,Boruta,100,std_7th_delta_delta (MFCC),0.009647435897435898,0.006461660531081067
baseline_male,Boruta,100,std_delta_log_energy (MFCC),0.008905982905982907,0.009141091132305271
baseline_male,Boruta,100,std_6th_delta (MFCC),0.008891025641025641,0.0070067512900885455
baseline_male,Boruta,100,GNE_NSR_SEO (Vocal Fold),0.008384444444444443,0.007292627264053224
baseline_male,Boruta,100,tqwt_entropy_log_dec_19 (TQWT),0.008359903381642513,0.006842570465750638
baseline_male,Boruta,100,tqwt_kurtosisValue_dec_18 (TQWT),0.00795754716981132,0.006312506349398191
baseline_male,Boruta,100,tqwt_entropy_shannon_dec_19 (TQWT),0.007384057971014496,0.009406805714387002
baseline_male,Boruta,100,mean_MFCC_5th_coef (MFCC),0.007301097393689986,0.006727357266949532
baseline_male,Boruta,100,tqwt_energy_dec_26 (TQWT),0.006353846153846154,0.007355589097238638
baseline_male,Boruta,100,tqwt_TKEO_std_dec_19 (TQWT),0.0063236714975845425,0.006157594040020492
baseline_male,Boruta,100,std_9th_delta_delta (MFCC),0.006121367521367521,0.004916288598477336
baseline_male,Boruta,100,std_7th_delta (MFCC),0.006072222222222221,0.004450349458392961
baseline_male,Boruta,100,tqwt_kurtosisValue_dec_23 (TQWT),0.005909523809523809,0.0034325793119170207
baseline_male,Boruta,100,tqwt_medianValue_dec_36 (TQWT),0.005725694444444445,0.003998614209734492
baseline_male,Boruta,100,tqwt_meanValue_dec_5 (TQWT),0.005642512077294686,0.0059843392678292145
baseline_male,Boruta,100,b1 (Bandwidth),0.0055957854406130285,0.004268383278826989
baseline_male,Boruta,100,tqwt_energy_dec_6 (TQWT),0.005554878048780489,0.006463576031097935
baseline_male,Boruta,100,tqwt_entropy_log_dec_27 (TQWT),0.005443589743589744,0.008323401635568476
baseline_male,Boruta,100,tqwt_energy_dec_19 (TQWT),0.005404761904761904,0.0039055938093538346
baseline_male,Boruta,100,tqwt_TKEO_mean_dec_18 (TQWT),0.005277777777777778,0.00599973917012616
baseline_male,Boruta,100,std_4th_delta_delta (MFCC),0.0052217948717948725,0.004547084048956444
baseline_male,Boruta,100,std_8th_delta_delta (MFCC),0.005054273504273505,0.004013577032909202
baseline_male,Boruta,100,tqwt_entropy_log_dec_35 (TQWT),0.005020940170940172,0.005865158889788638
baseline_male,Boruta,100,tqwt_kurtosisValue_dec_17 (TQWT),0.00499266247379455,0.0036238947775221464
baseline_male,Boruta,100,std_4th_delta (MFCC),0.00497777777777778,0.002988124207700684
baseline_male,Boruta,100,tqwt_kurtosisValue_dec_34 (TQWT),0.004972993827160494,0.004695967381875785
baseline_male,Boruta,100,DFA (Baseline),0.004961847389558233,0.004154012394640153
baseline_male,Boruta,100,mean_MFCC_2nd_coef (MFCC),0.004902136752136753,0.008245468820047194
baseline_male,Boruta,100,tqwt_energy_dec_25 (TQWT),0.00489367816091954,0.0054657541541726475
baseline_male,Boruta,100,tqwt_entropy_log_dec_1 (TQWT),0.00476031746031746,0.003947703257510753
baseline_male,Boruta,100,mean_delta_log_energy (MFCC),0.004728888888888888,0.0029716848606322487
baseline_male,Boruta,100,tqwt_kurtosisValue_dec_20 (TQWT),0.004702136752136753,0.004967915739668542
baseline_male,Boruta,100,tqwt_skewnessValue_dec_25 (TQWT),0.00468840579710145,0.00616924383372597
baseline_male,Boruta,100,tqwt_entropy_log_dec_33 (TQWT),0.004673931623931625,0.005090780145128016
baseline_male,Boruta,100,tqwt_entropy_log_dec_11 (TQWT),0.004664102564102565,0.0043084771571424265
baseline_male,Boruta,100,std_9th_delta (MFCC),0.004652564102564102,0.003737649448504731
baseline_male,Boruta,100,tqwt_TKEO_std_dec_12 (TQWT),0.004408119658119658,0.005685816691640767
baseline_male,Boruta,100,tqwt_stdValue_dec_27 (TQWT),0.004374521072796935,0.005405882603700056
baseline_male,Boruta,100,tqwt_entropy_log_dec_12 (TQWT),0.004370512820512821,0.006589352418033072
baseline_male,Boruta,100,tqwt_TKEO_mean_dec_26 (TQWT),0.004353174603174603,0.003998733040988486
baseline_male,Boruta,100,mean_2nd_delta (MFCC),0.004231481481481482,0.004262471855496651
baseline_male,Boruta,100,tqwt_meanValue_dec_36 (TQWT),0.004196491228070176,0.003261489167363772
baseline_male,Boruta,100,tqwt_entropy_log_dec_8 (TQWT),0.004159420289855073,0.004613531070670249
baseline_male,Boruta,100,tqwt_entropy_log_dec_34 (TQWT),0.004130341880341881,0.005563956993063812
baseline_male,Boruta,100,tqwt_energy_dec_21 (TQWT),0.004037037037037037,0.00547195311652129
baseline_male,Boruta,100,tqwt_entropy_log_dec_13 (TQWT),0.004023280423280424,0.0033403039372954515
baseline_male,Boruta,100,tqwt_TKEO_mean_dec_12 (TQWT),0.0039991452991453,0.005721220276290903
baseline_male,Boruta,100,std_11th_delta_delta (MFCC),0.003991025641025641,0.0033236133908624366
baseline_male,Boruta,100,det_LT_TKEO_std_4_coef (Wavelet),0.003978260869565216,0.0027013542118732065
baseline_male,Boruta,100,std_Log_energy (MFCC),0.003947863247863248,0.0038744012621019157
baseline_male,Boruta,100,tqwt_TKEO_mean_dec_9 (TQWT),0.0039227053140096614,0.0020437573749432065
baseline_male,Boruta,100,tqwt_energy_dec_7 (TQWT),0.003921296296296295,0.003137806743538916
baseline_male,Boruta,100,tqwt_entropy_shannon_dec_11 (TQWT),0.003911965811965813,0.004275528949334835
baseline_male,Boruta,100,tqwt_energy_dec_11 (TQWT),0.0038883040935672524,0.0045992467711374295
baseline_male,Boruta,100,tqwt_stdValue_dec_12 (TQWT),0.0038811965811965817,0.005986917064934567
baseline_male,Boruta,100,tqwt_TKEO_mean_dec_13 (TQWT),0.0038645502645502654,0.0042060342904074455
baseline_male,Boruta,100,det_TKEO_mean_1_coef (Wavelet),0.0038171296296296287,0.007945292191874277
baseline_male,Boruta,100,tqwt_entropy_log_dec_32 (TQWT),0.0037995169082125618,0.0027373565128099376
baseline_male,Boruta,100,tqwt_maxValue_dec_13 (TQWT),0.0037724867724867727,0.004219212366846602
baseline_male,Boruta,100,tqwt_energy_dec_12 (TQWT),0.003695299145299146,0.0066444761885790056
baseline_male,Boruta,100,tqwt_entropy_shannon_dec_13 (TQWT),0.00366323731138546,0.0036715922513486125
baseline_male,Boruta,100,tqwt_kurtosisValue_dec_33 (TQWT),0.0036261574074074074,0.003593151915349858
baseline_male,Boruta,100,GQ_std_cycle_open (Vocal Fold),0.003625235404896422,0.003658804029973384
baseline_male,Boruta,100,tqwt_skewnessValue_dec_26 (TQWT),0.003608695652173913,0.002684807487980003
baseline_male,Boruta,100,tqwt_entropy_shannon_dec_5 (TQWT),0.0035458937198067637,0.00393699190704275
baseline_male,Boruta,100,tqwt_energy_dec_34 (TQWT),0.0035115740740740736,0.002884355078116765
baseline_male,Boruta,100,tqwt_energy_dec_27 (TQWT),0.003497435897435898,0.0054006827491377704
baseline_male,Boruta,100,std_10th_delta_delta (MFCC),0.0034666666666666665,0.002986836779033508
baseline_male,Boruta,100,det_LT_TKEO_mean_1_coef (Wavelet),0.0034184397163120567,0.005110626069080667
baseline_male,Boruta,100,tqwt_TKEO_std_dec_13 (TQWT),0.003413756613756615,0.0037981009656838354
baseline_male,Boruta,100,tqwt_entropy_shannon_dec_12 (TQWT),0.0033794871794871795,0.004731222693335024
baseline_male,Boruta,100,tqwt_stdValue_dec_11 (TQWT),0.003343589743589744,0.0039889389615067215
baseline_male,Boruta,100,app_LT_TKEO_mean_2_coef (Wavelet),0.003246376811594203,0.004663304872410676
baseline_male,Boruta,100,std_11th_delta (MFCC),0.0031796296296296303,0.0027677229566654155
baseline_male,Boruta,100,tqwt_entropy_shannon_dec_33 (TQWT),0.0031666666666666675,0.0031864053713787648
baseline_male,Boruta,100,std_5th_delta_delta (MFCC),0.003132163742690059,0.002729253545994003
baseline_male,Boruta,100,tqwt_entropy_log_dec_9 (TQWT),0.003107279693486591,0.002596558788300584
baseline_male,Boruta,100,tqwt_TKEO_std_dec_6 (TQWT),0.0030663956639566396,0.003724664366464588
baseline_male,Boruta,100,tqwt_meanValue_dec_11 (TQWT),0.003065972222222222,0.005242570454359194
baseline_male,Boruta,100,tqwt_TKEO_mean_dec_6 (TQWT),0.0030569105691056913,0.0025052171656055593
baseline_male,Boruta,100,tqwt_entropy_shannon_dec_35 (TQWT),0.003052845528455285,0.005748718365425062
baseline_male,Boruta,100,std_8th_delta (MFCC),0.0030286324786324786,0.0029451509067343704
baseline_male,Boruta,100,locPctJitter (Baseline),0.0030030864197530863,0.0027170132447858716
baseline_male,Boruta,100,apq11Shimmer (Baseline),0.0029631360332294915,0.003937922110863647
baseline_male,Boruta,100,tqwt_maxValue_dec_7 (TQWT),0.002960648148148148,0.003596260996884361
baseline_male,Boruta,100,tqwt_kurtosisValue_dec_26 (TQWT),0.002955347871235722,0.0034023704908096694
baseline_male,Boruta,100,std_12th_delta (MFCC),0.002952476572958501,0.0028773220913070703
baseline_male,Boruta,100,tqwt_entropy_log_dec_18 (TQWT),0.0029429012345679015,0.003338148617849598
baseline_male,Boruta,100,tqwt_TKEO_std_dec_18 (TQWT),0.0029259259259259256,0.00199135237052771
baseline_male,Boruta,100,tqwt_TKEO_std_dec_11 (TQWT),0.002914957264957265,0.004146742930702409
baseline_male,Boruta,100,rapJitter (Baseline),0.0029066666666666663,0.002610219002927387
baseline_male,Boruta,100,tqwt_kurtosisValue_dec_35 (TQWT),0.002896713615023474,0.0031913593128998865
baseline_male,Boruta,100,tqwt_minValue_dec_11 (TQWT),0.002834126984126984,0.004231143791321791
baseline_male,Boruta,100,std_MFCC_8th_coef (MFCC),0.0028326474622770914,0.0023982746487261238
baseline_male,Boruta,100,tqwt_entropy_log_dec_26 (TQWT),0.0028307372793354092,0.0031014238738034943
baseline_male,Boruta,100,tqwt_entropy_shannon_dec_18 (TQWT),0.0028287981859410425,0.002253522996853656
baseline_male,Boruta,100,tqwt_entropy_shannon_dec_26 (TQWT),0.0028155555555555547,0.0032441415589419724
baseline_male,Boruta,100,tqwt_stdValue_dec_33 (TQWT),0.0027940613026819928,0.0037174910540237914
baseline_male,Boruta,100,tqwt_entropy_log_dec_28 (TQWT),0.0027708333333333326,0.003602957593256326
baseline_male,Boruta,100,tqwt_stdValue_dec_14 (TQWT),0.002710648148148149,0.0017179875622739464
baseline_male,Boruta,100,tqwt_maxValue_dec_11 (TQWT),0.0026982456140350886,0.0035264450364600013
baseline_male,Boruta,100,std_10th_delta (MFCC),0.002691452991452992,0.0023645448077557096
baseline_male,Boruta,100,tqwt_TKEO_std_dec_7 (TQWT),0.002682033096926714,0.0024275126656217285
baseline_male,Boruta,100,tqwt_energy_dec_35 (TQWT),0.0026730158730158726,0.0038180383137046384
baseline_male,Boruta,100,std_MFCC_4th_coef (MFCC),0.0026643990929705215,0.0023408218380914056
baseline_male,Boruta,100,std_MFCC_6th_coef (MFCC),0.002662900188323918,0.0031980085147337092
baseline_male,Boruta,100,tqwt_stdValue_dec_35 (TQWT),0.0026565040650406505,0.004079094500773661
baseline_male,Boruta,100,tqwt_stdValue_dec_7 (TQWT),0.002644208037825059,0.002446751965730884
baseline_male,Boruta,100,tqwt_maxValue_dec_12 (TQWT),0.002641025641025642,0.0037859461515840627
baseline_male,Boruta,100,tqwt_entropy_shannon_dec_16 (TQWT),0.0026206896551724144,0.0022935907536851727
baseline_male,Boruta,100,tqwt_kurtosisValue_dec_36 (TQWT),0.00261574074074074,0.0023523541821131194
baseline_male,Boruta,100,tqwt_TKEO_mean_dec_11 (TQWT),0.002605128205128205,0.0027093418894544295
baseline_male,Boruta,100,minIntensity (Intensity),0.00254559748427673,0.0025057452056238974
baseline_male,Boruta,100,tqwt_stdValue_dec_26 (TQWT),0.0025425925925925924,0.004271661205484949
baseline_male,Boruta,100,tqwt_entropy_shannon_dec_34 (TQWT),0.0024857723577235776,0.004936917333421513
baseline_male,Boruta,100,det_LT_entropy_shannon_3_coef (Wavelet),0.002473429951690821,0.0017942863175146881
baseline_male,Boruta,100,tqwt_skewnessValue_dec_23 (TQWT),0.0024541062801932364,0.0019320321978101224
baseline_male,Boruta,100,tqwt_stdValue_dec_16 (TQWT),0.0024539682539682535,0.001910175076732188
baseline_male,Boruta,100,tqwt_energy_dec_1 (TQWT),0.0024400000000000003,0.0020204732891855592
baseline_male,Boruta,100,tqwt_kurtosisValue_dec_27 (TQWT),0.002430555555555555,0.003303606658548291
baseline_male,Boruta,100,tqwt_stdValue_dec_13 (TQWT),0.0024135802469135797,0.003411323623522341
baseline_male,Boruta,100,tqwt_stdValue_dec_6 (TQWT),0.002403116531165312,0.0020657523208791675
baseline_male,Boruta,100,tqwt_entropy_shannon_dec_6 (TQWT),0.002396421845574388,0.003068598041817685
baseline_male,Boruta,100,tqwt_minValue_dec_13 (TQWT),0.0023504801097393698,0.0031549811211894563
baseline_male,Boruta,100,tqwt_minValue_dec_7 (TQWT),0.002333333333333333,0.0022199127279156298
baseline_male,Boruta,100,locAbsJitter (Baseline),0.002273104880581516,0.0030265331427745696
baseline_male,Boruta,100,maxIntensity (Intensity),0.002251915708812261,0.0021917356968217915
baseline_male,Boruta,100,tqwt_stdValue_dec_17 (TQWT),0.0022378048780487794,0.0018852627804476453
baseline_male,Boruta,100,tqwt_energy_dec_13 (TQWT),0.0022373113854595333,0.002932147847016156
baseline_male,Boruta,100,tqwt_entropy_shannon_dec_36 (TQWT),0.0022297551789077215,0.0028915487274568667
baseline_male,Boruta,100,std_5th_delta (MFCC),0.0022281323877068556,0.0016096696086510959
baseline_male,Boruta,100,tqwt_kurtosisValue_dec_16 (TQWT),0.0022153635116598075,0.0024975252936237256
baseline_male,Boruta,100,tqwt_TKEO_mean_dec_7 (TQWT),0.002215277777777778,0.0017371116052990018
baseline_male,Boruta,100,std_12th_delta_delta (MFCC),0.0022101740294511382,0.002946506955736054
baseline_male,Boruta,100,tqwt_TKEO_mean_dec_14 (TQWT),0.0021642512077294693,0.0018220447362603304
baseline_male,Boruta,100,tqwt_energy_dec_10 (TQWT),0.002157407407407408,0.0025141055725876947
baseline_male,Boruta,100,tqwt_minValue_dec_12 (TQWT),0.0021500000000000004,0.0032606810401314508
baseline_male,Boruta,100,meanHarmToNoiseHarmonicity (Baseline),0.002135555555555556,0.001685856492146384
baseline_male,Boruta,100,tqwt_entropy_log_dec_16 (TQWT),0.002132183908045977,0.001804536126011322
baseline_male,Boruta,100,tqwt_TKEO_mean_dec_36 (TQWT),0.0021035781544256117,0.0021673818173656738
baseline_male,Boruta,100,meanIntensity (Intensity),0.002083333333333333,0.002269407132875524
baseline_male,Boruta,100,GNE_std (Vocal Fold),0.0020777777777777778,0.0018090806429711121
baseline_male,Boruta,100,std_MFCC_7th_coef (MFCC),0.002064814814814815,0.0017429840482498648
baseline_male,Boruta,100,tqwt_entropy_log_dec_17 (TQWT),0.002042838018741633,0.0024577876695484886
baseline_male,Boruta,100,ppq5Jitter (Baseline),0.0020408163265306116,0.002283185163070231
baseline_male,Boruta,100,tqwt_entropy_log_dec_6 (TQWT),0.002033898305084746,0.0020531402241453028
baseline_male,Boruta,100,Ed_4_coef (Wavelet),0.002026570048309179,0.0014721330807780518
baseline_male,Boruta,100,tqwt_entropy_shannon_dec_17 (TQWT),0.0020105363984674325,0.0017699366526198826
baseline_male,Boruta,100,tqwt_TKEO_mean_dec_16 (TQWT),0.002004761904761904,0.0013036473207874656
baseline_male,Boruta,100,tqwt_entropy_shannon_dec_10 (TQWT),0.0020000000000000005,0.0017740081316978806
baseline_male,Boruta,100,tqwt_kurtosisValue_dec_22 (TQWT),0.0019733333333333334,0.0016309322303332966
baseline_male,Boruta,100,tqwt_energy_dec_17 (TQWT),0.001946859903381643,0.0017389926356793602
baseline_male,Boruta,100,f1 (Formant Frequency),0.00191304347826087,0.0018654952328451867
baseline_male,Boruta,100,tqwt_stdValue_dec_8 (TQWT),0.0018961352657004826,0.0013815135234303893
baseline_male,Boruta,100,tqwt_energy_dec_28 (TQWT),0.0018553240740740737,0.0018624250977338417
baseline_male,Boruta,100,tqwt_TKEO_std_dec_16 (TQWT),0.0018349206349206357,0.0018447336740143089
baseline_male,Boruta,100,Ed_1_coef (Wavelet),0.0018333333333333329,0.0027706980486454443
baseline_male,Boruta,100,mean_MFCC_1st_coef (MFCC),0.0017995169082125602,0.0012132101417963914
baseline_male,Boruta,100,det_LT_TKEO_std_1_coef (Wavelet),0.0017971014492753623,0.002168466324502348
baseline_male,Boruta,100,tqwt_kurtosisValue_dec_28 (TQWT),0.0017711111111111118,0.0017849414601089906
baseline_male,Boruta,100,tqwt_TKEO_mean_dec_28 (TQWT),0.0017666666666666657,0.001978487911111517
baseline_male,Boruta,100,tqwt_TKEO_mean_dec_5 (TQWT),0.001763285024154589,0.0014027301219470282
baseline_male,Boruta,100,app_LT_TKEO_std_2_coef (Wavelet),0.0016884057971014487,0.001988305894383231
baseline_male,Boruta,100,tqwt_energy_dec_16 (TQWT),0.0016380952380952384,0.0018765957800260878
baseline_male,Boruta,100,tqwt_maxValue_dec_17 (TQWT),0.0016256038647343002,0.001503374688874415
baseline_male,Boruta,100,tqwt_stdValue_dec_36 (TQWT),0.001622685185185185,0.0013885269481447677
baseline_male,Boruta,100,tqwt_TKEO_std_dec_5 (TQWT),0.0015652173913043481,0.001443720171664918
baseline_male,Boruta,100,det_TKEO_std_1_coef (Wavelet),0.0015366430260047282,0.0029476310234204653
baseline_male,Boruta,100,tqwt_stdValue_dec_28 (TQWT),0.0014955555555555562,0.0013481645105652153
baseline_male,Boruta,100,RPDE (Baseline),0.001490338164251208,0.0020639062957626586
baseline_male,Boruta,100,det_LT_entropy_shannon_4_coef (Wavelet),0.0014855072463768116,0.001260491633788954
baseline_male,Boruta,100,tqwt_TKEO_std_dec_14 (TQWT),0.0014492753623188408,0.0016954148922079981
baseline_male,Boruta,100,tqwt_TKEO_mean_dec_34 (TQWT),0.0014202898550724637,0.0016865501915850113
baseline_male,Boruta,100,tqwt_TKEO_mean_dec_17 (TQWT),0.001408045977011494,0.0017258766950543048
baseline_male,Boruta,100,Ed2_1_coef (Wavelet),0.0014057971014492755,0.0017779122097344288
baseline_male,Boruta,100,locDbShimmer (Baseline),0.0013911111111111114,0.0013859259687266097
baseline_male,Boruta,100,tqwt_energy_dec_15 (TQWT),0.0013809523809523805,0.0010658636514889338
baseline_male,Boruta,100,app_det_TKEO_mean_3_coef (Wavelet),0.0013454106280193238,0.002414945100219656
baseline_male,Boruta,100,tqwt_entropy_shannon_dec_8 (TQWT),0.0012971014492753625,0.0015854911934552055
baseline_male,Boruta,100,tqwt_TKEO_mean_dec_33 (TQWT),0.0012777777777777779,0.0014239049991565775
baseline_male,Boruta,100,tqwt_stdValue_dec_34 (TQWT),0.0012487922705314016,0.0016850998274393451
baseline_male,Boruta,100,tqwt_entropy_shannon_dec_7 (TQWT),0.0012199074074074074,0.0009877284561269604
baseline_male,Boruta,100,ddpJitter (Baseline),0.001209876543209877,0.0013863249374633454
baseline_male,Boruta,100,tqwt_entropy_log_dec_5 (TQWT),0.0011898148148148154,0.0016775012986137993
baseline_male,Boruta,100,tqwt_TKEO_std_dec_4 (TQWT),0.0009541062801932366,0.001009709423179443
baseline_male,Boruta,100,tqwt_TKEO_mean_dec_35 (TQWT),0.0008478260869565217,0.0010769947029695625
baseline_male,Boruta,100,f2 (Formant Frequency),0.0008047619047619048,0.0013128346424949328
baseline_female,Boruta,100,std_delta_delta_log_energy (MFCC),0.020326958105646633,0.014598923732981344
baseline_female,Boruta,100,tqwt_skewnessValue_dec_25 (TQWT),0.015185897435897436,0.00956216769671245
baseline_female,Boruta,100,tqwt_entropy_log_dec_27 (TQWT),0.013682149362477228,0.010209729301738036
baseline_female,Boruta,100,std_delta_log_energy (MFCC),0.01314799635701275,0.011758200632902076
baseline_female,Boruta,100,std_6th_delta_delta (MFCC),0.012969489981785065,0.010438041940733922
baseline_female,Boruta,100,std_7th_delta_delta (MFCC),0.011999999999999999,0.006991765106169385
baseline_female,Boruta,100,std_9th_delta_delta (MFCC),0.010788706739526413,0.008228952486376824
baseline_female,Boruta,100,tqwt_energy_dec_26 (TQWT),0.010701730418943532,0.00793718106561612
baseline_female,Boruta,100,std_6th_delta (MFCC),0.010162112932604736,0.006921596838792261
baseline_female,Boruta,100,tqwt_entropy_log_dec_12 (TQWT),0.009617486338797812,0.0076580561690448015
baseline_female,Boruta,100,mean_MFCC_2nd_coef (MFCC),0.008926229508196718,0.008054760710136718
baseline_female,Boruta,100,tqwt_entropy_log_dec_33 (TQWT),0.00826502732240437,0.007490412566088087
baseline_female,Boruta,100,tqwt_kurtosisValue_dec_26 (TQWT),0.008094562647754136,0.00722141232396846
baseline_female,Boruta,100,tqwt_energy_dec_25 (TQWT),0.008088624338624341,0.006579283531001313
baseline_female,Boruta,100,std_7th_delta (MFCC),0.007728597449908927,0.004516294399736289
baseline_female,Boruta,100,tqwt_TKEO_std_dec_12 (TQWT),0.007546903460837885,0.00649827288646305
baseline_female,Boruta,100,tqwt_energy_dec_27 (TQWT),0.00745127504553734,0.005955375138692754
baseline_female,Boruta,100,app_LT_TKEO_mean_2_coef (Wavelet),0.0074358974358974365,0.00519109785570422
baseline_female,Boruta,100,tqwt_TKEO_mean_dec_12 (TQWT),0.0073387978142076486,0.006594573703092822
baseline_female,Boruta,100,locAbsJitter (Baseline),0.007223995271867613,0.006894646053455474
baseline_female,Boruta,100,tqwt_energy_dec_6 (TQWT),0.007156349206349206,0.009385209806381245
baseline_female,Boruta,100,tqwt_medianValue_dec_36 (TQWT),0.007096707818930041,0.005687355012449412
baseline_female,Boruta,100,tqwt_TKEO_mean_dec_26 (TQWT),0.00674264705882353,0.00491045435563905
baseline_female,Boruta,100,std_9th_delta (MFCC),0.006701730418943534,0.005905578719409743
baseline_female,Boruta,100,tqwt_stdValue_dec_12 (TQWT),0.006485428051001822,0.006818751577341722
baseline_female,Boruta,100,tqwt_stdValue_dec_27 (TQWT),0.006149470899470899,0.003990534877269203
baseline_female,Boruta,100,std_4th_delta_delta (MFCC),0.006112477231329691,0.006190090701080883
baseline_female,Boruta,100,DFA (Baseline),0.006095238095238096,0.004582886429878425
baseline_female,Boruta,100,RPDE (Baseline),0.005959401709401709,0.005119508700487706
baseline_female,Boruta,100,tqwt_entropy_log_dec_35 (TQWT),0.005935336976320583,0.006355625913607232
baseline_female,Boruta,100,tqwt_energy_dec_12 (TQWT),0.0059244080145719495,0.006986607706442556
baseline_female,Boruta,100,std_8th_delta_delta (MFCC),0.005922586520947178,0.0049143891346814465
baseline_female,Boruta,100,tqwt_kurtosisValue_dec_18 (TQWT),0.005881365740740741,0.004452018467403188
baseline_female,Boruta,100,tqwt_energy_dec_11 (TQWT),0.005840146750524109,0.0054974938412246
baseline_female,Boruta,100,rapJitter (Baseline),0.005794871794871794,0.004307023281855991
baseline_female,Boruta,100,mean_MFCC_5th_coef (MFCC),0.005789682539682538,0.005411270103268578
baseline_female,Boruta,100,app_LT_TKEO_std_2_coef (Wavelet),0.005591880341880341,0.003362389318722912
baseline_female,Boruta,100,tqwt_entropy_log_dec_11 (TQWT),0.005591074681238616,0.004828226796838915
baseline_female,Boruta,100,std_10th_delta_delta (MFCC),0.0055724043715847,0.003693137391460006
baseline_female,Boruta,100,mean_delta_log_energy (MFCC),0.005446581196581197,0.0039008725103246247
baseline_female,Boruta,100,b1 (Bandwidth),0.0054457070707070706,0.005107474947996419
baseline_female,Boruta,100,tqwt_minValue_dec_12 (TQWT),0.0053948087431694,0.004982321906171342
baseline_female,Boruta,100,std_11th_delta (MFCC),0.005362433862433863,0.007397749788958483
baseline_female,Boruta,100,tqwt_maxValue_dec_12 (TQWT),0.00527504553734062,0.004354822332470975
baseline_female,Boruta,100,tqwt_stdValue_dec_11 (TQWT),0.005233606557377051,0.004985885397559257
baseline_female,Boruta,100,tqwt_kurtosisValue_dec_23 (TQWT),0.005104166666666667,0.0029744032120889575
baseline_female,Boruta,100,std_MFCC_6th_coef (MFCC),0.005078042328042328,0.004426671009432434
baseline_female,Boruta,100,tqwt_entropy_log_dec_34 (TQWT),0.005017759562841531,0.00617007091191125
baseline_female,Boruta,100,tqwt_minValue_dec_13 (TQWT),0.005008730158730159,0.0038433995806049135
baseline_female,Boruta,100,tqwt_entropy_log_dec_26 (TQWT),0.005008101851851851,0.0052399574824395605
baseline_female,Boruta,100,tqwt_skewnessValue_dec_26 (TQWT),0.004990079365079363,0.0026407312066054007
baseline_female,Boruta,100,tqwt_entropy_shannon_dec_11 (TQWT),0.004974499089253188,0.0050881381715530295
baseline_female,Boruta,100,tqwt_entropy_shannon_dec_12 (TQWT),0.0049275956284153015,0.0040847372130478786
baseline_female,Boruta,100,GNE_NSR_SEO (Vocal Fold),0.004811965811965813,0.003924003809606446
baseline_female,Boruta,100,tqwt_entropy_log_dec_28 (TQWT),0.004797008547008546,0.0037393717905204473
baseline_female,Boruta,100,tqwt_energy_dec_19 (TQWT),0.0047777777777777775,0.003792541724811551
baseline_female,Boruta,100,std_4th_delta (MFCC),0.004740566037735849,0.003953268037321808
baseline_female,Boruta,100,tqwt_maxValue_dec_11 (TQWT),0.004722222222222221,0.0037941774098674916
baseline_female,Boruta,100,tqwt_entropy_shannon_dec_26 (TQWT),0.0047136752136752134,0.004021129029200464
baseline_female,Boruta,100,tqwt_kurtosisValue_dec_17 (TQWT),0.0046840277777777765,0.004262655941495987
baseline_female,Boruta,100,det_LT_TKEO_std_4_coef (Wavelet),0.004683760683760684,0.0032891651400632532
baseline_female,Boruta,100,mean_2nd_delta (MFCC),0.004679487179487179,0.0037184235001776404
baseline_female,Boruta,100,std_11th_delta_delta (MFCC),0.0046443533697632065,0.004750361997667343
baseline_female,Boruta,100,tqwt_meanValue_dec_36 (TQWT),0.004579140461215934,0.003919172171540421
baseline_female,Boruta,100,tqwt_stdValue_dec_26 (TQWT),0.00451984126984127,0.002925034255667
baseline_female,Boruta,100,tqwt_kurtosisValue_dec_34 (TQWT),0.004486467236467238,0.003889531106084328
baseline_female,Boruta,100,ppq5Jitter (Baseline),0.004446581196581198,0.004405478309154715
baseline_female,Boruta,100,tqwt_kurtosisValue_dec_20 (TQWT),0.004420309653916212,0.0033439024806879436
baseline_female,Boruta,100,tqwt_energy_dec_21 (TQWT),0.004367521367521368,0.004492045155435293
baseline_female,Boruta,100,tqwt_minValue_dec_11 (TQWT),0.0043638888888888885,0.004315782682696696
baseline_female,Boruta,100,tqwt_TKEO_mean_dec_13 (TQWT),0.004350115740740741,0.004125945965057334
baseline_female,Boruta,100,tqwt_kurtosisValue_dec_35 (TQWT),0.004261111111111113,0.0035663814151846275
baseline_female,Boruta,100,tqwt_TKEO_mean_dec_19 (TQWT),0.004253968253968254,0.003636925400084608
baseline_female,Boruta,100,Ed_4_coef (Wavelet),0.004200854700854701,0.003060166149838415
baseline_female,Boruta,100,GQ_std_cycle_open (Vocal Fold),0.0041349206349206346,0.004051870036618992
baseline_female,Boruta,100,det_LT_entropy_shannon_3_coef (Wavelet),0.0041004273504273514,0.0033498874379217346
baseline_female,Boruta,100,std_10th_delta (MFCC),0.004077413479052823,0.0035002613323980736
baseline_female,Boruta,100,locPctJitter (Baseline),0.004054131054131053,0.0033763906553908583
baseline_female,Boruta,100,tqwt_entropy_log_dec_32 (TQWT),0.003991452991452991,0.004179840424115013
baseline_female,Boruta,100,tqwt_skewnessValue_dec_23 (TQWT),0.003988095238095239,0.0026160847477007354
baseline_female,Boruta,100,tqwt_kurtosisValue_dec_36 (TQWT),0.003971527777777778,0.0035733984724134575
baseline_female,Boruta,100,std_12th_delta (MFCC),0.0039674603174603175,0.0037025034858159727
baseline_female,Boruta,100,apq11Shimmer (Baseline),0.003854018912529551,0.004387816267383991
baseline_female,Boruta,100,std_MFCC_7th_coef (MFCC),0.0038504273504273503,0.0018061921997202465
baseline_female,Boruta,100,minIntensity (Intensity),0.0036874999999999994,0.003717802803385699
baseline_female,Boruta,100,meanHarmToNoiseHarmonicity (Baseline),0.0036452991452991454,0.0029842490522311318
baseline_female,Boruta,100,tqwt_TKEO_std_dec_6 (TQWT),0.003638888888888889,0.003321493459583451
baseline_female,Boruta,100,tqwt_maxValue_dec_13 (TQWT),0.0036151620370370374,0.003493530004168966
baseline_female,Boruta,100,std_Log_energy (MFCC),0.003611566484517305,0.003684008360507087
baseline_female,Boruta,100,tqwt_energy_dec_34 (TQWT),0.0035897435897435893,0.00433380719251385
baseline_female,Boruta,100,tqwt_stdValue_dec_13 (TQWT),0.003573015873015873,0.003134112344160317
baseline_female,Boruta,100,tqwt_kurtosisValue_dec_33 (TQWT),0.003513888888888889,0.0033834913535497617
baseline_female,Boruta,100,tqwt_entropy_log_dec_17 (TQWT),0.0035071428571428567,0.0029327164759753895
baseline_female,Boruta,100,std_8th_delta (MFCC),0.0034367030965391627,0.003390045082409625
baseline_female,Boruta,100,tqwt_entropy_shannon_dec_35 (TQWT),0.003425653594771243,0.004064114095375931
baseline_female,Boruta,100,tqwt_TKEO_std_dec_7 (TQWT),0.0034228395061728393,0.0027164820961884987
baseline_female,Boruta,100,locDbShimmer (Baseline),0.0034059829059829064,0.002719523468515743
baseline_female,Boruta,100,tqwt_energy_dec_7 (TQWT),0.0033867521367521368,0.002698336507187328
baseline_female,Boruta,100,tqwt_entropy_log_dec_13 (TQWT),0.0033640046296296304,0.0025205935882534848
baseline_female,Boruta,100,tqwt_TKEO_std_dec_13 (TQWT),0.003304976851851852,0.0025859342718461734
baseline_female,Boruta,100,tqwt_entropy_shannon_dec_33 (TQWT),0.0033029100529100527,0.00357891360261126
baseline_female,Boruta,100,tqwt_TKEO_mean_dec_6 (TQWT),0.0032960317460317455,0.0029076353899556437
baseline_female,Boruta,100,tqwt_energy_dec_13 (TQWT),0.0031595238095238104,0.0033076485374231935
baseline_female,Boruta,100,app_det_TKEO_mean_3_coef (Wavelet),0.0031452991452991454,0.002088475726871361
baseline_female,Boruta,100,tqwt_TKEO_std_dec_11 (TQWT),0.003117486338797814,0.0031618460200900974
baseline_female,Boruta,100,tqwt_TKEO_mean_dec_11 (TQWT),0.0030938069216757745,0.003137052764789301
baseline_female,Boruta,100,std_5th_delta_delta (MFCC),0.0030723270440251578,0.0033776252036132872
baseline_female,Boruta,100,tqwt_kurtosisValue_dec_27 (TQWT),0.003053921568627451,0.00332471478294107
baseline_female,Boruta,100,std_12th_delta_delta (MFCC),0.0030380952380952386,0.003513947083511481
baseline_female,Boruta,100,std_5th_delta (MFCC),0.003036008230452675,0.0022456705632716506
baseline_female,Boruta,100,tqwt_entropy_shannon_dec_16 (TQWT),0.003016414141414141,0.002785432528658142
baseline_female,Boruta,100,tqwt_meanValue_dec_5 (TQWT),0.003008547008547009,0.002927317896845177
baseline_female,Boruta,100,tqwt_entropy_shannon_dec_18 (TQWT),0.003006410256410257,0.002229878937789849
baseline_female,Boruta,100,tqwt_energy_dec_1 (TQWT),0.003004273504273504,0.0025267650038223546
baseline_female,Boruta,100,tqwt_entropy_log_dec_19 (TQWT),0.002912698412698412,0.0032369060903588167
baseline_female,Boruta,100,tqwt_stdValue_dec_6 (TQWT),0.0028825396825396823,0.0028181574822289776
baseline_female,Boruta,100,tqwt_TKEO_mean_dec_33 (TQWT),0.0028226495726495723,0.002321450842497859
baseline_female,Boruta,100,tqwt_stdValue_dec_7 (TQWT),0.0028189300411522638,0.0028057908090391333
baseline_female,Boruta,100,tqwt_meanValue_dec_11 (TQWT),0.0027905982905982907,0.004183208959932914
baseline_female,Boruta,100,tqwt_TKEO_mean_dec_7 (TQWT),0.0027884615384615387,0.0025147003695704874
baseline_female,Boruta,100,tqwt_entropy_shannon_dec_36 (TQWT),0.002775132275132274,0.0025261580367838747
baseline_female,Boruta,100,tqwt_stdValue_dec_33 (TQWT),0.0027513227513227515,0.0026897125853680213
baseline_female,Boruta,100,tqwt_entropy_shannon_dec_34 (TQWT),0.002744281045751634,0.0037979692346107844
baseline_female,Boruta,100,tqwt_TKEO_std_dec_19 (TQWT),0.0027345679012345677,0.0027559181288213
baseline_female,Boruta,100,tqwt_entropy_shannon_dec_13 (TQWT),0.0027230158730158728,0.0027765679373365423
baseline_female,Boruta,100,tqwt_TKEO_mean_dec_28 (TQWT),0.002713675213675214,0.0024559462599316037
baseline_female,Boruta,100,tqwt_energy_dec_35 (TQWT),0.0027048611111111114,0.0024410882894801323
baseline_female,Boruta,100,tqwt_stdValue_dec_34 (TQWT),0.002702991452991453,0.002815982964216945
baseline_female,Boruta,100,maxIntensity (Intensity),0.00267989417989418,0.0025980850362101677
baseline_female,Boruta,100,GNE_std (Vocal Fold),0.002647435897435898,0.0034969560840396397
baseline_female,Boruta,100,tqwt_entropy_log_dec_16 (TQWT),0.0025719696969696967,0.002128524436617204
baseline_female,Boruta,100,std_MFCC_4th_coef (MFCC),0.0025181623931623937,0.0027287513206362525
baseline_female,Boruta,100,det_LT_entropy_shannon_4_coef (Wavelet),0.00247008547008547,0.0018655654586034983
baseline_female,Boruta,100,tqwt_entropy_log_dec_5 (TQWT),0.002416666666666667,0.0023792255642780666
baseline_female,Boruta,100,ddpJitter (Baseline),0.0024131054131054127,0.0021089312418002284
baseline_female,Boruta,100,tqwt_kurtosisValue_dec_16 (TQWT),0.0024000000000000002,0.002564230704686701
baseline_female,Boruta,100,tqwt_TKEO_std_dec_16 (TQWT),0.002399305555555555,0.0016267342385589353
baseline_female,Boruta,100,tqwt_entropy_shannon_dec_17 (TQWT),0.0023598484848484846,0.001970717519737821
baseline_female,Boruta,100,tqwt_entropy_log_dec_1 (TQWT),0.002336805555555555,0.00209397694834611
baseline_female,Boruta,100,det_LT_TKEO_mean_1_coef (Wavelet),0.002323045267489712,0.003397096726484344
baseline_female,Boruta,100,tqwt_TKEO_mean_dec_16 (TQWT),0.002322916666666667,0.0018854319726270305
baseline_female,Boruta,100,tqwt_stdValue_dec_28 (TQWT),0.0023226495726495723,0.0020697330525444356
baseline_female,Boruta,100,tqwt_maxValue_dec_7 (TQWT),0.002282051282051282,0.0022311108170271327
baseline_female,Boruta,100,tqwt_entropy_shannon_dec_6 (TQWT),0.002261904761904762,0.002598497734497853
baseline_female,Boruta,100,tqwt_TKEO_mean_dec_5 (TQWT),0.0021547619047619045,0.0014933555905644025
baseline_female,Boruta,100,tqwt_energy_dec_16 (TQWT),0.0021180555555555553,0.0019560654087664698
baseline_female,Boruta,100,tqwt_entropy_shannon_dec_19 (TQWT),0.00208531746031746,0.003249085346282715
baseline_female,Boruta,100,tqwt_entropy_log_dec_8 (TQWT),0.0020734126984126985,0.0023117694316847175
baseline_female,Boruta,100,tqwt_stdValue_dec_35 (TQWT),0.002044934640522876,0.0016313236005590763
baseline_female,Boruta,100,tqwt_entropy_shannon_dec_5 (TQWT),0.002038461538461538,0.0015511767810760342
baseline_female,Boruta,100,tqwt_minValue_dec_7 (TQWT),0.0019551282051282056,0.0021439321867645954
baseline_female,Boruta,100,std_MFCC_8th_coef (MFCC),0.001905555555555555,0.0019278440008420003
baseline_female,Boruta,100,tqwt_kurtosisValue_dec_28 (TQWT),0.001897435897435897,0.0014624276524651185
baseline_female,Boruta,100,tqwt_stdValue_dec_17 (TQWT),0.0018849206349206352,0.0023543392853505735
baseline_female,Boruta,100,tqwt_TKEO_std_dec_4 (TQWT),0.001861111111111111,0.0019882239209055063
baseline_female,Boruta,100,det_LT_TKEO_std_1_coef (Wavelet),0.0018508230452674898,0.002422690644760687
baseline_female,Boruta,100,tqwt_TKEO_std_dec_5 (TQWT),0.0018353174603174603,0.0013311965930030481
baseline_female,Boruta,100,meanIntensity (Intensity),0.0018346560846560845,0.002078834719713696
baseline_female,Boruta,100,tqwt_TKEO_mean_dec_9 (TQWT),0.0018273809523809523,0.0012341217572676253
baseline_female,Boruta,100,tqwt_energy_dec_17 (TQWT),0.001799603174603175,0.0014579743704868388
baseline_female,Boruta,100,tqwt_entropy_log_dec_18 (TQWT),0.0017708333333333332,0.0019357488036835617
baseline_female,Boruta,100,tqwt_energy_dec_28 (TQWT),0.0017489316239316238,0.00148872666898129
baseline_female,Boruta,100,tqwt_entropy_shannon_dec_10 (TQWT),0.0017435897435897436,0.0016064202689788504
baseline_female,Boruta,100,tqwt_maxValue_dec_17 (TQWT),0.001743589743589743,0.0017839051775017864
baseline_female,Boruta,100,tqwt_stdValue_dec_8 (TQWT),0.001704365079365079,0.0017572476026061102
baseline_female,Boruta,100,tqwt_TKEO_mean_dec_14 (TQWT),0.001688034188034188,0.0013921960846841727
baseline_female,Boruta,100,tqwt_energy_dec_10 (TQWT),0.0016666666666666668,0.002136233148205519
baseline_female,Boruta,100,tqwt_TKEO_mean_dec_18 (TQWT),0.0016645299145299141,0.0013342782338397056
baseline_female,Boruta,100,tqwt_TKEO_std_dec_18 (TQWT),0.0016452991452991451,0.00139323219209719
baseline_female,Boruta,100,tqwt_TKEO_mean_dec_36 (TQWT),0.0016150793650793651,0.0011647535334356335
baseline_female,Boruta,100,mean_MFCC_1st_coef (MFCC),0.0016132478632478631,0.001541979572724945
baseline_female,Boruta,100,tqwt_stdValue_dec_16 (TQWT),0.0016111111111111107,0.0016360064004992123
baseline_female,Boruta,100,tqwt_entropy_log_dec_9 (TQWT),0.0015820707070707065,0.0013980017564341187
baseline_female,Boruta,100,tqwt_TKEO_mean_dec_34 (TQWT),0.0015705128205128205,0.0019877908784156793
baseline_female,Boruta,100,tqwt_stdValue_dec_14 (TQWT),0.001566239316239316,0.0019706247761463896
baseline_female,Boruta,100,tqwt_energy_dec_15 (TQWT),0.001555555555555555,0.0013676148472323514
baseline_female,Boruta,100,tqwt_TKEO_mean_dec_35 (TQWT),0.0015341880341880347,0.0014035511996204372
baseline_female,Boruta,100,tqwt_entropy_log_dec_6 (TQWT),0.001529100529100529,0.0013801899007953565
baseline_female,Boruta,100,det_TKEO_mean_1_coef (Wavelet),0.0014786324786324786,0.0008258796413989041
baseline_female,Boruta,100,Ed2_1_coef (Wavelet),0.0014526748971193412,0.00137467847245214
baseline_female,Boruta,100,tqwt_TKEO_std_dec_14 (TQWT),0.0014358974358974355,0.0015759352726466848
baseline_female,Boruta,100,f2 (Formant Frequency),0.001427083333333333,0.0013526553213733777
baseline_female,Boruta,100,tqwt_stdValue_dec_36 (TQWT),0.0013226495726495725,0.0009708373022937814
baseline_female,Boruta,100,tqwt_TKEO_mean_dec_17 (TQWT),0.0012929292929292928,0.0014014292371546978
baseline_female,Boruta,100,Ed_1_coef (Wavelet),0.001276388888888889,0.00138069573170512
baseline_female,Boruta,100,det_TKEO_std_1_coef (Wavelet),0.0012417695473251028,0.0012816123370920484
baseline_female,Boruta,100,tqwt_kurtosisValue_dec_22 (TQWT),0.001224358974358974,0.001246590421504865
baseline_female,Boruta,100,tqwt_entropy_shannon_dec_7 (TQWT),0.0010363247863247865,0.0008689976295461798
baseline_female,Boruta,100,tqwt_entropy_shannon_dec_8 (TQWT),0.000878968253968254,0.0010144046830999813
baseline_female,Boruta,100,f1 (Formant Frequency),0.0008373015873015873,0.00081566662419034
baseline_female,Boruta,100,tqwt_stdValue_dec_19 (TQWT),0.0007281746031746032,0.001138583328492117
baseline,mRMR,10,std_delta_delta_log_energy (MFCC),0.07614161220043572,0.05580143455873741
baseline,mRMR,10,std_6th_delta_delta (MFCC),0.06514923747276688,0.04157864897937179
baseline,mRMR,10,std_9th_delta_delta (MFCC),0.05733560090702947,0.03500602789141623
baseline,mRMR,10,tqwt_entropy_log_dec_34 (TQWT),0.05069777777777778,0.0474126866836637
baseline,mRMR,10,tqwt_stdValue_dec_12 (TQWT),0.04792265795206972,0.029008027386058722
baseline,mRMR,10,std_7th_delta_delta (MFCC),0.045956605859590945,0.027352276242195484
baseline,mRMR,10,tqwt_entropy_log_dec_12 (TQWT),0.04551307189542483,0.0326094341180348
baseline,mRMR,10,std_7th_delta (MFCC),0.03900453514739229,0.017985756092362058
baseline,mRMR,10,tqwt_kurtosisValue_dec_26 (TQWT),0.037210613598673295,0.04104968284342876
baseline,mRMR,10,std_8th_delta_delta (MFCC),0.033918300653594774,0.027617426839259992
baseline,mRMR,10,DFA (Baseline),0.033066993464052286,0.025653363167179588
baseline,mRMR,10,std_6th_delta (MFCC),0.03293209876543209,0.02251239188492254
baseline,mRMR,10,std_5th_delta (MFCC),0.032395555555555546,0.01946099319222531
baseline,mRMR,10,tqwt_TKEO_std_dec_12 (TQWT),0.031096949891067538,0.025518251225473715
baseline,mRMR,10,tqwt_stdValue_dec_11 (TQWT),0.03071492704826038,0.03407701804094078
baseline,mRMR,10,tqwt_maxValue_dec_11 (TQWT),0.030687777777777783,0.036260765824859785
baseline,mRMR,10,mean_MFCC_2nd_coef (MFCC),0.030587027914614123,0.03308478052560973
baseline,mRMR,10,tqwt_minValue_dec_11 (TQWT),0.030538126361655774,0.02439537495061315
baseline,mRMR,10,std_MFCC_6th_coef (MFCC),0.030403333333333327,0.017579734939324677
baseline,mRMR,10,tqwt_kurtosisValue_dec_34 (TQWT),0.0285453514739229,0.03494171902244078
baseline,mRMR,10,tqwt_kurtosisValue_dec_27 (TQWT),0.028476085356880062,0.0330280169882418
baseline,mRMR,10,tqwt_kurtosisValue_dec_36 (TQWT),0.028425925925925924,0.024097715374902212
baseline,mRMR,10,tqwt_minValue_dec_12 (TQWT),0.02727891156462585,0.032058932862473105
baseline,mRMR,10,tqwt_maxValue_dec_12 (TQWT),0.02595533769063181,0.016198693256172954
baseline,mRMR,10,tqwt_entropy_log_dec_26 (TQWT),0.025888523391812867,0.022470217703146587
baseline,mRMR,10,tqwt_kurtosisValue_dec_35 (TQWT),0.02430444444444444,0.029832547492347546
baseline,mRMR,10,tqwt_entropy_shannon_dec_35 (TQWT),0.023226579520697167,0.029931510601587427
baseline,mRMR,10,tqwt_energy_dec_11 (TQWT),0.02274727668845316,0.020454316382850654
baseline,mRMR,10,tqwt_TKEO_mean_dec_34 (TQWT),0.016920479302832244,0.02679981210225411
baseline,mRMR,10,tqwt_entropy_shannon_dec_34 (TQWT),0.01130611111111111,0.015391886278111442
baseline,mRMR,10,tqwt_meanValue_dec_7 (TQWT),0.010812925170068027,0.014676404223383604
baseline_male,mRMR,10,std_6th_delta_delta (MFCC),0.05871256038647342,0.032219375235566526
baseline_male,mRMR,10,std_delta_delta_log_energy (MFCC),0.05426967592592593,0.06130056385067082
baseline_male,mRMR,10,std_9th_delta_delta (MFCC),0.047833333333333325,0.029258245583775575
baseline_male,mRMR,10,tqwt_entropy_log_dec_34 (TQWT),0.04466898148148148,0.04637468594948736
baseline_male,mRMR,10,std_7th_delta (MFCC),0.04223671497584541,0.014074335964469838
baseline_male,mRMR,10,std_7th_delta_delta (MFCC),0.03889096573208723,0.026292067180029213
baseline_male,mRMR,10,tqwt_entropy_log_dec_12 (TQWT),0.03837460317460317,0.029680940287004322
baseline_male,mRMR,10,std_6th_delta (MFCC),0.03536746987951807,0.021902333292444506
baseline_male,mRMR,10,tqwt_kurtosisValue_dec_34 (TQWT),0.03497584541062802,0.0428917000990578
baseline_male,mRMR,10,std_8th_delta_delta (MFCC),0.03296190476190476,0.026814337291292213
baseline_male,mRMR,10,tqwt_stdValue_dec_11 (TQWT),0.03215248226950354,0.03566531199787038
baseline_male,mRMR,10,tqwt_maxValue_dec_11 (TQWT),0.031238425925925923,0.04064811231451087
baseline_male,mRMR,10,tqwt_minValue_dec_12 (TQWT),0.029446859903381646,0.031337628678697764
baseline_male,mRMR,10,std_5th_delta (MFCC),0.029178240740740737,0.01785678827864178
baseline_male,mRMR,10,tqwt_kurtosisValue_dec_36 (TQWT),0.02741545893719807,0.019079653793489453
baseline_male,mRMR,10,tqwt_entropy_shannon_dec_35 (TQWT),0.025547619047619045,0.03457189889966551
baseline_male,mRMR,10,tqwt_kurtosisValue_dec_35 (TQWT),0.024692129629629633,0.027746923298292023
baseline_male,mRMR,10,tqwt_maxValue_dec_12 (TQWT),0.023431746031746026,0.016779309973379217
baseline_male,mRMR,10,DFA (Baseline),0.02227777777777778,0.020760043580864893
baseline_male,mRMR,10,tqwt_stdValue_dec_12 (TQWT),0.022275362318840582,0.03558212017593714
baseline_male,mRMR,10,std_MFCC_6th_coef (MFCC),0.02215046296296296,0.015853253091572827
baseline_male,mRMR,10,tqwt_TKEO_mean_dec_34 (TQWT),0.02140476190476191,0.03203830387427548
baseline_male,mRMR,10,tqwt_minValue_dec_11 (TQWT),0.020601449275362317,0.03036740191679068
baseline_male,mRMR,10,tqwt_entropy_log_dec_26 (TQWT),0.01993253968253968,0.021761430100180897
baseline_male,mRMR,10,mean_MFCC_2nd_coef (MFCC),0.01869055036344756,0.023573395668464624
baseline_male,mRMR,10,tqwt_kurtosisValue_dec_26 (TQWT),0.018247368421052627,0.02345118873377069
baseline_male,mRMR,10,tqwt_energy_dec_11 (TQWT),0.017895555555555557,0.020313843364371798
baseline_male,mRMR,10,tqwt_kurtosisValue_dec_27 (TQWT),0.01787817938420348,0.028878912658089638
baseline_male,mRMR,10,tqwt_TKEO_std_dec_12 (TQWT),0.013435555555555556,0.01353018795087437
baseline_male,mRMR,10,tqwt_meanValue_dec_7 (TQWT),0.0127512077294686,0.01800913491851853
baseline_male,mRMR,10,tqwt_entropy_shannon_dec_34 (TQWT),0.009347826086956522,0.00888119929039505
baseline_female,mRMR,10,std_delta_delta_log_energy (MFCC),0.09473251028806584,0.05622598822832238
baseline_female,mRMR,10,std_9th_delta_delta (MFCC),0.06889529914529915,0.04036317014693599
baseline_female,mRMR,10,std_6th_delta_delta (MFCC),0.06765277777777778,0.04040944400609527
baseline_female,mRMR,10,tqwt_entropy_log_dec_12 (TQWT),0.06422916666666666,0.05186841900492941
baseline_female,mRMR,10,tqwt_stdValue_dec_12 (TQWT),0.05745436507936509,0.03442498928116537
baseline_female,mRMR,10,tqwt_entropy_log_dec_34 (TQWT),0.05447435897435898,0.042764093960561494
baseline_female,mRMR,10,std_7th_delta_delta (MFCC),0.05445567375886524,0.030908740551922827
baseline_female,mRMR,10,tqwt_kurtosisValue_dec_26 (TQWT),0.04791876310272537,0.044058368155937215
baseline_female,mRMR,10,std_7th_delta (MFCC),0.04634188034188033,0.021837883228306352
baseline_female,mRMR,10,mean_MFCC_2nd_coef (MFCC),0.046164351851851845,0.034863227513251986
baseline_female,mRMR,10,tqwt_maxValue_dec_11 (TQWT),0.04518589743589743,0.029256577321558248
baseline_female,mRMR,10,DFA (Baseline),0.039497942386831277,0.02910433142233598
baseline_female,mRMR,10,tqwt_TKEO_std_dec_12 (TQWT),0.03947008547008547,0.023728666177212712
baseline_female,mRMR,10,std_MFCC_6th_coef (MFCC),0.036361111111111115,0.02117228879669869
baseline_female,mRMR,10,tqwt_stdValue_dec_11 (TQWT),0.03457264957264958,0.0316385000906844
baseline_female,mRMR,10,tqwt_minValue_dec_12 (TQWT),0.03397222222222222,0.038111530494244865
baseline_female,mRMR,10,std_5th_delta (MFCC),0.033935897435897436,0.02017991283997238
baseline_female,mRMR,10,tqwt_kurtosisValue_dec_27 (TQWT),0.03319526143790849,0.031449225364264866
baseline_female,mRMR,10,std_6th_delta (MFCC),0.03164365079365079,0.020760177763207637
baseline_female,mRMR,10,std_8th_delta_delta (MFCC),0.031274305555555555,0.022883751076632375
baseline_female,mRMR,10,tqwt_maxValue_dec_12 (TQWT),0.03091319444444444,0.02388237006622876
baseline_female,mRMR,10,tqwt_minValue_dec_11 (TQWT),0.030494047619047622,0.02400186079394684
baseline_female,mRMR,10,tqwt_entropy_log_dec_26 (TQWT),0.028901960784313726,0.02243870630729485
baseline_female,mRMR,10,tqwt_energy_dec_11 (TQWT),0.02683119658119658,0.02324228515720473
baseline_female,mRMR,10,tqwt_kurtosisValue_dec_35 (TQWT),0.026128205128205125,0.023574356942455615
baseline_female,mRMR,10,tqwt_kurtosisValue_dec_34 (TQWT),0.024655982905982907,0.023294670190124163
baseline_female,mRMR,10,tqwt_entropy_shannon_dec_35 (TQWT),0.021694444444444447,0.01735205390222407
baseline_female,mRMR,10,tqwt_kurtosisValue_dec_36 (TQWT),0.018367063492063494,0.024475731495440214
baseline_female,mRMR,10,tqwt_TKEO_mean_dec_34 (TQWT),0.015729166666666666,0.013873185567049036
baseline_female,mRMR,10,tqwt_entropy_shannon_dec_34 (TQWT),0.014314814814814817,0.021496159799563375
baseline_female,mRMR,10,tqwt_meanValue_dec_7 (TQWT),0.009790598290598291,0.011679937903128998
baseline,mRMR,20,std_delta_delta_log_energy (MFCC),0.04239814814814816,0.037557175283244024
baseline,mRMR,20,tqwt_entropy_log_dec_12 (TQWT),0.03852069716775599,0.02840588183638333
baseline,mRMR,20,tqwt_stdValue_dec_12 (TQWT),0.034892156862745105,0.021444231617370735
baseline,mRMR,20,tqwt_entropy_log_dec_27 (TQWT),0.02940196078431372,0.025899946159062024
baseline,mRMR,20,tqwt_meanValue_dec_36 (TQWT),0.027797385620915032,0.016402043326482152
baseline,mRMR,20,std_6th_delta_delta (MFCC),0.02757827038861521,0.020880319480174808
baseline,mRMR,20,tqwt_entropy_log_dec_33 (TQWT),0.027075555555555558,0.02019960597465197
baseline,mRMR,20,std_7th_delta_delta (MFCC),0.026045414462081123,0.018803724471502425
baseline,mRMR,20,tqwt_kurtosisValue_dec_18 (TQWT),0.025144880174291943,0.014703883860688561
baseline,mRMR,20,tqwt_energy_dec_6 (TQWT),0.02452069716775599,0.015932942907266004
baseline,mRMR,20,tqwt_kurtosisValue_dec_20 (TQWT),0.022457516339869282,0.015987482875772858
baseline,mRMR,20,tqwt_kurtosisValue_dec_26 (TQWT),0.021224647266313935,0.020713343204416923
baseline,mRMR,20,tqwt_entropy_log_dec_26 (TQWT),0.019970394736842104,0.01557587010926485
baseline,mRMR,20,std_9th_delta_delta (MFCC),0.019774752475247525,0.017077681499616932
baseline,mRMR,20,tqwt_entropy_log_dec_34 (TQWT),0.01968555555555556,0.019933142695723213
baseline,mRMR,20,DFA (Baseline),0.019464052287581697,0.016372318158580403
baseline,mRMR,20,tqwt_stdValue_dec_11 (TQWT),0.01942704826038159,0.02126718325231454
baseline,mRMR,20,mean_MFCC_2nd_coef (MFCC),0.01855379188712522,0.01852402855410602
baseline,mRMR,20,std_11th_delta (MFCC),0.018269063180827886,0.016313888400539305
baseline,mRMR,20,std_7th_delta (MFCC),0.017429444444444442,0.009905383098685433
baseline,mRMR,20,tqwt_TKEO_std_dec_12 (TQWT),0.016809368191721137,0.013379995354807987
baseline,mRMR,20,tqwt_minValue_dec_12 (TQWT),0.015920000000000004,0.013038472072861814
baseline,mRMR,20,tqwt_energy_dec_7 (TQWT),0.015913019079685745,0.013029758140434085
baseline,mRMR,20,tqwt_maxValue_dec_11 (TQWT),0.01585233918128655,0.01640754626663552
baseline,mRMR,20,tqwt_kurtosisValue_dec_36 (TQWT),0.015808278867102395,0.014993819038924468
baseline,mRMR,20,std_MFCC_6th_coef (MFCC),0.015802222222222224,0.0077129327330638375
baseline,mRMR,20,std_6th_delta (MFCC),0.01500871459694989,0.014558680024804973
baseline,mRMR,20,tqwt_meanValue_dec_5 (TQWT),0.014625272331154687,0.009823055903475453
baseline,mRMR,20,std_8th_delta (MFCC),0.014373176206509537,0.012003417098780658
baseline,mRMR,20,std_8th_delta_delta (MFCC),0.014281089036055928,0.011555271732391672
baseline,mRMR,20,locPctJitter (Baseline),0.014024943310657595,0.01608607878407442
baseline,mRMR,20,tqwt_kurtosisValue_dec_34 (TQWT),0.01379349046015713,0.015228853634080958
baseline,mRMR,20,std_11th_delta_delta (MFCC),0.01354901960784314,0.013085803800069417
baseline,mRMR,20,tqwt_TKEO_std_dec_11 (TQWT),0.013483416252072968,0.015807494843250645
baseline,mRMR,20,tqwt_maxValue_dec_12 (TQWT),0.013392156862745098,0.010841974802251624
baseline,mRMR,20,tqwt_entropy_shannon_dec_35 (TQWT),0.012775577557755772,0.017933136107893086
baseline,mRMR,20,tqwt_kurtosisValue_dec_35 (TQWT),0.0127007700770077,0.012048769983889
baseline,mRMR,20,tqwt_energy_dec_12 (TQWT),0.012206349206349209,0.01698614276901784
baseline,mRMR,20,tqwt_energy_dec_11 (TQWT),0.012073982398239822,0.014448813412106597
baseline,mRMR,20,tqwt_kurtosisValue_dec_27 (TQWT),0.011520453289110005,0.012534498202895714
baseline,mRMR,20,std_9th_delta (MFCC),0.011362745098039216,0.008364501660691772
baseline,mRMR,20,tqwt_TKEO_mean_dec_7 (TQWT),0.010868480725623582,0.010302358777592455
baseline,mRMR,20,tqwt_TKEO_mean_dec_34 (TQWT),0.008421568627450979,0.01303684974694383
baseline,mRMR,20,std_5th_delta (MFCC),0.008368888888888888,0.006145015703521026
baseline,mRMR,20,tqwt_energy_dec_15 (TQWT),0.007789999999999999,0.007133917421569847
baseline,mRMR,20,tqwt_entropy_shannon_dec_34 (TQWT),0.007762777777777776,0.007622218816256432
baseline,mRMR,20,tqwt_energy_dec_13 (TQWT),0.007759259259259259,0.006508285567385674
baseline,mRMR,20,tqwt_meanValue_dec_7 (TQWT),0.0076678004535147394,0.008778985402805875
baseline,mRMR,20,tqwt_minValue_dec_11 (TQWT),0.007297385620915031,0.009549366600816005
baseline,mRMR,20,f2 (Formant Frequency),0.004055555555555556,0.0036984270403915514
baseline_male,mRMR,20,std_delta_delta_log_energy (MFCC),0.03576410256410256,0.0364957873671842
baseline_male,mRMR,20,tqwt_entropy_log_dec_12 (TQWT),0.03125555555555556,0.027416053561325943
baseline_male,mRMR,20,tqwt_entropy_log_dec_27 (TQWT),0.02507619047619047,0.024770496008910934
baseline_male,mRMR,20,tqwt_kurtosisValue_dec_20 (TQWT),0.02495555555555556,0.019700973264748817
baseline_male,mRMR,20,std_6th_delta_delta (MFCC),0.024328141225337486,0.018821335799860332
baseline_male,mRMR,20,tqwt_entropy_log_dec_34 (TQWT),0.022574074074074073,0.01847859415675568
baseline_male,mRMR,20,tqwt_entropy_log_dec_33 (TQWT),0.02009722222222222,0.014285616336574557
baseline_male,mRMR,20,tqwt_energy_dec_6 (TQWT),0.019475845410628016,0.014071661695681553
baseline_male,mRMR,20,std_7th_delta_delta (MFCC),0.019442735042735044,0.015496403741464583
baseline_male,mRMR,20,tqwt_kurtosisValue_dec_18 (TQWT),0.01921777777777777,0.013652320896677818
baseline_male,mRMR,20,tqwt_stdValue_dec_11 (TQWT),0.0183983451536643,0.02163076488026752
baseline_male,mRMR,20,tqwt_meanValue_dec_36 (TQWT),0.01798888888888889,0.011444746927400022
baseline_male,mRMR,20,tqwt_energy_dec_7 (TQWT),0.0169468085106383,0.014259490283819396
baseline_male,mRMR,20,std_9th_delta_delta (MFCC),0.01593920335429769,0.013661176109570029
baseline_male,mRMR,20,tqwt_stdValue_dec_12 (TQWT),0.015434782608695649,0.02528586912896756
baseline_male,mRMR,20,DFA (Baseline),0.01498611111111111,0.013450815465035444
baseline_male,mRMR,20,tqwt_minValue_dec_12 (TQWT),0.014845785440613027,0.011435741197658564
baseline_male,mRMR,20,std_7th_delta (MFCC),0.014225845410628017,0.007682776914703567
baseline_male,mRMR,20,tqwt_kurtosisValue_dec_34 (TQWT),0.01406737588652482,0.015613155557975504
baseline_male,mRMR,20,tqwt_entropy_shannon_dec_35 (TQWT),0.013972693032015066,0.021427601001714935
baseline_male,mRMR,20,tqwt_kurtosisValue_dec_36 (TQWT),0.013929951690821259,0.010059561420759061
baseline_male,mRMR,20,std_8th_delta (MFCC),0.013858156028368793,0.012607929858055207
baseline_male,mRMR,20,tqwt_entropy_log_dec_26 (TQWT),0.013769841269841272,0.012667651411061999
baseline_male,mRMR,20,std_11th_delta_delta (MFCC),0.012842857142857144,0.013155298333252432
baseline_male,mRMR,20,std_11th_delta (MFCC),0.012682222222222223,0.010844940882399625
baseline_male,mRMR,20,std_6th_delta (MFCC),0.012522757697456489,0.01308157544791778
baseline_male,mRMR,20,tqwt_maxValue_dec_11 (TQWT),0.012425154320987656,0.019001922382739077
baseline_male,mRMR,20,tqwt_meanValue_dec_5 (TQWT),0.012314009661835747,0.009346652621239728
baseline_male,mRMR,20,mean_MFCC_2nd_coef (MFCC),0.011874786324786326,0.016367710518335715
baseline_male,mRMR,20,std_MFCC_6th_coef (MFCC),0.011835648148148147,0.006955171292764996
baseline_male,mRMR,20,tqwt_maxValue_dec_12 (TQWT),0.011765079365079362,0.008062744571195966
baseline_male,mRMR,20,std_8th_delta_delta (MFCC),0.010931726907630524,0.009612346316590244
baseline_male,mRMR,20,tqwt_energy_dec_12 (TQWT),0.010710144927536231,0.01699662721669782
baseline_male,mRMR,20,tqwt_kurtosisValue_dec_35 (TQWT),0.0106371158392435,0.010075002140453182
baseline_male,mRMR,20,tqwt_TKEO_std_dec_11 (TQWT),0.010246783625730994,0.01674038025172032
baseline_male,mRMR,20,tqwt_TKEO_mean_dec_34 (TQWT),0.010246031746031744,0.016368406469850095
baseline_male,mRMR,20,tqwt_energy_dec_11 (TQWT),0.009728511530398323,0.014688297230114732
baseline_male,mRMR,20,locPctJitter (Baseline),0.009275362318840576,0.00820737284551465
baseline_male,mRMR,20,tqwt_kurtosisValue_dec_26 (TQWT),0.009163247863247858,0.011087657524408203
baseline_male,mRMR,20,std_5th_delta (MFCC),0.008534722222222225,0.007077700743114016
baseline_male,mRMR,20,tqwt_TKEO_mean_dec_7 (TQWT),0.00852173913043478,0.008934031700253942
baseline_male,mRMR,20,std_9th_delta (MFCC),0.008113425925925927,0.00689573398234835
baseline_male,mRMR,20,tqwt_TKEO_std_dec_12 (TQWT),0.007917777777777777,0.009654558016320086
baseline_male,mRMR,20,tqwt_kurtosisValue_dec_27 (TQWT),0.007616822429906541,0.010619930529661136
baseline_male,mRMR,20,tqwt_meanValue_dec_7 (TQWT),0.007429951690821255,0.00788134047050443
baseline_male,mRMR,20,tqwt_minValue_dec_11 (TQWT),0.007355072463768115,0.01126594414971693
baseline_male,mRMR,20,tqwt_energy_dec_15 (TQWT),0.0065995370370370374,0.005480200506525576
baseline_male,mRMR,20,tqwt_energy_dec_13 (TQWT),0.006562222222222222,0.005398029151340211
baseline_male,mRMR,20,tqwt_entropy_shannon_dec_34 (TQWT),0.0062246376811594195,0.005446773049061043
baseline_male,mRMR,20,f2 (Formant Frequency),0.003833333333333332,0.0036528732397912334
baseline_female,mRMR,20,std_delta_delta_log_energy (MFCC),0.04904872495446266,0.035897123552506675
baseline_female,mRMR,20,tqwt_entropy_log_dec_12 (TQWT),0.04163541666666667,0.03440072323601288
baseline_female,mRMR,20,tqwt_meanValue_dec_36 (TQWT),0.03580769230769231,0.016942800744224582
baseline_female,mRMR,20,tqwt_entropy_log_dec_27 (TQWT),0.03424652777777777,0.024239740087457336
baseline_female,mRMR,20,tqwt_stdValue_dec_12 (TQWT),0.03303174603174602,0.022270433455266636
baseline_female,mRMR,20,std_6th_delta_delta (MFCC),0.031648726851851855,0.02385710392288926
baseline_female,mRMR,20,std_7th_delta_delta (MFCC),0.030826047358834246,0.019097055046711043
baseline_female,mRMR,20,tqwt_entropy_log_dec_33 (TQWT),0.030170940170940172,0.02356085691595233
baseline_female,mRMR,20,tqwt_kurtosisValue_dec_18 (TQWT),0.02793589743589744,0.019535575103863584
baseline_female,mRMR,20,tqwt_kurtosisValue_dec_26 (TQWT),0.027299635701275048,0.023139891294496364
baseline_female,mRMR,20,std_9th_delta_delta (MFCC),0.025220486111111114,0.023747813984915263
baseline_female,mRMR,20,mean_MFCC_2nd_coef (MFCC),0.024638888888888894,0.018430239597149047
baseline_female,mRMR,20,DFA (Baseline),0.022505144032921812,0.01811272713722745
baseline_female,mRMR,20,tqwt_kurtosisValue_dec_20 (TQWT),0.022208333333333333,0.01039943965575378
baseline_female,mRMR,20,tqwt_energy_dec_6 (TQWT),0.022200396825396828,0.021065188229124614
baseline_female,mRMR,20,tqwt_entropy_log_dec_26 (TQWT),0.022104575163398688,0.016267778730739743
baseline_female,mRMR,20,tqwt_stdValue_dec_11 (TQWT),0.020950854700854702,0.01949565908809216
baseline_female,mRMR,20,tqwt_TKEO_std_dec_12 (TQWT),0.02062179487179487,0.013648987432035313
baseline_female,mRMR,20,std_7th_delta (MFCC),0.02055144032921811,0.011863182019576897
baseline_female,mRMR,20,tqwt_entropy_log_dec_34 (TQWT),0.020064102564102564,0.017359562879128706
baseline_female,mRMR,20,tqwt_maxValue_dec_11 (TQWT),0.01929652777777778,0.013923361061332407
baseline_female,mRMR,20,tqwt_minValue_dec_12 (TQWT),0.018682539682539683,0.014517260662496116
baseline_female,mRMR,20,std_11th_delta_delta (MFCC),0.018246527777777775,0.0132140940223446
baseline_female,mRMR,20,locPctJitter (Baseline),0.018194444444444444,0.015928148929832627
baseline_female,mRMR,20,tqwt_energy_dec_7 (TQWT),0.01807264957264957,0.01337793855418549
baseline_female,mRMR,20,tqwt_meanValue_dec_5 (TQWT),0.0178531746031746,0.010689057972961595
baseline_female,mRMR,20,std_6th_delta (MFCC),0.01784444444444444,0.015084826014884768
baseline_female,mRMR,20,tqwt_maxValue_dec_12 (TQWT),0.017795138888888885,0.018116259678965553
baseline_female,mRMR,20,std_8th_delta_delta (MFCC),0.017081699346405226,0.015435145054230059
baseline_female,mRMR,20,std_11th_delta (MFCC),0.016811965811965812,0.019766756074901255
baseline_female,mRMR,20,std_8th_delta (MFCC),0.016074786324786323,0.01117837285419081
baseline_female,mRMR,20,tqwt_TKEO_std_dec_11 (TQWT),0.015318658280922435,0.014950126031771774
baseline_female,mRMR,20,std_MFCC_6th_coef (MFCC),0.014376068376068378,0.007624504615584585
baseline_female,mRMR,20,tqwt_kurtosisValue_dec_35 (TQWT),0.014352880658436214,0.010915311514871691
baseline_female,mRMR,20,std_9th_delta (MFCC),0.014172839506172841,0.010383350678909853
baseline_female,mRMR,20,tqwt_kurtosisValue_dec_34 (TQWT),0.0137008547008547,0.014081746973691927
baseline_female,mRMR,20,tqwt_energy_dec_12 (TQWT),0.013549145299145299,0.01827243148863206
baseline_female,mRMR,20,tqwt_kurtosisValue_dec_27 (TQWT),0.012666666666666666,0.012908849469351651
baseline_female,mRMR,20,tqwt_entropy_shannon_dec_35 (TQWT),0.012494708994708992,0.01206942761246018
baseline_female,mRMR,20,tqwt_TKEO_mean_dec_7 (TQWT),0.01230982905982906,0.010940470045609779
baseline_female,mRMR,20,tqwt_energy_dec_11 (TQWT),0.01223900462962963,0.014960590721348067
baseline_female,mRMR,20,tqwt_kurtosisValue_dec_36 (TQWT),0.011001984126984124,0.01527105595448262
baseline_female,mRMR,20,tqwt_entropy_shannon_dec_34 (TQWT),0.009256172839506171,0.008379296409141162
baseline_female,mRMR,20,tqwt_meanValue_dec_7 (TQWT),0.009192307692307692,0.010315306050018047
baseline_female,mRMR,20,std_5th_delta (MFCC),0.009049145299145299,0.004625678763371275
baseline_female,mRMR,20,tqwt_minValue_dec_11 (TQWT),0.008946428571428572,0.009087672067731813
baseline_female,mRMR,20,tqwt_energy_dec_13 (TQWT),0.008854700854700855,0.005373520063675009
baseline_female,mRMR,20,tqwt_TKEO_mean_dec_34 (TQWT),0.007100694444444444,0.0073356491816654965
baseline_female,mRMR,20,tqwt_energy_dec_15 (TQWT),0.006168803418803419,0.006758325184537905
baseline_female,mRMR,20,f2 (Formant Frequency),0.00459375,0.004668174306871806
baseline,mRMR,30,std_delta_log_energy (MFCC),0.031860566448801746,0.02454887160432116
baseline,mRMR,30,std_delta_delta_log_energy (MFCC),0.030687389770723106,0.028606823357567784
baseline,mRMR,30,tqwt_entropy_log_dec_12 (TQWT),0.026464052287581703,0.016538376215847105
baseline,mRMR,30,tqwt_energy_dec_26 (TQWT),0.02299673202614379,0.015124440816450702
baseline,mRMR,30,tqwt_meanValue_dec_36 (TQWT),0.02290631808278867,0.012420460830666103
baseline,mRMR,30,tqwt_kurtosisValue_dec_18 (TQWT),0.021046840958605664,0.012909313944556855
baseline,mRMR,30,tqwt_entropy_log_dec_27 (TQWT),0.02088888888888889,0.024700508731176928
baseline,mRMR,30,tqwt_stdValue_dec_12 (TQWT),0.020527233115468408,0.014134997807910405
baseline,mRMR,30,tqwt_energy_dec_6 (TQWT),0.02027124183006536,0.011795325703952914
baseline,mRMR,30,tqwt_kurtosisValue_dec_20 (TQWT),0.019190631808278864,0.014073681140372699
baseline,mRMR,30,std_6th_delta_delta (MFCC),0.018604276895943565,0.01600061287247075
baseline,mRMR,30,std_7th_delta_delta (MFCC),0.018325176366843034,0.011958727142223683
baseline,mRMR,30,tqwt_entropy_log_dec_33 (TQWT),0.017705555555555558,0.014307927338987919
baseline,mRMR,30,tqwt_energy_dec_25 (TQWT),0.016911220043572987,0.015443911602117145
baseline,mRMR,30,std_6th_delta (MFCC),0.016657635467980297,0.013081302941651286
baseline,mRMR,30,tqwt_entropy_log_dec_26 (TQWT),0.01646821448313986,0.01734843274414646
baseline,mRMR,30,tqwt_kurtosisValue_dec_26 (TQWT),0.015575617283950613,0.01597539427396381
baseline,mRMR,30,std_9th_delta_delta (MFCC),0.015570326278659613,0.013716289059338612
baseline,mRMR,30,mean_MFCC_2nd_coef (MFCC),0.015457451499118167,0.015869498292086323
baseline,mRMR,30,DFA (Baseline),0.015236928104575163,0.011780918386826758
baseline,mRMR,30,tqwt_energy_dec_21 (TQWT),0.01486555555555555,0.009753633649880822
baseline,mRMR,30,tqwt_energy_dec_7 (TQWT),0.014780022446689117,0.013155395637679576
baseline,mRMR,30,locPctJitter (Baseline),0.014118406285072948,0.015007865485486965
baseline,mRMR,30,tqwt_entropy_log_dec_34 (TQWT),0.014113333333333337,0.0149059232304719
baseline,mRMR,30,tqwt_TKEO_std_dec_12 (TQWT),0.014100217864923747,0.010614134276682705
baseline,mRMR,30,std_7th_delta (MFCC),0.01349228395061728,0.006890228814319079
baseline,mRMR,30,tqwt_TKEO_std_dec_11 (TQWT),0.012409065782200112,0.013474726996110032
baseline,mRMR,30,std_8th_delta_delta (MFCC),0.011902365236523651,0.00904318543680969
baseline,mRMR,30,tqwt_minValue_dec_12 (TQWT),0.011751100110011,0.009505069628888392
baseline,mRMR,30,tqwt_stdValue_dec_11 (TQWT),0.011714814814814815,0.010844125298040951
baseline,mRMR,30,std_11th_delta_delta (MFCC),0.011400326797385622,0.010439153035766193
baseline,mRMR,30,tqwt_kurtosisValue_dec_34 (TQWT),0.010913333333333332,0.010506718605609509
baseline,mRMR,30,std_9th_delta (MFCC),0.010467623252391466,0.008126878064003836
baseline,mRMR,30,f1 (Formant Frequency),0.01025816993464052,0.007702811943277943
baseline,mRMR,30,tqwt_kurtosisValue_dec_35 (TQWT),0.010245185185185184,0.010369187636565087
baseline,mRMR,30,tqwt_meanValue_dec_5 (TQWT),0.009473856209150327,0.007247532289421393
baseline,mRMR,30,tqwt_energy_dec_11 (TQWT),0.009208333333333334,0.010509394777397815
baseline,mRMR,30,std_11th_delta (MFCC),0.009133986928104574,0.009175674577706443
baseline,mRMR,30,tqwt_energy_dec_12 (TQWT),0.008525925925925928,0.014405420988895275
baseline,mRMR,30,tqwt_maxValue_dec_12 (TQWT),0.00850054466230937,0.00783793607788571
baseline,mRMR,30,tqwt_entropy_shannon_dec_12 (TQWT),0.008409586056644878,0.006598056679614585
baseline,mRMR,30,tqwt_kurtosisValue_dec_36 (TQWT),0.008178828081813156,0.006820216692325074
baseline,mRMR,30,tqwt_entropy_shannon_dec_35 (TQWT),0.008144114411441144,0.01273996832318494
baseline,mRMR,30,tqwt_kurtosisValue_dec_27 (TQWT),0.008130511463844796,0.008964270553251498
baseline,mRMR,30,tqwt_kurtosisValue_dec_25 (TQWT),0.007912222222222223,0.006593380650824105
baseline,mRMR,30,tqwt_maxValue_dec_11 (TQWT),0.007552469135802468,0.0076846393475022675
baseline,mRMR,30,std_8th_delta (MFCC),0.0075240464344941945,0.007675137502664665
baseline,mRMR,30,tqwt_meanValue_dec_11 (TQWT),0.00734013605442177,0.0076899061504264775
baseline,mRMR,30,tqwt_TKEO_std_dec_7 (TQWT),0.007281179138321994,0.005984499343308853
baseline,mRMR,30,tqwt_TKEO_mean_dec_11 (TQWT),0.0071150000000000015,0.006160586128108524
baseline,mRMR,30,std_5th_delta (MFCC),0.007055555555555557,0.006542315273468531
baseline,mRMR,30,tqwt_energy_dec_15 (TQWT),0.006132309941520467,0.006526243736961233
baseline,mRMR,30,tqwt_minValue_dec_11 (TQWT),0.00612962962962963,0.006661736724933872
baseline,mRMR,30,tqwt_meanValue_dec_7 (TQWT),0.006102040816326531,0.005817409739782338
baseline,mRMR,30,tqwt_entropy_shannon_dec_34 (TQWT),0.005918186843559976,0.007254441683141274
baseline,mRMR,30,tqwt_kurtosisValue_dec_28 (TQWT),0.005784313725490196,0.00534780391450045
baseline,mRMR,30,std_MFCC_6th_coef (MFCC),0.005450000000000001,0.0033695321935810945
baseline,mRMR,30,tqwt_TKEO_mean_dec_34 (TQWT),0.005282135076252723,0.007865631460789148
baseline,mRMR,30,std_10th_delta_delta (MFCC),0.005240740740740742,0.0038412812765214336
baseline,mRMR,30,std_12th_delta_delta (MFCC),0.005027233115468411,0.004548972375935559
baseline,mRMR,30,tqwt_energy_dec_13 (TQWT),0.00471677559912854,0.004365437401216722
baseline,mRMR,30,tqwt_TKEO_mean_dec_7 (TQWT),0.0041746031746031755,0.003958995178186391
baseline,mRMR,30,tqwt_entropy_shannon_dec_7 (TQWT),0.0039353741496598645,0.0033961237293314863
baseline,mRMR,30,f2 (Formant Frequency),0.002071895424836601,0.001968387284965022
baseline_male,mRMR,30,std_delta_delta_log_energy (MFCC),0.026925213675213677,0.028924302699598906
baseline_male,mRMR,30,tqwt_entropy_log_dec_12 (TQWT),0.025126984126984126,0.021421486584854182
baseline_male,mRMR,30,std_delta_log_energy (MFCC),0.025055555555555553,0.03133837395139083
baseline_male,mRMR,30,tqwt_kurtosisValue_dec_20 (TQWT),0.021184126984126982,0.014033935591588276
baseline_male,mRMR,30,tqwt_energy_dec_26 (TQWT),0.02086825396825397,0.01255131976320131
baseline_male,mRMR,30,tqwt_energy_dec_6 (TQWT),0.01847342995169082,0.01058665700428966
baseline_male,mRMR,30,tqwt_entropy_log_dec_27 (TQWT),0.017182539682539678,0.021465641944425615
baseline_male,mRMR,30,tqwt_meanValue_dec_36 (TQWT),0.016986666666666667,0.00790501798285806
baseline_male,mRMR,30,std_6th_delta_delta (MFCC),0.016266666666666665,0.014607605825655562
baseline_male,mRMR,30,tqwt_entropy_log_dec_33 (TQWT),0.016261574074074067,0.010567349631698914
baseline_male,mRMR,30,std_7th_delta_delta (MFCC),0.015158119658119655,0.011094962118075317
baseline_male,mRMR,30,tqwt_kurtosisValue_dec_18 (TQWT),0.014213333333333331,0.011153500373002664
baseline_male,mRMR,30,std_6th_delta (MFCC),0.014125129802699896,0.011970094616613022
baseline_male,mRMR,30,tqwt_stdValue_dec_12 (TQWT),0.013233716475095785,0.014964171721319818
baseline_male,mRMR,30,tqwt_energy_dec_7 (TQWT),0.013120567375886525,0.014802390229323845
baseline_male,mRMR,30,std_9th_delta_delta (MFCC),0.012896153846153844,0.0114539725434316
baseline_male,mRMR,30,tqwt_entropy_log_dec_34 (TQWT),0.012310185185185181,0.01205524274274503
baseline_male,mRMR,30,DFA (Baseline),0.011994212962962962,0.009179349420655989
baseline_male,mRMR,30,locPctJitter (Baseline),0.0116725768321513,0.010615678195508862
baseline_male,mRMR,30,tqwt_energy_dec_25 (TQWT),0.011498842592592592,0.0117462403932154
baseline_male,mRMR,30,tqwt_kurtosisValue_dec_34 (TQWT),0.011433333333333332,0.010807756582158079
baseline_male,mRMR,30,tqwt_energy_dec_21 (TQWT),0.011273148148148148,0.011401215703908018
baseline_male,mRMR,30,std_7th_delta (MFCC),0.011165384615384617,0.006576527384099464
baseline_male,mRMR,30,std_8th_delta_delta (MFCC),0.01097012578616352,0.007212881235327364
baseline_male,mRMR,30,f1 (Formant Frequency),0.010536507936507934,0.0074992870370659956
baseline_male,mRMR,30,tqwt_stdValue_dec_11 (TQWT),0.010138117283950617,0.009985083591038717
baseline_male,mRMR,30,tqwt_kurtosisValue_dec_35 (TQWT),0.00971904761904762,0.010080835278784034
baseline_male,mRMR,30,tqwt_meanValue_dec_5 (TQWT),0.009432367149758454,0.007314107978649852
baseline_male,mRMR,30,tqwt_TKEO_std_dec_11 (TQWT),0.009253216374269005,0.014597592438278892
baseline_male,mRMR,30,tqwt_entropy_shannon_dec_35 (TQWT),0.00925141242937853,0.014895417388175153
baseline_male,mRMR,30,mean_MFCC_2nd_coef (MFCC),0.009171794871794871,0.011305663431177044
baseline_male,mRMR,30,std_11th_delta_delta (MFCC),0.009128703703703701,0.007150024645978444
baseline_male,mRMR,30,tqwt_entropy_log_dec_26 (TQWT),0.008422118380062307,0.009436225569497709
baseline_male,mRMR,30,tqwt_energy_dec_11 (TQWT),0.008226495726495727,0.010166950224281655
baseline_male,mRMR,30,tqwt_kurtosisValue_dec_25 (TQWT),0.008050925925925925,0.005340930540335576
baseline_male,mRMR,30,tqwt_kurtosisValue_dec_26 (TQWT),0.007960683760683759,0.009476019046926474
baseline_male,mRMR,30,std_9th_delta (MFCC),0.007852895148669797,0.005865053756981914
baseline_male,mRMR,30,tqwt_minValue_dec_12 (TQWT),0.007548218029350105,0.00965961790058287
baseline_male,mRMR,30,tqwt_kurtosisValue_dec_36 (TQWT),0.007485185185185185,0.005961241819126849
baseline_male,mRMR,30,tqwt_energy_dec_12 (TQWT),0.00719308943089431,0.013778219103484486
baseline_male,mRMR,30,std_5th_delta (MFCC),0.00715972222222222,0.00635562161053803
baseline_male,mRMR,30,std_11th_delta (MFCC),0.007068888888888888,0.006289386009490622
baseline_male,mRMR,30,tqwt_meanValue_dec_11 (TQWT),0.006722222222222222,0.007252995024069168
baseline_male,mRMR,30,std_8th_delta (MFCC),0.006676608187134503,0.007301815445448139
baseline_male,mRMR,30,tqwt_maxValue_dec_12 (TQWT),0.0065948275862068965,0.006471153723224376
baseline_male,mRMR,30,tqwt_TKEO_mean_dec_11 (TQWT),0.006471014492753623,0.007221355670115263
baseline_male,mRMR,30,tqwt_kurtosisValue_dec_28 (TQWT),0.00640952380952381,0.005394235040556879
baseline_male,mRMR,30,tqwt_entropy_shannon_dec_34 (TQWT),0.006324867724867727,0.0075417872642971
baseline_male,mRMR,30,tqwt_maxValue_dec_11 (TQWT),0.006272649572649571,0.008673100478524945
baseline_male,mRMR,30,tqwt_TKEO_std_dec_7 (TQWT),0.006258454106280193,0.004900358149499824
baseline_male,mRMR,30,std_MFCC_6th_coef (MFCC),0.005993055555555556,0.0034730617138530105
baseline_male,mRMR,30,tqwt_TKEO_mean_dec_34 (TQWT),0.005646031746031746,0.008934821418530635
baseline_male,mRMR,30,tqwt_TKEO_std_dec_12 (TQWT),0.005573333333333332,0.0069376913711667485
baseline_male,mRMR,30,tqwt_kurtosisValue_dec_27 (TQWT),0.005565384615384617,0.0075330414559021805
baseline_male,mRMR,30,tqwt_meanValue_dec_7 (TQWT),0.005359903381642511,0.004501780982752426
baseline_male,mRMR,30,tqwt_minValue_dec_11 (TQWT),0.005318840579710144,0.008308282894139318
baseline_male,mRMR,30,tqwt_energy_dec_15 (TQWT),0.0038510802469135796,0.004268909157026711
baseline_male,mRMR,30,tqwt_energy_dec_13 (TQWT),0.0036537037037037024,0.003639157665596532
baseline_male,mRMR,30,tqwt_entropy_shannon_dec_7 (TQWT),0.003606280193236715,0.002871423751076408
baseline_male,mRMR,30,tqwt_TKEO_mean_dec_7 (TQWT),0.0035724637681159425,0.0032100330690869837
baseline_male,mRMR,30,std_12th_delta_delta (MFCC),0.003571111111111112,0.004386641382951497
baseline_male,mRMR,30,std_10th_delta_delta (MFCC),0.002771111111111111,0.0020913401692942498
baseline_male,mRMR,30,tqwt_entropy_shannon_dec_12 (TQWT),0.0026222222222222215,0.00309039650377594
baseline_male,mRMR,30,f2 (Formant Frequency),0.0018317460317460313,0.001914365290323261
baseline_female,mRMR,30,std_delta_delta_log_energy (MFCC),0.037781420765027336,0.02703551766676834
baseline_female,mRMR,30,std_delta_log_energy (MFCC),0.034807539682539676,0.024910488939438483
baseline_female,mRMR,30,tqwt_meanValue_dec_36 (TQWT),0.02893376068376069,0.012841646819348875
baseline_female,mRMR,30,tqwt_entropy_log_dec_12 (TQWT),0.02784722222222222,0.019686936102722718
baseline_female,mRMR,30,tqwt_entropy_log_dec_27 (TQWT),0.026111111111111113,0.0255384874650316
baseline_female,mRMR,30,tqwt_energy_dec_26 (TQWT),0.025763888888888888,0.01830513089761668
baseline_female,mRMR,30,tqwt_kurtosisValue_dec_18 (TQWT),0.024147435897435898,0.015008703121394911
baseline_female,mRMR,30,mean_MFCC_2nd_coef (MFCC),0.02169672131147541,0.015732336132299428
baseline_female,mRMR,30,tqwt_entropy_log_dec_26 (TQWT),0.021686761229314417,0.02086876915320292
baseline_female,mRMR,30,tqwt_energy_dec_25 (TQWT),0.02125617283950617,0.01671400254020683
baseline_female,mRMR,30,std_6th_delta_delta (MFCC),0.020878870673952644,0.016646647057726293
baseline_female,mRMR,30,tqwt_stdValue_dec_12 (TQWT),0.02086489898989899,0.015746967242723554
baseline_female,mRMR,30,tqwt_entropy_log_dec_33 (TQWT),0.0205042735042735,0.013847394782064322
baseline_female,mRMR,30,std_7th_delta_delta (MFCC),0.019691256830601092,0.010917554715829307
baseline_female,mRMR,30,tqwt_kurtosisValue_dec_26 (TQWT),0.01953688524590164,0.01699610724920178
baseline_female,mRMR,30,std_6th_delta (MFCC),0.01938136574074074,0.012811700547227838
baseline_female,mRMR,30,tqwt_energy_dec_6 (TQWT),0.01933531746031746,0.01891355474018707
baseline_female,mRMR,30,tqwt_kurtosisValue_dec_20 (TQWT),0.018364583333333333,0.01006225634038283
baseline_female,mRMR,30,std_9th_delta_delta (MFCC),0.018079234972677598,0.01715093990503784
baseline_female,mRMR,30,tqwt_TKEO_std_dec_12 (TQWT),0.017034188034188033,0.01142487094140131
baseline_female,mRMR,30,DFA (Baseline),0.016831275720164608,0.012948802775719168
baseline_female,mRMR,30,tqwt_energy_dec_21 (TQWT),0.016653846153846154,0.010448829799458128
baseline_female,mRMR,30,locPctJitter (Baseline),0.01515705128205128,0.014697831507875993
baseline_female,mRMR,30,tqwt_energy_dec_7 (TQWT),0.014969017094017097,0.012804832260005375
baseline_female,mRMR,30,std_7th_delta (MFCC),0.0149344262295082,0.008512088924501561
baseline_female,mRMR,30,tqwt_minValue_dec_12 (TQWT),0.013983217592592594,0.00997709378006816
baseline_female,mRMR,30,tqwt_TKEO_std_dec_11 (TQWT),0.013862683438155136,0.013186162469949697
baseline_female,mRMR,30,tqwt_entropy_log_dec_34 (TQWT),0.013326923076923082,0.015578883715678022
baseline_female,mRMR,30,std_8th_delta_delta (MFCC),0.01302835648148148,0.011549715222393744
baseline_female,mRMR,30,tqwt_stdValue_dec_11 (TQWT),0.012366809116809116,0.01164976069097632
baseline_female,mRMR,30,tqwt_meanValue_dec_5 (TQWT),0.012309523809523807,0.008092633984308064
baseline_female,mRMR,30,std_9th_delta (MFCC),0.012066666666666667,0.011244656771295004
baseline_female,mRMR,30,tqwt_entropy_shannon_dec_12 (TQWT),0.011384615384615385,0.007020188764061139
baseline_female,mRMR,30,tqwt_maxValue_dec_12 (TQWT),0.011253787878787879,0.009430034891851215
baseline_female,mRMR,30,std_11th_delta_delta (MFCC),0.010734126984126983,0.010841713242460622
baseline_female,mRMR,30,tqwt_energy_dec_12 (TQWT),0.01062173202614379,0.015117294418203017
baseline_female,mRMR,30,tqwt_energy_dec_11 (TQWT),0.010039162112932602,0.010118896650969815
baseline_female,mRMR,30,tqwt_kurtosisValue_dec_34 (TQWT),0.009733333333333333,0.008701261283928601
baseline_female,mRMR,30,tqwt_TKEO_std_dec_7 (TQWT),0.009504273504273505,0.007068617224418753
baseline_female,mRMR,30,tqwt_maxValue_dec_11 (TQWT),0.009298269581056466,0.0073790439241740195
baseline_female,mRMR,30,tqwt_kurtosisValue_dec_35 (TQWT),0.008884722222222221,0.009129697120827921
baseline_female,mRMR,30,tqwt_entropy_shannon_dec_35 (TQWT),0.00863095238095238,0.007729585503989982
baseline_female,mRMR,30,std_11th_delta (MFCC),0.008544871794871794,0.01119764305611721
baseline_female,mRMR,30,tqwt_kurtosisValue_dec_36 (TQWT),0.008285300925925923,0.007968209433844088
baseline_female,mRMR,30,tqwt_meanValue_dec_11 (TQWT),0.008264957264957266,0.006977051431603947
baseline_female,mRMR,30,tqwt_kurtosisValue_dec_27 (TQWT),0.007918488160291438,0.008829397142665153
baseline_female,mRMR,30,std_8th_delta (MFCC),0.007489517819706498,0.007740652142792667
baseline_female,mRMR,30,std_5th_delta (MFCC),0.007397435897435897,0.005886261474660649
baseline_female,mRMR,30,f1 (Formant Frequency),0.007243055555555555,0.006140875559712469
baseline_female,mRMR,30,tqwt_minValue_dec_11 (TQWT),0.007061507936507937,0.005431561526584364
baseline_female,mRMR,30,tqwt_energy_dec_15 (TQWT),0.006841666666666666,0.00702948727194019
baseline_female,mRMR,30,std_12th_delta_delta (MFCC),0.006634615384615384,0.006017234608365569
baseline_female,mRMR,30,tqwt_meanValue_dec_7 (TQWT),0.006470085470085469,0.0062459651385578935
baseline_female,mRMR,30,tqwt_TKEO_mean_dec_11 (TQWT),0.0064207818930041155,0.006250002087433301
baseline_female,mRMR,30,tqwt_entropy_shannon_dec_34 (TQWT),0.0063825231481481485,0.006412744952938689
baseline_female,mRMR,30,tqwt_kurtosisValue_dec_25 (TQWT),0.006311965811965812,0.00825151868370669
baseline_female,mRMR,30,tqwt_TKEO_mean_dec_34 (TQWT),0.005552083333333333,0.005783133159206681
baseline_female,mRMR,30,std_MFCC_6th_coef (MFCC),0.005517094017094017,0.0035092734027145586
baseline_female,mRMR,30,tqwt_energy_dec_13 (TQWT),0.00546031746031746,0.00496464963836785
baseline_female,mRMR,30,tqwt_kurtosisValue_dec_28 (TQWT),0.005069444444444444,0.004561353918146218
baseline_female,mRMR,30,tqwt_entropy_shannon_dec_7 (TQWT),0.004741452991452992,0.0037789428952300142
baseline_female,mRMR,30,tqwt_TKEO_mean_dec_7 (TQWT),0.004555555555555557,0.004163649701401264
baseline_female,mRMR,30,std_10th_delta_delta (MFCC),0.004465811965811966,0.004368766140012257
baseline_female,mRMR,30,f2 (Formant Frequency),0.003559027777777777,0.0030273554968282984
baseline,mRMR,40,std_delta_delta_log_energy (MFCC),0.029221119929453254,0.025214473911587702
baseline,mRMR,40,std_delta_log_energy (MFCC),0.02523888888888889,0.022127576925570765
baseline,mRMR,40,tqwt_kurtosisValue_dec_18 (TQWT),0.019738562091503268,0.010280118435763257
baseline,mRMR,40,tqwt_entropy_log_dec_12 (TQWT),0.01970697167755991,0.015266612394369732
baseline,mRMR,40,tqwt_energy_dec_25 (TQWT),0.018407407407407404,0.015265081991023615
baseline,mRMR,40,std_7th_delta_delta (MFCC),0.01829298941798941,0.011359994452703345
baseline,mRMR,40,tqwt_energy_dec_26 (TQWT),0.01766448801742919,0.013276730002140807
baseline,mRMR,40,tqwt_entropy_log_dec_27 (TQWT),0.017171023965141616,0.017648078061126515
baseline,mRMR,40,tqwt_entropy_log_dec_33 (TQWT),0.016853333333333335,0.013599810829056768
baseline,mRMR,40,std_6th_delta_delta (MFCC),0.015871913580246907,0.012299973514004308
baseline,mRMR,40,tqwt_kurtosisValue_dec_20 (TQWT),0.015668845315904137,0.011179113692129565
baseline,mRMR,40,tqwt_meanValue_dec_36 (TQWT),0.015541394335511983,0.009000107233071201
baseline,mRMR,40,tqwt_entropy_log_dec_26 (TQWT),0.015296296296296296,0.013974988571222854
baseline,mRMR,40,tqwt_entropy_log_dec_35 (TQWT),0.01448777777777778,0.014144351376566661
baseline,mRMR,40,mean_MFCC_2nd_coef (MFCC),0.014485008818342152,0.014748337584318642
baseline,mRMR,40,tqwt_kurtosisValue_dec_26 (TQWT),0.013576058201058207,0.013852417166369684
baseline,mRMR,40,tqwt_energy_dec_21 (TQWT),0.013358888888888887,0.009099699183485568
baseline,mRMR,40,tqwt_energy_dec_6 (TQWT),0.012879084967320261,0.008202932262015726
baseline,mRMR,40,tqwt_stdValue_dec_12 (TQWT),0.012606435643564359,0.01061480560781154
baseline,mRMR,40,std_9th_delta_delta (MFCC),0.012591710758377426,0.011454460959061307
baseline,mRMR,40,std_6th_delta (MFCC),0.01255357142857143,0.00901015470956273
baseline,mRMR,40,tqwt_energy_dec_7 (TQWT),0.012476430976430974,0.00997708551718564
baseline,mRMR,40,DFA (Baseline),0.01222549019607843,0.008957549564661332
baseline,mRMR,40,locPctJitter (Baseline),0.010460157126823792,0.010971845054919509
baseline,mRMR,40,std_8th_delta_delta (MFCC),0.010277227722772274,0.007490316144071576
baseline,mRMR,40,std_7th_delta (MFCC),0.010248456790123458,0.006364680570401931
baseline,mRMR,40,std_11th_delta_delta (MFCC),0.009914488017429196,0.008855511120490916
baseline,mRMR,40,tqwt_kurtosisValue_dec_34 (TQWT),0.00907111111111111,0.00816426899942527
baseline,mRMR,40,tqwt_minValue_dec_12 (TQWT),0.009061507936507934,0.008926249282806513
baseline,mRMR,40,f1 (Formant Frequency),0.008374727668845316,0.007037267156872043
baseline,mRMR,40,tqwt_kurtosisValue_dec_27 (TQWT),0.008272486772486772,0.010195511929573686
baseline,mRMR,40,tqwt_energy_dec_11 (TQWT),0.008180335097001763,0.009492464218748501
baseline,mRMR,40,std_12th_delta (MFCC),0.00816884531590414,0.006986881685709063
baseline,mRMR,40,tqwt_meanValue_dec_5 (TQWT),0.008091503267973858,0.005143799892159624
baseline,mRMR,40,tqwt_maxValue_dec_12 (TQWT),0.007989698307579103,0.007229794468398784
baseline,mRMR,40,tqwt_TKEO_std_dec_7 (TQWT),0.007930839002267575,0.0062480086184419125
baseline,mRMR,40,tqwt_entropy_shannon_dec_11 (TQWT),0.007805693753454946,0.007852552399834125
baseline,mRMR,40,tqwt_energy_dec_12 (TQWT),0.007776672194582642,0.010813149497195342
baseline,mRMR,40,tqwt_kurtosisValue_dec_36 (TQWT),0.007773148148148148,0.006572957332075215
baseline,mRMR,40,std_4th_delta (MFCC),0.007710740740740739,0.0062103756605005715
baseline,mRMR,40,tqwt_TKEO_std_dec_12 (TQWT),0.0076971677559912865,0.004607846644317711
baseline,mRMR,40,mean_delta_log_energy (MFCC),0.007648888888888887,0.006885722853810479
baseline,mRMR,40,tqwt_entropy_log_dec_34 (TQWT),0.00761111111111111,0.008940184955552644
baseline,mRMR,40,tqwt_TKEO_std_dec_11 (TQWT),0.007494195688225538,0.007826067731126863
baseline,mRMR,40,tqwt_stdValue_dec_11 (TQWT),0.007116622574955907,0.006072710159468208
baseline,mRMR,40,tqwt_kurtosisValue_dec_35 (TQWT),0.006943703703703703,0.007956928479328773
baseline,mRMR,40,tqwt_energy_dec_13 (TQWT),0.006915708812260534,0.006712133301418106
baseline,mRMR,40,tqwt_maxValue_dec_11 (TQWT),0.006839065255731922,0.00837811610688058
baseline,mRMR,40,tqwt_stdValue_dec_6 (TQWT),0.006785000000000001,0.005720592078381304
baseline,mRMR,40,std_9th_delta (MFCC),0.00674845679012346,0.0050175297387625535
baseline,mRMR,40,tqwt_TKEO_mean_dec_34 (TQWT),0.006411764705882353,0.008337807106654676
baseline,mRMR,40,std_12th_delta_delta (MFCC),0.00627124183006536,0.004935075100623555
baseline,mRMR,40,tqwt_TKEO_mean_dec_12 (TQWT),0.0060795206971677555,0.004994846941357443
baseline,mRMR,40,std_10th_delta_delta (MFCC),0.006042354235423542,0.004795950544919581
baseline,mRMR,40,std_8th_delta (MFCC),0.005773148148148148,0.005523348050017185
baseline,mRMR,40,tqwt_entropy_shannon_dec_35 (TQWT),0.005707370737073708,0.008997699850136764
baseline,mRMR,40,std_5th_delta (MFCC),0.0052922222222222225,0.004767210927246358
baseline,mRMR,40,tqwt_stdValue_dec_34 (TQWT),0.005254901960784314,0.012406095506256362
baseline,mRMR,40,tqwt_entropy_shannon_dec_34 (TQWT),0.005054726368159203,0.005830924138924306
baseline,mRMR,40,tqwt_TKEO_mean_dec_11 (TQWT),0.005006111111111113,0.004421836509268896
baseline,mRMR,40,std_MFCC_6th_coef (MFCC),0.004899339933993401,0.0034644796342431857
baseline,mRMR,40,tqwt_energy_dec_14 (TQWT),0.0046699346405228775,0.004747901605914209
baseline,mRMR,40,tqwt_meanValue_dec_7 (TQWT),0.004493197278911565,0.004982498958532091
baseline,mRMR,40,tqwt_energy_dec_15 (TQWT),0.004346125730994153,0.004760851710647456
baseline,mRMR,40,tqwt_stdValue_dec_7 (TQWT),0.004327664399092971,0.004935906360583783
baseline,mRMR,40,tqwt_kurtosisValue_dec_28 (TQWT),0.0041323099415204664,0.003952624070868043
baseline,mRMR,40,tqwt_entropy_shannon_dec_12 (TQWT),0.004113289760348584,0.0032232736888050174
baseline,mRMR,40,tqwt_meanValue_dec_11 (TQWT),0.004090702947845805,0.0061693265672969734
baseline,mRMR,40,tqwt_TKEO_mean_dec_7 (TQWT),0.00403061224489796,0.004345785603837561
baseline,mRMR,40,std_11th_delta (MFCC),0.003834967320261439,0.0038422321346720215
baseline,mRMR,40,tqwt_TKEO_std_dec_34 (TQWT),0.003782135076252723,0.004638475352806504
baseline,mRMR,40,tqwt_medianValue_dec_10 (TQWT),0.0036977777777777777,0.0037548569921594184
baseline,mRMR,40,tqwt_minValue_dec_11 (TQWT),0.0036964969896004386,0.003870053736721199
baseline,mRMR,40,std_MFCC_8th_coef (MFCC),0.0033779956427015243,0.002310430086410626
baseline,mRMR,40,tqwt_kurtosisValue_dec_25 (TQWT),0.0032444444444444448,0.0028045761759526795
baseline,mRMR,40,std_10th_delta (MFCC),0.003039053905390539,0.0029828767989684094
baseline,mRMR,40,f2 (Formant Frequency),0.002850762527233116,0.0026813032665337516
baseline,mRMR,40,tqwt_entropy_shannon_dec_7 (TQWT),0.002098639455782313,0.002329069416373513
baseline_male,mRMR,40,std_delta_delta_log_energy (MFCC),0.02654102564102565,0.026363254032538266
baseline_male,mRMR,40,tqwt_kurtosisValue_dec_20 (TQWT),0.018304761904761907,0.012728687087420877
baseline_male,mRMR,40,std_delta_log_energy (MFCC),0.016989130434782607,0.024545934945580952
baseline_male,mRMR,40,tqwt_entropy_log_dec_12 (TQWT),0.016530158730158732,0.017111886409500753
baseline_male,mRMR,40,tqwt_kurtosisValue_dec_18 (TQWT),0.01570222222222222,0.010637216288595921
baseline_male,mRMR,40,tqwt_energy_dec_26 (TQWT),0.014819047619047615,0.011095619618807898
baseline_male,mRMR,40,tqwt_entropy_log_dec_27 (TQWT),0.014146031746031747,0.01676376675038685
baseline_male,mRMR,40,std_7th_delta_delta (MFCC),0.01402136752136752,0.00984101550871446
baseline_male,mRMR,40,std_6th_delta_delta (MFCC),0.013666239316239316,0.01097815011191509
baseline_male,mRMR,40,tqwt_entropy_log_dec_33 (TQWT),0.013030092592592593,0.009426153407749273
baseline_male,mRMR,40,tqwt_energy_dec_21 (TQWT),0.012738425925925927,0.010713797956745897
baseline_male,mRMR,40,std_6th_delta (MFCC),0.012563675213675215,0.009514597672161902
baseline_male,mRMR,40,tqwt_energy_dec_6 (TQWT),0.012531400966183574,0.008206648596008302
baseline_male,mRMR,40,tqwt_entropy_log_dec_35 (TQWT),0.012405092592592593,0.010158248126479811
baseline_male,mRMR,40,tqwt_meanValue_dec_36 (TQWT),0.012104444444444442,0.008138339054288814
baseline_male,mRMR,40,tqwt_energy_dec_25 (TQWT),0.011635416666666667,0.011098117341584722
baseline_male,mRMR,40,std_9th_delta_delta (MFCC),0.010506837606837606,0.00979929020474616
baseline_male,mRMR,40,tqwt_energy_dec_7 (TQWT),0.010378250591016549,0.009457441838259285
baseline_male,mRMR,40,mean_MFCC_2nd_coef (MFCC),0.009981623931623928,0.01278578550503431
baseline_male,mRMR,40,DFA (Baseline),0.009800925925925926,0.007032151652789033
baseline_male,mRMR,40,tqwt_kurtosisValue_dec_34 (TQWT),0.009528571428571428,0.009283429388627898
baseline_male,mRMR,40,tqwt_entropy_log_dec_26 (TQWT),0.009108515057113188,0.009604798976466484
baseline_male,mRMR,40,mean_delta_log_energy (MFCC),0.008863425925925924,0.008416408743730343
baseline_male,mRMR,40,std_8th_delta_delta (MFCC),0.008762578616352202,0.006827141206402544
baseline_male,mRMR,40,f1 (Formant Frequency),0.008711111111111112,0.00632283486584465
baseline_male,mRMR,40,std_11th_delta_delta (MFCC),0.008700925925925928,0.006721647058207946
baseline_male,mRMR,40,tqwt_meanValue_dec_5 (TQWT),0.008594202898550724,0.005998057846132114
baseline_male,mRMR,40,tqwt_stdValue_dec_12 (TQWT),0.008446540880503147,0.011367446044165905
baseline_male,mRMR,40,tqwt_TKEO_std_dec_7 (TQWT),0.008065217391304346,0.0064669355987706685
baseline_male,mRMR,40,std_7th_delta (MFCC),0.00793076923076923,0.005849211513351889
baseline_male,mRMR,40,tqwt_stdValue_dec_34 (TQWT),0.007930158730158728,0.01367711414602698
baseline_male,mRMR,40,tqwt_energy_dec_11 (TQWT),0.007849572649572648,0.009639889550173945
baseline_male,mRMR,40,std_4th_delta (MFCC),0.007337962962962963,0.004793161490236908
baseline_male,mRMR,40,tqwt_kurtosisValue_dec_35 (TQWT),0.006883333333333333,0.007606781055238054
baseline_male,mRMR,40,tqwt_entropy_shannon_dec_11 (TQWT),0.0067157894736842106,0.007877641905415062
baseline_male,mRMR,40,tqwt_entropy_log_dec_34 (TQWT),0.006578014184397163,0.008249039222349524
baseline_male,mRMR,40,tqwt_minValue_dec_12 (TQWT),0.006487179487179488,0.008000694826240683
baseline_male,mRMR,40,tqwt_entropy_shannon_dec_35 (TQWT),0.006349340866290021,0.010488249251113281
baseline_male,mRMR,40,tqwt_kurtosisValue_dec_36 (TQWT),0.006322649572649572,0.0049496421342995435
baseline_male,mRMR,40,tqwt_TKEO_mean_dec_34 (TQWT),0.006312698412698411,0.009293978821153098
baseline_male,mRMR,40,locPctJitter (Baseline),0.006304964539007091,0.005924322928523727
baseline_male,mRMR,40,tqwt_energy_dec_12 (TQWT),0.006156084656084657,0.009634494793662834
baseline_male,mRMR,40,tqwt_TKEO_std_dec_11 (TQWT),0.006084795321637427,0.009366114610766432
baseline_male,mRMR,40,tqwt_stdValue_dec_11 (TQWT),0.005958547008547008,0.006249586529362347
baseline_male,mRMR,40,tqwt_maxValue_dec_11 (TQWT),0.005884615384615386,0.009668916046401431
baseline_male,mRMR,40,std_5th_delta (MFCC),0.005877314814814815,0.004054691930040994
baseline_male,mRMR,40,tqwt_stdValue_dec_6 (TQWT),0.005863526570048309,0.006460631150988157
baseline_male,mRMR,40,std_12th_delta (MFCC),0.005857777777777778,0.005548089878625012
baseline_male,mRMR,40,tqwt_energy_dec_13 (TQWT),0.005785565939771548,0.007175863965107279
baseline_male,mRMR,40,tqwt_kurtosisValue_dec_26 (TQWT),0.00574059829059829,0.00762105137702701
baseline_male,mRMR,40,std_9th_delta (MFCC),0.005517521367521369,0.004253622964269913
baseline_male,mRMR,40,tqwt_maxValue_dec_12 (TQWT),0.005486968449931413,0.006924288130636996
baseline_male,mRMR,40,std_MFCC_6th_coef (MFCC),0.00538095238095238,0.0040027102690198425
baseline_male,mRMR,40,tqwt_kurtosisValue_dec_27 (TQWT),0.005293162393162393,0.007588398139097765
baseline_male,mRMR,40,std_12th_delta_delta (MFCC),0.0050092592592592584,0.004699095524477601
baseline_male,mRMR,40,tqwt_TKEO_mean_dec_11 (TQWT),0.005,0.004935841408881095
baseline_male,mRMR,40,tqwt_stdValue_dec_7 (TQWT),0.0048526570048309185,0.005439847549878429
baseline_male,mRMR,40,std_8th_delta (MFCC),0.0048,0.0050285133859145886
baseline_male,mRMR,40,tqwt_entropy_shannon_dec_34 (TQWT),0.004631746031746032,0.00540965307348751
baseline_male,mRMR,40,tqwt_kurtosisValue_dec_25 (TQWT),0.004481481481481481,0.0038021857188535392
baseline_male,mRMR,40,std_10th_delta_delta (MFCC),0.004403563941299792,0.004159494717074004
baseline_male,mRMR,40,tqwt_TKEO_std_dec_34 (TQWT),0.004346031746031745,0.005586092660968954
baseline_male,mRMR,40,tqwt_kurtosisValue_dec_28 (TQWT),0.004326058201058199,0.00397358085676942
baseline_male,mRMR,40,tqwt_medianValue_dec_10 (TQWT),0.003976851851851853,0.004266669010008486
baseline_male,mRMR,40,tqwt_TKEO_std_dec_12 (TQWT),0.0038666666666666663,0.0028819360776317633
baseline_male,mRMR,40,tqwt_meanValue_dec_7 (TQWT),0.003821256038647343,0.004847875253922877
baseline_male,mRMR,40,tqwt_meanValue_dec_11 (TQWT),0.0036280193236714977,0.005809203941246482
baseline_male,mRMR,40,std_MFCC_8th_coef (MFCC),0.0035523809523809523,0.0021292772796941534
baseline_male,mRMR,40,tqwt_TKEO_mean_dec_7 (TQWT),0.003483091787439613,0.003475890929136742
baseline_male,mRMR,40,tqwt_TKEO_mean_dec_12 (TQWT),0.0034199999999999994,0.005012923238929497
baseline_male,mRMR,40,std_11th_delta (MFCC),0.0033083333333333337,0.0029967639799181
baseline_male,mRMR,40,tqwt_energy_dec_15 (TQWT),0.0032554012345679005,0.0036850450817164644
baseline_male,mRMR,40,tqwt_minValue_dec_11 (TQWT),0.0032352024922118385,0.004352279491611825
baseline_male,mRMR,40,tqwt_energy_dec_14 (TQWT),0.003135265700483092,0.0030548198499453236
baseline_male,mRMR,40,tqwt_entropy_shannon_dec_12 (TQWT),0.003008888888888888,0.002548315897590782
baseline_male,mRMR,40,std_10th_delta (MFCC),0.002647798742138364,0.0025173412673807818
baseline_male,mRMR,40,f2 (Formant Frequency),0.002093650793650794,0.0021641903760344153
baseline_male,mRMR,40,tqwt_entropy_shannon_dec_7 (TQWT),0.0015772946859903389,0.0019615544452351234
baseline_female,mRMR,40,std_delta_delta_log_energy (MFCC),0.0341903460837887,0.023110894417852808
baseline_female,mRMR,40,std_delta_log_energy (MFCC),0.03197530864197531,0.022173139376451188
baseline_female,mRMR,40,tqwt_entropy_log_dec_12 (TQWT),0.02343055555555555,0.017810462345260177
baseline_female,mRMR,40,tqwt_energy_dec_25 (TQWT),0.021856995884773665,0.015386327847769407
baseline_female,mRMR,40,tqwt_entropy_log_dec_33 (TQWT),0.021405982905982907,0.01544289835112274
baseline_female,mRMR,40,std_7th_delta_delta (MFCC),0.021147996357012748,0.012268192799842668
baseline_female,mRMR,40,tqwt_kurtosisValue_dec_18 (TQWT),0.020675213675213674,0.012437633665401598
baseline_female,mRMR,40,tqwt_meanValue_dec_36 (TQWT),0.019425213675213677,0.008408048068384978
baseline_female,mRMR,40,tqwt_energy_dec_26 (TQWT),0.01914583333333333,0.014960571702771217
baseline_female,mRMR,40,mean_MFCC_2nd_coef (MFCC),0.018816484517304187,0.015172888130257403
baseline_female,mRMR,40,tqwt_entropy_log_dec_26 (TQWT),0.01875768321513002,0.014265155172884968
baseline_female,mRMR,40,tqwt_entropy_log_dec_27 (TQWT),0.018600694444444444,0.012547533244587744
baseline_female,mRMR,40,tqwt_kurtosisValue_dec_26 (TQWT),0.01793169398907104,0.014923586503896505
baseline_female,mRMR,40,std_6th_delta_delta (MFCC),0.017870673952641164,0.013748866366483353
baseline_female,mRMR,40,tqwt_entropy_log_dec_35 (TQWT),0.01753846153846154,0.014494262264207814
baseline_female,mRMR,40,std_9th_delta_delta (MFCC),0.01509153005464481,0.014830022755991787
baseline_female,mRMR,40,tqwt_kurtosisValue_dec_20 (TQWT),0.0146875,0.007329998032632234
baseline_female,mRMR,40,std_6th_delta (MFCC),0.013912112932604734,0.008621242157902893
baseline_female,mRMR,40,tqwt_energy_dec_21 (TQWT),0.013886752136752136,0.009844735981418018
baseline_female,mRMR,40,DFA (Baseline),0.013554526748971193,0.009813281486279486
baseline_female,mRMR,40,tqwt_stdValue_dec_12 (TQWT),0.012876157407407409,0.009797993476345837
baseline_female,mRMR,40,tqwt_energy_dec_7 (TQWT),0.012729700854700854,0.008841684892479018
baseline_female,mRMR,40,tqwt_energy_dec_6 (TQWT),0.011938492063492064,0.010501761813111191
baseline_female,mRMR,40,locPctJitter (Baseline),0.011571581196581197,0.011772349478787667
baseline_female,mRMR,40,std_8th_delta_delta (MFCC),0.011064814814814814,0.009328657595823351
baseline_female,mRMR,40,tqwt_minValue_dec_12 (TQWT),0.011050546448087433,0.008474769322729886
baseline_female,mRMR,40,std_7th_delta (MFCC),0.010505919854280512,0.0067924690718610715
baseline_female,mRMR,40,tqwt_maxValue_dec_12 (TQWT),0.010219841269841268,0.008271040090253333
baseline_female,mRMR,40,std_11th_delta_delta (MFCC),0.009880952380952383,0.011374588776798474
baseline_female,mRMR,40,std_12th_delta (MFCC),0.009547008547008547,0.006940683408216094
baseline_female,mRMR,40,tqwt_entropy_log_dec_34 (TQWT),0.009521604938271604,0.009054606575534458
baseline_female,mRMR,40,tqwt_energy_dec_12 (TQWT),0.009229166666666669,0.010985963574669116
baseline_female,mRMR,40,tqwt_TKEO_std_dec_12 (TQWT),0.008852564102564103,0.0051750024063424264
baseline_female,mRMR,40,tqwt_meanValue_dec_5 (TQWT),0.00884126984126984,0.005750671037143952
baseline_female,mRMR,40,tqwt_entropy_shannon_dec_11 (TQWT),0.008787211740041927,0.007814980894131131
baseline_female,mRMR,40,tqwt_kurtosisValue_dec_36 (TQWT),0.00862431693989071,0.007826336955497035
baseline_female,mRMR,40,std_4th_delta (MFCC),0.00861894586894587,0.006606739022044271
baseline_female,mRMR,40,tqwt_TKEO_std_dec_11 (TQWT),0.008473270440251571,0.008385728140649957
baseline_female,mRMR,40,tqwt_kurtosisValue_dec_27 (TQWT),0.008303734061930784,0.010461371491191961
baseline_female,mRMR,40,tqwt_kurtosisValue_dec_34 (TQWT),0.008215277777777778,0.007522889164563226
baseline_female,mRMR,40,tqwt_energy_dec_11 (TQWT),0.008102459016393443,0.009030342393220913
baseline_female,mRMR,40,tqwt_maxValue_dec_11 (TQWT),0.008057832422586522,0.006503183459359535
baseline_female,mRMR,40,std_9th_delta (MFCC),0.007782331511839708,0.0061613374898081006
baseline_female,mRMR,40,tqwt_TKEO_std_dec_7 (TQWT),0.007673076923076922,0.0059248201431346195
baseline_female,mRMR,40,tqwt_stdValue_dec_11 (TQWT),0.007258652094717669,0.006519485567086732
baseline_female,mRMR,40,std_12th_delta_delta (MFCC),0.007245884773662553,0.0060383008220490555
baseline_female,mRMR,40,f1 (Formant Frequency),0.0069722222222222225,0.006354512305058965
baseline_female,mRMR,40,mean_delta_log_energy (MFCC),0.006724358974358974,0.0057796744743659235
baseline_female,mRMR,40,tqwt_stdValue_dec_6 (TQWT),0.006559670781893005,0.005234349879642058
baseline_female,mRMR,40,std_10th_delta_delta (MFCC),0.006542245370370372,0.005294286657204214
baseline_female,mRMR,40,tqwt_entropy_shannon_dec_34 (TQWT),0.006126157407407408,0.006448679034971521
baseline_female,mRMR,40,std_8th_delta (MFCC),0.00611247723132969,0.005600882654558534
baseline_female,mRMR,40,tqwt_meanValue_dec_11 (TQWT),0.006085470085470086,0.005839714727815744
baseline_female,mRMR,40,tqwt_TKEO_mean_dec_12 (TQWT),0.006074786324786325,0.004280366216404262
baseline_female,mRMR,40,tqwt_kurtosisValue_dec_35 (TQWT),0.006000694444444445,0.006693920892988418
baseline_female,mRMR,40,tqwt_energy_dec_13 (TQWT),0.005855324074074074,0.005030982080283362
baseline_female,mRMR,40,tqwt_stdValue_dec_7 (TQWT),0.005641025641025641,0.004817677055388022
baseline_female,mRMR,40,tqwt_energy_dec_15 (TQWT),0.005540277777777778,0.005724050894200062
baseline_female,mRMR,40,tqwt_TKEO_mean_dec_7 (TQWT),0.005414529914529915,0.004938930338953253
baseline_female,mRMR,40,std_MFCC_6th_coef (MFCC),0.005356837606837608,0.00399948243595808
baseline_female,mRMR,40,tqwt_entropy_shannon_dec_35 (TQWT),0.005249999999999999,0.005427123240416295
baseline_female,mRMR,40,tqwt_meanValue_dec_7 (TQWT),0.004878205128205128,0.00511926116073744
baseline_female,mRMR,40,std_MFCC_8th_coef (MFCC),0.004774305555555555,0.0032880774638374063
baseline_female,mRMR,40,tqwt_TKEO_mean_dec_34 (TQWT),0.004701388888888889,0.004884113090183209
baseline_female,mRMR,40,std_5th_delta (MFCC),0.004685897435897438,0.0038255596662327414
baseline_female,mRMR,40,tqwt_TKEO_mean_dec_11 (TQWT),0.004645061728395063,0.00482835607540713
baseline_female,mRMR,40,tqwt_energy_dec_14 (TQWT),0.004581349206349206,0.004047285275856236
baseline_female,mRMR,40,std_11th_delta (MFCC),0.004324074074074074,0.005292691210236394
baseline_female,mRMR,40,tqwt_entropy_shannon_dec_12 (TQWT),0.004297008547008547,0.0035608144158884923
baseline_female,mRMR,40,tqwt_minValue_dec_11 (TQWT),0.004053819444444444,0.004076634372589925
baseline_female,mRMR,40,std_10th_delta (MFCC),0.003669560185185185,0.0034389047574118967
baseline_female,mRMR,40,tqwt_medianValue_dec_10 (TQWT),0.0036324786324786326,0.0033578491293014896
baseline_female,mRMR,40,tqwt_kurtosisValue_dec_28 (TQWT),0.003628267973856209,0.003407993348025254
baseline_female,mRMR,40,tqwt_TKEO_std_dec_34 (TQWT),0.0034687499999999996,0.0025851129194189118
baseline_female,mRMR,40,tqwt_stdValue_dec_34 (TQWT),0.0034340277777777776,0.0021511280188192183
baseline_female,mRMR,40,f2 (Formant Frequency),0.0030173611111111117,0.0031258548870070233
baseline_female,mRMR,40,tqwt_kurtosisValue_dec_25 (TQWT),0.0025085470085470084,0.0020093392041773427
baseline_female,mRMR,40,tqwt_entropy_shannon_dec_7 (TQWT),0.0022564102564102554,0.0019602272425641993
baseline,mRMR,50,std_delta_delta_log_energy (MFCC),0.027307760141093478,0.023909628881264886
baseline,mRMR,50,tqwt_energy_dec_26 (TQWT),0.022216230936819174,0.01564013547564676
baseline,mRMR,50,std_delta_log_energy (MFCC),0.02201722222222222,0.022360916170145836
baseline,mRMR,50,app_entropy_shannon_10_coef (Wavelet),0.017490196078431372,0.009218954446521108
baseline,mRMR,50,tqwt_entropy_log_dec_12 (TQWT),0.016384531590413944,0.014880288399031771
baseline,mRMR,50,tqwt_meanValue_dec_36 (TQWT),0.015660130718954248,0.008903804511450246
baseline,mRMR,50,tqwt_entropy_log_dec_27 (TQWT),0.01505228758169935,0.015832634686666364
baseline,mRMR,50,std_6th_delta_delta (MFCC),0.014905864197530865,0.012562748793584221
baseline,mRMR,50,tqwt_kurtosisValue_dec_20 (TQWT),0.014849444444444446,0.011649366838561577
baseline,mRMR,50,tqwt_kurtosisValue_dec_18 (TQWT),0.01481045751633987,0.008742374681233896
baseline,mRMR,50,DFA (Baseline),0.013871096586782863,0.009979772226629503
baseline,mRMR,50,tqwt_entropy_log_dec_35 (TQWT),0.01334111111111111,0.012475798146750325
baseline,mRMR,50,std_7th_delta_delta (MFCC),0.012373236331569656,0.008062476027638418
baseline,mRMR,50,tqwt_entropy_log_dec_26 (TQWT),0.011817302377003869,0.010841321744260201
baseline,mRMR,50,mean_MFCC_2nd_coef (MFCC),0.011693121693121693,0.0120616593350755
baseline,mRMR,50,GNE_SNR_TKEO (Vocal Fold),0.011660997732426303,0.010812790761453965
baseline,mRMR,50,std_4th_delta_delta (MFCC),0.011618888888888889,0.011454581332695354
baseline,mRMR,50,tqwt_entropy_log_dec_33 (TQWT),0.011484074074074072,0.010586006306293996
baseline,mRMR,50,tqwt_energy_dec_6 (TQWT),0.011419389978213509,0.007526393728034817
baseline,mRMR,50,std_6th_delta (MFCC),0.011302028218694884,0.01010113925637894
baseline,mRMR,50,tqwt_TKEO_std_dec_12 (TQWT),0.011122112211221119,0.011361625464640809
baseline,mRMR,50,tqwt_energy_dec_25 (TQWT),0.010898692810457515,0.01022953872983649
baseline,mRMR,50,app_TKEO_std_8_coef (Wavelet),0.010895555555555556,0.010562843200354116
baseline,mRMR,50,tqwt_kurtosisValue_dec_26 (TQWT),0.0108287037037037,0.011505394992429101
baseline,mRMR,50,std_7th_delta (MFCC),0.010573412698412697,0.0062896200315169975
baseline,mRMR,50,tqwt_energy_dec_21 (TQWT),0.010505555555555554,0.006785226985506244
baseline,mRMR,50,std_9th_delta_delta (MFCC),0.009976410934744264,0.009624506248280101
baseline,mRMR,50,tqwt_stdValue_dec_12 (TQWT),0.00996452145214521,0.00854409923596891
baseline,mRMR,50,std_11th_delta_delta (MFCC),0.009611655773420479,0.008912638451721315
baseline,mRMR,50,tqwt_energy_dec_7 (TQWT),0.009512962962962963,0.00752267165478118
baseline,mRMR,50,tqwt_meanValue_dec_5 (TQWT),0.009321666666666667,0.007007133449209304
baseline,mRMR,50,apq11Shimmer (Baseline),0.00930718954248366,0.005769358388593161
baseline,mRMR,50,IMF_SNR_SEO (Vocal Fold),0.009106753812636164,0.008273880341096817
baseline,mRMR,50,tqwt_TKEO_mean_dec_33 (TQWT),0.008863834422657953,0.009660509947820351
baseline,mRMR,50,std_8th_delta_delta (MFCC),0.008764301430143015,0.006442131460727177
baseline,mRMR,50,std_9th_delta (MFCC),0.008465828924162259,0.005948420746567932
baseline,mRMR,50,locPctJitter (Baseline),0.00829292929292929,0.007932337178251637
baseline,mRMR,50,app_TKEO_std_9_coef (Wavelet),0.00807843137254902,0.007344664760708717
baseline,mRMR,50,tqwt_maxValue_dec_6 (TQWT),0.007892222222222222,0.006483189317271968
baseline,mRMR,50,tqwt_maxValue_dec_12 (TQWT),0.007602819237147592,0.008122699314960116
baseline,mRMR,50,mean_delta_log_energy (MFCC),0.007538888888888889,0.004699644451093245
baseline,mRMR,50,tqwt_energy_dec_12 (TQWT),0.007509950248756219,0.009393876592726837
baseline,mRMR,50,tqwt_kurtosisValue_dec_36 (TQWT),0.007460537918871252,0.007458017444257863
baseline,mRMR,50,std_4th_delta (MFCC),0.007366296296296299,0.00623984152308539
baseline,mRMR,50,tqwt_kurtosisValue_dec_34 (TQWT),0.00682010582010582,0.007202917297176513
baseline,mRMR,50,tqwt_meanValue_dec_11 (TQWT),0.006662131519274378,0.009066827522961833
baseline,mRMR,50,tqwt_minValue_dec_12 (TQWT),0.006543650793650792,0.006765482184244176
baseline,mRMR,50,std_8th_delta (MFCC),0.006513668430335094,0.0067980132668417044
baseline,mRMR,50,tqwt_energy_dec_11 (TQWT),0.006465388007054672,0.008176345563031307
baseline,mRMR,50,tqwt_stdValue_dec_11 (TQWT),0.006220679012345679,0.0060402305954130155
baseline,mRMR,50,tqwt_TKEO_mean_dec_12 (TQWT),0.0061819172113289755,0.00546507918077728
baseline,mRMR,50,tqwt_stdValue_dec_6 (TQWT),0.006134444444444445,0.004970488778967886
baseline,mRMR,50,f1 (Formant Frequency),0.006131808278867102,0.004546529008098454
baseline,mRMR,50,std_12th_delta (MFCC),0.006098039215686275,0.004818016012195647
baseline,mRMR,50,tqwt_TKEO_std_dec_11 (TQWT),0.005857379767827528,0.006829390212842762
baseline,mRMR,50,tqwt_kurtosisValue_dec_35 (TQWT),0.0057666666666666665,0.005472423047100255
baseline,mRMR,50,tqwt_entropy_shannon_dec_11 (TQWT),0.005613598673300166,0.006039013014320915
baseline,mRMR,50,std_10th_delta_delta (MFCC),0.005611661166116612,0.005323467085365399
baseline,mRMR,50,tqwt_kurtosisValue_dec_27 (TQWT),0.005556657848324514,0.006818210352145433
baseline,mRMR,50,tqwt_entropy_shannon_dec_17 (TQWT),0.005540305010893246,0.0045242615202944585
baseline,mRMR,50,tqwt_maxValue_dec_11 (TQWT),0.005393518518518519,0.006423015598949705
baseline,mRMR,50,tqwt_minValue_dec_11 (TQWT),0.005355500821018062,0.006772448277719596
baseline,mRMR,50,std_MFCC_8th_coef (MFCC),0.005312636165577341,0.003160793275531082
baseline,mRMR,50,tqwt_entropy_log_dec_34 (TQWT),0.005135863586358636,0.006352631587561958
baseline,mRMR,50,tqwt_TKEO_mean_dec_23 (TQWT),0.005094771241830066,0.004203641413725833
baseline,mRMR,50,tqwt_TKEO_mean_dec_34 (TQWT),0.004987348734873487,0.005741273364184401
baseline,mRMR,50,ppq5Jitter (Baseline),0.0049588888888888885,0.005256079774515659
baseline,mRMR,50,tqwt_energy_dec_13 (TQWT),0.004949074074074074,0.004838618624542537
baseline,mRMR,50,mean_2nd_delta (MFCC),0.004809368191721133,0.005257875543111218
baseline,mRMR,50,tqwt_kurtosisValue_dec_25 (TQWT),0.0047933333333333335,0.005141381960451068
baseline,mRMR,50,tqwt_TKEO_mean_dec_7 (TQWT),0.004520408163265307,0.004603820875222595
baseline,mRMR,50,std_5th_delta (MFCC),0.004491111111111111,0.0032438656997633114
baseline,mRMR,50,tqwt_medianValue_dec_8 (TQWT),0.004466230936819171,0.005062885227460157
baseline,mRMR,50,GNE_NSR_SEO (Vocal Fold),0.004363834422657951,0.0046672711821998565
baseline,mRMR,50,tqwt_entropy_shannon_dec_35 (TQWT),0.0042730790491984525,0.005163518435847427
baseline,mRMR,50,tqwt_TKEO_std_dec_34 (TQWT),0.0042233115468409575,0.006949093387128352
baseline,mRMR,50,tqwt_energy_dec_15 (TQWT),0.004147707231040565,0.004574806304102884
baseline,mRMR,50,tqwt_TKEO_mean_dec_11 (TQWT),0.004145000000000001,0.0037580574899946377
baseline,mRMR,50,std_MFCC_6th_coef (MFCC),0.004113861386138614,0.003770474937030358
baseline,mRMR,50,tqwt_entropy_shannon_dec_7 (TQWT),0.003988888888888889,0.0033772286318459674
baseline,mRMR,50,std_10th_delta (MFCC),0.003746472663139329,0.003710914342897991
baseline,mRMR,50,std_11th_delta (MFCC),0.003574438970990694,0.003591156517781411
baseline,mRMR,50,VFER_mean (Vocal Fold),0.0035315904139433542,0.00312213328358869
baseline,mRMR,50,tqwt_entropy_shannon_dec_18 (TQWT),0.0034901960784313713,0.0035497320596375214
baseline,mRMR,50,tqwt_entropy_shannon_dec_12 (TQWT),0.003446623093681918,0.002909179211100517
baseline,mRMR,50,tqwt_stdValue_dec_34 (TQWT),0.0033960396039603978,0.006502681770537077
baseline,mRMR,50,b4 (Bandwidth),0.0032124183006535943,0.0031696220796755847
baseline,mRMR,50,tqwt_medianValue_dec_10 (TQWT),0.003188552188552189,0.003989874087185613
baseline,mRMR,50,std_12th_delta_delta (MFCC),0.003146514161220044,0.003410694182072609
baseline,mRMR,50,tqwt_meanValue_dec_7 (TQWT),0.0031417233560090707,0.0034831816915222038
baseline,mRMR,50,std_MFCC_7th_coef (MFCC),0.003132897603485839,0.0024253744719853585
baseline,mRMR,50,tqwt_kurtosisValue_dec_28 (TQWT),0.003122807017543861,0.0030094318669714585
baseline,mRMR,50,meanHarmToNoiseHarmonicity (Baseline),0.003063180827886711,0.0024738402191340995
baseline,mRMR,50,tqwt_entropy_shannon_dec_34 (TQWT),0.0029411276948590388,0.0033889447516608213
baseline,mRMR,50,tqwt_TKEO_std_dec_7 (TQWT),0.0028095238095238095,0.002669162644677969
baseline,mRMR,50,tqwt_stdValue_dec_7 (TQWT),0.0027675736961451252,0.003290972721668717
baseline,mRMR,50,std_5th_delta_delta (MFCC),0.0026333333333333334,0.0025408665810798922
baseline,mRMR,50,tqwt_energy_dec_14 (TQWT),0.002273420479302833,0.002163595527447472
baseline,mRMR,50,f2 (Formant Frequency),0.002091503267973856,0.0021299127230415657
baseline,mRMR,50,GNE_SNR_SEO (Vocal Fold),0.001947712418300654,0.0020425365662222555
baseline_male,mRMR,50,std_delta_delta_log_energy (MFCC),0.02285598290598291,0.022326463979291836
baseline_male,mRMR,50,tqwt_entropy_log_dec_12 (TQWT),0.01488888888888889,0.014572059134089713
baseline_male,mRMR,50,std_delta_log_energy (MFCC),0.014778985507246377,0.0196746567447185
baseline_male,mRMR,50,DFA (Baseline),0.01426974564926372,0.01071276348163906
baseline_male,mRMR,50,tqwt_kurtosisValue_dec_20 (TQWT),0.013898467432950192,0.012572240994489876
baseline_male,mRMR,50,std_6th_delta_delta (MFCC),0.013377350427350424,0.010166233985187473
baseline_male,mRMR,50,tqwt_entropy_log_dec_27 (TQWT),0.012365079365079364,0.014180556826186056
baseline_male,mRMR,50,tqwt_entropy_log_dec_35 (TQWT),0.011951388888888888,0.01114021593997883
baseline_male,mRMR,50,std_4th_delta_delta (MFCC),0.011942129629629629,0.010391821439684656
baseline_male,mRMR,50,tqwt_kurtosisValue_dec_18 (TQWT),0.011891111111111111,0.009362225764809952
baseline_male,mRMR,50,tqwt_meanValue_dec_5 (TQWT),0.010868357487922708,0.00910788391623934
baseline_male,mRMR,50,std_7th_delta_delta (MFCC),0.009722649572649573,0.007306247192074595
baseline_male,mRMR,50,std_6th_delta (MFCC),0.009714957264957262,0.009194167903314041
baseline_male,mRMR,50,tqwt_energy_dec_6 (TQWT),0.009659420289855069,0.0070050422305977635
baseline_male,mRMR,50,tqwt_meanValue_dec_36 (TQWT),0.00965111111111111,0.004920247843232986
baseline_male,mRMR,50,tqwt_entropy_log_dec_33 (TQWT),0.00957249322493225,0.007869675858140461
baseline_male,mRMR,50,tqwt_energy_dec_26 (TQWT),0.008873148148148147,0.012428646301155774
baseline_male,mRMR,50,tqwt_energy_dec_21 (TQWT),0.008627314814814813,0.008723113983598818
baseline_male,mRMR,50,tqwt_energy_dec_7 (TQWT),0.008533333333333334,0.0078039814536198324
baseline_male,mRMR,50,tqwt_energy_dec_25 (TQWT),0.008509370816599734,0.008498162968599933
baseline_male,mRMR,50,tqwt_maxValue_dec_6 (TQWT),0.00829398148148148,0.00637412690363863
baseline_male,mRMR,50,std_7th_delta (MFCC),0.008275641025641026,0.006202927672731393
baseline_male,mRMR,50,std_9th_delta_delta (MFCC),0.008067948717948718,0.008149401932112532
baseline_male,mRMR,50,tqwt_entropy_log_dec_26 (TQWT),0.007916407061266876,0.008346095692025704
baseline_male,mRMR,50,std_8th_delta_delta (MFCC),0.007497379454926625,0.005530235229945653
baseline_male,mRMR,50,mean_MFCC_2nd_coef (MFCC),0.00742136752136752,0.010239223683383413
baseline_male,mRMR,50,mean_delta_log_energy (MFCC),0.007069444444444443,0.005094394569037534
baseline_male,mRMR,50,tqwt_stdValue_dec_12 (TQWT),0.0067730607966457025,0.009863951032119197
baseline_male,mRMR,50,tqwt_TKEO_mean_dec_33 (TQWT),0.006740000000000001,0.008297546581928857
baseline_male,mRMR,50,tqwt_energy_dec_11 (TQWT),0.0066807692307692314,0.00911266013143106
baseline_male,mRMR,50,tqwt_TKEO_std_dec_12 (TQWT),0.006588050314465409,0.009431952526838946
baseline_male,mRMR,50,tqwt_kurtosisValue_dec_36 (TQWT),0.006567521367521368,0.0055816495929255075
baseline_male,mRMR,50,std_4th_delta (MFCC),0.006351851851851851,0.005099416460172751
baseline_male,mRMR,50,std_9th_delta (MFCC),0.006306837606837608,0.0050292357466898375
baseline_male,mRMR,50,f1 (Formant Frequency),0.006257142857142855,0.003941887466807849
baseline_male,mRMR,50,tqwt_meanValue_dec_11 (TQWT),0.006239130434782608,0.009305608254400709
baseline_male,mRMR,50,IMF_SNR_SEO (Vocal Fold),0.006132850241545894,0.005650537867722227
baseline_male,mRMR,50,std_11th_delta_delta (MFCC),0.006111111111111111,0.0056090288126359935
baseline_male,mRMR,50,tqwt_kurtosisValue_dec_35 (TQWT),0.006079365079365079,0.0061756409219153536
baseline_male,mRMR,50,tqwt_entropy_shannon_dec_17 (TQWT),0.006053140096618358,0.005102342531476663
baseline_male,mRMR,50,tqwt_kurtosisValue_dec_34 (TQWT),0.006006837606837607,0.007157425857158727
baseline_male,mRMR,50,tqwt_maxValue_dec_12 (TQWT),0.005928571428571428,0.007529049326642567
baseline_male,mRMR,50,std_MFCC_8th_coef (MFCC),0.005855555555555557,0.0036834599893140543
baseline_male,mRMR,50,apq11Shimmer (Baseline),0.005851111111111111,0.00489542083432519
baseline_male,mRMR,50,tqwt_energy_dec_12 (TQWT),0.005631216931216933,0.008587765275142527
baseline_male,mRMR,50,tqwt_stdValue_dec_6 (TQWT),0.005592995169082126,0.005537530218692142
baseline_male,mRMR,50,std_8th_delta (MFCC),0.005582478632478631,0.006463205737259298
baseline_male,mRMR,50,tqwt_TKEO_mean_dec_23 (TQWT),0.0054666666666666665,0.0037400518696921823
baseline_male,mRMR,50,tqwt_stdValue_dec_11 (TQWT),0.005347008547008546,0.005838853883990418
baseline_male,mRMR,50,locPctJitter (Baseline),0.005323877068557918,0.0053013091019392285
baseline_male,mRMR,50,tqwt_entropy_shannon_dec_18 (TQWT),0.005277777777777778,0.0038798909203163878
baseline_male,mRMR,50,tqwt_entropy_shannon_dec_11 (TQWT),0.005120467836257309,0.005983636248449139
baseline_male,mRMR,50,tqwt_minValue_dec_12 (TQWT),0.004870512820512821,0.00607273814279551
baseline_male,mRMR,50,tqwt_TKEO_std_dec_34 (TQWT),0.004863492063492062,0.00790457176463436
baseline_male,mRMR,50,GNE_SNR_TKEO (Vocal Fold),0.004797101449275362,0.006145224351032599
baseline_male,mRMR,50,tqwt_maxValue_dec_11 (TQWT),0.004778205128205129,0.006696070176635531
baseline_male,mRMR,50,tqwt_minValue_dec_11 (TQWT),0.004772585669781933,0.007507787364191862
baseline_male,mRMR,50,mean_2nd_delta (MFCC),0.0047599999999999995,0.004601723139852706
baseline_male,mRMR,50,GNE_NSR_SEO (Vocal Fold),0.004639682539682539,0.0053348917900057176
baseline_male,mRMR,50,tqwt_TKEO_mean_dec_34 (TQWT),0.004625235404896422,0.00545089798555627
baseline_male,mRMR,50,tqwt_entropy_log_dec_34 (TQWT),0.004609929078014185,0.005717552679750996
baseline_male,mRMR,50,tqwt_stdValue_dec_34 (TQWT),0.004532956685499058,0.00842056689463526
baseline_male,mRMR,50,std_10th_delta_delta (MFCC),0.00443343815513627,0.004005957269464895
baseline_male,mRMR,50,tqwt_kurtosisValue_dec_25 (TQWT),0.004398412698412699,0.005568026710157443
baseline_male,mRMR,50,tqwt_entropy_shannon_dec_35 (TQWT),0.004371428571428571,0.0052640599892591145
baseline_male,mRMR,50,tqwt_TKEO_std_dec_11 (TQWT),0.0043567251461988305,0.0077324842826372205
baseline_male,mRMR,50,std_MFCC_7th_coef (MFCC),0.00429951690821256,0.003457087504179828
baseline_male,mRMR,50,tqwt_kurtosisValue_dec_27 (TQWT),0.004294017094017093,0.005988744425984812
baseline_male,mRMR,50,std_5th_delta (MFCC),0.0042037037037037026,0.002399175364037387
baseline_male,mRMR,50,ppq5Jitter (Baseline),0.004168981481481482,0.003306167832985997
baseline_male,mRMR,50,tqwt_energy_dec_13 (TQWT),0.004127350427350426,0.004743734855834045
baseline_male,mRMR,50,tqwt_kurtosisValue_dec_26 (TQWT),0.004124786324786326,0.006767106363267448
baseline_male,mRMR,50,app_entropy_shannon_10_coef (Wavelet),0.004033333333333333,0.00493075169850524
baseline_male,mRMR,50,std_12th_delta (MFCC),0.004013333333333333,0.004285053288079587
baseline_male,mRMR,50,tqwt_TKEO_mean_dec_11 (TQWT),0.003954106280193237,0.004139486439027155
baseline_male,mRMR,50,tqwt_entropy_shannon_dec_7 (TQWT),0.003946360153256705,0.0038369124828030034
baseline_male,mRMR,50,std_MFCC_6th_coef (MFCC),0.003941043083900227,0.0030703820753603664
baseline_male,mRMR,50,tqwt_TKEO_mean_dec_7 (TQWT),0.0038792270531400968,0.004129331164287433
baseline_male,mRMR,50,b4 (Bandwidth),0.003727053140096617,0.004054063866710772
baseline_male,mRMR,50,app_TKEO_std_8_coef (Wavelet),0.0034745370370370377,0.002863845609705632
baseline_male,mRMR,50,tqwt_kurtosisValue_dec_28 (TQWT),0.0033888888888888888,0.0035059867851662064
baseline_male,mRMR,50,tqwt_meanValue_dec_7 (TQWT),0.003166666666666667,0.0037576718908408826
baseline_male,mRMR,50,tqwt_entropy_shannon_dec_34 (TQWT),0.0029724867724867723,0.0036367654550877857
baseline_male,mRMR,50,std_12th_delta_delta (MFCC),0.002938657407407408,0.0033106892011641104
baseline_male,mRMR,50,tqwt_medianValue_dec_10 (TQWT),0.0029314420803782503,0.0036334027364486403
baseline_male,mRMR,50,tqwt_energy_dec_15 (TQWT),0.0029089743589743593,0.0036105255419993077
baseline_male,mRMR,50,tqwt_TKEO_mean_dec_12 (TQWT),0.002782222222222221,0.0026286669416055526
baseline_male,mRMR,50,std_10th_delta (MFCC),0.002762393162393162,0.003194733593842943
baseline_male,mRMR,50,VFER_mean (Vocal Fold),0.002738095238095238,0.003448867733719089
baseline_male,mRMR,50,std_11th_delta (MFCC),0.0027097611630321912,0.002201631713008124
baseline_male,mRMR,50,meanHarmToNoiseHarmonicity (Baseline),0.0025711111111111113,0.0023254650691394586
baseline_male,mRMR,50,tqwt_stdValue_dec_7 (TQWT),0.002507246376811595,0.002464193709793569
baseline_male,mRMR,50,std_5th_delta_delta (MFCC),0.0025069444444444453,0.002256348633285551
baseline_male,mRMR,50,tqwt_TKEO_std_dec_7 (TQWT),0.0024371980676328496,0.00242486800551684
baseline_male,mRMR,50,app_TKEO_std_9_coef (Wavelet),0.002434782608695652,0.002740285484284324
baseline_male,mRMR,50,tqwt_medianValue_dec_8 (TQWT),0.0023355555555555564,0.0028667207900470682
baseline_male,mRMR,50,tqwt_entropy_shannon_dec_12 (TQWT),0.001822222222222223,0.0017251742596695052
baseline_male,mRMR,50,f2 (Formant Frequency),0.001736507936507937,0.0015960657011619924
baseline_male,mRMR,50,GNE_SNR_SEO (Vocal Fold),0.0017079365079365077,0.002124941043976148
baseline_male,mRMR,50,tqwt_energy_dec_14 (TQWT),0.0016642512077294682,0.0019317380067742963
baseline_female,mRMR,50,std_delta_delta_log_energy (MFCC),0.03136065573770491,0.023325263059581186
baseline_female,mRMR,50,tqwt_energy_dec_26 (TQWT),0.0284047619047619,0.015652183781915453
baseline_female,mRMR,50,std_delta_log_energy (MFCC),0.02780658436213992,0.019771267201584952
baseline_female,mRMR,50,tqwt_entropy_log_dec_27 (TQWT),0.021270833333333333,0.014794958928387445
baseline_female,mRMR,50,tqwt_meanValue_dec_36 (TQWT),0.020275641025641028,0.009800235107874105
baseline_female,mRMR,50,tqwt_entropy_log_dec_12 (TQWT),0.019375,0.017993021368489032
baseline_female,mRMR,50,tqwt_entropy_log_dec_35 (TQWT),0.01841025641025641,0.012780127868361425
baseline_female,mRMR,50,app_entropy_shannon_10_coef (Wavelet),0.018267094017094015,0.010464305429730543
baseline_female,mRMR,50,std_6th_delta_delta (MFCC),0.017113387978142075,0.013812793791473646
baseline_female,mRMR,50,mean_MFCC_2nd_coef (MFCC),0.015767759562841526,0.011854551509710076
baseline_female,mRMR,50,std_7th_delta_delta (MFCC),0.01568715846994536,0.008748078576655681
baseline_female,mRMR,50,tqwt_kurtosisValue_dec_18 (TQWT),0.0155982905982906,0.009348682334845987
baseline_female,mRMR,50,tqwt_kurtosisValue_dec_20 (TQWT),0.015477513227513227,0.008710283913591977
baseline_female,mRMR,50,tqwt_entropy_log_dec_33 (TQWT),0.015111111111111112,0.012399455143964093
baseline_female,mRMR,50,std_6th_delta (MFCC),0.014230418943533694,0.011595971221104654
baseline_female,mRMR,50,tqwt_kurtosisValue_dec_26 (TQWT),0.014059653916211294,0.012258461222313107
baseline_female,mRMR,50,tqwt_entropy_log_dec_26 (TQWT),0.013962174940898346,0.01132772118380399
baseline_female,mRMR,50,tqwt_TKEO_mean_dec_33 (TQWT),0.013863247863247866,0.008991046676495477
baseline_female,mRMR,50,DFA (Baseline),0.01351111111111111,0.009443718582357695
baseline_female,mRMR,50,std_4th_delta_delta (MFCC),0.013380341880341881,0.009626161496826506
baseline_female,mRMR,50,tqwt_energy_dec_25 (TQWT),0.01322222222222222,0.010755873651387296
baseline_female,mRMR,50,tqwt_energy_dec_6 (TQWT),0.012623015873015876,0.010081001225469175
baseline_female,mRMR,50,GNE_SNR_TKEO (Vocal Fold),0.01218803418803419,0.014706860483860766
baseline_female,mRMR,50,tqwt_TKEO_std_dec_12 (TQWT),0.011907407407407405,0.011892924299125838
baseline_female,mRMR,50,app_TKEO_std_8_coef (Wavelet),0.011527777777777777,0.008864557924983469
baseline_female,mRMR,50,std_9th_delta_delta (MFCC),0.01134061930783242,0.011641621194207018
baseline_female,mRMR,50,apq11Shimmer (Baseline),0.010831196581196582,0.0072073241962965755
baseline_female,mRMR,50,std_8th_delta_delta (MFCC),0.010803819444444444,0.007879635370768617
baseline_female,mRMR,50,tqwt_energy_dec_21 (TQWT),0.010724358974358972,0.007710762840398061
baseline_female,mRMR,50,tqwt_energy_dec_7 (TQWT),0.010590277777777778,0.007390952031743532
baseline_female,mRMR,50,std_7th_delta (MFCC),0.01042304189435337,0.006774599824072432
baseline_female,mRMR,50,locPctJitter (Baseline),0.010007478632478632,0.0072667392456846475
baseline_female,mRMR,50,std_9th_delta (MFCC),0.009974954462659382,0.007584324211306693
baseline_female,mRMR,50,std_11th_delta_delta (MFCC),0.009788359788359789,0.010856261126361089
baseline_female,mRMR,50,tqwt_stdValue_dec_12 (TQWT),0.00955787037037037,0.00829487804133684
baseline_female,mRMR,50,IMF_SNR_SEO (Vocal Fold),0.009371031746031747,0.008822561105758549
baseline_female,mRMR,50,app_TKEO_std_9_coef (Wavelet),0.00889484126984127,0.007028474299484721
baseline_female,mRMR,50,tqwt_maxValue_dec_12 (TQWT),0.008893518518518518,0.008901906843779457
baseline_female,mRMR,50,tqwt_energy_dec_12 (TQWT),0.008465277777777775,0.009349711343498063
baseline_female,mRMR,50,tqwt_meanValue_dec_5 (TQWT),0.008453703703703706,0.0059171077023387544
baseline_female,mRMR,50,mean_delta_log_energy (MFCC),0.00791025641025641,0.004449061731888005
baseline_female,mRMR,50,tqwt_maxValue_dec_6 (TQWT),0.007899572649572651,0.005780455435228701
baseline_female,mRMR,50,std_12th_delta (MFCC),0.007634615384615386,0.005002961438450545
baseline_female,mRMR,50,tqwt_TKEO_mean_dec_12 (TQWT),0.007623931623931626,0.005575756369234499
baseline_female,mRMR,50,std_8th_delta (MFCC),0.007585610200364297,0.00751547075955635
baseline_female,mRMR,50,tqwt_kurtosisValue_dec_36 (TQWT),0.007473132969034607,0.00806317091445202
baseline_female,mRMR,50,tqwt_stdValue_dec_6 (TQWT),0.007449588477366256,0.0056553928014329785
baseline_female,mRMR,50,tqwt_meanValue_dec_11 (TQWT),0.007423076923076923,0.00871037481229306
baseline_female,mRMR,50,std_4th_delta (MFCC),0.007349002849002848,0.00843928307162324
baseline_female,mRMR,50,tqwt_kurtosisValue_dec_34 (TQWT),0.00717486338797814,0.006374852579870062
baseline_female,mRMR,50,tqwt_minValue_dec_12 (TQWT),0.007173041894353371,0.005684644223280118
baseline_female,mRMR,50,tqwt_stdValue_dec_11 (TQWT),0.00694535519125683,0.006516263786829947
baseline_female,mRMR,50,tqwt_minValue_dec_11 (TQWT),0.006860532407407406,0.0061309535751245155
baseline_female,mRMR,50,tqwt_maxValue_dec_11 (TQWT),0.006835610200364299,0.005275203558105718
baseline_female,mRMR,50,tqwt_TKEO_mean_dec_34 (TQWT),0.006293650793650795,0.006578734379175527
baseline_female,mRMR,50,std_10th_delta_delta (MFCC),0.006271990740740741,0.00567657283092807
baseline_female,mRMR,50,tqwt_entropy_shannon_dec_11 (TQWT),0.00618448637316562,0.006176416573928307
baseline_female,mRMR,50,tqwt_TKEO_std_dec_11 (TQWT),0.0061409853249475895,0.006468326193917799
baseline_female,mRMR,50,tqwt_kurtosisValue_dec_27 (TQWT),0.005909380692167576,0.006843214820731738
baseline_female,mRMR,50,ppq5Jitter (Baseline),0.005854700854700854,0.005588870032078777
baseline_female,mRMR,50,tqwt_energy_dec_11 (TQWT),0.005760928961748633,0.006543391790269565
baseline_female,mRMR,50,mean_2nd_delta (MFCC),0.005752136752136752,0.005668750800197134
baseline_female,mRMR,50,tqwt_TKEO_mean_dec_7 (TQWT),0.005702991452991454,0.004743009395008419
baseline_female,mRMR,50,tqwt_TKEO_mean_dec_23 (TQWT),0.005673076923076922,0.0054548813351648975
baseline_female,mRMR,50,f1 (Formant Frequency),0.0055902777777777765,0.004866413858843869
baseline_female,mRMR,50,tqwt_entropy_log_dec_34 (TQWT),0.005531893004115226,0.006249707624648352
baseline_female,mRMR,50,tqwt_kurtosisValue_dec_35 (TQWT),0.005472916666666665,0.0048529834590906405
baseline_female,mRMR,50,tqwt_medianValue_dec_8 (TQWT),0.0053034188034188036,0.004834321707402845
baseline_female,mRMR,50,tqwt_entropy_shannon_dec_17 (TQWT),0.005146825396825398,0.003643722000189068
baseline_female,mRMR,50,std_10th_delta (MFCC),0.005132969034608379,0.0045594253010052075
baseline_female,mRMR,50,tqwt_energy_dec_13 (TQWT),0.005012750455373407,0.004493626959529206
baseline_female,mRMR,50,tqwt_energy_dec_15 (TQWT),0.004887067395264118,0.005002282251462757
baseline_female,mRMR,50,tqwt_kurtosisValue_dec_25 (TQWT),0.0048805555555555555,0.004734252731211291
baseline_female,mRMR,50,tqwt_entropy_shannon_dec_35 (TQWT),0.004776041666666666,0.004596209542159648
baseline_female,mRMR,50,std_MFCC_8th_coef (MFCC),0.004552083333333334,0.0036147446031634506
baseline_female,mRMR,50,std_5th_delta (MFCC),0.0045170940170940165,0.0033114639460204705
baseline_female,mRMR,50,std_12th_delta_delta (MFCC),0.004297325102880658,0.004508626771842147
baseline_female,mRMR,50,std_MFCC_6th_coef (MFCC),0.0042489316239316234,0.004002172205659488
baseline_female,mRMR,50,tqwt_entropy_shannon_dec_12 (TQWT),0.0041816239316239305,0.003215917515597293
baseline_female,mRMR,50,std_11th_delta (MFCC),0.004057870370370371,0.004706434975216027
baseline_female,mRMR,50,tqwt_TKEO_std_dec_7 (TQWT),0.00394017094017094,0.0028595015608929427
baseline_female,mRMR,50,tqwt_TKEO_mean_dec_11 (TQWT),0.003917695473251029,0.0043966251767287
baseline_female,mRMR,50,tqwt_medianValue_dec_10 (TQWT),0.0038429487179487175,0.0046763432848523105
baseline_female,mRMR,50,VFER_mean (Vocal Fold),0.003545138888888888,0.002316999461614556
baseline_female,mRMR,50,tqwt_TKEO_std_dec_34 (TQWT),0.003524305555555555,0.0031898163874274008
baseline_female,mRMR,50,tqwt_meanValue_dec_7 (TQWT),0.0034764957264957264,0.003594400443010565
baseline_female,mRMR,50,tqwt_stdValue_dec_34 (TQWT),0.003472222222222221,0.0031218762164940345
baseline_female,mRMR,50,std_MFCC_7th_coef (MFCC),0.003293650793650794,0.0024945213124081063
baseline_female,mRMR,50,GNE_NSR_SEO (Vocal Fold),0.0032881944444444443,0.0038419944681508597
baseline_female,mRMR,50,tqwt_entropy_shannon_dec_18 (TQWT),0.003275641025641026,0.0033643392284040626
baseline_female,mRMR,50,meanHarmToNoiseHarmonicity (Baseline),0.0030448717948717953,0.0027663554142087882
baseline_female,mRMR,50,tqwt_entropy_shannon_dec_34 (TQWT),0.002865740740740741,0.0029548334241330586
baseline_female,mRMR,50,tqwt_stdValue_dec_7 (TQWT),0.002863247863247863,0.0032907171450641775
baseline_female,mRMR,50,tqwt_entropy_shannon_dec_7 (TQWT),0.0028320105820105823,0.003190993995728606
baseline_female,mRMR,50,f2 (Formant Frequency),0.0026805555555555554,0.0024453442358563938
baseline_female,mRMR,50,std_5th_delta_delta (MFCC),0.0025726495726495734,0.002641328449211869
baseline_female,mRMR,50,GNE_SNR_SEO (Vocal Fold),0.002427083333333334,0.002504347579049344
baseline_female,mRMR,50,tqwt_kurtosisValue_dec_28 (TQWT),0.002398692810457516,0.002878459044545336
baseline_female,mRMR,50,b4 (Bandwidth),0.0023273809523809527,0.0021971818430099564
baseline_female,mRMR,50,tqwt_energy_dec_14 (TQWT),0.00231547619047619,0.0025774505965662133
baseline,mRMR,60,std_delta_delta_log_energy (MFCC),0.02411199294532627,0.021841869862353418
baseline,mRMR,60,tqwt_entropy_log_dec_12 (TQWT),0.019643790849673198,0.016552427107142168
baseline,mRMR,60,tqwt_entropy_log_dec_27 (TQWT),0.0184161220043573,0.013739127169045911
baseline,mRMR,60,app_entropy_shannon_10_coef (Wavelet),0.01800435729847494,0.008290216255768262
baseline,mRMR,60,std_delta_log_energy (MFCC),0.017546666666666665,0.018209018218157475
baseline,mRMR,60,tqwt_energy_dec_26 (TQWT),0.015372004357298477,0.01035788782851527
baseline,mRMR,60,std_6th_delta_delta (MFCC),0.01506062610229277,0.01382148481502442
baseline,mRMR,60,tqwt_entropy_log_dec_35 (TQWT),0.013531353135313532,0.011760175080335172
baseline,mRMR,60,std_9th_delta_delta (MFCC),0.013167989417989419,0.010908327540326253
baseline,mRMR,60,apq11Shimmer (Baseline),0.012661220043572986,0.006472795587088099
baseline,mRMR,60,std_7th_delta_delta (MFCC),0.012306878306878303,0.00832415156948528
baseline,mRMR,60,std_4th_delta (MFCC),0.010579259259259259,0.008134723945794538
baseline,mRMR,60,tqwt_TKEO_std_dec_12 (TQWT),0.010524202420242022,0.009087270032058161
baseline,mRMR,60,std_6th_delta (MFCC),0.010523368606701939,0.00926829503052491
baseline,mRMR,60,tqwt_entropy_log_dec_26 (TQWT),0.010475677169707018,0.009647896671593834
baseline,mRMR,60,tqwt_kurtosisValue_dec_26 (TQWT),0.010460978835978832,0.009868166238596501
baseline,mRMR,60,tqwt_energy_dec_25 (TQWT),0.010303921568627448,0.008884866248072606
baseline,mRMR,60,tqwt_entropy_log_dec_33 (TQWT),0.010221851851851852,0.010260060834730514
baseline,mRMR,60,DFA (Baseline),0.010207920792079205,0.007834839170916005
baseline,mRMR,60,tqwt_minValue_dec_13 (TQWT),0.009703703703703706,0.005313601871358395
baseline,mRMR,60,GNE_SNR_TKEO (Vocal Fold),0.0095124716553288,0.008179076593673666
baseline,mRMR,60,std_7th_delta (MFCC),0.009391975308641973,0.005553348224724923
baseline,mRMR,60,tqwt_kurtosisValue_dec_20 (TQWT),0.009279249448123618,0.009612090680112307
baseline,mRMR,60,app_TKEO_std_8_coef (Wavelet),0.009268888888888889,0.006986585278257214
baseline,mRMR,60,tqwt_energy_dec_6 (TQWT),0.009045654565456546,0.008003921178614938
baseline,mRMR,60,tqwt_meanValue_dec_36 (TQWT),0.008588235294117648,0.005769704947745468
baseline,mRMR,60,tqwt_TKEO_mean_dec_33 (TQWT),0.008479302832244007,0.011521565088296768
baseline,mRMR,60,tqwt_TKEO_mean_dec_12 (TQWT),0.008459694989106755,0.005689872059932726
baseline,mRMR,60,app_det_TKEO_mean_3_coef (Wavelet),0.008445578231292515,0.006168738491445351
baseline,mRMR,60,mean_MFCC_2nd_coef (MFCC),0.008230379188712519,0.009016848187256855
baseline,mRMR,60,tqwt_kurtosisValue_dec_18 (TQWT),0.007988017429193903,0.00440112727183072
baseline,mRMR,60,std_8th_delta_delta (MFCC),0.007935093509350934,0.0054251907602065
baseline,mRMR,60,tqwt_energy_dec_7 (TQWT),0.00776777777777778,0.006079178239475305
baseline,mRMR,60,app_TKEO_std_9_coef (Wavelet),0.007759259259259261,0.005959441649125422
baseline,mRMR,60,std_9th_delta (MFCC),0.007465167548500879,0.005314401341652804
baseline,mRMR,60,tqwt_stdValue_dec_12 (TQWT),0.007364197530864192,0.006717631009147339
baseline,mRMR,60,std_12th_delta (MFCC),0.0069607843137254885,0.005023801707007479
baseline,mRMR,60,std_4th_delta_delta (MFCC),0.00689,0.0070990864438364104
baseline,mRMR,60,tqwt_energy_dec_24 (TQWT),0.006802832244008716,0.006893467697493068
baseline,mRMR,60,tqwt_meanValue_dec_5 (TQWT),0.006554444444444445,0.005536138382730442
baseline,mRMR,60,tqwt_energy_dec_21 (TQWT),0.006519251925192519,0.005595210400316895
baseline,mRMR,60,tqwt_maxValue_dec_12 (TQWT),0.0065102266445550006,0.007473055851148129
baseline,mRMR,60,tqwt_energy_dec_12 (TQWT),0.006435876174682144,0.008820344876534563
baseline,mRMR,60,tqwt_entropy_shannon_dec_11 (TQWT),0.006432283029297955,0.006311487707257351
baseline,mRMR,60,tqwt_stdValue_dec_6 (TQWT),0.006336666666666668,0.005369499798594572
baseline,mRMR,60,tqwt_stdValue_dec_11 (TQWT),0.006210097001763668,0.005378258857190591
baseline,mRMR,60,std_8th_delta (MFCC),0.00602799823633157,0.00539840840382405
baseline,mRMR,60,tqwt_entropy_log_dec_28 (TQWT),0.005994553376906318,0.00594235276607151
baseline,mRMR,60,std_11th_delta_delta (MFCC),0.0059480755265068986,0.006206520029639811
baseline,mRMR,60,IMF_SNR_SEO (Vocal Fold),0.00593681917211329,0.004585406490298045
baseline,mRMR,60,locPctJitter (Baseline),0.005898888888888887,0.007794555568521188
baseline,mRMR,60,tqwt_entropy_shannon_dec_16 (TQWT),0.00587037037037037,0.0035471048147188555
baseline,mRMR,60,tqwt_entropy_shannon_dec_17 (TQWT),0.0057538126361655765,0.003658587838693472
baseline,mRMR,60,tqwt_entropy_shannon_dec_12 (TQWT),0.005693899782135076,0.004008418476515739
baseline,mRMR,60,tqwt_TKEO_std_dec_11 (TQWT),0.005498236331569663,0.007868225598854127
baseline,mRMR,60,mean_MFCC_7th_coef (MFCC),0.00546888888888889,0.0047984028475398545
baseline,mRMR,60,mean_delta_log_energy (MFCC),0.005432383040935673,0.0042968167305104535
baseline,mRMR,60,tqwt_minValue_dec_12 (TQWT),0.0053692680776014105,0.005498296799029431
baseline,mRMR,60,tqwt_maxValue_dec_6 (TQWT),0.00535888888888889,0.004975657997499281
baseline,mRMR,60,tqwt_energy_dec_11 (TQWT),0.005333333333333335,0.005849057960791429
baseline,mRMR,60,tqwt_kurtosisValue_dec_36 (TQWT),0.005314373897707231,0.004380026144461576
baseline,mRMR,60,tqwt_medianValue_dec_33 (TQWT),0.005285403050108932,0.007235256060715021
baseline,mRMR,60,tqwt_kurtosisValue_dec_34 (TQWT),0.0052427248677248675,0.005772851254681333
baseline,mRMR,60,tqwt_entropy_log_dec_34 (TQWT),0.005215925925925924,0.0056866742032258815
baseline,mRMR,60,std_MFCC_8th_coef (MFCC),0.005128540305010893,0.0028539943751318794
baseline,mRMR,60,tqwt_kurtosisValue_dec_35 (TQWT),0.005080707573244885,0.005844115175614436
baseline,mRMR,60,ppq5Jitter (Baseline),0.004850729517396184,0.005844517626830356
baseline,mRMR,60,tqwt_medianValue_dec_25 (TQWT),0.0045610021786492375,0.004073643696451434
baseline,mRMR,60,mean_2nd_delta (MFCC),0.004494517543859648,0.004868029480637495
baseline,mRMR,60,tqwt_TKEO_mean_dec_23 (TQWT),0.004424836601307188,0.003263072067681841
baseline,mRMR,60,tqwt_kurtosisValue_dec_27 (TQWT),0.0043084215167548505,0.0047892528608319985
baseline,mRMR,60,tqwt_kurtosisValue_dec_25 (TQWT),0.004255555555555557,0.004495908117889402
baseline,mRMR,60,std_MFCC_6th_coef (MFCC),0.004086358635863587,0.003085691332780589
baseline,mRMR,60,IMF_SNR_entropy (Vocal Fold),0.004039215686274511,0.003911394065527093
baseline,mRMR,60,tqwt_energy_dec_13 (TQWT),0.004017857142857143,0.0036872905905971044
baseline,mRMR,60,tqwt_maxValue_dec_11 (TQWT),0.003995590828924163,0.004748120231044845
baseline,mRMR,60,tqwt_TKEO_std_dec_34 (TQWT),0.003923747276688452,0.007404632137628814
baseline,mRMR,60,f1 (Formant Frequency),0.0038459259259259267,0.003590156666404521
baseline,mRMR,60,std_12th_delta_delta (MFCC),0.003825163398692811,0.004278789394204026
baseline,mRMR,60,tqwt_TKEO_mean_dec_11 (TQWT),0.0038172222222222223,0.004175722563199224
baseline,mRMR,60,std_10th_delta_delta (MFCC),0.0037841034103410346,0.00366584092293986
baseline,mRMR,60,std_10th_delta (MFCC),0.0037103174603174615,0.0035011411093515943
baseline,mRMR,60,tqwt_meanValue_dec_11 (TQWT),0.003702947845804989,0.004736653805377268
baseline,mRMR,60,std_11th_delta (MFCC),0.003656267104542967,0.00372862836026945
baseline,mRMR,60,tqwt_entropy_shannon_dec_7 (TQWT),0.0036049999999999997,0.0024250169043226206
baseline,mRMR,60,tqwt_TKEO_mean_dec_7 (TQWT),0.0034886621315192747,0.004355128708425317
baseline,mRMR,60,tqwt_skewnessValue_dec_28 (TQWT),0.0033823529411764705,0.0032197128082478814
baseline,mRMR,60,app_TKEO_std_7_coef (Wavelet),0.0033529411764705885,0.003467156952112401
baseline,mRMR,60,tqwt_stdValue_dec_34 (TQWT),0.003297037037037037,0.005246866930096869
baseline,mRMR,60,tqwt_TKEO_mean_dec_34 (TQWT),0.0032920792079207915,0.0041394745781628455
baseline,mRMR,60,tqwt_energy_dec_8 (TQWT),0.0032816666666666675,0.0036726434768115774
baseline,mRMR,60,tqwt_minValue_dec_11 (TQWT),0.0032583774250440904,0.004165704480281564
baseline,mRMR,60,numPulses (Baseline),0.0032047930283224404,0.0030620111933588948
baseline,mRMR,60,meanHarmToNoiseHarmonicity (Baseline),0.003179738562091504,0.002206907799719714
baseline,mRMR,60,tqwt_entropy_shannon_dec_34 (TQWT),0.0031116639027086793,0.004011952235177945
baseline,mRMR,60,std_5th_delta (MFCC),0.003107777777777778,0.00256722710016915
baseline,mRMR,60,RPDE (Baseline),0.0031056644880174287,0.0031820811141610584
baseline,mRMR,60,tqwt_stdValue_dec_7 (TQWT),0.0030941043083900226,0.0034266097677530722
baseline,mRMR,60,tqwt_energy_dec_15 (TQWT),0.0030881834215167546,0.003109566287129601
baseline,mRMR,60,tqwt_kurtosisValue_dec_28 (TQWT),0.0030476190476190486,0.0027303130739462465
baseline,mRMR,60,tqwt_medianValue_dec_10 (TQWT),0.0030085185185185193,0.0034575395279028867
baseline,mRMR,60,std_5th_delta_delta (MFCC),0.002935555555555556,0.002370806998997943
baseline,mRMR,60,tqwt_medianValue_dec_8 (TQWT),0.0029248366013071895,0.004056253798080318
baseline,mRMR,60,tqwt_entropy_shannon_dec_18 (TQWT),0.0028769063180827887,0.0026529093624668384
baseline,mRMR,60,tqwt_maxValue_dec_7 (TQWT),0.002864444444444444,0.0028550873434106364
baseline,mRMR,60,GNE_NSR_SEO (Vocal Fold),0.0028159041394335512,0.0028510259899602207
baseline,mRMR,60,tqwt_entropy_shannon_dec_35 (TQWT),0.002805693753454948,0.003882321054547513
baseline,mRMR,60,VFER_mean (Vocal Fold),0.0026562156215621563,0.0024112619128207964
baseline,mRMR,60,tqwt_meanValue_dec_7 (TQWT),0.0025804988662131516,0.0030715933315100144
baseline,mRMR,60,tqwt_TKEO_std_dec_7 (TQWT),0.0025294784580498866,0.002294747881307252
baseline,mRMR,60,std_MFCC_7th_coef (MFCC),0.00225599128540305,0.0020775380926084954
baseline,mRMR,60,f2 (Formant Frequency),0.002226072607260726,0.002688129428157301
baseline,mRMR,60,b4 (Bandwidth),0.0022080610021786486,0.002181484506299555
baseline,mRMR,60,tqwt_energy_dec_14 (TQWT),0.0020294117647058824,0.0019610615361725157
baseline,mRMR,60,GNE_SNR_SEO (Vocal Fold),0.0019422657952069726,0.0021241888941729947
baseline,mRMR,60,tqwt_energy_dec_16 (TQWT),0.0019117647058823533,0.0016543468817304184
baseline,mRMR,60,VFER_entropy (Vocal Fold),0.0017015250544662314,0.0017331745029678998
baseline,mRMR,60,tqwt_entropy_shannon_dec_10 (TQWT),0.0015855555555555553,0.0010266284361011937
baseline_male,mRMR,60,std_delta_delta_log_energy (MFCC),0.019025641025641027,0.02004004269311499
baseline_male,mRMR,60,tqwt_entropy_log_dec_12 (TQWT),0.016796825396825397,0.018707744136578594
baseline_male,mRMR,60,std_delta_log_energy (MFCC),0.013924603174603175,0.017805703169642972
baseline_male,mRMR,60,std_6th_delta_delta (MFCC),0.012492307692307691,0.009702159706620838
baseline_male,mRMR,60,tqwt_TKEO_mean_dec_33 (TQWT),0.011522222222222224,0.01379282393101543
baseline_male,mRMR,60,tqwt_entropy_log_dec_27 (TQWT),0.011030555555555554,0.015101020011918813
baseline_male,mRMR,60,tqwt_entropy_log_dec_35 (TQWT),0.010628841607565012,0.009045133059344157
baseline_male,mRMR,60,std_7th_delta_delta (MFCC),0.00979059829059829,0.00790240725896868
baseline_male,mRMR,60,tqwt_minValue_dec_13 (TQWT),0.009676190476190479,0.005884883420200682
baseline_male,mRMR,60,std_4th_delta (MFCC),0.009666666666666664,0.006297840161331059
baseline_male,mRMR,60,std_6th_delta (MFCC),0.009595299145299142,0.008545940378564775
baseline_male,mRMR,60,std_9th_delta_delta (MFCC),0.00959059829059829,0.008222322979867577
baseline_male,mRMR,60,tqwt_energy_dec_25 (TQWT),0.009051539491298529,0.0077114835814660184
baseline_male,mRMR,60,tqwt_kurtosisValue_dec_20 (TQWT),0.008971218206157965,0.010397237656442298
baseline_male,mRMR,60,DFA (Baseline),0.008717505241090147,0.007918250225979681
baseline_male,mRMR,60,tqwt_energy_dec_6 (TQWT),0.008588652482269504,0.0077107828332397405
baseline_male,mRMR,60,tqwt_kurtosisValue_dec_18 (TQWT),0.008544444444444441,0.004613950426536736
baseline_male,mRMR,60,tqwt_entropy_log_dec_33 (TQWT),0.008329945799457996,0.006946074262592461
baseline_male,mRMR,60,tqwt_entropy_shannon_dec_16 (TQWT),0.008244444444444445,0.003749363668708054
baseline_male,mRMR,60,tqwt_energy_dec_26 (TQWT),0.008003703703703704,0.009564929791843287
baseline_male,mRMR,60,apq11Shimmer (Baseline),0.0077822222222222225,0.005601638899318515
baseline_male,mRMR,60,std_4th_delta_delta (MFCC),0.0073495370370370355,0.005013218811296703
baseline_male,mRMR,60,tqwt_medianValue_dec_33 (TQWT),0.007308888888888887,0.007542705907856437
baseline_male,mRMR,60,std_7th_delta (MFCC),0.007123931623931622,0.005362937059104028
baseline_male,mRMR,60,tqwt_maxValue_dec_6 (TQWT),0.006997685185185184,0.006517491395980421
baseline_male,mRMR,60,tqwt_energy_dec_7 (TQWT),0.006850793650793652,0.005994434057091512
baseline_male,mRMR,60,std_8th_delta_delta (MFCC),0.006789832285115304,0.004768964176824739
baseline_male,mRMR,60,tqwt_meanValue_dec_5 (TQWT),0.006785024154589371,0.0067784186808484605
baseline_male,mRMR,60,tqwt_entropy_log_dec_26 (TQWT),0.006186915887850468,0.006985577041616631
baseline_male,mRMR,60,std_9th_delta (MFCC),0.006125641025641025,0.004881327833000217
baseline_male,mRMR,60,tqwt_energy_dec_24 (TQWT),0.006125603864734299,0.007805719255917873
baseline_male,mRMR,60,tqwt_TKEO_std_dec_12 (TQWT),0.005845911949685534,0.007908388159681846
baseline_male,mRMR,60,tqwt_entropy_log_dec_28 (TQWT),0.005741269841269841,0.006042096843764941
baseline_male,mRMR,60,tqwt_energy_dec_21 (TQWT),0.005723404255319149,0.005481275116220319
baseline_male,mRMR,60,tqwt_medianValue_dec_25 (TQWT),0.005719806763285024,0.0033463584677661455
baseline_male,mRMR,60,mean_MFCC_7th_coef (MFCC),0.005606481481481482,0.004523040003643295
baseline_male,mRMR,60,tqwt_TKEO_mean_dec_23 (TQWT),0.005544444444444443,0.00334708125879145
baseline_male,mRMR,60,std_MFCC_8th_coef (MFCC),0.0054269841269841265,0.003171295858102397
baseline_male,mRMR,60,tqwt_kurtosisValue_dec_34 (TQWT),0.005415384615384615,0.006528798708539455
baseline_male,mRMR,60,mean_MFCC_2nd_coef (MFCC),0.005405555555555557,0.0074226169128997896
baseline_male,mRMR,60,tqwt_stdValue_dec_6 (TQWT),0.005378571428571429,0.004943857160886623
baseline_male,mRMR,60,tqwt_energy_dec_11 (TQWT),0.005272222222222223,0.005712030271449516
baseline_male,mRMR,60,tqwt_entropy_shannon_dec_17 (TQWT),0.005178743961352655,0.00407590549310321
baseline_male,mRMR,60,tqwt_TKEO_std_dec_34 (TQWT),0.005158730158730159,0.0079298601584569
baseline_male,mRMR,60,tqwt_stdValue_dec_12 (TQWT),0.005155982905982907,0.006227910965598542
baseline_male,mRMR,60,mean_delta_log_energy (MFCC),0.0051514550264550275,0.004054068243382998
baseline_male,mRMR,60,tqwt_skewnessValue_dec_28 (TQWT),0.005146666666666667,0.005345001313286933
baseline_male,mRMR,60,GNE_SNR_TKEO (Vocal Fold),0.005111111111111112,0.004757576230646647
baseline_male,mRMR,60,std_11th_delta_delta (MFCC),0.005088353413654617,0.004924338193262142
baseline_male,mRMR,60,std_8th_delta (MFCC),0.004908119658119658,0.00521568829002339
baseline_male,mRMR,60,tqwt_kurtosisValue_dec_35 (TQWT),0.0049023391812865495,0.005715006670007358
baseline_male,mRMR,60,tqwt_kurtosisValue_dec_36 (TQWT),0.004824358974358976,0.0035389644586376963
baseline_male,mRMR,60,tqwt_entropy_shannon_dec_11 (TQWT),0.004806432748538013,0.006002319056905888
baseline_male,mRMR,60,tqwt_maxValue_dec_12 (TQWT),0.004786243386243386,0.005886772615202148
baseline_male,mRMR,60,app_TKEO_std_8_coef (Wavelet),0.0047407407407407415,0.003908768771491829
baseline_male,mRMR,60,tqwt_entropy_log_dec_34 (TQWT),0.004615873015873017,0.005383344261054369
baseline_male,mRMR,60,RPDE (Baseline),0.004571111111111112,0.004719550206762733
baseline_male,mRMR,60,tqwt_meanValue_dec_36 (TQWT),0.00455111111111111,0.0034646404912679948
baseline_male,mRMR,60,tqwt_TKEO_std_dec_11 (TQWT),0.004543589743589743,0.008371000232509139
baseline_male,mRMR,60,app_det_TKEO_mean_3_coef (Wavelet),0.004533816425120772,0.005689298786161877
baseline_male,mRMR,60,tqwt_stdValue_dec_11 (TQWT),0.0044273504273504285,0.004709179424671431
baseline_male,mRMR,60,IMF_SNR_entropy (Vocal Fold),0.0044203703703703705,0.0045037557799296815
baseline_male,mRMR,60,IMF_SNR_SEO (Vocal Fold),0.004357487922705314,0.0034465189602076686
baseline_male,mRMR,60,tqwt_energy_dec_12 (TQWT),0.00432857142857143,0.008958052471068201
baseline_male,mRMR,60,tqwt_kurtosisValue_dec_26 (TQWT),0.004205555555555556,0.00608872187227286
baseline_male,mRMR,60,app_entropy_shannon_10_coef (Wavelet),0.004173333333333333,0.005561183035717918
baseline_male,mRMR,60,std_MFCC_6th_coef (MFCC),0.004140589569160998,0.003047861532944048
baseline_male,mRMR,60,tqwt_kurtosisValue_dec_25 (TQWT),0.004118253968253968,0.004480260933466772
baseline_male,mRMR,60,mean_2nd_delta (MFCC),0.004088734567901234,0.005281797678030374
baseline_male,mRMR,60,ppq5Jitter (Baseline),0.004067375886524823,0.003847694564498117
baseline_male,mRMR,60,std_12th_delta (MFCC),0.003999999999999998,0.0038804391256412976
baseline_male,mRMR,60,tqwt_entropy_shannon_dec_7 (TQWT),0.0038821839080459774,0.002746576421043297
baseline_male,mRMR,60,tqwt_entropy_shannon_dec_18 (TQWT),0.0037822222222222215,0.0027394314162768312
baseline_male,mRMR,60,locPctJitter (Baseline),0.0037246031746031734,0.0039033993250080948
baseline_male,mRMR,60,tqwt_maxValue_dec_11 (TQWT),0.003703418803418804,0.005310718413717386
baseline_male,mRMR,60,tqwt_TKEO_mean_dec_7 (TQWT),0.003698067632850241,0.003823973586313401
baseline_male,mRMR,60,f1 (Formant Frequency),0.0036924119241192417,0.0031668659099743173
baseline_male,mRMR,60,tqwt_minValue_dec_12 (TQWT),0.0036670940170940173,0.005022379204722409
baseline_male,mRMR,60,std_12th_delta_delta (MFCC),0.0036446759259259253,0.0036411619071529486
baseline_male,mRMR,60,tqwt_TKEO_mean_dec_34 (TQWT),0.003629001883239172,0.00505685728757401
baseline_male,mRMR,60,tqwt_stdValue_dec_34 (TQWT),0.003605013550135502,0.006581301567112389
baseline_male,mRMR,60,tqwt_kurtosisValue_dec_27 (TQWT),0.0035632478632478637,0.004050451573287369
baseline_male,mRMR,60,tqwt_TKEO_mean_dec_11 (TQWT),0.003433574879227053,0.005210746734475637
baseline_male,mRMR,60,tqwt_energy_dec_13 (TQWT),0.003352136752136752,0.0036493616323968205
baseline_male,mRMR,60,tqwt_meanValue_dec_11 (TQWT),0.0033091787439613525,0.0036660288396130865
baseline_male,mRMR,60,tqwt_maxValue_dec_7 (TQWT),0.0033009259259259255,0.0036160223013624536
baseline_male,mRMR,60,tqwt_energy_dec_8 (TQWT),0.0032814009661835753,0.004754039590375786
baseline_male,mRMR,60,tqwt_kurtosisValue_dec_28 (TQWT),0.0032410256410256417,0.003131261156752774
baseline_male,mRMR,60,tqwt_entropy_shannon_dec_34 (TQWT),0.0032000000000000006,0.004630073392272998
baseline_male,mRMR,60,tqwt_stdValue_dec_7 (TQWT),0.0031932367149758445,0.0030285438362859123
baseline_male,mRMR,60,std_10th_delta_delta (MFCC),0.0030812368972746337,0.002980269409941026
baseline_male,mRMR,60,tqwt_minValue_dec_11 (TQWT),0.002872649572649573,0.004495993784911198
baseline_male,mRMR,60,std_11th_delta (MFCC),0.002833333333333333,0.002448709977836402
baseline_male,mRMR,60,numPulses (Baseline),0.0027507936507936504,0.00246991770874932
baseline_male,mRMR,60,app_TKEO_std_9_coef (Wavelet),0.002739130434782609,0.002061053069576907
baseline_male,mRMR,60,tqwt_entropy_shannon_dec_12 (TQWT),0.0027288888888888888,0.0020059545991507016
baseline_male,mRMR,60,std_10th_delta (MFCC),0.0027264957264957266,0.0024674652993612895
baseline_male,mRMR,60,tqwt_entropy_shannon_dec_35 (TQWT),0.002723280423280423,0.004625239363445542
baseline_male,mRMR,60,tqwt_energy_dec_15 (TQWT),0.002666239316239317,0.002881093475914875
baseline_male,mRMR,60,app_TKEO_std_7_coef (Wavelet),0.002661904761904762,0.002519205836448869
baseline_male,mRMR,60,std_5th_delta_delta (MFCC),0.0025856481481481477,0.0017616131672813225
baseline_male,mRMR,60,tqwt_TKEO_std_dec_7 (TQWT),0.0024951690821256043,0.0022907477684454627
baseline_male,mRMR,60,std_5th_delta (MFCC),0.002423611111111111,0.001957078061381599
baseline_male,mRMR,60,GNE_NSR_SEO (Vocal Fold),0.002366666666666667,0.002743913232786313
baseline_male,mRMR,60,std_MFCC_7th_coef (MFCC),0.002352657004830918,0.002293165504839329
baseline_male,mRMR,60,tqwt_meanValue_dec_7 (TQWT),0.002309178743961353,0.0025262147408577837
baseline_male,mRMR,60,tqwt_medianValue_dec_10 (TQWT),0.0022438271604938273,0.002583082100904537
baseline_male,mRMR,60,VFER_mean (Vocal Fold),0.0021958568738229753,0.002483009519177846
baseline_male,mRMR,60,f2 (Formant Frequency),0.0020866290018832392,0.002550072438778504
baseline_male,mRMR,60,tqwt_energy_dec_16 (TQWT),0.0020158730158730156,0.0018296180024808552
baseline_male,mRMR,60,b4 (Bandwidth),0.002002415458937198,0.0017212846589518909
baseline_male,mRMR,60,tqwt_TKEO_mean_dec_12 (TQWT),0.0019177777777777778,0.002056151200120691
baseline_male,mRMR,60,tqwt_energy_dec_14 (TQWT),0.0018726053639846743,0.0017810164969582233
baseline_male,mRMR,60,tqwt_medianValue_dec_8 (TQWT),0.0016866666666666666,0.0026660979123201904
baseline_male,mRMR,60,VFER_entropy (Vocal Fold),0.0016739130434782605,0.0016601428157836163
baseline_male,mRMR,60,meanHarmToNoiseHarmonicity (Baseline),0.0016622222222222223,0.0015141904677988078
baseline_male,mRMR,60,tqwt_entropy_shannon_dec_10 (TQWT),0.00143287037037037,0.0010584113210045203
baseline_male,mRMR,60,GNE_SNR_SEO (Vocal Fold),0.001428571428571429,0.0019702457034258773
baseline_female,mRMR,60,std_delta_delta_log_energy (MFCC),0.029991347905282326,0.02020021175812647
baseline_female,mRMR,60,tqwt_entropy_log_dec_27 (TQWT),0.02281878306878307,0.01151273729090755
baseline_female,mRMR,60,app_entropy_shannon_10_coef (Wavelet),0.021916666666666668,0.010662294490845946
baseline_female,mRMR,60,tqwt_entropy_log_dec_12 (TQWT),0.021128472222222222,0.019781227805744466
baseline_female,mRMR,60,std_delta_log_energy (MFCC),0.020252083333333334,0.015798747230448492
baseline_female,mRMR,60,tqwt_energy_dec_26 (TQWT),0.01744047619047619,0.010564499552446902
baseline_female,mRMR,60,std_6th_delta_delta (MFCC),0.017031876138433516,0.01626016743625157
baseline_female,mRMR,60,tqwt_entropy_log_dec_35 (TQWT),0.015199588477366256,0.012292372801504067
baseline_female,mRMR,60,std_7th_delta_delta (MFCC),0.014910291438979966,0.008943459147792024
baseline_female,mRMR,60,std_9th_delta_delta (MFCC),0.014795081967213113,0.013485667235993926
baseline_female,mRMR,60,tqwt_kurtosisValue_dec_26 (TQWT),0.014158014571948999,0.010450878116162
baseline_female,mRMR,60,tqwt_entropy_log_dec_33 (TQWT),0.014038398692810459,0.012105516818134232
baseline_female,mRMR,60,apq11Shimmer (Baseline),0.013794871794871795,0.007450312712038301
baseline_female,mRMR,60,tqwt_meanValue_dec_36 (TQWT),0.013521367521367518,0.006609787605459965
baseline_female,mRMR,60,std_6th_delta (MFCC),0.013021857923497268,0.009773195508654424
baseline_female,mRMR,60,tqwt_entropy_log_dec_26 (TQWT),0.012275413711583924,0.009070448015980148
baseline_female,mRMR,60,tqwt_energy_dec_25 (TQWT),0.011946825396825395,0.010137843314367043
baseline_female,mRMR,60,DFA (Baseline),0.011650462962962963,0.00794027306160531
baseline_female,mRMR,60,tqwt_TKEO_std_dec_12 (TQWT),0.011608217592592592,0.010610559371506258
baseline_female,mRMR,60,std_4th_delta (MFCC),0.011276353276353276,0.010994127760044384
baseline_female,mRMR,60,mean_MFCC_2nd_coef (MFCC),0.011138888888888886,0.010039294309783812
baseline_female,mRMR,60,tqwt_TKEO_mean_dec_33 (TQWT),0.01076068376068376,0.008371539678140253
baseline_female,mRMR,60,GNE_SNR_TKEO (Vocal Fold),0.010519230769230769,0.011162481633848104
baseline_female,mRMR,60,tqwt_TKEO_mean_dec_12 (TQWT),0.010164529914529914,0.005820641331061854
baseline_female,mRMR,60,tqwt_minValue_dec_13 (TQWT),0.00996527777777778,0.006679593702106192
baseline_female,mRMR,60,tqwt_kurtosisValue_dec_20 (TQWT),0.009855392156862744,0.007905516099120767
baseline_female,mRMR,60,std_7th_delta (MFCC),0.009817850637522767,0.005892484452554476
baseline_female,mRMR,60,app_TKEO_std_9_coef (Wavelet),0.009726190476190475,0.006532159290111818
baseline_female,mRMR,60,tqwt_energy_dec_6 (TQWT),0.009593621399176957,0.00877055785447445
baseline_female,mRMR,60,app_TKEO_std_8_coef (Wavelet),0.009008547008547009,0.007014101310760858
baseline_female,mRMR,60,app_det_TKEO_mean_3_coef (Wavelet),0.008972222222222223,0.006294447532950747
baseline_female,mRMR,60,tqwt_kurtosisValue_dec_18 (TQWT),0.008961538461538462,0.006068269796564613
baseline_female,mRMR,60,std_4th_delta_delta (MFCC),0.008901709401709404,0.00666452540815165
baseline_female,mRMR,60,tqwt_entropy_shannon_dec_12 (TQWT),0.008888888888888889,0.0047912157074951195
baseline_female,mRMR,60,std_12th_delta (MFCC),0.008598290598290596,0.004760909541911048
baseline_female,mRMR,60,std_8th_delta_delta (MFCC),0.008465277777777778,0.006914019685772784
baseline_female,mRMR,60,tqwt_energy_dec_7 (TQWT),0.008393055555555556,0.006060377133952453
baseline_female,mRMR,60,tqwt_stdValue_dec_12 (TQWT),0.007985883424408015,0.0063960269626480515
baseline_female,mRMR,60,tqwt_maxValue_dec_12 (TQWT),0.007975115740740743,0.007606519224561191
baseline_female,mRMR,60,tqwt_energy_dec_24 (TQWT),0.0078234126984127,0.006735903083853796
baseline_female,mRMR,60,std_9th_delta (MFCC),0.007720856102003642,0.006898074581596673
baseline_female,mRMR,60,tqwt_TKEO_std_dec_11 (TQWT),0.007484517304189434,0.008376467551422533
baseline_female,mRMR,60,locPctJitter (Baseline),0.007475694444444445,0.00806100271313722
baseline_female,mRMR,60,tqwt_entropy_shannon_dec_11 (TQWT),0.007442348008385744,0.006500060325460411
baseline_female,mRMR,60,tqwt_energy_dec_12 (TQWT),0.007386574074074077,0.008508715505750112
baseline_female,mRMR,60,tqwt_stdValue_dec_11 (TQWT),0.007151183970856102,0.00633050189970235
baseline_female,mRMR,60,IMF_SNR_SEO (Vocal Fold),0.007128968253968253,0.006029676230286814
baseline_female,mRMR,60,tqwt_stdValue_dec_6 (TQWT),0.007019444444444445,0.006734632051359121
baseline_female,mRMR,60,tqwt_meanValue_dec_5 (TQWT),0.006608024691358026,0.004854169844576296
baseline_female,mRMR,60,tqwt_medianValue_dec_33 (TQWT),0.0064316239316239325,0.007301753920505013
baseline_female,mRMR,60,tqwt_minValue_dec_12 (TQWT),0.00624681238615665,0.005417678978957918
baseline_female,mRMR,60,tqwt_energy_dec_21 (TQWT),0.006240740740740741,0.00506850925414478
baseline_female,mRMR,60,tqwt_entropy_log_dec_34 (TQWT),0.006234722222222223,0.006023991080817063
baseline_female,mRMR,60,std_8th_delta (MFCC),0.006233151183970856,0.005465957741389668
baseline_female,mRMR,60,mean_delta_log_energy (MFCC),0.005982843137254902,0.004286963573724774
baseline_female,mRMR,60,std_11th_delta_delta (MFCC),0.005867460317460317,0.007553232979816065
baseline_female,mRMR,60,ppq5Jitter (Baseline),0.005823717948717949,0.006517311944088963
baseline_female,mRMR,60,tqwt_energy_dec_11 (TQWT),0.005803278688524592,0.006080823579117743
baseline_female,mRMR,60,tqwt_entropy_shannon_dec_17 (TQWT),0.005575396825396825,0.0036323148753033383
baseline_female,mRMR,60,numPulses (Baseline),0.0055451388888888885,0.003058866812097721
baseline_female,mRMR,60,tqwt_TKEO_mean_dec_7 (TQWT),0.005540598290598291,0.00407161592037562
baseline_female,mRMR,60,tqwt_kurtosisValue_dec_34 (TQWT),0.005366575591985427,0.005122208486443409
baseline_female,mRMR,60,tqwt_medianValue_dec_25 (TQWT),0.005359126984126984,0.0036800135003189167
baseline_female,mRMR,60,tqwt_kurtosisValue_dec_36 (TQWT),0.005266848816029145,0.004917367100969348
baseline_female,mRMR,60,std_10th_delta (MFCC),0.0048816029143898005,0.0042563704654674395
baseline_female,mRMR,60,tqwt_kurtosisValue_dec_35 (TQWT),0.004842243186582809,0.005348264548748564
baseline_female,mRMR,60,std_12th_delta_delta (MFCC),0.004806584362139917,0.005638644438541502
baseline_female,mRMR,60,std_MFCC_8th_coef (MFCC),0.004791666666666667,0.0030191469369592393
baseline_female,mRMR,60,tqwt_maxValue_dec_11 (TQWT),0.004788706739526413,0.004282897207536365
baseline_female,mRMR,60,tqwt_entropy_shannon_dec_16 (TQWT),0.004666666666666666,0.0036634415216440816
baseline_female,mRMR,60,mean_2nd_delta (MFCC),0.004650694444444446,0.0048693626088840815
baseline_female,mRMR,60,tqwt_kurtosisValue_dec_27 (TQWT),0.004577413479052824,0.004489028043360452
baseline_female,mRMR,60,tqwt_meanValue_dec_11 (TQWT),0.004491452991452992,0.0045574651694213495
baseline_female,mRMR,60,mean_MFCC_7th_coef (MFCC),0.004490384615384616,0.004763520293426245
baseline_female,mRMR,60,std_10th_delta_delta (MFCC),0.004437500000000001,0.0040805561913563795
baseline_female,mRMR,60,tqwt_minValue_dec_11 (TQWT),0.00419216757741348,0.0036489759170312097
baseline_female,mRMR,60,tqwt_medianValue_dec_8 (TQWT),0.004014957264957266,0.005101649699051245
baseline_female,mRMR,60,tqwt_kurtosisValue_dec_25 (TQWT),0.004011805555555556,0.00454081387887989
baseline_female,mRMR,60,tqwt_TKEO_mean_dec_23 (TQWT),0.003961538461538462,0.003117691809656981
baseline_female,mRMR,60,std_11th_delta (MFCC),0.0039259259259259265,0.004577663699626138
baseline_female,mRMR,60,IMF_SNR_entropy (Vocal Fold),0.00378042328042328,0.004016612768305087
baseline_female,mRMR,60,tqwt_energy_dec_13 (TQWT),0.003763661202185794,0.003350129384625252
baseline_female,mRMR,60,meanHarmToNoiseHarmonicity (Baseline),0.0037564102564102563,0.0023890521567287324
baseline_female,mRMR,60,tqwt_entropy_log_dec_28 (TQWT),0.003715277777777778,0.004618540896837488
baseline_female,mRMR,60,tqwt_energy_dec_15 (TQWT),0.0036366120218579235,0.00326456574832918
baseline_female,mRMR,60,std_5th_delta (MFCC),0.0036282051282051286,0.0027929930721020953
baseline_female,mRMR,60,tqwt_medianValue_dec_10 (TQWT),0.0035021367521367525,0.004349931915593419
baseline_female,mRMR,60,f1 (Formant Frequency),0.003491013071895425,0.003421342406409691
baseline_female,mRMR,60,tqwt_maxValue_dec_6 (TQWT),0.0033653846153846164,0.003930956954409776
baseline_female,mRMR,60,tqwt_stdValue_dec_7 (TQWT),0.0033504273504273508,0.0031948043299668146
baseline_female,mRMR,60,tqwt_stdValue_dec_34 (TQWT),0.003325163398692811,0.003236895389565242
baseline_female,mRMR,60,tqwt_TKEO_mean_dec_11 (TQWT),0.0033240740740740748,0.004014090520318893
baseline_female,mRMR,60,std_MFCC_6th_coef (MFCC),0.00330662393162393,0.002892425951250367
baseline_female,mRMR,60,tqwt_meanValue_dec_7 (TQWT),0.0032542735042735047,0.0036863623281315166
baseline_female,mRMR,60,tqwt_TKEO_std_dec_34 (TQWT),0.0031736111111111114,0.002491820741300824
baseline_female,mRMR,60,tqwt_energy_dec_8 (TQWT),0.00314917695473251,0.003084982661368212
baseline_female,mRMR,60,tqwt_entropy_shannon_dec_34 (TQWT),0.0030682870370370378,0.0034472639587890264
baseline_female,mRMR,60,tqwt_entropy_shannon_dec_18 (TQWT),0.0030512820512820517,0.0028735128774857194
baseline_female,mRMR,60,tqwt_entropy_shannon_dec_7 (TQWT),0.0030052910052910053,0.002421930956712617
baseline_female,mRMR,60,RPDE (Baseline),0.0029829059829059833,0.0026978145373993513
baseline_female,mRMR,60,tqwt_maxValue_dec_7 (TQWT),0.002963675213675213,0.0017491798605718581
baseline_female,mRMR,60,tqwt_TKEO_mean_dec_34 (TQWT),0.002951058201058201,0.002469193971977942
baseline_female,mRMR,60,tqwt_entropy_shannon_dec_35 (TQWT),0.0028917824074074076,0.002693850625143075
baseline_female,mRMR,60,std_5th_delta_delta (MFCC),0.0028739316239316235,0.0019558964570065944
baseline_female,mRMR,60,tqwt_skewnessValue_dec_28 (TQWT),0.002863247863247863,0.002415937879324681
baseline_female,mRMR,60,tqwt_TKEO_std_dec_7 (TQWT),0.0027713675213675215,0.0020279627061740406
baseline_female,mRMR,60,app_TKEO_std_7_coef (Wavelet),0.0027222222222222227,0.0023158752496170456
baseline_female,mRMR,60,VFER_mean (Vocal Fold),0.002673280423280423,0.002172494806913705
baseline_female,mRMR,60,GNE_SNR_SEO (Vocal Fold),0.0025902777777777786,0.0025686688178248834
baseline_female,mRMR,60,f2 (Formant Frequency),0.0025396825396825397,0.002311654392798809
baseline_female,mRMR,60,std_MFCC_7th_coef (MFCC),0.002400793650793651,0.00222979084983669
baseline_female,mRMR,60,tqwt_kurtosisValue_dec_28 (TQWT),0.0023547358834244084,0.002390126896526058
baseline_female,mRMR,60,b4 (Bandwidth),0.0021904761904761906,0.002117078962018403
baseline_female,mRMR,60,tqwt_energy_dec_14 (TQWT),0.002016414141414141,0.0019789884249171983
baseline_female,mRMR,60,GNE_NSR_SEO (Vocal Fold),0.001993055555555555,0.0030188451311595832
baseline_female,mRMR,60,tqwt_energy_dec_16 (TQWT),0.0017743055555555559,0.0013611849861748639
baseline_female,mRMR,60,tqwt_entropy_shannon_dec_10 (TQWT),0.0015512820512820513,0.0010977833142875718
baseline_female,mRMR,60,VFER_entropy (Vocal Fold),0.0013789682539682537,0.0013364299358907571
baseline,mRMR,70,std_delta_delta_log_energy (MFCC),0.021795194003527335,0.019154556507598484
baseline,mRMR,70,tqwt_entropy_log_dec_12 (TQWT),0.01602287581699346,0.011869417105970306
baseline,mRMR,70,tqwt_energy_dec_26 (TQWT),0.015154893303899927,0.011399376318551967
baseline,mRMR,70,app_entropy_shannon_9_coef (Wavelet),0.014033769063180825,0.006354833067647201
baseline,mRMR,70,std_6th_delta_delta (MFCC),0.01328439153439153,0.011592877354396399
baseline,mRMR,70,tqwt_kurtosisValue_dec_18 (TQWT),0.013228758169934641,0.005532793065496591
baseline,mRMR,70,std_7th_delta_delta (MFCC),0.01262169312169312,0.008031828132416291
baseline,mRMR,70,std_delta_log_energy (MFCC),0.012520176893311221,0.013521117021376426
baseline,mRMR,70,app_det_TKEO_mean_10_coef (Wavelet),0.011461451247165532,0.008933780317209983
baseline,mRMR,70,tqwt_entropy_log_dec_27 (TQWT),0.010457602339181287,0.009040839680375702
baseline,mRMR,70,app_entropy_shannon_10_coef (Wavelet),0.00979193899782135,0.0037156949916681875
baseline,mRMR,70,app_entropy_shannon_8_coef (Wavelet),0.009667755991285403,0.005714564620823279
baseline,mRMR,70,std_8th_delta_delta (MFCC),0.009662477954144622,0.006949366233025864
baseline,mRMR,70,std_4th_delta_delta (MFCC),0.009596666666666665,0.007431473418259249
baseline,mRMR,70,std_6th_delta (MFCC),0.009521825396825395,0.007587260428746562
baseline,mRMR,70,tqwt_meanValue_dec_36 (TQWT),0.009456427015250542,0.006359271999699806
baseline,mRMR,70,app_TKEO_std_8_coef (Wavelet),0.009346534653465344,0.007695825267387801
baseline,mRMR,70,tqwt_entropy_log_dec_28 (TQWT),0.009316993464052285,0.007471039718039535
baseline,mRMR,70,std_9th_delta_delta (MFCC),0.009237654320987653,0.008545361908607193
baseline,mRMR,70,tqwt_TKEO_std_dec_12 (TQWT),0.008809082892416224,0.008776876089430669
baseline,mRMR,70,tqwt_energy_dec_7 (TQWT),0.008754814814814814,0.006275515225184871
baseline,mRMR,70,tqwt_entropy_log_dec_33 (TQWT),0.008672592592592593,0.008733960910961524
baseline,mRMR,70,tqwt_stdValue_dec_12 (TQWT),0.00864969135802469,0.008083352466710946
baseline,mRMR,70,tqwt_TKEO_mean_dec_12 (TQWT),0.008631808278867104,0.006784448957646275
baseline,mRMR,70,std_7th_delta (MFCC),0.00860074955908289,0.005538057322528876
baseline,mRMR,70,tqwt_energy_dec_6 (TQWT),0.008496699669966997,0.00661689395512196
baseline,mRMR,70,tqwt_entropy_log_dec_26 (TQWT),0.008304035378662243,0.007293013612346554
baseline,mRMR,70,mean_MFCC_2nd_coef (MFCC),0.008240079365079362,0.00866002105843117
baseline,mRMR,70,DFA (Baseline),0.007888668430335094,0.006848990476154465
baseline,mRMR,70,GNE_SNR_TKEO (Vocal Fold),0.007858276643990931,0.007773191689007484
baseline,mRMR,70,tqwt_kurtosisValue_dec_26 (TQWT),0.007833553791887125,0.007444083928124685
baseline,mRMR,70,std_12th_delta (MFCC),0.007663398692810458,0.004737729248424032
baseline,mRMR,70,tqwt_energy_dec_25 (TQWT),0.007622004357298472,0.006596078441129518
baseline,mRMR,70,tqwt_entropy_shannon_dec_12 (TQWT),0.007594771241830065,0.004518268825775481
baseline,mRMR,70,app_TKEO_std_9_coef (Wavelet),0.007226579520697169,0.006182105329751758
baseline,mRMR,70,tqwt_entropy_shannon_dec_16 (TQWT),0.006946623093681919,0.004518709222667971
baseline,mRMR,70,tqwt_entropy_log_dec_35 (TQWT),0.0068637037037037035,0.007073329359766575
baseline,mRMR,70,tqwt_energy_dec_24 (TQWT),0.006791938997821349,0.006149759927496754
baseline,mRMR,70,apq11Shimmer (Baseline),0.0067832244008714584,0.00418579316123485
baseline,mRMR,70,std_11th_delta_delta (MFCC),0.006641975308641974,0.0059976439147600685
baseline,mRMR,70,locAbsJitter (Baseline),0.006641723356009071,0.008806614059636907
baseline,mRMR,70,IMF_SNR_SEO (Vocal Fold),0.006603485838779956,0.004888112390253212
baseline,mRMR,70,tqwt_meanValue_dec_5 (TQWT),0.006565,0.0069707767796125435
baseline,mRMR,70,tqwt_kurtosisValue_dec_20 (TQWT),0.006544150110375275,0.007363833612460901
baseline,mRMR,70,tqwt_TKEO_mean_dec_33 (TQWT),0.0064444444444444445,0.007481824956410206
baseline,mRMR,70,tqwt_minValue_dec_13 (TQWT),0.006383986928104575,0.004218990971466389
baseline,mRMR,70,std_9th_delta (MFCC),0.006205908289241621,0.005095114780498727
baseline,mRMR,70,tqwt_medianValue_dec_33 (TQWT),0.005823529411764705,0.006317363154622519
baseline,mRMR,70,tqwt_energy_dec_11 (TQWT),0.0057727072310405645,0.006368818236503954
baseline,mRMR,70,tqwt_maxValue_dec_7 (TQWT),0.005635555555555557,0.004223279235013104
baseline,mRMR,70,tqwt_entropy_shannon_dec_17 (TQWT),0.0056339869281045755,0.004430426217711817
baseline,mRMR,70,mean_MFCC_7th_coef (MFCC),0.005497222222222222,0.004998930735413391
baseline,mRMR,70,tqwt_TKEO_std_dec_11 (TQWT),0.005362213403880067,0.0066771173613299544
baseline,mRMR,70,tqwt_energy_dec_21 (TQWT),0.005335533553355338,0.004152115288400326
baseline,mRMR,70,app_det_TKEO_mean_3_coef (Wavelet),0.0051938775510204085,0.0038399308332022365
baseline,mRMR,70,tqwt_stdValue_dec_6 (TQWT),0.0051262962962962955,0.0039012542302797994
baseline,mRMR,70,std_8th_delta (MFCC),0.005016975308641976,0.005129310791018014
baseline,mRMR,70,tqwt_kurtosisValue_dec_34 (TQWT),0.005010361552028219,0.004795908538169533
baseline,mRMR,70,tqwt_maxValue_dec_6 (TQWT),0.0049655555555555555,0.0048990288292729235
baseline,mRMR,70,ppq5Jitter (Baseline),0.004963524130190797,0.004626362050989625
baseline,mRMR,70,tqwt_kurtosisValue_dec_36 (TQWT),0.004915564373897706,0.004428015395559491
baseline,mRMR,70,tqwt_entropy_log_dec_34 (TQWT),0.004870370370370372,0.0052390738862379245
baseline,mRMR,70,tqwt_maxValue_dec_13 (TQWT),0.004838779956427016,0.0031416031626425125
baseline,mRMR,70,locPctJitter (Baseline),0.004832222222222222,0.004549916854223975
baseline,mRMR,70,tqwt_energy_dec_12 (TQWT),0.004826499118165782,0.005923592870530938
baseline,mRMR,70,std_4th_delta (MFCC),0.0048066666666666666,0.0034927230180295
baseline,mRMR,70,tqwt_meanValue_dec_11 (TQWT),0.004735827664399093,0.006176958077184627
baseline,mRMR,70,std_10th_delta_delta (MFCC),0.004669973544973543,0.003942059680507834
baseline,mRMR,70,app_det_TKEO_mean_8_coef (Wavelet),0.004593681917211328,0.004817192880310162
baseline,mRMR,70,tqwt_entropy_shannon_dec_11 (TQWT),0.004423991155334439,0.005146791270524828
baseline,mRMR,70,tqwt_minValue_dec_12 (TQWT),0.004423721340388005,0.004654650429611021
baseline,mRMR,70,tqwt_stdValue_dec_11 (TQWT),0.0044111552028218695,0.004943954370270922
baseline,mRMR,70,tqwt_kurtosisValue_dec_35 (TQWT),0.004396351575456052,0.005005136670453801
baseline,mRMR,70,tqwt_entropy_shannon_dec_18 (TQWT),0.004376906318082788,0.002809742556118449
baseline,mRMR,70,tqwt_maxValue_dec_11 (TQWT),0.004369929453262786,0.004377553077261764
baseline,mRMR,70,std_MFCC_8th_coef (MFCC),0.004359444444444444,0.002895485868035032
baseline,mRMR,70,tqwt_TKEO_std_dec_7 (TQWT),0.0042966666666666665,0.0036033795400979185
baseline,mRMR,70,tqwt_maxValue_dec_12 (TQWT),0.0042675511332227745,0.003995810738952527
baseline,mRMR,70,f1 (Formant Frequency),0.003958817025981205,0.00375267950548599
baseline,mRMR,70,std_MFCC_6th_coef (MFCC),0.003949394939493951,0.0027941398060837845
baseline,mRMR,70,mean_delta_log_energy (MFCC),0.003911549707602341,0.0032635700559510033
baseline,mRMR,70,tqwt_minValue_dec_11 (TQWT),0.003901014109347443,0.004531982382179288
baseline,mRMR,70,std_5th_delta (MFCC),0.0038377777777777776,0.0035237527167847594
baseline,mRMR,70,mean_2nd_delta (MFCC),0.0037489035087719304,0.004522255238911027
baseline,mRMR,70,std_12th_delta_delta (MFCC),0.0036732026143790858,0.003446806689324059
baseline,mRMR,70,tqwt_TKEO_mean_dec_23 (TQWT),0.003664074074074075,0.003047882449071003
baseline,mRMR,70,numPulses (Baseline),0.0036307189542483654,0.00280500161421122
baseline,mRMR,70,tqwt_entropy_shannon_dec_35 (TQWT),0.003589828634604754,0.004552459866311014
baseline,mRMR,70,std_11th_delta (MFCC),0.0035685626102292755,0.003553879732648834
baseline,mRMR,70,RPDE (Baseline),0.0035566448801742923,0.0032574792144932493
baseline,mRMR,70,tqwt_TKEO_mean_dec_7 (TQWT),0.0035405555555555555,0.003367125765725099
baseline,mRMR,70,tqwt_kurtosisValue_dec_27 (TQWT),0.0034248236331569665,0.004688827816953402
baseline,mRMR,70,tqwt_stdValue_dec_34 (TQWT),0.003401481481481482,0.005338682615966142
baseline,mRMR,70,std_10th_delta (MFCC),0.0033866843033509707,0.0038057242350610387
baseline,mRMR,70,tqwt_kurtosisValue_dec_25 (TQWT),0.0033288888888888895,0.003144794939905609
baseline,mRMR,70,tqwt_stdValue_dec_35 (TQWT),0.003313725490196079,0.002954017804656986
baseline,mRMR,70,tqwt_skewnessValue_dec_28 (TQWT),0.003305925925925927,0.003464885820416323
baseline,mRMR,70,app_det_TKEO_mean_9_coef (Wavelet),0.0032843137254901958,0.0026731611125551955
baseline,mRMR,70,tqwt_entropy_shannon_dec_34 (TQWT),0.0032645107794361536,0.003646236872806963
baseline,mRMR,70,app_det_TKEO_mean_7_coef (Wavelet),0.0032434640522875815,0.003552956507815239
baseline,mRMR,70,tqwt_TKEO_mean_dec_34 (TQWT),0.0032018701870187025,0.005088062630571139
baseline,mRMR,70,tqwt_energy_dec_15 (TQWT),0.0031935626102292777,0.0043389771031932195
baseline,mRMR,70,std_5th_delta_delta (MFCC),0.0031333333333333335,0.002534254512843719
baseline,mRMR,70,tqwt_medianValue_dec_8 (TQWT),0.0030217864923747276,0.004079558441773519
baseline,mRMR,70,tqwt_TKEO_mean_dec_35 (TQWT),0.0029509803921568627,0.0050112039075139595
baseline,mRMR,70,tqwt_TKEO_mean_dec_11 (TQWT),0.002913764510779436,0.0026339928590477153
baseline,mRMR,70,tqwt_energy_dec_13 (TQWT),0.002828483245149912,0.003150325910166028
baseline,mRMR,70,tqwt_kurtosisValue_dec_28 (TQWT),0.002765652557319225,0.0027354426525102405
baseline,mRMR,70,tqwt_energy_dec_8 (TQWT),0.002696666666666667,0.0030875416458871177
baseline,mRMR,70,tqwt_TKEO_std_dec_9 (TQWT),0.0026557734204793026,0.0024029155964221146
baseline,mRMR,70,VFER_entropy (Vocal Fold),0.002655336257309942,0.002596006284478382
baseline,mRMR,70,tqwt_medianValue_dec_10 (TQWT),0.0026481481481481486,0.0028107000663914953
baseline,mRMR,70,app_TKEO_std_7_coef (Wavelet),0.002558823529411764,0.0030288253679826307
baseline,mRMR,70,tqwt_entropy_shannon_dec_7 (TQWT),0.002496666666666666,0.0022637309666257823
baseline,mRMR,70,tqwt_medianValue_dec_25 (TQWT),0.002368191721132897,0.0018233032642461157
baseline,mRMR,70,tqwt_meanValue_dec_7 (TQWT),0.002318333333333334,0.002848923760360191
baseline,mRMR,70,tqwt_medianValue_dec_22 (TQWT),0.0022766884531590413,0.002967240938325017
baseline,mRMR,70,std_MFCC_7th_coef (MFCC),0.00224727668845316,0.002067934721259385
baseline,mRMR,70,GNE_SNR_SEO (Vocal Fold),0.002232570806100218,0.0023513967789188512
baseline,mRMR,70,numPeriodsPulses (Baseline),0.002213507625272331,0.002052620767751825
baseline,mRMR,70,VFER_mean (Vocal Fold),0.002209359605911331,0.0021380323561709168
baseline,mRMR,70,tqwt_energy_dec_14 (TQWT),0.0021976229961304587,0.0019895815450421926
baseline,mRMR,70,f2 (Formant Frequency),0.0021859185918591865,0.0023769372080001076
baseline,mRMR,70,tqwt_entropy_shannon_dec_10 (TQWT),0.002184444444444445,0.002705681228869087
baseline,mRMR,70,tqwt_medianValue_dec_5 (TQWT),0.0021514161220043573,0.0021153124101456378
baseline,mRMR,70,IMF_SNR_entropy (Vocal Fold),0.0021508714596949895,0.002195338903055793
baseline,mRMR,70,tqwt_stdValue_dec_7 (TQWT),0.002103888888888889,0.0019804984908516287
baseline,mRMR,70,tqwt_stdValue_dec_33 (TQWT),0.0020340136054421767,0.002006926625661174
baseline,mRMR,70,tqwt_TKEO_std_dec_34 (TQWT),0.002010893246187363,0.0029072324364508664
baseline,mRMR,70,GNE_NSR_SEO (Vocal Fold),0.0018725490196078434,0.0027064443281310606
baseline,mRMR,70,tqwt_energy_dec_16 (TQWT),0.0018327886710239655,0.0018330351653218686
baseline,mRMR,70,meanHarmToNoiseHarmonicity (Baseline),0.0014716775599128542,0.0014382757059964208
baseline,mRMR,70,b4 (Bandwidth),0.0014542483660130718,0.0014857061760042824
baseline_male,mRMR,70,std_delta_delta_log_energy (MFCC),0.01907564102564102,0.019337131140941776
baseline_male,mRMR,70,tqwt_entropy_log_dec_12 (TQWT),0.015157142857142859,0.014014412387922464
baseline_male,mRMR,70,std_delta_log_energy (MFCC),0.011701754385964911,0.012780259470079625
baseline_male,mRMR,70,std_6th_delta_delta (MFCC),0.01125555555555555,0.008655598473683771
baseline_male,mRMR,70,tqwt_kurtosisValue_dec_18 (TQWT),0.010935555555555556,0.007708751185817637
baseline_male,mRMR,70,std_7th_delta_delta (MFCC),0.009955128205128203,0.007039036757435235
baseline_male,mRMR,70,std_4th_delta_delta (MFCC),0.009932870370370368,0.007251768966761058
baseline_male,mRMR,70,tqwt_entropy_log_dec_28 (TQWT),0.009888888888888888,0.008130468792881674
baseline_male,mRMR,70,DFA (Baseline),0.009051282051282049,0.008024389223011963
baseline_male,mRMR,70,std_8th_delta_delta (MFCC),0.008474786324786323,0.0057691850153330625
baseline_male,mRMR,70,tqwt_meanValue_dec_5 (TQWT),0.008055555555555557,0.009282279844589573
baseline_male,mRMR,70,std_7th_delta (MFCC),0.008034188034188034,0.005631269489957175
baseline_male,mRMR,70,tqwt_entropy_shannon_dec_16 (TQWT),0.007946031746031746,0.005001041303860039
baseline_male,mRMR,70,tqwt_energy_dec_26 (TQWT),0.007694109772423026,0.008840965009428398
baseline_male,mRMR,70,tqwt_TKEO_mean_dec_33 (TQWT),0.007602222222222219,0.008106085900644565
baseline_male,mRMR,70,tqwt_entropy_log_dec_33 (TQWT),0.007498644986449866,0.006197303778270271
baseline_male,mRMR,70,std_9th_delta_delta (MFCC),0.007466666666666664,0.007323601082745736
baseline_male,mRMR,70,tqwt_kurtosisValue_dec_20 (TQWT),0.0072690763052208835,0.007760160612805481
baseline_male,mRMR,70,std_6th_delta (MFCC),0.007132051282051283,0.006910277899934165
baseline_male,mRMR,70,tqwt_energy_dec_6 (TQWT),0.007050827423167847,0.005395432491543024
baseline_male,mRMR,70,tqwt_entropy_log_dec_27 (TQWT),0.007017857142857143,0.010052683858571651
baseline_male,mRMR,70,tqwt_energy_dec_7 (TQWT),0.006733333333333334,0.004640539758519338
baseline_male,mRMR,70,tqwt_TKEO_std_dec_12 (TQWT),0.006607264957264956,0.00896017506216807
baseline_male,mRMR,70,tqwt_energy_dec_25 (TQWT),0.0063627844712182075,0.005308981545173993
baseline_male,mRMR,70,IMF_SNR_SEO (Vocal Fold),0.006280193236714976,0.004225225054301376
baseline_male,mRMR,70,tqwt_maxValue_dec_7 (TQWT),0.006222222222222223,0.0047637454524275605
baseline_male,mRMR,70,mean_MFCC_2nd_coef (MFCC),0.006197008547008546,0.00838862579495109
baseline_male,mRMR,70,tqwt_energy_dec_24 (TQWT),0.0058019323671497595,0.005430583582002045
baseline_male,mRMR,70,mean_MFCC_7th_coef (MFCC),0.005709490740740741,0.00472416075549261
baseline_male,mRMR,70,tqwt_entropy_shannon_dec_18 (TQWT),0.005435555555555557,0.003078172370928105
baseline_male,mRMR,70,tqwt_meanValue_dec_36 (TQWT),0.005417777777777778,0.004398622270424897
baseline_male,mRMR,70,tqwt_entropy_log_dec_35 (TQWT),0.005377777777777777,0.005661587303546246
baseline_male,mRMR,70,std_12th_delta (MFCC),0.005351111111111112,0.0042015274404474424
baseline_male,mRMR,70,tqwt_stdValue_dec_6 (TQWT),0.005207142857142858,0.004216096189223257
baseline_male,mRMR,70,tqwt_medianValue_dec_33 (TQWT),0.005182222222222223,0.004999862860982153
baseline_male,mRMR,70,tqwt_stdValue_dec_12 (TQWT),0.005169230769230769,0.007794498475877283
baseline_male,mRMR,70,tqwt_TKEO_std_dec_11 (TQWT),0.005156837606837608,0.007307305819307512
baseline_male,mRMR,70,tqwt_maxValue_dec_6 (TQWT),0.005094907407407407,0.005289567077380742
baseline_male,mRMR,70,tqwt_energy_dec_11 (TQWT),0.004964102564102564,0.006614275217532447
baseline_male,mRMR,70,std_9th_delta (MFCC),0.004867094017094019,0.004202502259155887
baseline_male,mRMR,70,tqwt_kurtosisValue_dec_34 (TQWT),0.004864102564102564,0.005767777726626066
baseline_male,mRMR,70,tqwt_meanValue_dec_11 (TQWT),0.004840579710144927,0.0058803729972765
baseline_male,mRMR,70,tqwt_entropy_log_dec_26 (TQWT),0.004693665628245068,0.004483627394360201
baseline_male,mRMR,70,std_11th_delta_delta (MFCC),0.004576974564926373,0.003614485237741145
baseline_male,mRMR,70,RPDE (Baseline),0.004544444444444445,0.0032311283153397346
baseline_male,mRMR,70,std_4th_delta (MFCC),0.0043927469135802465,0.0029290391164114664
baseline_male,mRMR,70,tqwt_entropy_shannon_dec_17 (TQWT),0.004362318840579711,0.0041064229661086134
baseline_male,mRMR,70,tqwt_kurtosisValue_dec_35 (TQWT),0.004355555555555557,0.005312891183547917
baseline_male,mRMR,70,std_8th_delta (MFCC),0.004271367521367522,0.0045520655008962066
baseline_male,mRMR,70,tqwt_minValue_dec_13 (TQWT),0.004258620689655172,0.004229849173887941
baseline_male,mRMR,70,tqwt_energy_dec_21 (TQWT),0.004257683215130022,0.003944479524747563
baseline_male,mRMR,70,f1 (Formant Frequency),0.0042061266874350986,0.004319991542784948
baseline_male,mRMR,70,tqwt_entropy_log_dec_34 (TQWT),0.004162698412698413,0.004939329960246732
baseline_male,mRMR,70,app_det_TKEO_mean_10_coef (Wavelet),0.004135265700483091,0.006240959171028399
baseline_male,mRMR,70,tqwt_maxValue_dec_13 (TQWT),0.00413015873015873,0.0027873321643142194
baseline_male,mRMR,70,GNE_SNR_TKEO (Vocal Fold),0.004067632850241546,0.0037384155315786033
baseline_male,mRMR,70,mean_delta_log_energy (MFCC),0.0039100529100529096,0.0033376566116387605
baseline_male,mRMR,70,tqwt_maxValue_dec_11 (TQWT),0.0038641025641025645,0.005326827032962166
baseline_male,mRMR,70,tqwt_stdValue_dec_11 (TQWT),0.0038277777777777776,0.004881197615822867
baseline_male,mRMR,70,std_MFCC_8th_coef (MFCC),0.0037758620689655174,0.002243856607871894
baseline_male,mRMR,70,tqwt_entropy_shannon_dec_35 (TQWT),0.0036222222222222216,0.0050708497649797355
baseline_male,mRMR,70,tqwt_TKEO_mean_dec_35 (TQWT),0.0035777777777777782,0.005314372679823741
baseline_male,mRMR,70,tqwt_kurtosisValue_dec_26 (TQWT),0.003573504273504274,0.005130572597458106
baseline_male,mRMR,70,tqwt_stdValue_dec_34 (TQWT),0.003546747967479675,0.006817641235170988
baseline_male,mRMR,70,tqwt_entropy_shannon_dec_11 (TQWT),0.0035327485380116964,0.0057128143415158105
baseline_male,mRMR,70,tqwt_TKEO_mean_dec_7 (TQWT),0.003530651340996169,0.00301889029444786
baseline_male,mRMR,70,tqwt_kurtosisValue_dec_36 (TQWT),0.0034846153846153846,0.0032303575220553674
baseline_male,mRMR,70,locPctJitter (Baseline),0.0034746031746031745,0.0035727259231943965
baseline_male,mRMR,70,tqwt_skewnessValue_dec_28 (TQWT),0.003444444444444445,0.00431097391827311
baseline_male,mRMR,70,tqwt_TKEO_std_dec_7 (TQWT),0.003402173913043478,0.003036726282186722
baseline_male,mRMR,70,tqwt_maxValue_dec_12 (TQWT),0.0033962962962962957,0.0037520935939782726
baseline_male,mRMR,70,std_10th_delta_delta (MFCC),0.0033611111111111116,0.002947921855109016
baseline_male,mRMR,70,tqwt_kurtosisValue_dec_28 (TQWT),0.0033482905982905983,0.0033098558275891426
baseline_male,mRMR,70,ppq5Jitter (Baseline),0.003347517730496454,0.002508832758515254
baseline_male,mRMR,70,std_5th_delta (MFCC),0.003342592592592592,0.003661315866238533
baseline_male,mRMR,70,tqwt_minValue_dec_12 (TQWT),0.00334017094017094,0.003838400060382761
baseline_male,mRMR,70,tqwt_energy_dec_12 (TQWT),0.0033316239316239313,0.004880725012505594
baseline_male,mRMR,70,std_MFCC_6th_coef (MFCC),0.0033265306122448974,0.0023645077900969957
baseline_male,mRMR,70,mean_2nd_delta (MFCC),0.0032924382716049386,0.0039149220156903175
baseline_male,mRMR,70,tqwt_TKEO_std_dec_34 (TQWT),0.003244444444444445,0.0031123089879488575
baseline_male,mRMR,70,tqwt_TKEO_mean_dec_34 (TQWT),0.003162900188323916,0.005759378462863083
baseline_male,mRMR,70,locAbsJitter (Baseline),0.003125603864734299,0.0029522902648773234
baseline_male,mRMR,70,numPulses (Baseline),0.003117460317460318,0.0027319653207232546
baseline_male,mRMR,70,std_11th_delta (MFCC),0.0030837606837606835,0.0028583313963920958
baseline_male,mRMR,70,tqwt_minValue_dec_11 (TQWT),0.0030431623931623936,0.00502574664724623
baseline_male,mRMR,70,tqwt_medianValue_dec_25 (TQWT),0.0029710144927536236,0.0021471512746409137
baseline_male,mRMR,70,tqwt_entropy_shannon_dec_34 (TQWT),0.002917989417989418,0.003928441780973432
baseline_male,mRMR,70,app_TKEO_std_8_coef (Wavelet),0.0028841607565011826,0.002560997392387198
baseline_male,mRMR,70,tqwt_kurtosisValue_dec_25 (TQWT),0.0028793650793650797,0.0029297548890273224
baseline_male,mRMR,70,tqwt_kurtosisValue_dec_27 (TQWT),0.0028423076923076917,0.004006652113192908
baseline_male,mRMR,70,tqwt_TKEO_mean_dec_12 (TQWT),0.0027711111111111118,0.0026594459296350914
baseline_male,mRMR,70,app_entropy_shannon_8_coef (Wavelet),0.0027422222222222227,0.003427859422470563
baseline_male,mRMR,70,std_12th_delta_delta (MFCC),0.0027356091030789824,0.0032936888707115943
baseline_male,mRMR,70,tqwt_meanValue_dec_7 (TQWT),0.002731884057971015,0.0028577688810570378
baseline_male,mRMR,70,tqwt_TKEO_mean_dec_23 (TQWT),0.002731481481481482,0.002279311892779273
baseline_male,mRMR,70,IMF_SNR_entropy (Vocal Fold),0.0027240740740740736,0.0023745575053970972
baseline_male,mRMR,70,app_det_TKEO_mean_9_coef (Wavelet),0.0027063492063492053,0.0028158893451683794
baseline_male,mRMR,70,tqwt_medianValue_dec_22 (TQWT),0.002675555555555555,0.004032329311908896
baseline_male,mRMR,70,tqwt_entropy_shannon_dec_10 (TQWT),0.0026689814814814822,0.001819622881261986
baseline_male,mRMR,70,tqwt_energy_dec_13 (TQWT),0.002663247863247863,0.0029700955976197114
baseline_male,mRMR,70,app_det_TKEO_mean_8_coef (Wavelet),0.0026523809523809516,0.0026176498934332233
baseline_male,mRMR,70,std_5th_delta_delta (MFCC),0.0026203703703703697,0.0020082424486521167
baseline_male,mRMR,70,tqwt_TKEO_std_dec_9 (TQWT),0.0026183574879227044,0.0025321626308902946
baseline_male,mRMR,70,tqwt_stdValue_dec_35 (TQWT),0.0025966183574879223,0.0023612485960339763
baseline_male,mRMR,70,tqwt_entropy_shannon_dec_7 (TQWT),0.0025660919540229886,0.0023938490922366957
baseline_male,mRMR,70,apq11Shimmer (Baseline),0.0025377777777777777,0.0027062897117648005
baseline_male,mRMR,70,app_TKEO_std_9_coef (Wavelet),0.00251207729468599,0.0027529424009991054
baseline_male,mRMR,70,std_10th_delta (MFCC),0.0024739316239316246,0.0030270778716279616
baseline_male,mRMR,70,tqwt_energy_dec_8 (TQWT),0.002452898550724638,0.0032450592009287526
baseline_male,mRMR,70,tqwt_energy_dec_15 (TQWT),0.002421794871794872,0.0033014881003498556
baseline_male,mRMR,70,tqwt_TKEO_mean_dec_11 (TQWT),0.002357894736842105,0.002513535551165214
baseline_male,mRMR,70,app_det_TKEO_mean_3_coef (Wavelet),0.002306763285024155,0.002222622690542536
baseline_male,mRMR,70,tqwt_stdValue_dec_7 (TQWT),0.0022385057471264367,0.002612364761852999
baseline_male,mRMR,70,tqwt_medianValue_dec_5 (TQWT),0.0021618357487922703,0.0019333187572330756
baseline_male,mRMR,70,std_MFCC_7th_coef (MFCC),0.0021328502415458935,0.002186481735018471
baseline_male,mRMR,70,tqwt_energy_dec_14 (TQWT),0.0021185185185185187,0.0022368335990446873
baseline_male,mRMR,70,app_entropy_shannon_9_coef (Wavelet),0.0021133333333333334,0.003626123104469672
baseline_male,mRMR,70,tqwt_stdValue_dec_33 (TQWT),0.002077294685990338,0.0017295914810425256
baseline_male,mRMR,70,tqwt_medianValue_dec_10 (TQWT),0.002001557632398754,0.002371799231380505
baseline_male,mRMR,70,VFER_entropy (Vocal Fold),0.0020000000000000005,0.002031279939155229
baseline_male,mRMR,70,GNE_SNR_SEO (Vocal Fold),0.001999999999999999,0.0025837916803906134
baseline_male,mRMR,70,f2 (Formant Frequency),0.0019698681732580044,0.0021196908830283896
baseline_male,mRMR,70,app_entropy_shannon_10_coef (Wavelet),0.0017644444444444444,0.004053794919979703
baseline_male,mRMR,70,GNE_NSR_SEO (Vocal Fold),0.0017507936507936506,0.0028693156188318
baseline_male,mRMR,70,app_det_TKEO_mean_7_coef (Wavelet),0.0017116858237547895,0.0018898838541798926
baseline_male,mRMR,70,numPeriodsPulses (Baseline),0.0016682539682539685,0.0015041778069932003
baseline_male,mRMR,70,tqwt_energy_dec_16 (TQWT),0.0016675925925925927,0.0017332596695260793
baseline_male,mRMR,70,VFER_mean (Vocal Fold),0.0016323987538940808,0.0018176991978409893
baseline_male,mRMR,70,b4 (Bandwidth),0.001623188405797101,0.0015565726589977784
baseline_male,mRMR,70,tqwt_entropy_shannon_dec_12 (TQWT),0.0015288888888888887,0.0013370930475542144
baseline_male,mRMR,70,app_TKEO_std_7_coef (Wavelet),0.0014539682539682541,0.0016080219636978327
baseline_male,mRMR,70,tqwt_medianValue_dec_8 (TQWT),0.0009111111111111112,0.0011476354242820612
baseline_male,mRMR,70,meanHarmToNoiseHarmonicity (Baseline),0.0007622222222222225,0.001286384384538613
baseline_female,mRMR,70,std_delta_delta_log_energy (MFCC),0.025244535519125682,0.018781725279015806
baseline_female,mRMR,70,tqwt_energy_dec_26 (TQWT),0.019991013071895422,0.011939356015573218
baseline_female,mRMR,70,tqwt_entropy_log_dec_12 (TQWT),0.016618055555555556,0.01599815142739231
baseline_female,mRMR,70,std_7th_delta_delta (MFCC),0.015277777777777777,0.00937101547322875
baseline_female,mRMR,70,std_6th_delta_delta (MFCC),0.014950364298724953,0.01279139663496567
baseline_female,mRMR,70,std_delta_log_energy (MFCC),0.01440932914046122,0.013032384652906284
baseline_female,mRMR,70,app_det_TKEO_mean_10_coef (Wavelet),0.014369658119658117,0.008651779064347458
baseline_female,mRMR,70,app_entropy_shannon_9_coef (Wavelet),0.014363247863247865,0.007375554548561409
baseline_female,mRMR,70,tqwt_meanValue_dec_36 (TQWT),0.01419230769230769,0.00752571718419043
baseline_female,mRMR,70,tqwt_kurtosisValue_dec_18 (TQWT),0.01231837606837607,0.006102431676362496
baseline_female,mRMR,70,tqwt_entropy_log_dec_33 (TQWT),0.011711601307189543,0.012253157561221462
baseline_female,mRMR,70,std_6th_delta (MFCC),0.011638888888888888,0.008695013500082442
baseline_female,mRMR,70,tqwt_entropy_log_dec_27 (TQWT),0.011152777777777779,0.00926496469448221
baseline_female,mRMR,70,std_9th_delta_delta (MFCC),0.011057377049180327,0.010579382547198634
baseline_female,mRMR,70,tqwt_TKEO_mean_dec_12 (TQWT),0.010897435897435897,0.006407699123601861
baseline_female,mRMR,70,std_8th_delta_delta (MFCC),0.010693078324225863,0.008755197667998173
baseline_female,mRMR,70,std_4th_delta_delta (MFCC),0.010617521367521369,0.0063972683662671635
baseline_female,mRMR,70,tqwt_kurtosisValue_dec_26 (TQWT),0.010499999999999999,0.007582323431173079
baseline_female,mRMR,70,app_entropy_shannon_8_coef (Wavelet),0.010395299145299144,0.0055220997019779635
baseline_female,mRMR,70,app_entropy_shannon_10_coef (Wavelet),0.010277777777777776,0.0035894734132347855
baseline_female,mRMR,70,locAbsJitter (Baseline),0.009967948717948717,0.007312004485119631
baseline_female,mRMR,70,mean_MFCC_2nd_coef (MFCC),0.009886612021857921,0.009834751845525317
baseline_female,mRMR,70,tqwt_TKEO_mean_dec_33 (TQWT),0.009715811965811965,0.0063485297848265955
baseline_female,mRMR,70,tqwt_TKEO_std_dec_12 (TQWT),0.009676229508196719,0.009267937049849177
baseline_female,mRMR,70,tqwt_stdValue_dec_12 (TQWT),0.009639799635701274,0.00837356266350729
baseline_female,mRMR,70,tqwt_entropy_log_dec_26 (TQWT),0.009605791962174943,0.007369152381658477
baseline_female,mRMR,70,std_12th_delta (MFCC),0.009423076923076923,0.004557290617120853
baseline_female,mRMR,70,app_TKEO_std_8_coef (Wavelet),0.00934053497942387,0.007150635658893275
baseline_female,mRMR,70,GNE_SNR_TKEO (Vocal Fold),0.009200854700854702,0.009469490729244877
baseline_female,mRMR,70,tqwt_energy_dec_25 (TQWT),0.009081746031746033,0.007160390792326063
baseline_female,mRMR,70,tqwt_energy_dec_7 (TQWT),0.009007638888888891,0.0068543702428792335
baseline_female,mRMR,70,app_TKEO_std_9_coef (Wavelet),0.008884920634920636,0.00644230787710827
baseline_female,mRMR,70,tqwt_energy_dec_6 (TQWT),0.008852880658436216,0.009269159476034294
baseline_female,mRMR,70,apq11Shimmer (Baseline),0.008788461538461538,0.0064171191203232164
baseline_female,mRMR,70,tqwt_entropy_log_dec_35 (TQWT),0.008605555555555554,0.006781762171876604
baseline_female,mRMR,70,tqwt_medianValue_dec_33 (TQWT),0.00857051282051282,0.008158093354423395
baseline_female,mRMR,70,std_7th_delta (MFCC),0.008550546448087433,0.005629513822718676
baseline_female,mRMR,70,tqwt_energy_dec_24 (TQWT),0.008428571428571428,0.006458563512637898
baseline_female,mRMR,70,DFA (Baseline),0.008025045537340616,0.0062110934226406525
baseline_female,mRMR,70,std_9th_delta (MFCC),0.0075591985428051026,0.006519621625856735
baseline_female,mRMR,70,tqwt_entropy_shannon_dec_16 (TQWT),0.007402777777777779,0.003931119904518776
baseline_female,mRMR,70,std_11th_delta_delta (MFCC),0.007316666666666667,0.007056607334314916
baseline_female,mRMR,70,tqwt_entropy_shannon_dec_12 (TQWT),0.007098290598290598,0.004726535871030849
baseline_female,mRMR,70,app_det_TKEO_mean_8_coef (Wavelet),0.006899305555555555,0.0031233013507852834
baseline_female,mRMR,70,app_det_TKEO_mean_3_coef (Wavelet),0.006559829059829059,0.0042618118990683605
baseline_female,mRMR,70,tqwt_energy_dec_11 (TQWT),0.006556921675774135,0.006938599536425015
baseline_female,mRMR,70,tqwt_minValue_dec_13 (TQWT),0.006289141414141414,0.003832578742439549
baseline_female,mRMR,70,tqwt_kurtosisValue_dec_20 (TQWT),0.006209150326797386,0.005513663491568365
baseline_female,mRMR,70,std_8th_delta (MFCC),0.006174863387978143,0.005829079432334937
baseline_female,mRMR,70,tqwt_meanValue_dec_11 (TQWT),0.00613888888888889,0.005854994825443008
baseline_female,mRMR,70,tqwt_stdValue_dec_11 (TQWT),0.006122495446265937,0.005784849342375499
baseline_female,mRMR,70,tqwt_entropy_shannon_dec_17 (TQWT),0.0061210317460317475,0.004695076403003215
baseline_female,mRMR,70,tqwt_entropy_log_dec_28 (TQWT),0.006107638888888889,0.004670653006538402
baseline_female,mRMR,70,tqwt_entropy_log_dec_34 (TQWT),0.006008333333333333,0.005558231108400703
baseline_female,mRMR,70,mean_MFCC_7th_coef (MFCC),0.0059775641025641025,0.00531640750163707
baseline_female,mRMR,70,tqwt_TKEO_std_dec_11 (TQWT),0.005928051001821494,0.006867388091894736
baseline_female,mRMR,70,IMF_SNR_SEO (Vocal Fold),0.005896825396825396,0.004819006932887041
baseline_female,mRMR,70,std_10th_delta_delta (MFCC),0.005809653916211293,0.004582148971276072
baseline_female,mRMR,70,tqwt_maxValue_dec_7 (TQWT),0.005807692307692305,0.004141009918843848
baseline_female,mRMR,70,tqwt_meanValue_dec_5 (TQWT),0.005761316872427984,0.0047482471628086135
baseline_female,mRMR,70,tqwt_energy_dec_21 (TQWT),0.005643004115226337,0.0048030883239721985
baseline_female,mRMR,70,ppq5Jitter (Baseline),0.005620726495726495,0.005195896289396164
baseline_female,mRMR,70,locPctJitter (Baseline),0.005456250000000001,0.004316328378046737
baseline_female,mRMR,70,std_4th_delta (MFCC),0.005322649572649573,0.004660506337367348
baseline_female,mRMR,70,tqwt_energy_dec_12 (TQWT),0.005270036429872496,0.005368648846783475
baseline_female,mRMR,70,tqwt_kurtosisValue_dec_36 (TQWT),0.0052695810564663045,0.00527491152866745
baseline_female,mRMR,70,tqwt_maxValue_dec_12 (TQWT),0.005159722222222224,0.004315758831707029
baseline_female,mRMR,70,tqwt_minValue_dec_11 (TQWT),0.005137978142076502,0.004406755535354709
baseline_female,mRMR,70,tqwt_stdValue_dec_6 (TQWT),0.005116666666666667,0.00374970012748021
baseline_female,mRMR,70,std_12th_delta_delta (MFCC),0.005044444444444445,0.0042848636743104355
baseline_female,mRMR,70,tqwt_kurtosisValue_dec_34 (TQWT),0.005028233151183972,0.004299724755515552
baseline_female,mRMR,70,tqwt_entropy_shannon_dec_11 (TQWT),0.004979559748427674,0.004881367043663153
baseline_female,mRMR,70,app_det_TKEO_mean_7_coef (Wavelet),0.004957070707070707,0.00470867232728263
baseline_female,mRMR,70,tqwt_maxValue_dec_11 (TQWT),0.004908014571948999,0.003926614818338863
baseline_female,mRMR,70,tqwt_maxValue_dec_13 (TQWT),0.004652777777777777,0.004094601377581505
baseline_female,mRMR,70,tqwt_TKEO_std_dec_7 (TQWT),0.004651234567901235,0.00392417809989315
baseline_female,mRMR,70,tqwt_minValue_dec_12 (TQWT),0.0046470856102003655,0.004549072430310651
baseline_female,mRMR,70,std_MFCC_6th_coef (MFCC),0.0045694444444444446,0.0032112011806643497
baseline_female,mRMR,70,std_10th_delta (MFCC),0.004521402550091075,0.004555784491711821
baseline_female,mRMR,70,tqwt_maxValue_dec_6 (TQWT),0.004457264957264956,0.004227515508178221
baseline_female,mRMR,70,tqwt_medianValue_dec_8 (TQWT),0.004292735042735044,0.005384976288060108
baseline_female,mRMR,70,tqwt_energy_dec_15 (TQWT),0.004224043715846996,0.00491254275585144
baseline_female,mRMR,70,std_5th_delta (MFCC),0.004209401709401711,0.003080970300469966
baseline_female,mRMR,70,tqwt_TKEO_mean_dec_23 (TQWT),0.004075498575498575,0.00339148107540547
baseline_female,mRMR,70,std_MFCC_8th_coef (MFCC),0.004074074074074075,0.0032603718639685917
baseline_female,mRMR,70,numPulses (Baseline),0.004,0.003448540994127759
baseline_female,mRMR,70,app_det_TKEO_mean_9_coef (Wavelet),0.003947916666666666,0.0027618552219729918
baseline_female,mRMR,70,mean_2nd_delta (MFCC),0.003925,0.004153457444120606
baseline_female,mRMR,70,tqwt_kurtosisValue_dec_35 (TQWT),0.003924004192872118,0.0039155213848694114
baseline_female,mRMR,70,tqwt_TKEO_mean_dec_7 (TQWT),0.0038068783068783067,0.0035179168519270474
baseline_female,mRMR,70,f1 (Formant Frequency),0.003799054373522459,0.0035039670073575514
baseline_female,mRMR,70,mean_delta_log_energy (MFCC),0.003701797385620915,0.0028802009968924
baseline_female,mRMR,70,numPeriodsPulses (Baseline),0.003677083333333334,0.0027925530507711314
baseline_female,mRMR,70,tqwt_TKEO_mean_dec_35 (TQWT),0.003673611111111112,0.0021952447892640984
baseline_female,mRMR,70,tqwt_stdValue_dec_35 (TQWT),0.003672619047619047,0.0031093896779041995
baseline_female,mRMR,70,tqwt_kurtosisValue_dec_25 (TQWT),0.0036479166666666674,0.0036965305095448997
baseline_female,mRMR,70,RPDE (Baseline),0.00360042735042735,0.003090895691969591
baseline_female,mRMR,70,tqwt_entropy_shannon_dec_18 (TQWT),0.003591880341880342,0.002655094946424548
baseline_female,mRMR,70,tqwt_entropy_shannon_dec_34 (TQWT),0.0035590277777777773,0.003416668437154296
baseline_female,mRMR,70,tqwt_TKEO_mean_dec_34 (TQWT),0.003542328042328043,0.003633543511225892
baseline_female,mRMR,70,std_11th_delta (MFCC),0.0035068306010928975,0.0041074827330465575
baseline_female,mRMR,70,tqwt_kurtosisValue_dec_27 (TQWT),0.0035063752276867045,0.00454397978028047
baseline_female,mRMR,70,tqwt_entropy_shannon_dec_35 (TQWT),0.003412037037037037,0.003037094478996229
baseline_female,mRMR,70,tqwt_stdValue_dec_34 (TQWT),0.003328431372549019,0.0033978128032370737
baseline_female,mRMR,70,tqwt_TKEO_mean_dec_11 (TQWT),0.003296121593291404,0.0029872252222516125
baseline_female,mRMR,70,tqwt_stdValue_dec_33 (TQWT),0.0031474358974358965,0.00289984086357804
baseline_female,mRMR,70,tqwt_skewnessValue_dec_28 (TQWT),0.0031403133903133906,0.003500411270418201
baseline_female,mRMR,70,app_TKEO_std_7_coef (Wavelet),0.003086805555555555,0.002853182368109252
baseline_female,mRMR,70,tqwt_medianValue_dec_10 (TQWT),0.0030130023640661937,0.0037643134463556985
baseline_female,mRMR,70,tqwt_energy_dec_8 (TQWT),0.00283641975308642,0.002982087785042994
baseline_female,mRMR,70,tqwt_energy_dec_13 (TQWT),0.0027896174863387977,0.002548686050473074
baseline_female,mRMR,70,std_MFCC_7th_coef (MFCC),0.0027658730158730154,0.002541900416879076
baseline_female,mRMR,70,tqwt_TKEO_std_dec_9 (TQWT),0.0027559523809523815,0.0021193388926143797
baseline_female,mRMR,70,tqwt_medianValue_dec_25 (TQWT),0.0027063492063492066,0.0018802181378934784
baseline_female,mRMR,70,tqwt_kurtosisValue_dec_28 (TQWT),0.002582422586520947,0.002758017081996473
baseline_female,mRMR,70,tqwt_entropy_shannon_dec_10 (TQWT),0.002427350427350428,0.002659295784950232
baseline_female,mRMR,70,VFER_entropy (Vocal Fold),0.002420138888888889,0.0020396435863267296
baseline_female,mRMR,70,tqwt_medianValue_dec_5 (TQWT),0.0024126984126984128,0.0021945954350353603
baseline_female,mRMR,70,tqwt_energy_dec_14 (TQWT),0.0023900462962962972,0.001997497776031661
baseline_female,mRMR,70,VFER_mean (Vocal Fold),0.0023327546296296304,0.0020326648366970714
baseline_female,mRMR,70,tqwt_meanValue_dec_7 (TQWT),0.0023261316872427986,0.0025957408421244162
baseline_female,mRMR,70,tqwt_energy_dec_16 (TQWT),0.0023082010582010587,0.002211793386002254
baseline_female,mRMR,70,IMF_SNR_entropy (Vocal Fold),0.00223941798941799,0.0025127670477645895
baseline_female,mRMR,70,std_5th_delta_delta (MFCC),0.0022029914529914534,0.0022324588705892453
baseline_female,mRMR,70,tqwt_TKEO_std_dec_34 (TQWT),0.002197916666666667,0.002382624317986774
baseline_female,mRMR,70,GNE_SNR_SEO (Vocal Fold),0.002078282828282828,0.0023375497521785147
baseline_female,mRMR,70,tqwt_stdValue_dec_7 (TQWT),0.0020529100529100533,0.0021909562390934638
baseline_female,mRMR,70,tqwt_medianValue_dec_22 (TQWT),0.0019465811965811964,0.0022742192719861685
baseline_female,mRMR,70,f2 (Formant Frequency),0.0018769841269841265,0.0026252770073040606
baseline_female,mRMR,70,tqwt_entropy_shannon_dec_7 (TQWT),0.0018346560846560854,0.0017326275526874115
baseline_female,mRMR,70,GNE_NSR_SEO (Vocal Fold),0.001815972222222223,0.002005677397856166
baseline_female,mRMR,70,meanHarmToNoiseHarmonicity (Baseline),0.0017649572649572648,0.001762695835105027
baseline_female,mRMR,70,b4 (Bandwidth),0.0010138888888888888,0.0011680165264153896
baseline,mRMR,80,std_delta_delta_log_energy (MFCC),0.019459876543209877,0.01777193447782419
baseline,mRMR,80,tqwt_entropy_log_dec_12 (TQWT),0.014290849673202615,0.012346077599583734
baseline,mRMR,80,std_delta_log_energy (MFCC),0.01313007054673721,0.012486813574918395
baseline,mRMR,80,tqwt_energy_dec_26 (TQWT),0.012852465047829286,0.010147444322819759
baseline,mRMR,80,std_6th_delta_delta (MFCC),0.012651675485008815,0.010200336681594218
baseline,mRMR,80,std_7th_delta_delta (MFCC),0.011662257495590831,0.00669600462649466
baseline,mRMR,80,tqwt_entropy_log_dec_27 (TQWT),0.010399122807017542,0.009757233149845343
baseline,mRMR,80,tqwt_kurtosisValue_dec_18 (TQWT),0.010142701525054464,0.005259300391398464
baseline,mRMR,80,app_entropy_shannon_8_coef (Wavelet),0.009787581699346407,0.005517291905991579
baseline,mRMR,80,std_6th_delta (MFCC),0.009683421516754845,0.00891122176968813
baseline,mRMR,80,tqwt_stdValue_dec_12 (TQWT),0.009419091710758375,0.009485721503062788
baseline,mRMR,80,tqwt_entropy_log_dec_33 (TQWT),0.009277116402116405,0.00883898771105964
baseline,mRMR,80,std_9th_delta_delta (MFCC),0.009067901234567901,0.007558806778590142
baseline,mRMR,80,std_7th_delta (MFCC),0.009066798941798938,0.004918121195870472
baseline,mRMR,80,mean_MFCC_2nd_coef (MFCC),0.009006834215167545,0.009080588683164631
baseline,mRMR,80,tqwt_TKEO_std_dec_12 (TQWT),0.00869444444444444,0.00850274811654917
baseline,mRMR,80,GNE_SNR_TKEO (Vocal Fold),0.008470521541950113,0.00695937605126599
baseline,mRMR,80,tqwt_energy_dec_25 (TQWT),0.008193173565722583,0.007191712565183732
baseline,mRMR,80,apq11Shimmer (Baseline),0.008064270152505446,0.005026287773331194
baseline,mRMR,80,app_entropy_shannon_9_coef (Wavelet),0.007983660130718955,0.005028419405736383
baseline,mRMR,80,std_8th_delta_delta (MFCC),0.007802028218694886,0.006550183613697717
baseline,mRMR,80,std_12th_delta (MFCC),0.00777450980392157,0.006067013394643839
baseline,mRMR,80,tqwt_energy_dec_7 (TQWT),0.007672592592592589,0.005923977211963583
baseline,mRMR,80,tqwt_kurtosisValue_dec_20 (TQWT),0.007508830022075052,0.00845241876734033
baseline,mRMR,80,locAbsJitter (Baseline),0.007402918069584736,0.00840775456358283
baseline,mRMR,80,app_entropy_shannon_5_coef (Wavelet),0.007149237472766885,0.004396684498067335
baseline,mRMR,80,DFA (Baseline),0.007093694885361547,0.006546207744696942
baseline,mRMR,80,tqwt_stdValue_dec_13 (TQWT),0.007062091503267973,0.004694811835413069
baseline,mRMR,80,tqwt_entropy_log_dec_35 (TQWT),0.006974814814814812,0.007630412507114752
baseline,mRMR,80,tqwt_maxValue_dec_13 (TQWT),0.006729847494553377,0.004809901995674706
baseline,mRMR,80,tqwt_entropy_shannon_dec_17 (TQWT),0.006620915032679738,0.005393480581492598
baseline,mRMR,80,tqwt_meanValue_dec_36 (TQWT),0.006483660130718955,0.004712485155400416
baseline,mRMR,80,tqwt_stdValue_dec_6 (TQWT),0.006416296296296296,0.004851165794228171
baseline,mRMR,80,app_TKEO_std_8_coef (Wavelet),0.006397660818713451,0.006522451458353949
baseline,mRMR,80,std_4th_delta_delta (MFCC),0.006372222222222222,0.006351540315531033
baseline,mRMR,80,tqwt_entropy_log_dec_26 (TQWT),0.006271973466003314,0.005960225108599412
baseline,mRMR,80,app_TKEO_std_4_coef (Wavelet),0.006267777777777778,0.005658070090270017
baseline,mRMR,80,tqwt_energy_dec_12 (TQWT),0.006168871252204585,0.007145429974907126
baseline,mRMR,80,tqwt_minValue_dec_13 (TQWT),0.006081699346405229,0.005710059434200131
baseline,mRMR,80,std_11th_delta_delta (MFCC),0.006001322751322745,0.006193382118006097
baseline,mRMR,80,app_det_TKEO_mean_7_coef (Wavelet),0.005931286549707602,0.005995656197395488
baseline,mRMR,80,std_9th_delta (MFCC),0.005790343915343913,0.004510101092100065
baseline,mRMR,80,std_4th_delta (MFCC),0.005789999999999998,0.0049742630109249324
baseline,mRMR,80,tqwt_energy_dec_6 (TQWT),0.005646314631463147,0.0044519807524658105
baseline,mRMR,80,tqwt_kurtosisValue_dec_26 (TQWT),0.005608245149911817,0.006059953438783114
baseline,mRMR,80,tqwt_maxValue_dec_12 (TQWT),0.0056011608623548915,0.0051425501292788585
baseline,mRMR,80,tqwt_minValue_dec_7 (TQWT),0.00536,0.0039005190958386867
baseline,mRMR,80,app_det_TKEO_mean_3_coef (Wavelet),0.005306122448979593,0.003911601252598835
baseline,mRMR,80,IMF_SNR_SEO (Vocal Fold),0.005196078431372549,0.003456978578816022
baseline,mRMR,80,app_entropy_shannon_10_coef (Wavelet),0.0051470588235294126,0.0031056530455531067
baseline,mRMR,80,ppq5Jitter (Baseline),0.005134680134680133,0.00506878419890542
baseline,mRMR,80,tqwt_entropy_log_dec_28 (TQWT),0.005126361655773419,0.004610288604574275
baseline,mRMR,80,std_10th_delta_delta (MFCC),0.005059523809523808,0.003948628786635865
baseline,mRMR,80,tqwt_energy_dec_11 (TQWT),0.005043430335097,0.006870471055845411
baseline,mRMR,80,tqwt_meanValue_dec_5 (TQWT),0.004995185185185188,0.004908962257515253
baseline,mRMR,80,std_8th_delta (MFCC),0.004950396825396824,0.005254060540210955
baseline,mRMR,80,tqwt_TKEO_std_dec_13 (TQWT),0.004910675381263616,0.0031030089471735887
baseline,mRMR,80,tqwt_entropy_shannon_dec_11 (TQWT),0.004771420674405749,0.004544430130366434
baseline,mRMR,80,tqwt_kurtosisValue_dec_36 (TQWT),0.004760582010582008,0.0045660146502072224
baseline,mRMR,80,app_TKEO_std_9_coef (Wavelet),0.004642701525054466,0.004593585754141119
baseline,mRMR,80,tqwt_medianValue_dec_33 (TQWT),0.004619825708061002,0.00378571962364326
baseline,mRMR,80,tqwt_TKEO_mean_dec_12 (TQWT),0.004544662309368192,0.0034695314651549403
baseline,mRMR,80,tqwt_energy_dec_24 (TQWT),0.0045250544662309355,0.00461503277352056
baseline,mRMR,80,tqwt_kurtosisValue_dec_35 (TQWT),0.004475677169707018,0.004618058615064029
baseline,mRMR,80,tqwt_meanValue_dec_11 (TQWT),0.00442063492063492,0.0044146020561375374
baseline,mRMR,80,tqwt_energy_dec_21 (TQWT),0.004399853801169592,0.0037651068089243137
baseline,mRMR,80,tqwt_medianValue_dec_8 (TQWT),0.004288671023965143,0.004609812131307066
baseline,mRMR,80,GNE_NSR_SEO (Vocal Fold),0.004287581699346406,0.004112610456896005
baseline,mRMR,80,locPctJitter (Baseline),0.004277777777777779,0.003955303526589236
baseline,mRMR,80,tqwt_stdValue_dec_11 (TQWT),0.004231922398589066,0.004308701028797362
baseline,mRMR,80,tqwt_kurtosisValue_dec_34 (TQWT),0.004192460317460317,0.004790500214514814
baseline,mRMR,80,app_det_TKEO_mean_8_coef (Wavelet),0.004184444444444445,0.0038107471226910324
baseline,mRMR,80,tqwt_TKEO_std_dec_11 (TQWT),0.0041047178130511446,0.003910282261796073
baseline,mRMR,80,tqwt_entropy_log_dec_34 (TQWT),0.004104444444444445,0.004766194472539059
baseline,mRMR,80,tqwt_maxValue_dec_11 (TQWT),0.004024029982363316,0.004650157190691867
baseline,mRMR,80,std_5th_delta (MFCC),0.003971111111111111,0.002420684130151369
baseline,mRMR,80,mean_MFCC_7th_coef (MFCC),0.003966111111111112,0.0033576675407576318
baseline,mRMR,80,tqwt_entropy_shannon_dec_16 (TQWT),0.003918300653594771,0.00244591478592507
baseline,mRMR,80,tqwt_entropy_shannon_dec_12 (TQWT),0.0038714596949891065,0.0036657443383442774
baseline,mRMR,80,tqwt_kurtosisValue_dec_27 (TQWT),0.0038567019400352716,0.004737483558001051
baseline,mRMR,80,tqwt_TKEO_std_dec_7 (TQWT),0.003853233830845773,0.0034455595925117553
baseline,mRMR,80,tqwt_kurtosisValue_dec_25 (TQWT),0.0037696296296296297,0.0037465174605252286
baseline,mRMR,80,f1 (Formant Frequency),0.0037222222222222223,0.003396725563713739
baseline,mRMR,80,app_entropy_shannon_1_coef (Wavelet),0.003667755991285403,0.003479077855365379
baseline,mRMR,80,app_det_TKEO_mean_10_coef (Wavelet),0.0036566666666666666,0.004360229965399826
baseline,mRMR,80,std_12th_delta_delta (MFCC),0.003635439360929558,0.004260386220927644
baseline,mRMR,80,tqwt_TKEO_mean_dec_33 (TQWT),0.0036132897603485836,0.004457550496723222
baseline,mRMR,80,tqwt_TKEO_mean_dec_11 (TQWT),0.0035472636815920408,0.0035681191313370886
baseline,mRMR,80,mean_2nd_delta (MFCC),0.0035190058479532154,0.003921980808997412
baseline,mRMR,80,meanHarmToNoiseHarmonicity (Baseline),0.0034825708061002173,0.002298944853849847
baseline,mRMR,80,tqwt_TKEO_mean_dec_34 (TQWT),0.0034136413641364153,0.00523190713758063
baseline,mRMR,80,tqwt_minValue_dec_11 (TQWT),0.0033789682539682527,0.004514999616716118
baseline,mRMR,80,IMF_SNR_entropy (Vocal Fold),0.003367102396514162,0.003157225470133864
baseline,mRMR,80,tqwt_entropy_shannon_dec_35 (TQWT),0.0032946379215035935,0.003578275525080708
baseline,mRMR,80,numPulses (Baseline),0.0032429193899782133,0.002265685011482951
baseline,mRMR,80,tqwt_maxValue_dec_7 (TQWT),0.0032155555555555553,0.0031312660767412806
baseline,mRMR,80,app_TKEO_std_7_coef (Wavelet),0.0032080610021786495,0.0028354146796563946
baseline,mRMR,80,tqwt_kurtosisValue_dec_28 (TQWT),0.00319378306878307,0.0033753586357035854
baseline,mRMR,80,tqwt_TKEO_mean_dec_7 (TQWT),0.0031833333333333336,0.0029993451813606336
baseline,mRMR,80,tqwt_minValue_dec_12 (TQWT),0.003151455026455026,0.0029326051573413457
baseline,mRMR,80,tqwt_medianValue_dec_10 (TQWT),0.0031334991708126046,0.003095383798236983
baseline,mRMR,80,std_10th_delta (MFCC),0.0030694444444444445,0.002969267097020924
baseline,mRMR,80,std_MFCC_8th_coef (MFCC),0.0029827777777777786,0.0023377048686727387
baseline,mRMR,80,mean_delta_log_energy (MFCC),0.002941404090657823,0.0027213681640929116
baseline,mRMR,80,mean_1st_delta (MFCC),0.0028725490196078434,0.0019213106121926905
baseline,mRMR,80,tqwt_energy_dec_13 (TQWT),0.002751102292768959,0.002916340044349394
baseline,mRMR,80,tqwt_stdValue_dec_35 (TQWT),0.002692265795206972,0.002572195823041492
baseline,mRMR,80,tqwt_maxValue_dec_10 (TQWT),0.0026710239651416123,0.0017586407098528442
baseline,mRMR,80,app_entropy_shannon_6_coef (Wavelet),0.0026067538126361652,0.0021161981781481903
baseline,mRMR,80,std_MFCC_7th_coef (MFCC),0.002604575163398693,0.0018921856032295412
baseline,mRMR,80,std_MFCC_6th_coef (MFCC),0.00259812050856827,0.0021162243427051146
baseline,mRMR,80,tqwt_entropy_shannon_dec_34 (TQWT),0.0025765616362631283,0.004083758507033389
baseline,mRMR,80,tqwt_entropy_shannon_dec_18 (TQWT),0.002572984749455337,0.0021817817964944223
baseline,mRMR,80,tqwt_TKEO_mean_dec_23 (TQWT),0.0025681481481481484,0.0023754128627515242
baseline,mRMR,80,tqwt_maxValue_dec_6 (TQWT),0.0025231023102310225,0.002840987230761139
baseline,mRMR,80,tqwt_stdValue_dec_34 (TQWT),0.0025041459369817584,0.0029501411368412097
baseline,mRMR,80,RPDE (Baseline),0.0024938888888888884,0.0034155767719012907
baseline,mRMR,80,tqwt_entropy_shannon_dec_6 (TQWT),0.0024934640522875813,0.0016138429799973377
baseline,mRMR,80,std_5th_delta_delta (MFCC),0.00246,0.0017571288695711503
baseline,mRMR,80,tqwt_medianValue_dec_25 (TQWT),0.0024594444444444447,0.003074258039309346
baseline,mRMR,80,std_11th_delta (MFCC),0.002393959435626103,0.002568423232323502
baseline,mRMR,80,tqwt_medianValue_dec_22 (TQWT),0.002338779956427015,0.0025995823368884226
baseline,mRMR,80,tqwt_energy_dec_15 (TQWT),0.0022969576719576723,0.0031897035190111287
baseline,mRMR,80,tqwt_TKEO_std_dec_34 (TQWT),0.0022952069716775597,0.004332552929559713
baseline,mRMR,80,tqwt_stdValue_dec_33 (TQWT),0.0022845804988662136,0.0021258189293489075
baseline,mRMR,80,tqwt_meanValue_dec_7 (TQWT),0.0022549668874172193,0.0028568653153107195
baseline,mRMR,80,tqwt_energy_dec_8 (TQWT),0.0022272222222222225,0.00271184206584116
baseline,mRMR,80,tqwt_energy_dec_14 (TQWT),0.002025428413488115,0.002018806506794294
baseline,mRMR,80,tqwt_TKEO_std_dec_9 (TQWT),0.0019901960784313726,0.0019304647591827488
baseline,mRMR,80,tqwt_stdValue_dec_7 (TQWT),0.001987777777777777,0.0019140386390574201
baseline,mRMR,80,b4 (Bandwidth),0.0019596949891067536,0.0019626469982372374
baseline,mRMR,80,tqwt_medianValue_dec_5 (TQWT),0.00194880174291939,0.0020101425065997304
baseline,mRMR,80,numPeriodsPulses (Baseline),0.0019411764705882346,0.0018858575100817168
baseline,mRMR,80,tqwt_skewnessValue_dec_27 (TQWT),0.0018594104308390026,0.00261775205656145
baseline,mRMR,80,app_det_TKEO_mean_9_coef (Wavelet),0.0018159041394335514,0.001689661913686629
baseline,mRMR,80,tqwt_TKEO_mean_dec_35 (TQWT),0.0018022222222222229,0.002347257915111695
baseline,mRMR,80,GNE_SNR_SEO (Vocal Fold),0.0017990196078431376,0.0016877364750120319
baseline,mRMR,80,VFER_entropy (Vocal Fold),0.0017911877394636022,0.0018684468508548262
baseline,mRMR,80,tqwt_skewnessValue_dec_28 (TQWT),0.0017703703703703703,0.002043207156021225
baseline,mRMR,80,tqwt_minValue_dec_10 (TQWT),0.0017516339869281046,0.001496477057776471
baseline,mRMR,80,f2 (Formant Frequency),0.0016896296296296301,0.002298168818203364
baseline,mRMR,80,VFER_mean (Vocal Fold),0.0016464148877941983,0.0016589598157946033
baseline,mRMR,80,tqwt_TKEO_mean_dec_10 (TQWT),0.0015777777777777776,0.0026366930304291955
baseline,mRMR,80,tqwt_entropy_shannon_dec_10 (TQWT),0.0014877777777777767,0.0014864659963616882
baseline,mRMR,80,tqwt_energy_dec_16 (TQWT),0.0014542483660130718,0.0014628135954507446
baseline,mRMR,80,tqwt_medianValue_dec_29 (TQWT),0.001434640522875817,0.0012590658513459314
baseline,mRMR,80,tqwt_TKEO_std_dec_10 (TQWT),0.0014224422442244227,0.0021523851388895033
baseline,mRMR,80,tqwt_kurtosisValue_dec_29 (TQWT),0.0012723311546840956,0.0011750562438304015
baseline,mRMR,80,tqwt_entropy_shannon_dec_7 (TQWT),0.0012094444444444442,0.001334629966889608
baseline,mRMR,80,tqwt_energy_dec_34 (TQWT),0.001196145124716553,0.0012211200600337317
baseline_male,mRMR,80,std_delta_delta_log_energy (MFCC),0.014561111111111111,0.016131007693768372
baseline_male,mRMR,80,std_delta_log_energy (MFCC),0.012544871794871794,0.011831316828466151
baseline_male,mRMR,80,tqwt_entropy_log_dec_12 (TQWT),0.010933333333333335,0.012475758545357124
baseline_male,mRMR,80,std_6th_delta_delta (MFCC),0.01084358974358974,0.0077926596454590494
baseline_male,mRMR,80,std_7th_delta_delta (MFCC),0.008879487179487177,0.005496097732200317
baseline_male,mRMR,80,tqwt_kurtosisValue_dec_18 (TQWT),0.008822222222222221,0.004537823469664927
baseline_male,mRMR,80,tqwt_energy_dec_26 (TQWT),0.008670013386880854,0.008970524335547996
baseline_male,mRMR,80,std_6th_delta (MFCC),0.008367094017094017,0.008617357740622692
baseline_male,mRMR,80,DFA (Baseline),0.008117948717948716,0.00800168093649185
baseline_male,mRMR,80,tqwt_kurtosisValue_dec_20 (TQWT),0.007441767068273093,0.00959861219159644
baseline_male,mRMR,80,std_9th_delta_delta (MFCC),0.007411111111111109,0.006468979141708987
baseline_male,mRMR,80,std_8th_delta_delta (MFCC),0.007136324786324787,0.004999643477427513
baseline_male,mRMR,80,tqwt_stdValue_dec_13 (TQWT),0.0071142857142857145,0.00454055292658514
baseline_male,mRMR,80,tqwt_entropy_log_dec_33 (TQWT),0.0067491452991453,0.006973485353986304
baseline_male,mRMR,80,tqwt_entropy_log_dec_27 (TQWT),0.006741402116402117,0.010438241028053895
baseline_male,mRMR,80,mean_MFCC_2nd_coef (MFCC),0.006549572649572649,0.009152394035635716
baseline_male,mRMR,80,tqwt_meanValue_dec_5 (TQWT),0.006417460317460317,0.00610298921057313
baseline_male,mRMR,80,std_7th_delta (MFCC),0.0063653846153846165,0.004304436782628347
baseline_male,mRMR,80,tqwt_entropy_log_dec_28 (TQWT),0.006300000000000001,0.005064245372864667
baseline_male,mRMR,80,tqwt_stdValue_dec_12 (TQWT),0.006225213675213674,0.008952167770704619
baseline_male,mRMR,80,tqwt_energy_dec_25 (TQWT),0.006065595716198126,0.005054557076098473
baseline_male,mRMR,80,tqwt_energy_dec_7 (TQWT),0.006003968253968254,0.005471652345766016
baseline_male,mRMR,80,std_4th_delta_delta (MFCC),0.005884259259259259,0.004461681655995144
baseline_male,mRMR,80,apq11Shimmer (Baseline),0.00574,0.005783846720209906
baseline_male,mRMR,80,tqwt_TKEO_std_dec_12 (TQWT),0.005694017094017094,0.0077492547735605564
baseline_male,mRMR,80,tqwt_minValue_dec_7 (TQWT),0.00544675925925926,0.004753207169381715
baseline_male,mRMR,80,tqwt_entropy_log_dec_35 (TQWT),0.005442063492063492,0.005579182367672666
baseline_male,mRMR,80,tqwt_stdValue_dec_6 (TQWT),0.005365873015873016,0.005165688995811504
baseline_male,mRMR,80,tqwt_entropy_shannon_dec_17 (TQWT),0.005229468599033817,0.0047115403314796755
baseline_male,mRMR,80,tqwt_maxValue_dec_13 (TQWT),0.005190613026819922,0.004886367862459758
baseline_male,mRMR,80,std_4th_delta (MFCC),0.005003086419753087,0.003604833209879461
baseline_male,mRMR,80,tqwt_energy_dec_12 (TQWT),0.004860256410256411,0.006787901635801606
baseline_male,mRMR,80,tqwt_energy_dec_11 (TQWT),0.004650854700854702,0.007895116746941919
baseline_male,mRMR,80,tqwt_energy_dec_6 (TQWT),0.004528368794326241,0.003344621211784802
baseline_male,mRMR,80,tqwt_entropy_shannon_dec_16 (TQWT),0.004468253968253968,0.0025544388253895827
baseline_male,mRMR,80,std_9th_delta (MFCC),0.0044649572649572665,0.004231507130730891
baseline_male,mRMR,80,std_11th_delta_delta (MFCC),0.004436752136752136,0.003791120692891705
baseline_male,mRMR,80,tqwt_entropy_log_dec_34 (TQWT),0.004202380952380952,0.004079248145959996
baseline_male,mRMR,80,tqwt_entropy_shannon_dec_11 (TQWT),0.004164327485380118,0.004521358024977482
baseline_male,mRMR,80,f1 (Formant Frequency),0.004154205607476636,0.0034020546999136516
baseline_male,mRMR,80,IMF_SNR_entropy (Vocal Fold),0.004062037037037036,0.003914671450102251
baseline_male,mRMR,80,tqwt_maxValue_dec_12 (TQWT),0.0040534391534391544,0.004286726908681693
baseline_male,mRMR,80,tqwt_kurtosisValue_dec_34 (TQWT),0.004041452991452991,0.00533806341740136
baseline_male,mRMR,80,tqwt_entropy_log_dec_26 (TQWT),0.0040306334371754925,0.004074481857856709
baseline_male,mRMR,80,tqwt_TKEO_mean_dec_33 (TQWT),0.004004444444444444,0.004642227943593492
baseline_male,mRMR,80,tqwt_maxValue_dec_7 (TQWT),0.003993055555555555,0.0036548505189841797
baseline_male,mRMR,80,std_12th_delta (MFCC),0.003984444444444444,0.0033424619746606015
baseline_male,mRMR,80,IMF_SNR_SEO (Vocal Fold),0.003934782608695652,0.002903150389221713
baseline_male,mRMR,80,tqwt_TKEO_std_dec_11 (TQWT),0.003924358974358975,0.0037293721835033235
baseline_male,mRMR,80,tqwt_TKEO_mean_dec_34 (TQWT),0.0038907721280602636,0.005621364950615342
baseline_male,mRMR,80,tqwt_energy_dec_21 (TQWT),0.00388966049382716,0.0033814421472665415
baseline_male,mRMR,80,locPctJitter (Baseline),0.003860846560846561,0.0035204565449087604
baseline_male,mRMR,80,GNE_SNR_TKEO (Vocal Fold),0.0038478260869565218,0.004753373340386838
baseline_male,mRMR,80,tqwt_meanValue_dec_11 (TQWT),0.003806763285024153,0.004427762900636517
baseline_male,mRMR,80,tqwt_kurtosisValue_dec_35 (TQWT),0.0037877192982456146,0.00424476862778193
baseline_male,mRMR,80,app_TKEO_std_4_coef (Wavelet),0.003787037037037037,0.00471505946689824
baseline_male,mRMR,80,tqwt_minValue_dec_13 (TQWT),0.00378448275862069,0.004373168975939797
baseline_male,mRMR,80,std_8th_delta (MFCC),0.003779487179487179,0.00435638595228259
baseline_male,mRMR,80,std_5th_delta (MFCC),0.0037569444444444447,0.0023858833496993226
baseline_male,mRMR,80,tqwt_stdValue_dec_11 (TQWT),0.003604700854700856,0.0041514038342332395
baseline_male,mRMR,80,mean_1st_delta (MFCC),0.0035603174603174603,0.0024058249080083707
baseline_male,mRMR,80,mean_MFCC_7th_coef (MFCC),0.0035266203703703705,0.003251003263619384
baseline_male,mRMR,80,tqwt_entropy_shannon_dec_35 (TQWT),0.003517460317460317,0.004269345700282761
baseline_male,mRMR,80,tqwt_kurtosisValue_dec_36 (TQWT),0.003478632478632479,0.0033870942046347616
baseline_male,mRMR,80,tqwt_medianValue_dec_33 (TQWT),0.003473333333333332,0.0034255312382555016
baseline_male,mRMR,80,tqwt_kurtosisValue_dec_28 (TQWT),0.003463675213675215,0.0038574321142893276
baseline_male,mRMR,80,std_10th_delta_delta (MFCC),0.003384615384615386,0.0033157319877971485
baseline_male,mRMR,80,tqwt_medianValue_dec_8 (TQWT),0.003353333333333333,0.0024316420137188953
baseline_male,mRMR,80,tqwt_TKEO_std_dec_7 (TQWT),0.003346031746031746,0.0033006381064601743
baseline_male,mRMR,80,tqwt_meanValue_dec_36 (TQWT),0.003344444444444444,0.002879503697087667
baseline_male,mRMR,80,tqwt_maxValue_dec_6 (TQWT),0.003340425531914893,0.003534965500181077
baseline_male,mRMR,80,tqwt_maxValue_dec_11 (TQWT),0.003315384615384616,0.004211926227417435
baseline_male,mRMR,80,mean_2nd_delta (MFCC),0.0033055555555555555,0.0030381723051980366
baseline_male,mRMR,80,tqwt_entropy_shannon_dec_18 (TQWT),0.0032977777777777784,0.0026685372568302453
baseline_male,mRMR,80,tqwt_TKEO_mean_dec_12 (TQWT),0.003251111111111111,0.002516070470120145
baseline_male,mRMR,80,GNE_NSR_SEO (Vocal Fold),0.0032472222222222225,0.004505444495887671
baseline_male,mRMR,80,std_MFCC_7th_coef (MFCC),0.003190821256038647,0.002286518345801171
baseline_male,mRMR,80,tqwt_TKEO_mean_dec_11 (TQWT),0.0031514619883040943,0.003316117928132241
baseline_male,mRMR,80,tqwt_kurtosisValue_dec_25 (TQWT),0.0031126984126984133,0.003980247297295948
baseline_male,mRMR,80,ppq5Jitter (Baseline),0.0030626477541371164,0.002956801347599052
baseline_male,mRMR,80,app_entropy_shannon_9_coef (Wavelet),0.0030399999999999984,0.002566069896693134
baseline_male,mRMR,80,tqwt_minValue_dec_12 (TQWT),0.0030350427350427354,0.003033031979512109
baseline_male,mRMR,80,app_det_TKEO_mean_7_coef (Wavelet),0.003028455284552845,0.00225522394995093
baseline_male,mRMR,80,app_det_TKEO_mean_8_coef (Wavelet),0.0030067049808429115,0.002117028794550613
baseline_male,mRMR,80,tqwt_TKEO_mean_dec_7 (TQWT),0.0029884823848238488,0.0031782249713673003
baseline_male,mRMR,80,std_5th_delta_delta (MFCC),0.0029699074074074072,0.002340252382108207
baseline_male,mRMR,80,mean_delta_log_energy (MFCC),0.0029174454828660434,0.0028051948800682197
baseline_male,mRMR,80,tqwt_energy_dec_24 (TQWT),0.002881642512077295,0.003485626584606628
baseline_male,mRMR,80,std_12th_delta_delta (MFCC),0.0028781793842034805,0.0029046020038939737
baseline_male,mRMR,80,std_MFCC_8th_coef (MFCC),0.002868773946360153,0.002195309861041021
baseline_male,mRMR,80,tqwt_kurtosisValue_dec_27 (TQWT),0.002861111111111112,0.0038106250257322776
baseline_male,mRMR,80,std_MFCC_6th_coef (MFCC),0.0028321637426900574,0.0024529609468117814
baseline_male,mRMR,80,tqwt_medianValue_dec_10 (TQWT),0.0028146417445482864,0.002864230472461486
baseline_male,mRMR,80,tqwt_TKEO_std_dec_34 (TQWT),0.0027841269841269835,0.004418113201042301
baseline_male,mRMR,80,tqwt_minValue_dec_11 (TQWT),0.0027705128205128206,0.00422129224522889
baseline_male,mRMR,80,app_TKEO_std_8_coef (Wavelet),0.0026998644986449866,0.0031531800137720514
baseline_male,mRMR,80,tqwt_TKEO_mean_dec_23 (TQWT),0.0026983024691358023,0.0024603632426665524
baseline_male,mRMR,80,tqwt_entropy_shannon_dec_34 (TQWT),0.0026783068783068787,0.0045831013596195225
baseline_male,mRMR,80,tqwt_meanValue_dec_7 (TQWT),0.0026291079812206567,0.003523081705509236
baseline_male,mRMR,80,tqwt_energy_dec_13 (TQWT),0.0025717948717948716,0.002788836423196309
baseline_male,mRMR,80,tqwt_maxValue_dec_10 (TQWT),0.002543478260869566,0.0016508198037456308
baseline_male,mRMR,80,app_det_TKEO_mean_3_coef (Wavelet),0.00253623188405797,0.0023666855780136078
baseline_male,mRMR,80,tqwt_stdValue_dec_33 (TQWT),0.002507246376811593,0.001944372385300594
baseline_male,mRMR,80,tqwt_medianValue_dec_25 (TQWT),0.0025012077294685993,0.0025059132319453434
baseline_male,mRMR,80,tqwt_entropy_shannon_dec_6 (TQWT),0.0024830917874396137,0.0019265823917080224
baseline_male,mRMR,80,tqwt_stdValue_dec_34 (TQWT),0.0024613756613756617,0.0032117431288967977
baseline_male,mRMR,80,app_TKEO_std_7_coef (Wavelet),0.002444444444444444,0.0026380340495762455
baseline_male,mRMR,80,app_entropy_shannon_6_coef (Wavelet),0.0024355555555555554,0.0016084175474692527
baseline_male,mRMR,80,locAbsJitter (Baseline),0.0024172576832151298,0.0030998351283266033
baseline_male,mRMR,80,app_entropy_shannon_1_coef (Wavelet),0.002406349206349207,0.002178704700447991
baseline_male,mRMR,80,tqwt_TKEO_std_dec_13 (TQWT),0.002393333333333334,0.003168875474323941
baseline_male,mRMR,80,std_10th_delta (MFCC),0.002370512820512821,0.002339683980845817
baseline_male,mRMR,80,app_entropy_shannon_5_coef (Wavelet),0.0023266666666666666,0.002889537926629348
baseline_male,mRMR,80,tqwt_energy_dec_8 (TQWT),0.0023091787439613524,0.002900104224197381
baseline_male,mRMR,80,tqwt_TKEO_std_dec_9 (TQWT),0.002292270531400966,0.002517488795254749
baseline_male,mRMR,80,RPDE (Baseline),0.002287037037037036,0.002109423527017342
baseline_male,mRMR,80,tqwt_kurtosisValue_dec_26 (TQWT),0.002267948717948718,0.0036512977049591167
baseline_male,mRMR,80,app_entropy_shannon_8_coef (Wavelet),0.0022288888888888883,0.002500416381741665
baseline_male,mRMR,80,tqwt_medianValue_dec_5 (TQWT),0.0022149758454106283,0.0023453997264558032
baseline_male,mRMR,80,numPulses (Baseline),0.0021925925925925923,0.0021813228850706694
baseline_male,mRMR,80,tqwt_stdValue_dec_7 (TQWT),0.0021762452107279688,0.0021026722945615387
baseline_male,mRMR,80,app_det_TKEO_mean_10_coef (Wavelet),0.0021091954022988504,0.002316111449277968
baseline_male,mRMR,80,b4 (Bandwidth),0.0020362318840579717,0.001714240043235252
baseline_male,mRMR,80,numPeriodsPulses (Baseline),0.002034920634920635,0.001987769123597127
baseline_male,mRMR,80,tqwt_stdValue_dec_35 (TQWT),0.0020047892720306514,0.0024242160444085297
baseline_male,mRMR,80,std_11th_delta (MFCC),0.001973931623931624,0.001967630422187447
baseline_male,mRMR,80,tqwt_energy_dec_14 (TQWT),0.0019629629629629632,0.001995049704421119
baseline_male,mRMR,80,tqwt_minValue_dec_10 (TQWT),0.0019202898550724642,0.0018356956027950426
baseline_male,mRMR,80,tqwt_TKEO_mean_dec_35 (TQWT),0.001854406130268199,0.0026845264880058176
baseline_male,mRMR,80,tqwt_TKEO_std_dec_10 (TQWT),0.001814420803782506,0.0025153569754058453
baseline_male,mRMR,80,GNE_SNR_SEO (Vocal Fold),0.0017442528735632182,0.001699639781221341
baseline_male,mRMR,80,app_det_TKEO_mean_9_coef (Wavelet),0.0017333333333333333,0.0016860412339960856
baseline_male,mRMR,80,tqwt_entropy_shannon_dec_12 (TQWT),0.0017222222222222224,0.0022224849694518615
baseline_male,mRMR,80,tqwt_entropy_shannon_dec_10 (TQWT),0.0017222222222222222,0.0014920236544001284
baseline_male,mRMR,80,tqwt_skewnessValue_dec_27 (TQWT),0.001693236714975845,0.0032346448710033073
baseline_male,mRMR,80,meanHarmToNoiseHarmonicity (Baseline),0.0016622222222222218,0.0012615750360448529
baseline_male,mRMR,80,tqwt_skewnessValue_dec_28 (TQWT),0.0016311728395061727,0.002385957077608293
baseline_male,mRMR,80,tqwt_energy_dec_15 (TQWT),0.0016149572649572647,0.00266714138574393
baseline_male,mRMR,80,app_TKEO_std_9_coef (Wavelet),0.001603864734299517,0.001453557010039207
baseline_male,mRMR,80,tqwt_medianValue_dec_22 (TQWT),0.001597777777777777,0.0019413497466553619
baseline_male,mRMR,80,VFER_mean (Vocal Fold),0.0015758047767393563,0.0016335138881809017
baseline_male,mRMR,80,app_entropy_shannon_10_coef (Wavelet),0.001548888888888889,0.002385323829120433
baseline_male,mRMR,80,f2 (Formant Frequency),0.0015359078590785904,0.001836749485793195
baseline_male,mRMR,80,tqwt_energy_dec_16 (TQWT),0.001522757697456493,0.0014398544078115393
baseline_male,mRMR,80,VFER_entropy (Vocal Fold),0.0014179646936656278,0.0018344747992347413
baseline_male,mRMR,80,tqwt_energy_dec_34 (TQWT),0.0011594202898550722,0.0010484328417690446
baseline_male,mRMR,80,tqwt_entropy_shannon_dec_7 (TQWT),0.0010402298850574715,0.00116851368169313
baseline_male,mRMR,80,tqwt_kurtosisValue_dec_29 (TQWT),0.0010244444444444441,0.0011578474038536376
baseline_male,mRMR,80,tqwt_TKEO_mean_dec_10 (TQWT),0.0010115740740740745,0.0019683183938580843
baseline_male,mRMR,80,tqwt_medianValue_dec_29 (TQWT),0.0009622222222222223,0.0008465498488846637
baseline_female,mRMR,80,std_delta_delta_log_energy (MFCC),0.024239071038251365,0.017642694872423946
baseline_female,mRMR,80,std_6th_delta_delta (MFCC),0.014844262295081961,0.012044028899547844
baseline_female,mRMR,80,tqwt_energy_dec_26 (TQWT),0.01479248366013072,0.010166456329744552
baseline_female,mRMR,80,std_7th_delta_delta (MFCC),0.014665300546448087,0.00808420757598706
baseline_female,mRMR,80,std_delta_log_energy (MFCC),0.014651639344262295,0.011971509890384252
baseline_female,mRMR,80,tqwt_entropy_log_dec_12 (TQWT),0.01447916666666667,0.014659557633968385
baseline_female,mRMR,80,tqwt_entropy_log_dec_27 (TQWT),0.013374999999999998,0.010585838111724595
baseline_female,mRMR,80,std_12th_delta (MFCC),0.013111111111111113,0.006312718023990051
baseline_female,mRMR,80,tqwt_entropy_log_dec_33 (TQWT),0.012119763205828778,0.010591128124585467
baseline_female,mRMR,80,std_6th_delta (MFCC),0.011791894353369763,0.009963252016259206
baseline_female,mRMR,80,mean_MFCC_2nd_coef (MFCC),0.011274590163934424,0.010623419509226639
baseline_female,mRMR,80,tqwt_energy_dec_25 (TQWT),0.010981746031746028,0.008600103860446722
baseline_female,mRMR,80,std_9th_delta_delta (MFCC),0.010248178506375227,0.008471689159843875
baseline_female,mRMR,80,locAbsJitter (Baseline),0.010240384615384616,0.009176685441563885
baseline_female,mRMR,80,tqwt_meanValue_dec_36 (TQWT),0.009852564102564102,0.005398077043191934
baseline_female,mRMR,80,std_7th_delta (MFCC),0.009784153005464482,0.005894726709463715
baseline_female,mRMR,80,tqwt_kurtosisValue_dec_18 (TQWT),0.00976709401709402,0.006104036687657101
baseline_female,mRMR,80,tqwt_TKEO_std_dec_12 (TQWT),0.009669854280510018,0.00876963275222199
baseline_female,mRMR,80,apq11Shimmer (Baseline),0.009664529914529915,0.005434875726534523
baseline_female,mRMR,80,app_entropy_shannon_5_coef (Wavelet),0.009579059829059829,0.0053211253921868285
baseline_female,mRMR,80,tqwt_stdValue_dec_12 (TQWT),0.009290528233151185,0.008556944441077893
baseline_female,mRMR,80,std_8th_delta_delta (MFCC),0.009165755919854279,0.008340398781346745
baseline_female,mRMR,80,app_entropy_shannon_8_coef (Wavelet),0.008775641025641026,0.005748318464400279
baseline_female,mRMR,80,GNE_SNR_TKEO (Vocal Fold),0.008538461538461538,0.008758748381799377
baseline_female,mRMR,80,app_entropy_shannon_9_coef (Wavelet),0.008493589743589743,0.005575627382870981
baseline_female,mRMR,80,std_4th_delta_delta (MFCC),0.008467948717948716,0.0066515010236386386
baseline_female,mRMR,80,tqwt_minValue_dec_13 (TQWT),0.008445707070707072,0.006476469322258455
baseline_female,mRMR,80,tqwt_energy_dec_7 (TQWT),0.008433333333333333,0.006211553997860784
baseline_female,mRMR,80,tqwt_entropy_log_dec_26 (TQWT),0.008052600472813242,0.006793506535988565
baseline_female,mRMR,80,tqwt_entropy_log_dec_35 (TQWT),0.007825694444444444,0.007784376942818328
baseline_female,mRMR,80,app_TKEO_std_4_coef (Wavelet),0.007790598290598292,0.006624293689237132
baseline_female,mRMR,80,tqwt_kurtosisValue_dec_20 (TQWT),0.0074893790849673205,0.006654835268681549
baseline_female,mRMR,80,tqwt_kurtosisValue_dec_26 (TQWT),0.00745264116575592,0.006289178258926955
baseline_female,mRMR,80,std_9th_delta (MFCC),0.007370218579234975,0.005873521535984624
baseline_female,mRMR,80,app_TKEO_std_8_coef (Wavelet),0.007272222222222221,0.005401955445003858
baseline_female,mRMR,80,tqwt_maxValue_dec_12 (TQWT),0.007253472222222225,0.005487093530486906
baseline_female,mRMR,80,tqwt_medianValue_dec_33 (TQWT),0.006822649572649573,0.004587716498667139
baseline_female,mRMR,80,tqwt_entropy_shannon_dec_17 (TQWT),0.0066369047619047605,0.004953205438838013
baseline_female,mRMR,80,tqwt_energy_dec_12 (TQWT),0.006594262295081968,0.006100889012678059
baseline_female,mRMR,80,app_TKEO_std_9_coef (Wavelet),0.006565476190476189,0.0045485642038664625
baseline_female,mRMR,80,app_det_TKEO_mean_7_coef (Wavelet),0.006490476190476191,0.005438546953669394
baseline_female,mRMR,80,DFA (Baseline),0.006360655737704916,0.005504793565794373
baseline_female,mRMR,80,app_det_TKEO_mean_3_coef (Wavelet),0.006267094017094018,0.003928504239293316
baseline_female,mRMR,80,tqwt_stdValue_dec_6 (TQWT),0.005928472222222221,0.004695527361279763
baseline_female,mRMR,80,tqwt_energy_dec_6 (TQWT),0.005905349794238683,0.006246983441614854
baseline_female,mRMR,80,std_11th_delta_delta (MFCC),0.005892987249544626,0.007318260308558641
baseline_female,mRMR,80,tqwt_minValue_dec_7 (TQWT),0.00580982905982906,0.0029200165498669095
baseline_female,mRMR,80,app_det_TKEO_mean_10_coef (Wavelet),0.005794973544973546,0.005850438262725383
baseline_female,mRMR,80,tqwt_stdValue_dec_13 (TQWT),0.005687500000000001,0.005648136683061391
baseline_female,mRMR,80,tqwt_energy_dec_11 (TQWT),0.0056862477231329695,0.0061807746068184375
baseline_female,mRMR,80,tqwt_kurtosisValue_dec_36 (TQWT),0.005589253187613843,0.005380478258487652
baseline_female,mRMR,80,std_10th_delta_delta (MFCC),0.005574225865209472,0.003958617818220459
baseline_female,mRMR,80,tqwt_maxValue_dec_11 (TQWT),0.005571493624772316,0.004957165477794367
baseline_female,mRMR,80,tqwt_entropy_log_dec_34 (TQWT),0.005565972222222221,0.0057639467210443005
baseline_female,mRMR,80,tqwt_TKEO_std_dec_13 (TQWT),0.005542735042735041,0.003482945037020557
baseline_female,mRMR,80,tqwt_TKEO_mean_dec_12 (TQWT),0.005523504273504273,0.0038334485545429998
baseline_female,mRMR,80,std_8th_delta (MFCC),0.005478597449908924,0.0055966597213513184
baseline_female,mRMR,80,tqwt_entropy_shannon_dec_11 (TQWT),0.005468553459119498,0.00471141121721145
baseline_female,mRMR,80,std_4th_delta (MFCC),0.005432336182336183,0.00470554558264192
baseline_female,mRMR,80,app_entropy_shannon_1_coef (Wavelet),0.0053680555555555565,0.002674624282253759
baseline_female,mRMR,80,tqwt_energy_dec_24 (TQWT),0.005341269841269841,0.004431004971957932
baseline_female,mRMR,80,tqwt_maxValue_dec_13 (TQWT),0.005311868686868686,0.004305124730024043
baseline_female,mRMR,80,IMF_SNR_SEO (Vocal Fold),0.005301587301587302,0.0036105115938782012
baseline_female,mRMR,80,tqwt_entropy_shannon_dec_12 (TQWT),0.005123931623931624,0.00337874220915105
baseline_female,mRMR,80,locPctJitter (Baseline),0.005037615740740741,0.004597929244276885
baseline_female,mRMR,80,tqwt_TKEO_mean_dec_33 (TQWT),0.004963675213675214,0.004061721448177007
baseline_female,mRMR,80,tqwt_meanValue_dec_11 (TQWT),0.004891025641025642,0.004174911921812191
baseline_female,mRMR,80,ppq5Jitter (Baseline),0.004873931623931623,0.004598557191325289
baseline_female,mRMR,80,meanHarmToNoiseHarmonicity (Baseline),0.004752136752136752,0.0025092532347995083
baseline_female,mRMR,80,tqwt_TKEO_std_dec_11 (TQWT),0.0046830601092896175,0.004716066478556778
baseline_female,mRMR,80,GNE_NSR_SEO (Vocal Fold),0.0045833333333333325,0.004370138568868396
baseline_female,mRMR,80,tqwt_stdValue_dec_11 (TQWT),0.004515027322404372,0.0043082168544543884
baseline_female,mRMR,80,mean_2nd_delta (MFCC),0.0044555555555555555,0.004364507186562873
baseline_female,mRMR,80,tqwt_medianValue_dec_8 (TQWT),0.004401709401709402,0.004380811818774254
baseline_female,mRMR,80,tqwt_TKEO_std_dec_7 (TQWT),0.004381944444444444,0.0032489835808977383
baseline_female,mRMR,80,tqwt_meanValue_dec_5 (TQWT),0.004322222222222222,0.0038902441684380996
baseline_female,mRMR,80,tqwt_kurtosisValue_dec_34 (TQWT),0.0042673041894353385,0.004147559428378778
baseline_female,mRMR,80,tqwt_minValue_dec_11 (TQWT),0.00425591985428051,0.004239096841104513
baseline_female,mRMR,80,app_det_TKEO_mean_8_coef (Wavelet),0.004252645502645503,0.0041183456293885845
baseline_female,mRMR,80,tqwt_kurtosisValue_dec_35 (TQWT),0.004152515723270441,0.0047761924512269745
baseline_female,mRMR,80,tqwt_energy_dec_21 (TQWT),0.004115277777777778,0.004079309965790004
baseline_female,mRMR,80,tqwt_kurtosisValue_dec_27 (TQWT),0.004094717668488161,0.004927463127501447
baseline_female,mRMR,80,std_12th_delta_delta (MFCC),0.0040920634920634915,0.0052758807893411655
baseline_female,mRMR,80,tqwt_TKEO_mean_dec_11 (TQWT),0.004065513626834381,0.0037227555097922075
baseline_female,mRMR,80,tqwt_stdValue_dec_33 (TQWT),0.004008547008547009,0.003605440957664471
baseline_female,mRMR,80,numPulses (Baseline),0.003965608465608465,0.0026442657002416427
baseline_female,mRMR,80,mean_MFCC_7th_coef (MFCC),0.003900641025641026,0.003224835237721364
baseline_female,mRMR,80,std_5th_delta (MFCC),0.0038846153846153844,0.0025186616175374463
baseline_female,mRMR,80,tqwt_TKEO_mean_dec_7 (TQWT),0.0038766339869281043,0.0029266070438809335
baseline_female,mRMR,80,std_10th_delta (MFCC),0.00386065573770492,0.0037277208703097174
baseline_female,mRMR,80,tqwt_kurtosisValue_dec_25 (TQWT),0.003742361111111111,0.003437012014022402
baseline_female,mRMR,80,IMF_SNR_entropy (Vocal Fold),0.0036613756613756605,0.0029899042353996328
baseline_female,mRMR,80,app_entropy_shannon_10_coef (Wavelet),0.003512820512820513,0.002785471640288635
baseline_female,mRMR,80,app_TKEO_std_7_coef (Wavelet),0.003444444444444445,0.002874509585746765
baseline_female,mRMR,80,RPDE (Baseline),0.0033899572649572643,0.0037780965032839092
baseline_female,mRMR,80,tqwt_medianValue_dec_10 (TQWT),0.003325059101654846,0.0036583441751763812
baseline_female,mRMR,80,tqwt_minValue_dec_12 (TQWT),0.0031898907103825136,0.0027779833120057736
baseline_female,mRMR,80,tqwt_entropy_shannon_dec_16 (TQWT),0.0030694444444444445,0.002308590528553386
baseline_female,mRMR,80,tqwt_TKEO_mean_dec_34 (TQWT),0.0030449735449735453,0.002788341816955629
baseline_female,mRMR,80,tqwt_kurtosisValue_dec_28 (TQWT),0.003017304189435337,0.002944024397543947
baseline_female,mRMR,80,tqwt_maxValue_dec_10 (TQWT),0.002998015873015872,0.002169598579707231
baseline_female,mRMR,80,tqwt_energy_dec_15 (TQWT),0.002995901639344263,0.003350012820445317
baseline_female,mRMR,80,mean_delta_log_energy (MFCC),0.002966903073286052,0.0025170215204057857
baseline_female,mRMR,80,tqwt_entropy_log_dec_28 (TQWT),0.002951388888888887,0.003460680581429384
baseline_female,mRMR,80,tqwt_TKEO_mean_dec_23 (TQWT),0.002934472934472935,0.002611231496982453
baseline_female,mRMR,80,std_MFCC_8th_coef (MFCC),0.00292989417989418,0.0026154543412062743
baseline_female,mRMR,80,tqwt_energy_dec_13 (TQWT),0.00291712204007286,0.0031895889581655683
baseline_female,mRMR,80,tqwt_stdValue_dec_35 (TQWT),0.0028484848484848484,0.002233739143702694
baseline_female,mRMR,80,tqwt_stdValue_dec_34 (TQWT),0.0027806712962962963,0.002377674066211617
baseline_female,mRMR,80,f1 (Formant Frequency),0.0027730496453900705,0.0025804015886939442
baseline_female,mRMR,80,std_MFCC_6th_coef (MFCC),0.0027520964360587,0.0022418886326519513
baseline_female,mRMR,80,tqwt_entropy_shannon_dec_35 (TQWT),0.002746527777777778,0.0027117964546798864
baseline_female,mRMR,80,tqwt_energy_dec_8 (TQWT),0.002730452674897119,0.002438415790518439
baseline_female,mRMR,80,tqwt_entropy_shannon_dec_34 (TQWT),0.0026562499999999998,0.00308689603317448
baseline_female,mRMR,80,tqwt_maxValue_dec_7 (TQWT),0.0026196581196581193,0.0023096974552313846
baseline_female,mRMR,80,tqwt_entropy_shannon_dec_18 (TQWT),0.0026175213675213678,0.0020780424546337937
baseline_female,mRMR,80,tqwt_medianValue_dec_25 (TQWT),0.0025802469135802466,0.0029548723505563148
baseline_female,mRMR,80,tqwt_medianValue_dec_22 (TQWT),0.0025213675213675213,0.0032890301484965628
baseline_female,mRMR,80,std_11th_delta (MFCC),0.002494990892531876,0.0030588179962468182
baseline_female,mRMR,80,app_entropy_shannon_6_coef (Wavelet),0.0023846153846153848,0.0020368728848043395
baseline_female,mRMR,80,tqwt_TKEO_std_dec_34 (TQWT),0.0023541666666666667,0.002267205036189478
baseline_female,mRMR,80,tqwt_maxValue_dec_6 (TQWT),0.002344650205761317,0.002333490570213055
baseline_female,mRMR,80,std_MFCC_7th_coef (MFCC),0.0022797619047619047,0.0020027024436583556
baseline_female,mRMR,80,tqwt_entropy_shannon_dec_6 (TQWT),0.0022043650793650803,0.0017419447791011847
baseline_female,mRMR,80,numPeriodsPulses (Baseline),0.002190972222222223,0.001834457934678687
baseline_female,mRMR,80,tqwt_stdValue_dec_7 (TQWT),0.0021732804232804225,0.0019662034249510506
baseline_female,mRMR,80,tqwt_meanValue_dec_7 (TQWT),0.0021506944444444442,0.0022768312331231787
baseline_female,mRMR,80,tqwt_minValue_dec_10 (TQWT),0.0021488095238095233,0.001562405093694477
baseline_female,mRMR,80,tqwt_skewnessValue_dec_27 (TQWT),0.0021047008547008545,0.0028147607443401025
baseline_female,mRMR,80,tqwt_energy_dec_14 (TQWT),0.0020868055555555553,0.0022278260619821217
baseline_female,mRMR,80,tqwt_TKEO_mean_dec_35 (TQWT),0.0020820105820105817,0.0018427932942195276
baseline_female,mRMR,80,b4 (Bandwidth),0.0020376984126984124,0.002208713302232008
baseline_female,mRMR,80,mean_1st_delta (MFCC),0.0019548611111111108,0.0015877558926439825
baseline_female,mRMR,80,tqwt_TKEO_mean_dec_10 (TQWT),0.0019358974358974362,0.0022456034918780835
baseline_female,mRMR,80,VFER_entropy (Vocal Fold),0.0019160879629629628,0.001758448345941485
baseline_female,mRMR,80,tqwt_medianValue_dec_5 (TQWT),0.0018948412698412697,0.0020285412887863746
baseline_female,mRMR,80,std_5th_delta_delta (MFCC),0.001873931623931624,0.0016374464285071459
baseline_female,mRMR,80,tqwt_skewnessValue_dec_28 (TQWT),0.0018596866096866093,0.0020384112340648655
baseline_female,mRMR,80,f2 (Formant Frequency),0.0017990196078431372,0.0022457572032932387
baseline_female,mRMR,80,tqwt_energy_dec_34 (TQWT),0.0017799145299145303,0.0015325928924019496
baseline_female,mRMR,80,GNE_SNR_SEO (Vocal Fold),0.001728535353535354,0.0016351220022582413
baseline_female,mRMR,80,VFER_mean (Vocal Fold),0.0016765046296296291,0.0014200869597547072
baseline_female,mRMR,80,tqwt_medianValue_dec_29 (TQWT),0.001662393162393163,0.0016024364473521463
baseline_female,mRMR,80,tqwt_energy_dec_16 (TQWT),0.0016301587301587304,0.0016481396004828994
baseline_female,mRMR,80,tqwt_TKEO_std_dec_10 (TQWT),0.0015606995884773665,0.0018610048130037965
baseline_female,mRMR,80,tqwt_TKEO_std_dec_9 (TQWT),0.001519841269841269,0.0012973056111281176
baseline_female,mRMR,80,tqwt_entropy_shannon_dec_7 (TQWT),0.0014404761904761904,0.0014252429478223917
baseline_female,mRMR,80,tqwt_kurtosisValue_dec_29 (TQWT),0.0014166666666666663,0.0011719884805564426
baseline_female,mRMR,80,app_det_TKEO_mean_9_coef (Wavelet),0.001152777777777778,0.0010860350018377424
baseline_female,mRMR,80,tqwt_entropy_shannon_dec_10 (TQWT),0.0010256410256410254,0.0010228546065944785
baseline,mRMR,90,std_delta_delta_log_energy (MFCC),0.01654938271604938,0.014597105297358253
baseline,mRMR,90,std_6th_delta_delta (MFCC),0.012310846560846557,0.010803973184644251
baseline,mRMR,90,std_7th_delta_delta (MFCC),0.011996252204585537,0.007006242926542534
baseline,mRMR,90,std_delta_log_energy (MFCC),0.011613977072310405,0.01102253602106172
baseline,mRMR,90,tqwt_entropy_log_dec_12 (TQWT),0.011007150715071504,0.011018941657963802
baseline,mRMR,90,tqwt_entropy_log_dec_27 (TQWT),0.010038742690058475,0.008165157816991729
baseline,mRMR,90,tqwt_energy_dec_26 (TQWT),0.008934878587196467,0.007010263585772719
baseline,mRMR,90,app_entropy_shannon_5_coef (Wavelet),0.008877995642701522,0.003780287365308143
baseline,mRMR,90,tqwt_TKEO_std_dec_12 (TQWT),0.00884391534391534,0.0077352888036850125
baseline,mRMR,90,tqwt_kurtosisValue_dec_18 (TQWT),0.008744008714596949,0.00453881997312755
baseline,mRMR,90,tqwt_energy_dec_25 (TQWT),0.008679592959295929,0.007992820914428909
baseline,mRMR,90,std_6th_delta (MFCC),0.008666666666666663,0.0069507994468765285
baseline,mRMR,90,tqwt_entropy_shannon_dec_13 (TQWT),0.008540305010893248,0.005161040589342022
baseline,mRMR,90,apq11Shimmer (Baseline),0.008412854030501089,0.006109505253874489
baseline,mRMR,90,app_entropy_shannon_4_coef (Wavelet),0.008328976034858387,0.0047439538201911385
baseline,mRMR,90,GNE_SNR_TKEO (Vocal Fold),0.008054421768707482,0.007784902339711987
baseline,mRMR,90,tqwt_maxValue_dec_13 (TQWT),0.008040305010893246,0.004838993337325977
baseline,mRMR,90,std_8th_delta_delta (MFCC),0.007867504409171073,0.00614099489348472
baseline,mRMR,90,locAbsJitter (Baseline),0.007845117845117844,0.008885657513932745
baseline,mRMR,90,tqwt_entropy_log_dec_33 (TQWT),0.007599206349206346,0.007701796238548227
baseline,mRMR,90,std_7th_delta (MFCC),0.007504629629629627,0.004376220177442178
baseline,mRMR,90,tqwt_entropy_log_dec_28 (TQWT),0.007470555555555555,0.0066656746521313506
baseline,mRMR,90,mean_MFCC_2nd_coef (MFCC),0.007347883597883596,0.007469896017233902
baseline,mRMR,90,std_9th_delta_delta (MFCC),0.007171296296296295,0.0060975646734794985
baseline,mRMR,90,tqwt_stdValue_dec_13 (TQWT),0.007119825708061,0.004032464089869757
baseline,mRMR,90,tqwt_TKEO_std_dec_13 (TQWT),0.007092047930283228,0.0055644564130670334
baseline,mRMR,90,DFA (Baseline),0.006928350970017632,0.006378332309157791
baseline,mRMR,90,std_9th_delta (MFCC),0.006919973544973545,0.005087710099224502
baseline,mRMR,90,tqwt_kurtosisValue_dec_20 (TQWT),0.0068546725533480506,0.006971631720168279
baseline,mRMR,90,app_TKEO_std_9_coef (Wavelet),0.006825708061002177,0.0055583803448024105
baseline,mRMR,90,tqwt_stdValue_dec_12 (TQWT),0.006777777777777775,0.006975110802973681
baseline,mRMR,90,std_4th_delta (MFCC),0.006595925925925925,0.0042353721591902975
baseline,mRMR,90,app_entropy_shannon_8_coef (Wavelet),0.006532777777777779,0.005253296081514395
baseline,mRMR,90,tqwt_entropy_log_dec_26 (TQWT),0.006281923714759535,0.006352714948140881
baseline,mRMR,90,tqwt_meanValue_dec_36 (TQWT),0.006077777777777777,0.006784717527185362
baseline,mRMR,90,app_entropy_shannon_9_coef (Wavelet),0.006008714596949891,0.00396677497132446
baseline,mRMR,90,tqwt_maxValue_dec_7 (TQWT),0.005887777777777777,0.0029499615555494086
baseline,mRMR,90,tqwt_entropy_log_dec_35 (TQWT),0.005876666666666667,0.006562269922670482
baseline,mRMR,90,app_det_TKEO_mean_6_coef (Wavelet),0.005785555555555554,0.0044749004490973136
baseline,mRMR,90,IMF_SNR_SEO (Vocal Fold),0.00573529411764706,0.004883755797686292
baseline,mRMR,90,app_det_TKEO_mean_4_coef (Wavelet),0.00571201814058957,0.005601918492827032
baseline,mRMR,90,app_LT_TKEO_mean_1_coef (Wavelet),0.005620915032679739,0.004512014310018856
baseline,mRMR,90,tqwt_energy_dec_6 (TQWT),0.0055877777777777774,0.004699272164023534
baseline,mRMR,90,IMF_NSR_TKEO (Vocal Fold),0.005576252723311547,0.004523452003644781
baseline,mRMR,90,VFER_NSR_SEO (Vocal Fold),0.0055250544662309355,0.003570190669809883
baseline,mRMR,90,tqwt_TKEO_std_dec_11 (TQWT),0.005521384479717814,0.005697276611553151
baseline,mRMR,90,app_entropy_shannon_10_coef (Wavelet),0.005466230936819171,0.0029916037156258774
baseline,mRMR,90,std_5th_delta (MFCC),0.00538047138047138,0.0031538420135953935
baseline,mRMR,90,tqwt_energy_dec_12 (TQWT),0.005343474426807759,0.006723086867058082
baseline,mRMR,90,std_8th_delta (MFCC),0.0052056878306878315,0.004895311536324094
baseline,mRMR,90,std_11th_delta_delta (MFCC),0.0051995149911816555,0.0063334484525319
baseline,mRMR,90,numPeriodsPulses (Baseline),0.005114400584795323,0.004637442216509271
baseline,mRMR,90,tqwt_kurtosisValue_dec_26 (TQWT),0.005104056437389769,0.005477592699986957
baseline,mRMR,90,std_4th_delta_delta (MFCC),0.00509111111111111,0.00467319719899035
baseline,mRMR,90,tqwt_TKEO_mean_dec_12 (TQWT),0.0050620915032679745,0.003613696449562936
baseline,mRMR,90,tqwt_minValue_dec_13 (TQWT),0.005021564327485382,0.0037644582185713473
baseline,mRMR,90,tqwt_energy_dec_11 (TQWT),0.005017416225749557,0.006558725335353927
baseline,mRMR,90,tqwt_TKEO_mean_dec_33 (TQWT),0.004970588235294117,0.004915369946718791
baseline,mRMR,90,tqwt_kurtosisValue_dec_33 (TQWT),0.00492156862745098,0.003511367235479807
baseline,mRMR,90,tqwt_kurtosisValue_dec_35 (TQWT),0.004792426755113322,0.004481966629604464
baseline,mRMR,90,tqwt_entropy_shannon_dec_16 (TQWT),0.0047875816993464045,0.0033762173077652347
baseline,mRMR,90,tqwt_entropy_shannon_dec_17 (TQWT),0.004775054466230937,0.0036059754214627002
baseline,mRMR,90,std_MFCC_8th_coef (MFCC),0.004743193524650481,0.003474698674722068
baseline,mRMR,90,app_TKEO_std_4_coef (Wavelet),0.004667777777777778,0.003420749547550124
baseline,mRMR,90,tqwt_energy_dec_7 (TQWT),0.004592592592592592,0.004319344962468604
baseline,mRMR,90,app_TKEO_std_8_coef (Wavelet),0.00453326023391813,0.004875036958078377
baseline,mRMR,90,tqwt_TKEO_std_dec_6 (TQWT),0.004522875816993463,0.0034726931225231832
baseline,mRMR,90,tqwt_entropy_shannon_dec_11 (TQWT),0.004413764510779436,0.004618475300301114
baseline,mRMR,90,tqwt_TKEO_std_dec_7 (TQWT),0.00431730237700387,0.004289573865474346
baseline,mRMR,90,tqwt_stdValue_dec_6 (TQWT),0.004231896075179657,0.0036790892148704014
baseline,mRMR,90,app_entropy_shannon_6_coef (Wavelet),0.004230936819172112,0.0024162979288414412
baseline,mRMR,90,app_entropy_shannon_1_coef (Wavelet),0.004218954248366014,0.004359673261380082
baseline,mRMR,90,tqwt_maxValue_dec_12 (TQWT),0.004204365079365077,0.00420198419014605
baseline,mRMR,90,std_12th_delta_delta (MFCC),0.00418409586056645,0.0045644940352333185
baseline,mRMR,90,tqwt_stdValue_dec_11 (TQWT),0.004170414462081129,0.004758682153681524
baseline,mRMR,90,tqwt_entropy_log_dec_34 (TQWT),0.004169259259259261,0.0049837330729270626
baseline,mRMR,90,tqwt_kurtosisValue_dec_36 (TQWT),0.003928791887125219,0.003702677862154924
baseline,mRMR,90,std_10th_delta_delta (MFCC),0.0039052028218694895,0.003665519704618388
baseline,mRMR,90,tqwt_maxValue_dec_11 (TQWT),0.003898589065255731,0.003399325268612694
baseline,mRMR,90,tqwt_minValue_dec_12 (TQWT),0.0038152557319223977,0.0035860857842025364
baseline,mRMR,90,app_TKEO_std_7_coef (Wavelet),0.0037679738562091513,0.0036697671945874035
baseline,mRMR,90,ppq5Jitter (Baseline),0.0037631874298540953,0.0037657625501012894
baseline,mRMR,90,mean_MFCC_8th_coef (MFCC),0.003744008714596949,0.002543052264236228
baseline,mRMR,90,GNE_NSR_SEO (Vocal Fold),0.0037211328976034853,0.0032167780815586526
baseline,mRMR,90,app_det_TKEO_mean_7_coef (Wavelet),0.003658625730994152,0.004507048736679481
baseline,mRMR,90,tqwt_kurtosisValue_dec_27 (TQWT),0.003641754850088183,0.0034741244167628615
baseline,mRMR,90,mean_2nd_delta (MFCC),0.0035632946379215037,0.005021860816815695
baseline,mRMR,90,tqwt_meanValue_dec_5 (TQWT),0.0035577777777777786,0.004388658867104944
baseline,mRMR,90,numPulses (Baseline),0.0035430283224400882,0.003013790474040528
baseline,mRMR,90,tqwt_entropy_shannon_dec_18 (TQWT),0.0034912854030501096,0.002394467829758014
baseline,mRMR,90,tqwt_skewnessValue_dec_26 (TQWT),0.0034512471655328805,0.0027166555231551252
baseline,mRMR,90,tqwt_medianValue_dec_33 (TQWT),0.00344553376906318,0.003853106424361511
baseline,mRMR,90,tqwt_entropy_shannon_dec_6 (TQWT),0.0034382309941520463,0.0028761191613500847
baseline,mRMR,90,tqwt_energy_dec_21 (TQWT),0.003369152046783626,0.00344541367214318
baseline,mRMR,90,tqwt_stdValue_dec_23 (TQWT),0.0033305830583058318,0.0024685832728277464
baseline,mRMR,90,IMF_SNR_entropy (Vocal Fold),0.0032298474945533784,0.003282536811427716
baseline,mRMR,90,std_10th_delta (MFCC),0.0032248677248677255,0.002931407464843092
baseline,mRMR,90,locPctJitter (Baseline),0.003223327805417358,0.003865334829529897
baseline,mRMR,90,app_det_TKEO_mean_10_coef (Wavelet),0.0032022222222222226,0.00296962741455821
baseline,mRMR,90,tqwt_TKEO_std_dec_34 (TQWT),0.0031928104575163403,0.0048974168826497735
baseline,mRMR,90,tqwt_energy_dec_24 (TQWT),0.0031917211328976046,0.0027203862198003086
baseline,mRMR,90,app_TKEO_std_10_coef (Wavelet),0.0031655773420479305,0.0023948269611782317
baseline,mRMR,90,tqwt_kurtosisValue_dec_17 (TQWT),0.0031448801742919395,0.002542453344639808
baseline,mRMR,90,mean_MFCC_7th_coef (MFCC),0.003135555555555555,0.002502275936647274
baseline,mRMR,90,tqwt_kurtosisValue_dec_34 (TQWT),0.0031194885361552046,0.003655398214016156
baseline,mRMR,90,tqwt_stdValue_dec_28 (TQWT),0.0031054421768707493,0.0027830675257003224
baseline,mRMR,90,tqwt_minValue_dec_11 (TQWT),0.0030989858906525563,0.004493656439648356
baseline,mRMR,90,f1 (Formant Frequency),0.003068269762299614,0.002676475455930679
baseline,mRMR,90,std_MFCC_6th_coef (MFCC),0.00300995024875622,0.002472008772080832
baseline,mRMR,90,tqwt_entropy_shannon_dec_34 (TQWT),0.003008015478164732,0.004215196919862567
baseline,mRMR,90,tqwt_minValue_dec_6 (TQWT),0.0029888888888888886,0.0032647683537548036
baseline,mRMR,90,app_det_TKEO_mean_3_coef (Wavelet),0.0029648526077097497,0.002148167539903854
baseline,mRMR,90,std_11th_delta (MFCC),0.002915123456790124,0.0031090845501055646
baseline,mRMR,90,mean_delta_log_energy (MFCC),0.002833056937534551,0.0024503655186242593
baseline,mRMR,90,std_12th_delta (MFCC),0.0027952069716775606,0.0024210106701983442
baseline,mRMR,90,tqwt_kurtosisValue_dec_28 (TQWT),0.0027656525573192246,0.0029906792415149578
baseline,mRMR,90,tqwt_entropy_shannon_dec_35 (TQWT),0.0027570480928689888,0.004353304306087982
baseline,mRMR,90,tqwt_energy_dec_13 (TQWT),0.0027528659611992952,0.00271512792765651
baseline,mRMR,90,tqwt_stdValue_dec_33 (TQWT),0.0027463524130190795,0.003325640161456677
baseline,mRMR,90,tqwt_TKEO_mean_dec_7 (TQWT),0.0026807407407407405,0.00309097391081544
baseline,mRMR,90,tqwt_stdValue_dec_35 (TQWT),0.002649122807017544,0.003377246888019685
baseline,mRMR,90,tqwt_TKEO_mean_dec_11 (TQWT),0.002563571033720287,0.002919795600377191
baseline,mRMR,90,RPDE (Baseline),0.002484444444444445,0.002462037799285053
baseline,mRMR,90,tqwt_TKEO_mean_dec_34 (TQWT),0.002474697469746975,0.00379708624034726
baseline,mRMR,90,tqwt_kurtosisValue_dec_25 (TQWT),0.002441481481481482,0.003249279177334889
baseline,mRMR,90,tqwt_energy_dec_16 (TQWT),0.002405582922824303,0.0020452612986383645
baseline,mRMR,90,tqwt_medianValue_dec_8 (TQWT),0.0023540305010893246,0.0024902089162220876
baseline,mRMR,90,tqwt_maxValue_dec_10 (TQWT),0.002348583877995642,0.001502235113158459
baseline,mRMR,90,b4 (Bandwidth),0.00233442265795207,0.0021501986114596493
baseline,mRMR,90,tqwt_skewnessValue_dec_28 (TQWT),0.002328358208955224,0.0026578573231686993
baseline,mRMR,90,meanHarmToNoiseHarmonicity (Baseline),0.002309368191721133,0.001792244735453101
baseline,mRMR,90,tqwt_TKEO_mean_dec_35 (TQWT),0.0022866666666666656,0.0032409792483591
baseline,mRMR,90,tqwt_meanValue_dec_11 (TQWT),0.0022740986019131717,0.003056275070873075
baseline,mRMR,90,tqwt_entropy_log_dec_11 (TQWT),0.0022418300653594767,0.0018430703526272137
baseline,mRMR,90,tqwt_meanValue_dec_7 (TQWT),0.0022207505518763793,0.002318315795498455
baseline,mRMR,90,tqwt_entropy_shannon_dec_7 (TQWT),0.0022016666666666673,0.002115043400067586
baseline,mRMR,90,tqwt_TKEO_mean_dec_23 (TQWT),0.002185925925925926,0.0017390729153045307
baseline,mRMR,90,tqwt_medianValue_dec_10 (TQWT),0.002149806522940852,0.0020035593694908062
baseline,mRMR,90,tqwt_minValue_dec_7 (TQWT),0.002108888888888889,0.0020319948896144737
baseline,mRMR,90,tqwt_maxValue_dec_6 (TQWT),0.002064356435643564,0.0021517106022076685
baseline,mRMR,90,tqwt_stdValue_dec_34 (TQWT),0.002059701492537313,0.002239105807373694
baseline,mRMR,90,GNE_SNR_SEO (Vocal Fold),0.00201797385620915,0.0020858496536079337
baseline,mRMR,90,tqwt_medianValue_dec_25 (TQWT),0.0019883333333333333,0.002519996763164974
baseline,mRMR,90,tqwt_energy_dec_15 (TQWT),0.0019682539682539684,0.002312812406983311
baseline,mRMR,90,std_5th_delta_delta (MFCC),0.0019388888888888884,0.001863581729637188
baseline,mRMR,90,tqwt_TKEO_std_dec_9 (TQWT),0.001929193899782135,0.0018349965352893577
baseline,mRMR,90,tqwt_energy_dec_8 (TQWT),0.0019250000000000005,0.002168707768547575
baseline,mRMR,90,tqwt_medianValue_dec_22 (TQWT),0.0018965141612200434,0.00215923206039188
baseline,mRMR,90,app_det_TKEO_mean_8_coef (Wavelet),0.0018366666666666668,0.0018041891465150831
baseline,mRMR,90,tqwt_energy_dec_14 (TQWT),0.0018223104056437397,0.0018227639655040762
baseline,mRMR,90,f2 (Formant Frequency),0.0017733554449972362,0.0018743635414113786
baseline,mRMR,90,tqwt_energy_dec_10 (TQWT),0.0017657952069716776,0.0014204590504214628
baseline,mRMR,90,VFER_entropy (Vocal Fold),0.001738095238095238,0.001697052275091819
baseline,mRMR,90,tqwt_skewnessValue_dec_27 (TQWT),0.0017120181405895687,0.002596285678400891
baseline,mRMR,90,det_LT_entropy_log_3_coef (Wavelet),0.0016949891067538129,0.0013968938560449022
baseline,mRMR,90,tqwt_TKEO_std_dec_15 (TQWT),0.0016949891067538118,0.0013592318696474678
baseline,mRMR,90,std_MFCC_7th_coef (MFCC),0.0016819172113289765,0.0014968728950252178
baseline,mRMR,90,tqwt_entropy_shannon_dec_10 (TQWT),0.0016056105610561056,0.001259560080416764
baseline,mRMR,90,tqwt_stdValue_dec_7 (TQWT),0.001602777777777778,0.001538461344915137
baseline,mRMR,90,mean_1st_delta (MFCC),0.001516339869281046,0.0016080440956495851
baseline,mRMR,90,tqwt_entropy_shannon_dec_12 (TQWT),0.001510893246187364,0.0012835658826973212
baseline,mRMR,90,tqwt_TKEO_std_dec_10 (TQWT),0.00148019801980198,0.001406051084280918
baseline,mRMR,90,tqwt_medianValue_dec_35 (TQWT),0.0014607843137254904,0.0015230639980672066
baseline,mRMR,90,tqwt_medianValue_dec_5 (TQWT),0.0014542483660130718,0.00148742724207996
baseline,mRMR,90,app_det_TKEO_mean_9_coef (Wavelet),0.0014477124183006535,0.001645975797546668
baseline,mRMR,90,tqwt_TKEO_mean_dec_10 (TQWT),0.0013688888888888887,0.001987806478526665
baseline,mRMR,90,tqwt_minValue_dec_10 (TQWT),0.0013649237472766885,0.001289967988007044
baseline,mRMR,90,tqwt_kurtosisValue_dec_29 (TQWT),0.0013529411764705876,0.0017298274658403097
baseline,mRMR,90,tqwt_medianValue_dec_29 (TQWT),0.0013333333333333333,0.0012358852214917671
baseline,mRMR,90,VFER_mean (Vocal Fold),0.0012837985769020253,0.0013500731863439162
baseline,mRMR,90,tqwt_energy_dec_34 (TQWT),0.0012834467120181406,0.0014903820220105025
baseline_male,mRMR,90,std_delta_delta_log_energy (MFCC),0.01423205128205128,0.014458400414274541
baseline_male,mRMR,90,std_delta_log_energy (MFCC),0.01088247863247863,0.011162541570571546
baseline_male,mRMR,90,tqwt_entropy_log_dec_12 (TQWT),0.010517890772128058,0.011819286907450372
baseline_male,mRMR,90,std_6th_delta_delta (MFCC),0.00998247863247863,0.008587082232793041
baseline_male,mRMR,90,std_7th_delta_delta (MFCC),0.008898717948717947,0.006303536641251064
baseline_male,mRMR,90,std_6th_delta (MFCC),0.007567094017094019,0.006625406798157125
baseline_male,mRMR,90,DFA (Baseline),0.007470940170940169,0.007111940787871494
baseline_male,mRMR,90,tqwt_entropy_shannon_dec_13 (TQWT),0.007442857142857143,0.004835147127145951
baseline_male,mRMR,90,tqwt_energy_dec_25 (TQWT),0.0072243186582809215,0.007288806782920402
baseline_male,mRMR,90,tqwt_kurtosisValue_dec_18 (TQWT),0.007077777777777777,0.004473422795970835
baseline_male,mRMR,90,tqwt_stdValue_dec_13 (TQWT),0.0067126984126984115,0.005080994377728032
baseline_male,mRMR,90,tqwt_kurtosisValue_dec_20 (TQWT),0.006605087014725568,0.007031801864301622
baseline_male,mRMR,90,apq11Shimmer (Baseline),0.0064355555555555555,0.006424655336762914
baseline_male,mRMR,90,std_4th_delta_delta (MFCC),0.006280092592592593,0.003874076838784719
baseline_male,mRMR,90,std_9th_delta_delta (MFCC),0.006276068376068376,0.005258526073968396
baseline_male,mRMR,90,std_8th_delta_delta (MFCC),0.00617051282051282,0.004762412878858014
baseline_male,mRMR,90,tqwt_entropy_shannon_dec_18 (TQWT),0.006008888888888888,0.0035110179787701526
baseline_male,mRMR,90,std_4th_delta (MFCC),0.005886574074074074,0.003775361411816932
baseline_male,mRMR,90,std_7th_delta (MFCC),0.005840170940170939,0.0036604814973147893
baseline_male,mRMR,90,tqwt_entropy_log_dec_27 (TQWT),0.005677910052910053,0.008097348258788425
baseline_male,mRMR,90,tqwt_entropy_shannon_dec_17 (TQWT),0.005612068965517242,0.003860948690289805
baseline_male,mRMR,90,tqwt_TKEO_std_dec_12 (TQWT),0.005573931623931626,0.007081977333659521
baseline_male,mRMR,90,tqwt_entropy_log_dec_33 (TQWT),0.0054115384615384616,0.006129721718315574
baseline_male,mRMR,90,tqwt_entropy_shannon_dec_16 (TQWT),0.005331746031746031,0.003372090011549372
baseline_male,mRMR,90,tqwt_entropy_log_dec_28 (TQWT),0.005309386973180075,0.0057026992229487995
baseline_male,mRMR,90,tqwt_maxValue_dec_13 (TQWT),0.005262452107279695,0.004471786398381257
baseline_male,mRMR,90,tqwt_maxValue_dec_7 (TQWT),0.0052268518518518515,0.003078816709109318
baseline_male,mRMR,90,IMF_SNR_SEO (Vocal Fold),0.005198067632850242,0.003547331152084349
baseline_male,mRMR,90,mean_MFCC_2nd_coef (MFCC),0.005096581196581196,0.00639980583320767
baseline_male,mRMR,90,GNE_SNR_TKEO (Vocal Fold),0.004997584541062801,0.006505433422486009
baseline_male,mRMR,90,IMF_NSR_TKEO (Vocal Fold),0.004881642512077294,0.004332871529811658
baseline_male,mRMR,90,tqwt_energy_dec_6 (TQWT),0.004857142857142858,0.004162848558232908
baseline_male,mRMR,90,tqwt_energy_dec_26 (TQWT),0.004840696117804553,0.005926393961896413
baseline_male,mRMR,90,std_5th_delta (MFCC),0.004742316784869976,0.0029886342355946857
baseline_male,mRMR,90,std_9th_delta (MFCC),0.00472991452991453,0.003944359480960264
baseline_male,mRMR,90,tqwt_kurtosisValue_dec_35 (TQWT),0.004636842105263158,0.004854674772256818
baseline_male,mRMR,90,std_8th_delta (MFCC),0.0045995726495726506,0.004688754477940351
baseline_male,mRMR,90,tqwt_minValue_dec_13 (TQWT),0.004586043360433604,0.004440657279077169
baseline_male,mRMR,90,tqwt_medianValue_dec_33 (TQWT),0.004548888888888888,0.0041824721246020375
baseline_male,mRMR,90,std_MFCC_8th_coef (MFCC),0.004433065595716199,0.003469881924963559
baseline_male,mRMR,90,tqwt_entropy_log_dec_34 (TQWT),0.004344444444444445,0.004289327944956745
baseline_male,mRMR,90,tqwt_kurtosisValue_dec_17 (TQWT),0.004251111111111111,0.003029431870410269
baseline_male,mRMR,90,tqwt_meanValue_dec_5 (TQWT),0.004217460317460318,0.006064912193923505
baseline_male,mRMR,90,tqwt_entropy_log_dec_35 (TQWT),0.004136507936507937,0.004580184126289926
baseline_male,mRMR,90,tqwt_entropy_log_dec_26 (TQWT),0.004081516095534787,0.004897439557773956
baseline_male,mRMR,90,tqwt_TKEO_std_dec_11 (TQWT),0.003967094017094018,0.005076533636398896
baseline_male,mRMR,90,tqwt_stdValue_dec_12 (TQWT),0.003913675213675214,0.006572337005011147
baseline_male,mRMR,90,tqwt_energy_dec_11 (TQWT),0.0038884615384615377,0.006037469471196215
baseline_male,mRMR,90,std_11th_delta_delta (MFCC),0.003828632478632479,0.003470986878437031
baseline_male,mRMR,90,tqwt_entropy_shannon_dec_11 (TQWT),0.0037538011695906434,0.004727379026100498
baseline_male,mRMR,90,tqwt_meanValue_dec_36 (TQWT),0.003744212962962962,0.003695264257264911
baseline_male,mRMR,90,mean_MFCC_8th_coef (MFCC),0.00373968253968254,0.0025005259926923857
baseline_male,mRMR,90,tqwt_maxValue_dec_12 (TQWT),0.003720940170940171,0.004106042631166446
baseline_male,mRMR,90,tqwt_TKEO_std_dec_7 (TQWT),0.003701058201058201,0.003359420046995821
baseline_male,mRMR,90,tqwt_stdValue_dec_11 (TQWT),0.003647435897435897,0.005219214821071637
baseline_male,mRMR,90,mean_2nd_delta (MFCC),0.003642105263157894,0.0061617621859450245
baseline_male,mRMR,90,tqwt_energy_dec_7 (TQWT),0.0036079365079365083,0.003584732676384166
baseline_male,mRMR,90,tqwt_TKEO_std_dec_13 (TQWT),0.00357986111111111,0.005987262079338285
baseline_male,mRMR,90,tqwt_stdValue_dec_6 (TQWT),0.003542328042328042,0.003211269337109035
baseline_male,mRMR,90,tqwt_TKEO_std_dec_34 (TQWT),0.0035349206349206365,0.005254002098832667
baseline_male,mRMR,90,tqwt_kurtosisValue_dec_28 (TQWT),0.0034696581196581194,0.0036515431110951046
baseline_male,mRMR,90,IMF_SNR_entropy (Vocal Fold),0.0034111111111111104,0.003932523667573701
baseline_male,mRMR,90,tqwt_entropy_shannon_dec_6 (TQWT),0.003396341463414634,0.002526769186965179
baseline_male,mRMR,90,tqwt_minValue_dec_6 (TQWT),0.0033194444444444443,0.004182996170689887
baseline_male,mRMR,90,app_det_TKEO_mean_6_coef (Wavelet),0.0033032407407407416,0.0020980142614079435
baseline_male,mRMR,90,std_10th_delta_delta (MFCC),0.00328034188034188,0.0029678917581463455
baseline_male,mRMR,90,tqwt_kurtosisValue_dec_36 (TQWT),0.003255555555555556,0.0033518451976033378
baseline_male,mRMR,90,std_12th_delta_delta (MFCC),0.0032510040160642567,0.0037151040787364253
baseline_male,mRMR,90,tqwt_entropy_shannon_dec_34 (TQWT),0.003250793650793651,0.0048469018754158846
baseline_male,mRMR,90,tqwt_energy_dec_21 (TQWT),0.003223765432098765,0.0035368610469810966
baseline_male,mRMR,90,tqwt_energy_dec_12 (TQWT),0.0032170940170940174,0.004945130939735808
baseline_male,mRMR,90,tqwt_TKEO_mean_dec_33 (TQWT),0.0031822222222222213,0.0034448871167640956
baseline_male,mRMR,90,app_entropy_shannon_1_coef (Wavelet),0.0031079365079365088,0.003181055446956837
baseline_male,mRMR,90,mean_MFCC_7th_coef (MFCC),0.0031006944444444445,0.0024262404808711503
baseline_male,mRMR,90,b4 (Bandwidth),0.0030869565217391294,0.0025063006707104025
baseline_male,mRMR,90,tqwt_maxValue_dec_11 (TQWT),0.003085470085470086,0.003435489417694572
baseline_male,mRMR,90,app_det_TKEO_mean_4_coef (Wavelet),0.0030603864734299515,0.004460242949515556
baseline_male,mRMR,90,app_TKEO_std_8_coef (Wavelet),0.003056910569105691,0.00292450970895541
baseline_male,mRMR,90,tqwt_kurtosisValue_dec_33 (TQWT),0.0030531400966183576,0.0028054412515155645
baseline_male,mRMR,90,app_TKEO_std_10_coef (Wavelet),0.0030412698412698403,0.0027715531600542897
baseline_male,mRMR,90,tqwt_kurtosisValue_dec_27 (TQWT),0.0030064102564102573,0.003173867957079761
baseline_male,mRMR,90,f1 (Formant Frequency),0.002976635514018692,0.0027492532380779394
baseline_male,mRMR,90,VFER_NSR_SEO (Vocal Fold),0.002968599033816425,0.003383842249264517
baseline_male,mRMR,90,tqwt_minValue_dec_12 (TQWT),0.0029675213675213674,0.0034071223280206647
baseline_male,mRMR,90,tqwt_TKEO_mean_dec_12 (TQWT),0.0029555555555555555,0.002428610332710488
baseline_male,mRMR,90,app_entropy_shannon_9_coef (Wavelet),0.002946666666666667,0.002582012158528071
baseline_male,mRMR,90,mean_delta_log_energy (MFCC),0.002922118380062305,0.002708620281947195
baseline_male,mRMR,90,tqwt_kurtosisValue_dec_34 (TQWT),0.002911965811965812,0.0038605844606935317
baseline_male,mRMR,90,tqwt_entropy_shannon_dec_35 (TQWT),0.0028666666666666675,0.004600266923545828
baseline_male,mRMR,90,tqwt_stdValue_dec_23 (TQWT),0.0028455743879472694,0.0025447399823805487
baseline_male,mRMR,90,app_TKEO_std_4_coef (Wavelet),0.002761574074074074,0.0024143912533651627
baseline_male,mRMR,90,app_LT_TKEO_mean_1_coef (Wavelet),0.0027415458937198067,0.002987656555348311
baseline_male,mRMR,90,app_TKEO_std_7_coef (Wavelet),0.0027079365079365077,0.003153886233204738
baseline_male,mRMR,90,tqwt_skewnessValue_dec_26 (TQWT),0.002702898550724637,0.0020343997455082447
baseline_male,mRMR,90,tqwt_energy_dec_24 (TQWT),0.002654589371980675,0.003051882366813271
baseline_male,mRMR,90,tqwt_TKEO_mean_dec_34 (TQWT),0.002625235404896422,0.00393854828411626
baseline_male,mRMR,90,ppq5Jitter (Baseline),0.002615839243498818,0.0026615235568775313
baseline_male,mRMR,90,tqwt_skewnessValue_dec_28 (TQWT),0.0026157894736842107,0.0027670449516766604
baseline_male,mRMR,90,std_10th_delta (MFCC),0.0025999999999999994,0.0026235209241432227
baseline_male,mRMR,90,std_MFCC_6th_coef (MFCC),0.0025929824561403514,0.002485566604921342
baseline_male,mRMR,90,tqwt_kurtosisValue_dec_26 (TQWT),0.0025846153846153844,0.0035417237701236212
baseline_male,mRMR,90,tqwt_TKEO_mean_dec_11 (TQWT),0.0025672514619883044,0.002729966803670334
baseline_male,mRMR,90,tqwt_energy_dec_16 (TQWT),0.002566978193146418,0.002280639356599416
baseline_male,mRMR,90,tqwt_stdValue_dec_35 (TQWT),0.002538617886178862,0.003872189825626233
baseline_male,mRMR,90,numPeriodsPulses (Baseline),0.0025330687830687833,0.003214482764426215
baseline_male,mRMR,90,tqwt_TKEO_std_dec_6 (TQWT),0.002487922705314009,0.0026732942824790273
baseline_male,mRMR,90,tqwt_energy_dec_13 (TQWT),0.0024585470085470087,0.002354550286614737
baseline_male,mRMR,90,tqwt_minValue_dec_11 (TQWT),0.002454273504273504,0.004319085762903618
baseline_male,mRMR,90,GNE_NSR_SEO (Vocal Fold),0.002360185185185185,0.002948195583242074
baseline_male,mRMR,90,tqwt_TKEO_mean_dec_35 (TQWT),0.0023237547892720305,0.003970455786606491
baseline_male,mRMR,90,tqwt_meanValue_dec_7 (TQWT),0.0022981220657276986,0.002762893657451941
baseline_male,mRMR,90,tqwt_medianValue_dec_25 (TQWT),0.002271739130434783,0.0027409125888156654
baseline_male,mRMR,90,tqwt_kurtosisValue_dec_25 (TQWT),0.0022595238095238085,0.003141273455391346
baseline_male,mRMR,90,tqwt_stdValue_dec_33 (TQWT),0.0022375886524822696,0.002485053258871099
baseline_male,mRMR,90,tqwt_medianValue_dec_22 (TQWT),0.0022244444444444447,0.0028113206013408573
baseline_male,mRMR,90,tqwt_stdValue_dec_34 (TQWT),0.002212169312169313,0.0024902236417279886
baseline_male,mRMR,90,tqwt_entropy_shannon_dec_7 (TQWT),0.002174329501915709,0.0018653119302914829
baseline_male,mRMR,90,RPDE (Baseline),0.002145833333333334,0.0018201875591770075
baseline_male,mRMR,90,locAbsJitter (Baseline),0.002141843971631206,0.002928238010360929
baseline_male,mRMR,90,tqwt_stdValue_dec_28 (TQWT),0.0021328502415458935,0.0024734835108047473
baseline_male,mRMR,90,app_entropy_shannon_4_coef (Wavelet),0.0021222222222222224,0.0024250527583706055
baseline_male,mRMR,90,tqwt_minValue_dec_7 (TQWT),0.0020949074074074077,0.0019146144123852655
baseline_male,mRMR,90,locPctJitter (Baseline),0.0020756613756613756,0.002607119154999519
baseline_male,mRMR,90,app_entropy_shannon_10_coef (Wavelet),0.0020666666666666667,0.0024413541754956837
baseline_male,mRMR,90,tqwt_entropy_log_dec_11 (TQWT),0.0020666666666666663,0.0018917838549491206
baseline_male,mRMR,90,std_11th_delta (MFCC),0.0020047008547008542,0.0020577337164844707
baseline_male,mRMR,90,app_entropy_shannon_6_coef (Wavelet),0.0020044444444444445,0.0020644592492931385
baseline_male,mRMR,90,tqwt_TKEO_mean_dec_7 (TQWT),0.0019647696476964766,0.0021750754705826434
baseline_male,mRMR,90,tqwt_energy_dec_8 (TQWT),0.0019577294685990333,0.0021292446366516964
baseline_male,mRMR,90,tqwt_meanValue_dec_11 (TQWT),0.0019540466392318247,0.002698767845168108
baseline_male,mRMR,90,std_12th_delta (MFCC),0.0019199999999999992,0.0017452982742402706
baseline_male,mRMR,90,meanHarmToNoiseHarmonicity (Baseline),0.0019044444444444454,0.0017825002965798655
baseline_male,mRMR,90,tqwt_TKEO_mean_dec_23 (TQWT),0.0018873456790123458,0.0013217185398392826
baseline_male,mRMR,90,tqwt_maxValue_dec_10 (TQWT),0.001886473429951691,0.0015380502771108963
baseline_male,mRMR,90,tqwt_medianValue_dec_10 (TQWT),0.0018785046728971965,0.002039527377525492
baseline_male,mRMR,90,app_entropy_shannon_8_coef (Wavelet),0.0018668981481481483,0.002889884016266275
baseline_male,mRMR,90,app_det_TKEO_mean_3_coef (Wavelet),0.0018574879227053137,0.0015409114107406325
baseline_male,mRMR,90,mean_1st_delta (MFCC),0.0018412698412698407,0.0017661617796304594
baseline_male,mRMR,90,tqwt_energy_dec_14 (TQWT),0.001808974358974359,0.0017364291866908865
baseline_male,mRMR,90,tqwt_TKEO_std_dec_9 (TQWT),0.0017777777777777779,0.00165304894243946
baseline_male,mRMR,90,tqwt_maxValue_dec_6 (TQWT),0.0017411347517730495,0.0026450331959925826
baseline_male,mRMR,90,GNE_SNR_SEO (Vocal Fold),0.0016992337164750961,0.0019003496755029532
baseline_male,mRMR,90,numPulses (Baseline),0.001638888888888888,0.0022504224032772026
baseline_male,mRMR,90,app_det_TKEO_mean_7_coef (Wavelet),0.001630758807588076,0.0014239441448068877
baseline_male,mRMR,90,tqwt_entropy_shannon_dec_12 (TQWT),0.0016266666666666662,0.0015933985436540714
baseline_male,mRMR,90,tqwt_entropy_shannon_dec_10 (TQWT),0.00157919621749409,0.001356872799404339
baseline_male,mRMR,90,tqwt_medianValue_dec_8 (TQWT),0.0015688888888888892,0.0015366135432115587
baseline_male,mRMR,90,std_5th_delta_delta (MFCC),0.0015625,0.001522249565682018
baseline_male,mRMR,90,tqwt_stdValue_dec_7 (TQWT),0.001556513409961686,0.0016307790501328533
baseline_male,mRMR,90,tqwt_TKEO_std_dec_10 (TQWT),0.0015520094562647751,0.001779082021157309
baseline_male,mRMR,90,app_entropy_shannon_5_coef (Wavelet),0.0015488888888888891,0.001847767367458427
baseline_male,mRMR,90,tqwt_skewnessValue_dec_27 (TQWT),0.0014975845410628015,0.0030906104841478856
baseline_male,mRMR,90,det_LT_entropy_log_3_coef (Wavelet),0.0014733333333333332,0.0011708547736166521
baseline_male,mRMR,90,tqwt_medianValue_dec_5 (TQWT),0.001471014492753623,0.0014725030160036383
baseline_male,mRMR,90,tqwt_energy_dec_15 (TQWT),0.0014645299145299147,0.0015742894621337126
baseline_male,mRMR,90,std_MFCC_7th_coef (MFCC),0.0014130434782608698,0.0013940257378849796
baseline_male,mRMR,90,f2 (Formant Frequency),0.0014075804776739356,0.0014078554400639603
baseline_male,mRMR,90,tqwt_energy_dec_34 (TQWT),0.001403381642512077,0.0016711718025715766
baseline_male,mRMR,90,tqwt_minValue_dec_10 (TQWT),0.001398550724637681,0.0009498096607155139
baseline_male,mRMR,90,VFER_entropy (Vocal Fold),0.0013566978193146418,0.0018082731266087454
baseline_male,mRMR,90,app_det_TKEO_mean_9_coef (Wavelet),0.0013396825396825394,0.0014704939518245088
baseline_male,mRMR,90,app_det_TKEO_mean_10_coef (Wavelet),0.0012978927203065136,0.001555292835273616
baseline_male,mRMR,90,tqwt_kurtosisValue_dec_29 (TQWT),0.00126,0.0011763561594235875
baseline_male,mRMR,90,app_det_TKEO_mean_8_coef (Wavelet),0.0012270114942528737,0.0013570973344621624
baseline_male,mRMR,90,tqwt_TKEO_std_dec_15 (TQWT),0.001219806763285024,0.0011668391866922554
baseline_male,mRMR,90,tqwt_TKEO_mean_dec_10 (TQWT),0.0010972222222222223,0.0017726292329463848
baseline_male,mRMR,90,VFER_mean (Vocal Fold),0.0010851505711318794,0.0012265229987625985
baseline_male,mRMR,90,tqwt_medianValue_dec_35 (TQWT),0.0009955555555555557,0.0010167417389700117
baseline_male,mRMR,90,app_TKEO_std_9_coef (Wavelet),0.0009516908212560392,0.0009979969519365492
baseline_male,mRMR,90,tqwt_medianValue_dec_29 (TQWT),0.0007266666666666667,0.000793952366556307
baseline_male,mRMR,90,tqwt_energy_dec_10 (TQWT),0.0006999999999999997,0.0008502781738778033
baseline_female,mRMR,90,std_delta_delta_log_energy (MFCC),0.020862021857923504,0.014560978053256077
baseline_female,mRMR,90,std_6th_delta_delta (MFCC),0.01504417122040073,0.013826796861245216
baseline_female,mRMR,90,std_7th_delta_delta (MFCC),0.014408469945355192,0.008147118598479705
baseline_female,mRMR,90,std_delta_log_energy (MFCC),0.013792349726775956,0.011289863817904243
baseline_female,mRMR,90,tqwt_entropy_log_dec_27 (TQWT),0.011705882352941175,0.009298953701364148
baseline_female,mRMR,90,apq11Shimmer (Baseline),0.010965811965811966,0.00789863446352763
baseline_female,mRMR,90,tqwt_entropy_log_dec_33 (TQWT),0.01018806921675774,0.009735845067801615
baseline_female,mRMR,90,tqwt_energy_dec_26 (TQWT),0.009984477124183008,0.006767477023558284
baseline_female,mRMR,90,tqwt_energy_dec_25 (TQWT),0.009979166666666667,0.0084210798448299
baseline_female,mRMR,90,std_6th_delta (MFCC),0.009949908925318761,0.007529267803702523
baseline_female,mRMR,90,mean_MFCC_2nd_coef (MFCC),0.009727231329690346,0.008870601443502883
baseline_female,mRMR,90,app_entropy_shannon_4_coef (Wavelet),0.009455128205128206,0.005043223925140302
baseline_female,mRMR,90,tqwt_TKEO_std_dec_12 (TQWT),0.009422586520947174,0.00842861978772202
baseline_female,mRMR,90,locAbsJitter (Baseline),0.009152777777777777,0.008650894629878003
baseline_female,mRMR,90,std_8th_delta_delta (MFCC),0.009091074681238617,0.007613777818027773
baseline_female,mRMR,90,app_entropy_shannon_5_coef (Wavelet),0.00894017094017094,0.004159862354027452
baseline_female,mRMR,90,tqwt_entropy_log_dec_12 (TQWT),0.008706349206349205,0.011216167469256721
baseline_female,mRMR,90,app_TKEO_std_9_coef (Wavelet),0.008698412698412697,0.006684838496419363
baseline_female,mRMR,90,tqwt_maxValue_dec_13 (TQWT),0.008676767676767675,0.005079468458420014
baseline_female,mRMR,90,tqwt_stdValue_dec_13 (TQWT),0.008614583333333332,0.004869109006556592
baseline_female,mRMR,90,std_7th_delta (MFCC),0.008312841530054644,0.005094341828104633
baseline_female,mRMR,90,tqwt_entropy_log_dec_35 (TQWT),0.008100694444444447,0.0065255763645094104
baseline_female,mRMR,90,tqwt_entropy_log_dec_28 (TQWT),0.00798148148148148,0.00702561099667091
baseline_female,mRMR,90,app_LT_TKEO_mean_1_coef (Wavelet),0.007952380952380952,0.004837352672266567
baseline_female,mRMR,90,tqwt_meanValue_dec_36 (TQWT),0.0079241452991453,0.007443174038443918
baseline_female,mRMR,90,std_9th_delta (MFCC),0.00777959927140255,0.006206909025942641
baseline_female,mRMR,90,tqwt_stdValue_dec_12 (TQWT),0.007765938069216758,0.006498051183123911
baseline_female,mRMR,90,std_9th_delta_delta (MFCC),0.007611111111111111,0.0071376727579650955
baseline_female,mRMR,90,tqwt_kurtosisValue_dec_18 (TQWT),0.007598290598290598,0.004785095599582092
baseline_female,mRMR,90,tqwt_TKEO_mean_dec_33 (TQWT),0.007482905982905981,0.004795424537629228
baseline_female,mRMR,90,GNE_SNR_TKEO (Vocal Fold),0.0074487179487179485,0.008361826081672318
baseline_female,mRMR,90,tqwt_kurtosisValue_dec_20 (TQWT),0.007263071895424835,0.005708765491270764
baseline_female,mRMR,90,tqwt_kurtosisValue_dec_26 (TQWT),0.00705601092896175,0.006134413146548239
baseline_female,mRMR,90,tqwt_entropy_log_dec_26 (TQWT),0.007020685579196217,0.006582615589418798
baseline_female,mRMR,90,tqwt_entropy_shannon_dec_13 (TQWT),0.007010416666666666,0.007698930435218628
baseline_female,mRMR,90,app_entropy_shannon_8_coef (Wavelet),0.00692094017094017,0.00517681794009871
baseline_female,mRMR,90,tqwt_TKEO_std_dec_11 (TQWT),0.006623406193078323,0.005936218204380579
baseline_female,mRMR,90,tqwt_TKEO_std_dec_13 (TQWT),0.006621399176954732,0.003950217502872382
baseline_female,mRMR,90,DFA (Baseline),0.006524134790528232,0.005741072913587959
baseline_female,mRMR,90,IMF_NSR_TKEO (Vocal Fold),0.00645436507936508,0.005405222769978109
baseline_female,mRMR,90,tqwt_energy_dec_12 (TQWT),0.00643032786885246,0.007455055801285088
baseline_female,mRMR,90,app_entropy_shannon_10_coef (Wavelet),0.00629059829059829,0.0034128434841786477
baseline_female,mRMR,90,app_det_TKEO_mean_4_coef (Wavelet),0.006166666666666667,0.00495528344848547
baseline_female,mRMR,90,std_4th_delta_delta (MFCC),0.006155982905982906,0.004982750892108338
baseline_female,mRMR,90,app_entropy_shannon_1_coef (Wavelet),0.006027777777777777,0.003604622284297031
baseline_female,mRMR,90,std_4th_delta (MFCC),0.005857549857549858,0.005172363602333777
baseline_female,mRMR,90,tqwt_energy_dec_11 (TQWT),0.005840619307832423,0.006949301622470026
baseline_female,mRMR,90,app_entropy_shannon_9_coef (Wavelet),0.005758547008547008,0.004007806904968873
baseline_female,mRMR,90,VFER_NSR_SEO (Vocal Fold),0.005734126984126985,0.0031235298065204354
baseline_female,mRMR,90,tqwt_energy_dec_6 (TQWT),0.005719444444444444,0.005234460224476259
baseline_female,mRMR,90,std_5th_delta (MFCC),0.00559508547008547,0.003793321436357516
baseline_female,mRMR,90,std_8th_delta (MFCC),0.005504098360655739,0.005078941352081021
baseline_female,mRMR,90,tqwt_TKEO_mean_dec_12 (TQWT),0.00542094017094017,0.003826478376645655
baseline_female,mRMR,90,tqwt_stdValue_dec_11 (TQWT),0.005415300546448089,0.004736427982265745
baseline_female,mRMR,90,tqwt_energy_dec_7 (TQWT),0.005385995370370371,0.004630629130557895
baseline_female,mRMR,90,tqwt_maxValue_dec_7 (TQWT),0.005356837606837606,0.0028622441924898404
baseline_female,mRMR,90,tqwt_entropy_shannon_dec_11 (TQWT),0.005339622641509435,0.004913781230787076
baseline_female,mRMR,90,tqwt_maxValue_dec_12 (TQWT),0.005242714025500911,0.004169786964493252
baseline_female,mRMR,90,std_12th_delta_delta (MFCC),0.005195238095238094,0.005337889657751381
baseline_female,mRMR,90,tqwt_entropy_log_dec_34 (TQWT),0.005134027777777778,0.004893849922679063
baseline_female,mRMR,90,tqwt_maxValue_dec_11 (TQWT),0.005101548269581058,0.0039021822760634973
baseline_female,mRMR,90,std_10th_delta_delta (MFCC),0.005099271402550092,0.004145105428221381
baseline_female,mRMR,90,numPeriodsPulses (Baseline),0.004984477124183006,0.0043817122314044315
baseline_female,mRMR,90,tqwt_TKEO_std_dec_6 (TQWT),0.004962301587301587,0.002956325461546672
baseline_female,mRMR,90,std_11th_delta_delta (MFCC),0.0049330601092896185,0.006962773152329909
baseline_female,mRMR,90,IMF_SNR_SEO (Vocal Fold),0.004922619047619047,0.004781745634980133
baseline_female,mRMR,90,app_det_TKEO_mean_7_coef (Wavelet),0.004827777777777778,0.004866653102746313
baseline_female,mRMR,90,tqwt_entropy_shannon_dec_16 (TQWT),0.004663194444444445,0.0040603441118383776
baseline_female,mRMR,90,std_10th_delta (MFCC),0.0046429872495446275,0.003766840542536456
baseline_female,mRMR,90,app_det_TKEO_mean_6_coef (Wavelet),0.004602564102564102,0.003354610745438769
baseline_female,mRMR,90,std_MFCC_8th_coef (MFCC),0.004560457516339869,0.0035614696891655907
baseline_female,mRMR,90,tqwt_stdValue_dec_33 (TQWT),0.004539529914529913,0.004792284426918964
baseline_female,mRMR,90,app_TKEO_std_8_coef (Wavelet),0.004538095238095238,0.004724001692965336
baseline_female,mRMR,90,tqwt_kurtosisValue_dec_33 (TQWT),0.004533730158730159,0.004039445712130337
baseline_female,mRMR,90,GNE_NSR_SEO (Vocal Fold),0.004529100529100529,0.004355230794500862
baseline_female,mRMR,90,tqwt_TKEO_std_dec_7 (TQWT),0.004483217592592593,0.004103435194679323
baseline_female,mRMR,90,tqwt_skewnessValue_dec_26 (TQWT),0.004478632478632479,0.003518592030981977
baseline_female,mRMR,90,tqwt_stdValue_dec_28 (TQWT),0.004457264957264956,0.0027176452832545837
baseline_female,mRMR,90,tqwt_minValue_dec_13 (TQWT),0.004432539682539682,0.00383596046232753
baseline_female,mRMR,90,locPctJitter (Baseline),0.004361689814814814,0.004567774385121966
baseline_female,mRMR,90,tqwt_minValue_dec_12 (TQWT),0.004295537340619309,0.003353525344635139
baseline_female,mRMR,90,tqwt_minValue_dec_11 (TQWT),0.0042682149362477245,0.004620162354702789
baseline_female,mRMR,90,tqwt_entropy_shannon_dec_17 (TQWT),0.004193181818181819,0.0026643461233946124
baseline_female,mRMR,90,tqwt_kurtosisValue_dec_35 (TQWT),0.004192348008385744,0.004402241185156725
baseline_female,mRMR,90,tqwt_kurtosisValue_dec_36 (TQWT),0.004174863387978142,0.003844772635346763
baseline_female,mRMR,90,app_entropy_shannon_6_coef (Wavelet),0.00414957264957265,0.0025354043914680405
baseline_female,mRMR,90,app_TKEO_std_7_coef (Wavelet),0.004076388888888889,0.0025318207348180347
baseline_female,mRMR,90,IMF_SNR_entropy (Vocal Fold),0.004070105820105819,0.0033512421030353757
baseline_female,mRMR,90,ppq5Jitter (Baseline),0.00405982905982906,0.0038368122931336473
baseline_female,mRMR,90,std_12th_delta (MFCC),0.003982905982905982,0.0031008295849891706
baseline_female,mRMR,90,app_det_TKEO_mean_10_coef (Wavelet),0.00398015873015873,0.003265959593058687
baseline_female,mRMR,90,numPulses (Baseline),0.003914021164021164,0.002831154780256764
baseline_female,mRMR,90,tqwt_energy_dec_24 (TQWT),0.0038611111111111116,0.003051414986949368
baseline_female,mRMR,90,tqwt_stdValue_dec_6 (TQWT),0.003713541666666667,0.0035743068758651857
baseline_female,mRMR,90,meanHarmToNoiseHarmonicity (Baseline),0.0036196581196581193,0.0023114149005833725
baseline_female,mRMR,90,std_11th_delta (MFCC),0.003618852459016395,0.003952273078206632
baseline_female,mRMR,90,mean_MFCC_7th_coef (MFCC),0.003569444444444444,0.002817250899092036
baseline_female,mRMR,90,std_MFCC_6th_coef (MFCC),0.0035414046121593295,0.003083022467260734
baseline_female,mRMR,90,tqwt_stdValue_dec_23 (TQWT),0.0035238095238095232,0.0024576153107988678
baseline_female,mRMR,90,tqwt_energy_dec_21 (TQWT),0.003515972222222223,0.00405220460215984
baseline_female,mRMR,90,tqwt_kurtosisValue_dec_27 (TQWT),0.0035150273224043723,0.003455104804166588
baseline_female,mRMR,90,tqwt_medianValue_dec_33 (TQWT),0.003485042735042735,0.004158753168947146
baseline_female,mRMR,90,mean_2nd_delta (MFCC),0.0033773584905660388,0.004588898841749158
baseline_female,mRMR,90,tqwt_entropy_log_dec_11 (TQWT),0.0033715277777777775,0.002906388085935492
baseline_female,mRMR,90,app_TKEO_std_4_coef (Wavelet),0.003361111111111111,0.0028478006838556537
baseline_female,mRMR,90,tqwt_kurtosisValue_dec_17 (TQWT),0.003294871794871795,0.0025966071598084953
baseline_female,mRMR,90,tqwt_meanValue_dec_5 (TQWT),0.0032430555555555554,0.003045325951407777
baseline_female,mRMR,90,tqwt_medianValue_dec_8 (TQWT),0.0032350427350427355,0.0028354888537952395
baseline_female,mRMR,90,tqwt_entropy_shannon_dec_34 (TQWT),0.0032204861111111115,0.003388637739959109
baseline_female,mRMR,90,tqwt_entropy_shannon_dec_6 (TQWT),0.0031261904761904764,0.0036138102385000225
baseline_female,mRMR,90,tqwt_TKEO_mean_dec_34 (TQWT),0.003103174603174604,0.00336636019349994
baseline_female,mRMR,90,tqwt_maxValue_dec_10 (TQWT),0.003101190476190476,0.0015802957243506168
baseline_female,mRMR,90,tqwt_kurtosisValue_dec_34 (TQWT),0.003081056466302369,0.0031416027050886267
baseline_female,mRMR,90,tqwt_TKEO_std_dec_34 (TQWT),0.003059027777777777,0.0023971736666049998
baseline_female,mRMR,90,app_TKEO_std_10_coef (Wavelet),0.0029756944444444444,0.0019213216932251007
baseline_female,mRMR,90,tqwt_entropy_shannon_dec_35 (TQWT),0.0029664351851851852,0.003704538858446523
baseline_female,mRMR,90,app_det_TKEO_mean_3_coef (Wavelet),0.0029102564102564104,0.002055628304340968
baseline_female,mRMR,90,tqwt_entropy_shannon_dec_18 (TQWT),0.0029081196581196575,0.0022410069493672136
baseline_female,mRMR,90,tqwt_TKEO_mean_dec_11 (TQWT),0.0028993710691823903,0.0030855325869652006
baseline_female,mRMR,90,mean_MFCC_8th_coef (MFCC),0.002878472222222222,0.0025002930285321356
baseline_female,mRMR,90,tqwt_TKEO_mean_dec_7 (TQWT),0.0028741830065359478,0.003015553212805401
baseline_female,mRMR,90,tqwt_meanValue_dec_11 (TQWT),0.0027777777777777783,0.003435876225480828
baseline_female,mRMR,90,tqwt_kurtosisValue_dec_25 (TQWT),0.002767361111111111,0.0030934874798026328
baseline_female,mRMR,90,tqwt_energy_dec_13 (TQWT),0.002765027322404372,0.0024905685809021322
baseline_female,mRMR,90,tqwt_energy_dec_15 (TQWT),0.002724954462659381,0.003175477228635048
baseline_female,mRMR,90,RPDE (Baseline),0.0027200854700854702,0.002135884494370633
baseline_female,mRMR,90,f1 (Formant Frequency),0.0026016548463356974,0.002334500051439742
baseline_female,mRMR,90,mean_delta_log_energy (MFCC),0.0025963356973995265,0.0022727428782384415
baseline_female,mRMR,90,tqwt_stdValue_dec_7 (TQWT),0.00251984126984127,0.002083544751177361
baseline_female,mRMR,90,tqwt_TKEO_mean_dec_35 (TQWT),0.0025066137566137564,0.002304816289970084
baseline_female,mRMR,90,tqwt_entropy_shannon_dec_7 (TQWT),0.0024960317460317456,0.0025847814681506896
baseline_female,mRMR,90,tqwt_energy_dec_16 (TQWT),0.002462384259259259,0.0018626972131741163
baseline_female,mRMR,90,tqwt_stdValue_dec_35 (TQWT),0.0024460317460317463,0.0023613036747051606
baseline_female,mRMR,90,tqwt_minValue_dec_6 (TQWT),0.0023952991452991447,0.00186524934101452
baseline_female,mRMR,90,tqwt_TKEO_mean_dec_23 (TQWT),0.0023767806267806267,0.0019658232197131468
baseline_female,mRMR,90,tqwt_stdValue_dec_34 (TQWT),0.0023096064814814815,0.002137256011627468
baseline_female,mRMR,90,tqwt_energy_dec_8 (TQWT),0.0022767489711934155,0.0024406808989711867
baseline_female,mRMR,90,tqwt_medianValue_dec_10 (TQWT),0.002252364066193853,0.0023050832488963943
baseline_female,mRMR,90,tqwt_medianValue_dec_22 (TQWT),0.002245726495726496,0.0020944033784172315
baseline_female,mRMR,90,tqwt_medianValue_dec_25 (TQWT),0.0022109053497942383,0.0022088029861052293
baseline_female,mRMR,90,app_det_TKEO_mean_8_coef (Wavelet),0.002177248677248677,0.001829237367714393
baseline_female,mRMR,90,det_LT_entropy_log_3_coef (Wavelet),0.0021645299145299146,0.0014607647855947783
baseline_female,mRMR,90,tqwt_meanValue_dec_7 (TQWT),0.002144444444444444,0.001904316627903261
baseline_female,mRMR,90,tqwt_minValue_dec_7 (TQWT),0.0020790598290598298,0.0015134615672576283
baseline_female,mRMR,90,GNE_SNR_SEO (Vocal Fold),0.002068181818181818,0.002457005575403406
baseline_female,mRMR,90,tqwt_kurtosisValue_dec_28 (TQWT),0.0020642076502732244,0.0025104148408886117
baseline_female,mRMR,90,std_5th_delta_delta (MFCC),0.0020320512820512825,0.0019519956289108175
baseline_female,mRMR,90,std_MFCC_7th_coef (MFCC),0.002011904761904761,0.0014549885829896847
baseline_female,mRMR,90,tqwt_energy_dec_14 (TQWT),0.0019931693989071035,0.0019122767922373318
baseline_female,mRMR,90,tqwt_energy_dec_10 (TQWT),0.0019786324786324784,0.001445837677765589
baseline_female,mRMR,90,tqwt_medianValue_dec_35 (TQWT),0.0019764957264957264,0.002041015994730636
baseline_female,mRMR,90,mean_1st_delta (MFCC),0.001972222222222223,0.0016435752606771164
baseline_female,mRMR,90,tqwt_skewnessValue_dec_28 (TQWT),0.001956498951781971,0.0026448459305446438
baseline_female,mRMR,90,tqwt_medianValue_dec_29 (TQWT),0.0019358974358974358,0.001650622071993836
baseline_female,mRMR,90,f2 (Formant Frequency),0.0018368794326241134,0.0020711893349027225
baseline_female,mRMR,90,VFER_entropy (Vocal Fold),0.00182349537037037,0.0017544809212739763
baseline_female,mRMR,90,tqwt_kurtosisValue_dec_29 (TQWT),0.001786324786324786,0.002187280796833658
baseline_female,mRMR,90,tqwt_minValue_dec_10 (TQWT),0.0017321428571428568,0.0015988235838173596
baseline_female,mRMR,90,tqwt_medianValue_dec_5 (TQWT),0.001704365079365079,0.0019182333723334417
baseline_female,mRMR,90,tqwt_maxValue_dec_6 (TQWT),0.0016697530864197528,0.0016477678213381104
baseline_female,mRMR,90,tqwt_TKEO_std_dec_9 (TQWT),0.0016527777777777778,0.001777670574913664
baseline_female,mRMR,90,VFER_mean (Vocal Fold),0.0015277777777777772,0.001493306785893114
baseline_female,mRMR,90,b4 (Bandwidth),0.0015257936507936506,0.0016128861206852853
baseline_female,mRMR,90,tqwt_TKEO_std_dec_10 (TQWT),0.0015123456790123457,0.0012409166945338407
baseline_female,mRMR,90,tqwt_entropy_shannon_dec_12 (TQWT),0.0014465811965811966,0.0014458712652043798
baseline_female,mRMR,90,tqwt_TKEO_mean_dec_10 (TQWT),0.001442307692307692,0.0015760717334569853
baseline_female,mRMR,90,tqwt_TKEO_std_dec_15 (TQWT),0.0014107142857142858,0.0011899417905541633
baseline_female,mRMR,90,tqwt_entropy_shannon_dec_10 (TQWT),0.0014053497942386832,0.001052434252008086
baseline_female,mRMR,90,app_det_TKEO_mean_9_coef (Wavelet),0.0013368055555555548,0.0012648594719752652
baseline_female,mRMR,90,tqwt_skewnessValue_dec_27 (TQWT),0.0013333333333333335,0.00189230232278251
baseline_female,mRMR,90,tqwt_energy_dec_34 (TQWT),0.0012286324786324782,0.0010636690069715082
baseline,mRMR,100,std_delta_delta_log_energy (MFCC),0.01847442680776014,0.01505284803731567
baseline,mRMR,100,std_6th_delta_delta (MFCC),0.013303571428571427,0.010462686235819679
baseline,mRMR,100,std_delta_log_energy (MFCC),0.012252204585537923,0.011877921572716176
baseline,mRMR,100,std_7th_delta_delta (MFCC),0.009826278659611993,0.006967929914680763
baseline,mRMR,100,tqwt_energy_dec_26 (TQWT),0.009223880597014922,0.007898079363776542
baseline,mRMR,100,tqwt_entropy_log_dec_27 (TQWT),0.008721116639027086,0.008230379086660914
baseline,mRMR,100,tqwt_entropy_log_dec_12 (TQWT),0.00856985698569857,0.009116286242253914
baseline,mRMR,100,std_6th_delta (MFCC),0.008514991181657848,0.006008419049144359
baseline,mRMR,100,apq11Shimmer (Baseline),0.008403050108932459,0.0056505063162324235
baseline,mRMR,100,tqwt_TKEO_std_dec_12 (TQWT),0.008169532627865959,0.008249549626378428
baseline,mRMR,100,std_9th_delta_delta (MFCC),0.008096781305114634,0.005973543825014753
baseline,mRMR,100,std_8th_delta_delta (MFCC),0.00807738095238095,0.006131289957731527
baseline,mRMR,100,app_LT_TKEO_std_3_coef (Wavelet),0.007689542483660132,0.00349090604408081
baseline,mRMR,100,app_entropy_shannon_5_coef (Wavelet),0.00768409586056645,0.0039625975829984785
baseline,mRMR,100,tqwt_entropy_log_dec_33 (TQWT),0.007348544973544974,0.007069596997455853
baseline,mRMR,100,std_7th_delta (MFCC),0.007307980599647268,0.004728638915963323
baseline,mRMR,100,mean_MFCC_2nd_coef (MFCC),0.0071931216931216905,0.007209155715904917
baseline,mRMR,100,tqwt_kurtosisValue_dec_18 (TQWT),0.00701315789473684,0.004612421236607012
baseline,mRMR,100,std_4th_delta_delta (MFCC),0.006987777777777778,0.0059943142544049005
baseline,mRMR,100,tqwt_energy_dec_25 (TQWT),0.006683718371837186,0.006627618621606512
baseline,mRMR,100,IMF_NSR_TKEO (Vocal Fold),0.006666666666666665,0.004575671426779676
baseline,mRMR,100,tqwt_energy_dec_6 (TQWT),0.006520740740740742,0.006172071865711746
baseline,mRMR,100,tqwt_entropy_shannon_dec_25 (TQWT),0.006356009070294785,0.004575122968121528
baseline,mRMR,100,DFA (Baseline),0.0061611552028218676,0.005878560631846598
baseline,mRMR,100,std_9th_delta (MFCC),0.006147707231040563,0.0050060898047876515
baseline,mRMR,100,tqwt_TKEO_std_dec_13 (TQWT),0.00609513435003631,0.0046504738871610005
baseline,mRMR,100,VFER_NSR_SEO (Vocal Fold),0.0060185185185185185,0.004145011954936042
baseline,mRMR,100,app_entropy_shannon_8_coef (Wavelet),0.005897222222222223,0.0036739933471734727
baseline,mRMR,100,locAbsJitter (Baseline),0.005689113355780023,0.006758465751100892
baseline,mRMR,100,std_8th_delta (MFCC),0.005665343915343916,0.005673032239427711
baseline,mRMR,100,tqwt_stdValue_dec_12 (TQWT),0.005543871252204583,0.00493169912720435
baseline,mRMR,100,tqwt_maxValue_dec_13 (TQWT),0.005481481481481481,0.0044646172427279755
baseline,mRMR,100,app_entropy_shannon_10_coef (Wavelet),0.005475000000000001,0.003676689579680187
baseline,mRMR,100,mean_MFCC_8th_coef (MFCC),0.0054640522875817,0.0035073513636206016
baseline,mRMR,100,app_entropy_shannon_4_coef (Wavelet),0.005305010893246188,0.004143346620424825
baseline,mRMR,100,tqwt_kurtosisValue_dec_17 (TQWT),0.0052886710239651415,0.0032759315522563363
baseline,mRMR,100,tqwt_meanValue_dec_36 (TQWT),0.005254444444444444,0.004544617434712788
baseline,mRMR,100,tqwt_entropy_log_dec_26 (TQWT),0.005239911553344388,0.005025830935148364
baseline,mRMR,100,tqwt_kurtosisValue_dec_20 (TQWT),0.005237976782752902,0.004999407550449904
baseline,mRMR,100,tqwt_TKEO_mean_dec_12 (TQWT),0.005121666666666667,0.004996107087272958
baseline,mRMR,100,tqwt_maxValue_dec_7 (TQWT),0.005108888888888888,0.003694070195730831
baseline,mRMR,100,app_LT_TKEO_mean_1_coef (Wavelet),0.0050808580858085805,0.005193121787939367
baseline,mRMR,100,tqwt_minValue_dec_13 (TQWT),0.0050756578947368436,0.003751328888632948
baseline,mRMR,100,tqwt_entropy_log_dec_35 (TQWT),0.005022592592592592,0.004377853162424366
baseline,mRMR,100,GNE_SNR_TKEO (Vocal Fold),0.005003401360544219,0.004065599333498824
baseline,mRMR,100,tqwt_kurtosisValue_dec_26 (TQWT),0.004974426807760138,0.005812125437331128
baseline,mRMR,100,tqwt_energy_dec_12 (TQWT),0.004952380952380951,0.006571255122277337
baseline,mRMR,100,tqwt_energy_dec_11 (TQWT),0.004916005291005288,0.006400454672772918
baseline,mRMR,100,IMF_SNR_SEO (Vocal Fold),0.004766884531590414,0.0033003488578938977
baseline,mRMR,100,tqwt_entropy_shannon_dec_12 (TQWT),0.004672113289760349,0.003976544082714055
baseline,mRMR,100,tqwt_TKEO_std_dec_6 (TQWT),0.004663398692810457,0.003956796589425086
baseline,mRMR,100,std_4th_delta (MFCC),0.004621111111111112,0.0035092357022656557
baseline,mRMR,100,tqwt_stdValue_dec_13 (TQWT),0.004616557734204794,0.0033049827794205187
baseline,mRMR,100,app_det_TKEO_mean_7_coef (Wavelet),0.004582236842105262,0.005512622768163587
baseline,mRMR,100,app_det_TKEO_mean_2_coef (Wavelet),0.004563180827886711,0.0027375453303376375
baseline,mRMR,100,std_11th_delta_delta (MFCC),0.004556437389770723,0.004302245901874442
baseline,mRMR,100,app_TKEO_std_4_coef (Wavelet),0.00442,0.0034207072195932644
baseline,mRMR,100,tqwt_stdValue_dec_11 (TQWT),0.004413359788359786,0.0047848666208304405
baseline,mRMR,100,tqwt_stdValue_dec_5 (TQWT),0.004258169934640524,0.004118890175514489
baseline,mRMR,100,tqwt_TKEO_std_dec_11 (TQWT),0.004191358024691357,0.00461997059599427
baseline,mRMR,100,tqwt_TKEO_std_dec_5 (TQWT),0.004188208616780045,0.005607238476209845
baseline,mRMR,100,tqwt_kurtosisValue_dec_35 (TQWT),0.004130458817025979,0.003927243797625097
baseline,mRMR,100,tqwt_maxValue_dec_11 (TQWT),0.00412389770723104,0.004491715114521702
baseline,mRMR,100,tqwt_energy_dec_7 (TQWT),0.004105859590934219,0.003566225577537085
baseline,mRMR,100,tqwt_entropy_shannon_dec_33 (TQWT),0.004053376906318082,0.004299405541442306
baseline,mRMR,100,tqwt_maxValue_dec_12 (TQWT),0.003996252204585538,0.004588948467777144
baseline,mRMR,100,tqwt_meanValue_dec_16 (TQWT),0.003983660130718954,0.0047145400289846425
baseline,mRMR,100,tqwt_kurtosisValue_dec_36 (TQWT),0.003944664902998237,0.003425812425968741
baseline,mRMR,100,ppq5Jitter (Baseline),0.003940516273849609,0.004756615516730596
baseline,mRMR,100,tqwt_energy_dec_27 (TQWT),0.0039308390022675735,0.0033799729998907502
baseline,mRMR,100,std_12th_delta_delta (MFCC),0.003917937545388527,0.0036550922527350204
baseline,mRMR,100,mean_delta_log_energy (MFCC),0.0039126589275843,0.003995373855202297
baseline,mRMR,100,tqwt_kurtosisValue_dec_27 (TQWT),0.00389506172839506,0.005093122143404195
baseline,mRMR,100,tqwt_entropy_log_dec_28 (TQWT),0.0038693892568064767,0.003297361202464861
baseline,mRMR,100,mean_2nd_delta (MFCC),0.0037863460475400785,0.004237602556051827
baseline,mRMR,100,tqwt_entropy_shannon_dec_11 (TQWT),0.0037501381978993923,0.004031785563663816
baseline,mRMR,100,numPeriodsPulses (Baseline),0.0036560672514619886,0.0031064857485341548
baseline,mRMR,100,app_TKEO_std_8_coef (Wavelet),0.0036312134502923983,0.00333524090315161
baseline,mRMR,100,tqwt_energy_dec_21 (TQWT),0.003628289473684211,0.0032423745648189574
baseline,mRMR,100,tqwt_entropy_shannon_dec_13 (TQWT),0.003563180827886711,0.0033953661305961697
baseline,mRMR,100,GNE_NSR_SEO (Vocal Fold),0.0035599128540305014,0.003960396586417418
baseline,mRMR,100,app_TKEO_std_9_coef (Wavelet),0.0035566448801742927,0.0031449604283700387
baseline,mRMR,100,app_TKEO_std_7_coef (Wavelet),0.0035528322440087157,0.002967281382159359
baseline,mRMR,100,mean_MFCC_7th_coef (MFCC),0.003438888888888889,0.003096306082875285
baseline,mRMR,100,tqwt_entropy_log_dec_34 (TQWT),0.003417407407407408,0.0037481868181958923
baseline,mRMR,100,tqwt_minValue_dec_12 (TQWT),0.0034166666666666664,0.003200332258320961
baseline,mRMR,100,std_12th_delta (MFCC),0.003377450980392157,0.002570031128633063
baseline,mRMR,100,app_det_TKEO_mean_6_coef (Wavelet),0.0033744444444444442,0.0033078408120227488
baseline,mRMR,100,app_entropy_shannon_9_coef (Wavelet),0.0033705555555555568,0.0036438944810090017
baseline,mRMR,100,det_LT_entropy_log_3_coef (Wavelet),0.003367102396514161,0.0028715406009536936
baseline,mRMR,100,tqwt_stdValue_dec_6 (TQWT),0.0033551686014372563,0.0030050456683007685
baseline,mRMR,100,tqwt_minValue_dec_11 (TQWT),0.003354497354497354,0.00422788932916697
baseline,mRMR,100,std_10th_delta_delta (MFCC),0.003330687830687831,0.003361557165297544
baseline,mRMR,100,std_5th_delta_delta (MFCC),0.0033288888888888895,0.0025652518447696723
baseline,mRMR,100,app_entropy_shannon_1_coef (Wavelet),0.003259803921568628,0.0027981818384035474
baseline,mRMR,100,tqwt_kurtosisValue_dec_33 (TQWT),0.00324727668845316,0.0034151758482896255
baseline,mRMR,100,tqwt_entropy_shannon_dec_6 (TQWT),0.0032390350877192988,0.0026010708125978263
baseline,mRMR,100,std_MFCC_6th_coef (MFCC),0.003229408512990604,0.0022813132741803356
baseline,mRMR,100,f1 (Formant Frequency),0.003228174603174602,0.0027606242409891507
baseline,mRMR,100,std_10th_delta (MFCC),0.00319378306878307,0.0031024983885160366
baseline,mRMR,100,tqwt_energy_dec_18 (TQWT),0.003179738562091504,0.0026263766518086215
baseline,mRMR,100,std_MFCC_8th_coef (MFCC),0.003174367436743675,0.0025974726915615567
baseline,mRMR,100,tqwt_entropy_shannon_dec_18 (TQWT),0.003119825708061002,0.0023978744178560375
baseline,mRMR,100,tqwt_energy_dec_13 (TQWT),0.0030947971781305106,0.0032216809633475716
baseline,mRMR,100,mean_1st_delta (MFCC),0.0030936819172113295,0.003918711208868112
baseline,mRMR,100,tqwt_meanValue_dec_5 (TQWT),0.0030888888888888893,0.003369679350622016
baseline,mRMR,100,tqwt_minValue_dec_6 (TQWT),0.0030666666666666663,0.0038788033702914153
baseline,mRMR,100,tqwt_kurtosisValue_dec_34 (TQWT),0.0030394620811287493,0.0032051548443621306
baseline,mRMR,100,IMF_SNR_entropy (Vocal Fold),0.0030348583877995647,0.0025475097673206457
baseline,mRMR,100,tqwt_TKEO_mean_dec_33 (TQWT),0.0030027502750275027,0.003607322767243095
baseline,mRMR,100,tqwt_entropy_shannon_dec_17 (TQWT),0.0029705665930831494,0.0026774747781451156
baseline,mRMR,100,tqwt_entropy_shannon_dec_35 (TQWT),0.0029485903814262028,0.0036027259048454457
baseline,mRMR,100,std_MFCC_7th_coef (MFCC),0.0029379084967320265,0.001961143220506383
baseline,mRMR,100,tqwt_entropy_shannon_dec_16 (TQWT),0.002920479302832244,0.0025527393959682144
baseline,mRMR,100,tqwt_energy_dec_24 (TQWT),0.002872549019607843,0.0023611874974996823
baseline,mRMR,100,tqwt_skewnessValue_dec_27 (TQWT),0.002865079365079365,0.002782195877642838
baseline,mRMR,100,app_TKEO_std_2_coef (Wavelet),0.002860566448801743,0.002343996430813853
baseline,mRMR,100,tqwt_TKEO_mean_dec_11 (TQWT),0.002844389165284688,0.003351193477043126
baseline,mRMR,100,tqwt_kurtosisValue_dec_25 (TQWT),0.0028388888888888895,0.0033516802066828116
baseline,mRMR,100,tqwt_stdValue_dec_35 (TQWT),0.002836988304093567,0.0038306789719243623
baseline,mRMR,100,app_det_TKEO_mean_10_coef (Wavelet),0.0027800000000000004,0.002251455617345917
baseline,mRMR,100,app_det_TKEO_mean_3_coef (Wavelet),0.0027154195011337865,0.0023437642650487233
baseline,mRMR,100,app_TKEO_std_10_coef (Wavelet),0.0026851851851851854,0.0018958206145279505
baseline,mRMR,100,locPctJitter (Baseline),0.002631564400221117,0.0030714562187141277
baseline,mRMR,100,tqwt_TKEO_std_dec_15 (TQWT),0.0026198257080610023,0.0014488674640859304
baseline,mRMR,100,tqwt_minValue_dec_7 (TQWT),0.0025666666666666667,0.0022330645268796093
baseline,mRMR,100,tqwt_TKEO_std_dec_7 (TQWT),0.0025516860143725826,0.002703280347115221
baseline,mRMR,100,app_det_TKEO_mean_4_coef (Wavelet),0.0024852607709750564,0.0019236694753533943
baseline,mRMR,100,tqwt_skewnessValue_dec_28 (TQWT),0.002480099502487563,0.00287352930738046
baseline,mRMR,100,tqwt_TKEO_mean_dec_35 (TQWT),0.0024322222222222223,0.0031682121832357153
baseline,mRMR,100,numPulses (Baseline),0.002415032679738562,0.0022296738346145152
baseline,mRMR,100,tqwt_skewnessValue_dec_26 (TQWT),0.002395691609977324,0.001954701128279113
baseline,mRMR,100,RPDE (Baseline),0.002375275938189846,0.002635922880752903
baseline,mRMR,100,tqwt_TKEO_mean_dec_7 (TQWT),0.0023425925925925927,0.002278787778320648
baseline,mRMR,100,tqwt_TKEO_mean_dec_34 (TQWT),0.002317381738173818,0.003705546233220968
baseline,mRMR,100,tqwt_stdValue_dec_23 (TQWT),0.002306380638063807,0.0018507370781627177
baseline,mRMR,100,tqwt_entropy_shannon_dec_15 (TQWT),0.0023055555555555555,0.0022692885765803698
baseline,mRMR,100,tqwt_medianValue_dec_8 (TQWT),0.002300653594771242,0.0027665014498022274
baseline,mRMR,100,app_entropy_shannon_6_coef (Wavelet),0.002291938997821351,0.0018632213903534455
baseline,mRMR,100,app_det_TKEO_mean_8_coef (Wavelet),0.0022838888888888896,0.0024064549302555867
baseline,mRMR,100,mean_MFCC_11th_coef (MFCC),0.0022777777777777774,0.002055071461884061
baseline,mRMR,100,std_5th_delta (MFCC),0.00225364758698092,0.0020347051693393402
baseline,mRMR,100,tqwt_maxValue_dec_6 (TQWT),0.0022468527640941444,0.002092305601117743
baseline,mRMR,100,std_11th_delta (MFCC),0.0022120811287477957,0.002218955296857197
baseline,mRMR,100,tqwt_TKEO_mean_dec_23 (TQWT),0.0022040740740740744,0.0018020090233162778
baseline,mRMR,100,tqwt_skewnessValue_dec_9 (TQWT),0.002183006535947712,0.0017502886881643452
baseline,mRMR,100,tqwt_kurtosisValue_dec_28 (TQWT),0.0021468253968253983,0.00226533922396682
baseline,mRMR,100,tqwt_medianValue_dec_10 (TQWT),0.002130182421227197,0.0022174297023670546
baseline,mRMR,100,app_det_TKEO_mean_9_coef (Wavelet),0.0021285403050108932,0.0013451364542004327
baseline,mRMR,100,tqwt_energy_dec_15 (TQWT),0.002128086419753087,0.0025429387634874285
baseline,mRMR,100,tqwt_meanValue_dec_11 (TQWT),0.0020869086908690874,0.0025719867328584025
baseline,mRMR,100,tqwt_stdValue_dec_34 (TQWT),0.002082918739635158,0.0033853414103989575
baseline,mRMR,100,tqwt_energy_dec_33 (TQWT),0.002068027210884354,0.0030516703950734486
baseline,mRMR,100,tqwt_medianValue_dec_25 (TQWT),0.002064444444444445,0.0026325356642004877
baseline,mRMR,100,tqwt_stdValue_dec_33 (TQWT),0.0020617283950617286,0.0025436736880714364
baseline,mRMR,100,tqwt_energy_dec_16 (TQWT),0.0019958949096880135,0.001950556489957881
baseline,mRMR,100,tqwt_energy_dec_8 (TQWT),0.0019694444444444442,0.0025466826278097666
baseline,mRMR,100,tqwt_stdValue_dec_7 (TQWT),0.0019481481481481485,0.0022361017927844686
baseline,mRMR,100,tqwt_entropy_log_dec_11 (TQWT),0.0017962962962962965,0.0014774402727637235
baseline,mRMR,100,GNE_SNR_SEO (Vocal Fold),0.0017870370370370368,0.0018315040274678742
baseline,mRMR,100,tqwt_minValue_dec_10 (TQWT),0.0017745098039215687,0.0014654239387499573
baseline,mRMR,100,tqwt_medianValue_dec_22 (TQWT),0.0017728758169934648,0.0018735221326724781
baseline,mRMR,100,tqwt_meanValue_dec_34 (TQWT),0.001764705882352941,0.0025042748109705072
baseline,mRMR,100,tqwt_energy_dec_20 (TQWT),0.001752723311546841,0.0017929263804022124
baseline,mRMR,100,tqwt_TKEO_mean_dec_24 (TQWT),0.001727668845315904,0.0017439066467386042
baseline,mRMR,100,tqwt_TKEO_std_dec_34 (TQWT),0.0016851851851851854,0.0025943846493729273
baseline,mRMR,100,tqwt_stdValue_dec_28 (TQWT),0.0016780045351473922,0.0012782068430489011
baseline,mRMR,100,tqwt_entropy_shannon_dec_7 (TQWT),0.0016272222222222224,0.0015803805908204333
baseline,mRMR,100,tqwt_entropy_shannon_dec_34 (TQWT),0.0015953565505804318,0.0023751941493597804
baseline,mRMR,100,tqwt_medianValue_dec_33 (TQWT),0.0015729847494553376,0.0016506721634352956
baseline,mRMR,100,meanHarmToNoiseHarmonicity (Baseline),0.0015675381263616556,0.0012171769400534697
baseline,mRMR,100,VFER_entropy (Vocal Fold),0.0015517241379310349,0.0013870146408143764
baseline,mRMR,100,tqwt_TKEO_mean_dec_10 (TQWT),0.0015500000000000002,0.002155214096128071
baseline,mRMR,100,tqwt_energy_dec_14 (TQWT),0.0015443121693121706,0.0015442642280474024
baseline,mRMR,100,tqwt_energy_dec_23 (TQWT),0.0015192743764172335,0.001189041318362927
baseline,mRMR,100,VFER_mean (Vocal Fold),0.0015158730158730163,0.0013502638798590515
baseline,mRMR,100,tqwt_energy_dec_34 (TQWT),0.0014727891156462586,0.001385404569257655
baseline,mRMR,100,f2 (Formant Frequency),0.001451907131011609,0.0018508399897412332
baseline,mRMR,100,tqwt_TKEO_std_dec_9 (TQWT),0.0014509803921568625,0.0011609953560278636
baseline,mRMR,100,tqwt_entropy_shannon_dec_10 (TQWT),0.0014125412541254128,0.0013808970926152573
baseline,mRMR,100,tqwt_meanValue_dec_7 (TQWT),0.0013955026455026458,0.0017535290761463611
baseline,mRMR,100,tqwt_kurtosisValue_dec_29 (TQWT),0.0013605664488017429,0.0009374551678052074
baseline,mRMR,100,tqwt_medianValue_dec_5 (TQWT),0.0013391812865497074,0.0014126464957256333
baseline,mRMR,100,tqwt_energy_dec_10 (TQWT),0.0013039215686274513,0.001253958301024653
baseline,mRMR,100,tqwt_TKEO_std_dec_10 (TQWT),0.001273927392739274,0.001401982229313614
baseline,mRMR,100,b4 (Bandwidth),0.0012425742574257426,0.001354452924909448
baseline,mRMR,100,tqwt_maxValue_dec_10 (TQWT),0.001209150326797386,0.001031933370382096
baseline,mRMR,100,tqwt_medianValue_dec_29 (TQWT),0.0011023965141612197,0.000991212151295906
baseline,mRMR,100,tqwt_medianValue_dec_35 (TQWT),0.0009553376906318081,0.0010613502613057908
baseline_male,mRMR,100,std_delta_delta_log_energy (MFCC),0.01473247863247863,0.015435812099888403
baseline_male,mRMR,100,std_delta_log_energy (MFCC),0.011417521367521366,0.010661033383349136
baseline_male,mRMR,100,std_6th_delta_delta (MFCC),0.010573931623931625,0.007757703687802061
baseline_male,mRMR,100,IMF_NSR_TKEO (Vocal Fold),0.008272946859903381,0.004782181235041356
baseline_male,mRMR,100,tqwt_kurtosisValue_dec_18 (TQWT),0.008069444444444443,0.00439937480467154
baseline_male,mRMR,100,std_7th_delta_delta (MFCC),0.007668376068376071,0.006039903246915648
baseline_male,mRMR,100,std_6th_delta (MFCC),0.0073696581196581205,0.005777437390572339
baseline_male,mRMR,100,tqwt_entropy_log_dec_12 (TQWT),0.0070856873822975515,0.009541544384300344
baseline_male,mRMR,100,mean_MFCC_8th_coef (MFCC),0.00688253968253968,0.00410414137110022
baseline_male,mRMR,100,std_8th_delta_delta (MFCC),0.006799145299145298,0.005113700016567205
baseline_male,mRMR,100,std_9th_delta_delta (MFCC),0.006770085470085468,0.005248099422697393
baseline_male,mRMR,100,DFA (Baseline),0.0067243589743589734,0.006639072440050387
baseline_male,mRMR,100,apq11Shimmer (Baseline),0.00664,0.007501453312645609
baseline_male,mRMR,100,tqwt_entropy_shannon_dec_25 (TQWT),0.00648792270531401,0.004663016678391499
baseline_male,mRMR,100,tqwt_kurtosisValue_dec_20 (TQWT),0.006171339563862929,0.006162532029325369
baseline_male,mRMR,100,tqwt_entropy_log_dec_33 (TQWT),0.005857692307692308,0.006032892495450743
baseline_male,mRMR,100,tqwt_TKEO_std_dec_12 (TQWT),0.005817094017094016,0.007841411801089685
baseline_male,mRMR,100,tqwt_energy_dec_26 (TQWT),0.005656282450674974,0.006949512584664967
baseline_male,mRMR,100,std_4th_delta_delta (MFCC),0.005645833333333333,0.004517998911327261
baseline_male,mRMR,100,tqwt_kurtosisValue_dec_17 (TQWT),0.005642222222222221,0.0030491092251782423
baseline_male,mRMR,100,tqwt_maxValue_dec_7 (TQWT),0.005511574074074075,0.0036283018947151
baseline_male,mRMR,100,tqwt_stdValue_dec_13 (TQWT),0.00536031746031746,0.0035645845085735756
baseline_male,mRMR,100,std_7th_delta (MFCC),0.005173931623931624,0.003936843043079203
baseline_male,mRMR,100,tqwt_TKEO_std_dec_5 (TQWT),0.005070048309178744,0.007363541047779782
baseline_male,mRMR,100,tqwt_energy_dec_6 (TQWT),0.005041269841269842,0.004399463559705246
baseline_male,mRMR,100,tqwt_TKEO_std_dec_6 (TQWT),0.004929951690821256,0.004316180777133863
baseline_male,mRMR,100,tqwt_energy_dec_25 (TQWT),0.00490880503144654,0.0052795891629112465
baseline_male,mRMR,100,tqwt_minValue_dec_13 (TQWT),0.004886856368563685,0.004143645656779265
baseline_male,mRMR,100,IMF_SNR_SEO (Vocal Fold),0.004842995169082126,0.0039032293544918888
baseline_male,mRMR,100,tqwt_energy_dec_11 (TQWT),0.004747863247863248,0.007317938951524939
baseline_male,mRMR,100,tqwt_meanValue_dec_16 (TQWT),0.004741269841269842,0.005550322474287379
baseline_male,mRMR,100,std_8th_delta (MFCC),0.004428632478632479,0.004629098766977157
baseline_male,mRMR,100,mean_MFCC_2nd_coef (MFCC),0.004236324786324786,0.005724781853921688
baseline_male,mRMR,100,tqwt_maxValue_dec_13 (TQWT),0.004101532567049809,0.004367646591854901
baseline_male,mRMR,100,tqwt_TKEO_std_dec_13 (TQWT),0.004037483266398929,0.00509356239481785
baseline_male,mRMR,100,tqwt_stdValue_dec_5 (TQWT),0.0039903381642512085,0.0031471124925598064
baseline_male,mRMR,100,tqwt_kurtosisValue_dec_35 (TQWT),0.0039865497076023385,0.004441115604327199
baseline_male,mRMR,100,tqwt_entropy_shannon_dec_13 (TQWT),0.0038507936507936507,0.0037478572089840434
baseline_male,mRMR,100,tqwt_entropy_log_dec_35 (TQWT),0.003846825396825397,0.003216567785902906
baseline_male,mRMR,100,std_9th_delta (MFCC),0.0037803418803418806,0.003417599976597761
baseline_male,mRMR,100,std_12th_delta_delta (MFCC),0.003716867469879518,0.0031815300872496282
baseline_male,mRMR,100,std_11th_delta_delta (MFCC),0.003704700854700855,0.0035330355259169757
baseline_male,mRMR,100,tqwt_energy_dec_18 (TQWT),0.0036376811594202897,0.00316033377613572
baseline_male,mRMR,100,tqwt_meanValue_dec_36 (TQWT),0.0036319444444444446,0.003945967372921184
baseline_male,mRMR,100,mean_delta_log_energy (MFCC),0.003631879543094497,0.004359227676486374
baseline_male,mRMR,100,tqwt_maxValue_dec_12 (TQWT),0.0036068376068376074,0.004191619742205789
baseline_male,mRMR,100,tqwt_energy_dec_12 (TQWT),0.003577350427350428,0.006349160518630633
baseline_male,mRMR,100,tqwt_stdValue_dec_11 (TQWT),0.0035538461538461553,0.004676123453899058
baseline_male,mRMR,100,tqwt_entropy_log_dec_34 (TQWT),0.00355,0.003957779907589169
baseline_male,mRMR,100,tqwt_entropy_log_dec_26 (TQWT),0.003524922118380063,0.0037105894638537864
baseline_male,mRMR,100,tqwt_meanValue_dec_5 (TQWT),0.0035134920634920636,0.00373589183466396
baseline_male,mRMR,100,tqwt_entropy_shannon_dec_18 (TQWT),0.003506666666666666,0.002267481305649833
baseline_male,mRMR,100,tqwt_energy_dec_7 (TQWT),0.003485185185185186,0.0034701679698214707
baseline_male,mRMR,100,tqwt_minValue_dec_7 (TQWT),0.003456018518518518,0.0025626718890485846
baseline_male,mRMR,100,mean_2nd_delta (MFCC),0.003436257309941521,0.005840817736168643
baseline_male,mRMR,100,tqwt_entropy_shannon_dec_17 (TQWT),0.003429355281207134,0.002790128817895859
baseline_male,mRMR,100,tqwt_minValue_dec_6 (TQWT),0.0033657407407407403,0.004200905231541031
baseline_male,mRMR,100,tqwt_energy_dec_21 (TQWT),0.0033526234567901225,0.0034033747213216854
baseline_male,mRMR,100,std_MFCC_7th_coef (MFCC),0.00335024154589372,0.0024949532275103355
baseline_male,mRMR,100,tqwt_TKEO_std_dec_11 (TQWT),0.00334017094017094,0.004783138762689882
baseline_male,mRMR,100,tqwt_entropy_log_dec_27 (TQWT),0.0033291796469366564,0.005138682621242747
baseline_male,mRMR,100,tqwt_kurtosisValue_dec_36 (TQWT),0.0032897435897435903,0.0028081740344838633
baseline_male,mRMR,100,mean_1st_delta (MFCC),0.0032682539682539684,0.003989669836586156
baseline_male,mRMR,100,tqwt_stdValue_dec_12 (TQWT),0.0032675213675213673,0.0042557586516623475
baseline_male,mRMR,100,tqwt_entropy_log_dec_28 (TQWT),0.0032222222222222222,0.003334632363365602
baseline_male,mRMR,100,GNE_NSR_SEO (Vocal Fold),0.0032046296296296293,0.004080004935259622
baseline_male,mRMR,100,mean_MFCC_7th_coef (MFCC),0.0031909722222222218,0.00298936009802245
baseline_male,mRMR,100,tqwt_entropy_shannon_dec_16 (TQWT),0.0031777777777777768,0.0027592372702234776
baseline_male,mRMR,100,tqwt_entropy_shannon_dec_35 (TQWT),0.00313968253968254,0.0038696098375957592
baseline_male,mRMR,100,f1 (Formant Frequency),0.003123931623931624,0.0025593826992230907
baseline_male,mRMR,100,std_5th_delta_delta (MFCC),0.003048611111111111,0.0023723164560745533
baseline_male,mRMR,100,std_4th_delta (MFCC),0.003032407407407407,0.002271319703503032
baseline_male,mRMR,100,std_12th_delta (MFCC),0.0030011574074074077,0.002434894007908865
baseline_male,mRMR,100,tqwt_entropy_shannon_dec_33 (TQWT),0.0029800000000000004,0.004646429737907303
baseline_male,mRMR,100,tqwt_energy_dec_27 (TQWT),0.0029710144927536227,0.0034909964167574017
baseline_male,mRMR,100,app_LT_TKEO_std_3_coef (Wavelet),0.002968888888888889,0.00392513396926483
baseline_male,mRMR,100,app_entropy_shannon_1_coef (Wavelet),0.0029379629629629625,0.002559656352751743
baseline_male,mRMR,100,tqwt_stdValue_dec_6 (TQWT),0.0029164021164021173,0.00338469910107353
baseline_male,mRMR,100,tqwt_minValue_dec_12 (TQWT),0.0029153846153846166,0.0035684584640973977
baseline_male,mRMR,100,tqwt_entropy_shannon_dec_6 (TQWT),0.0029092140921409214,0.002469519588680242
baseline_male,mRMR,100,tqwt_skewnessValue_dec_27 (TQWT),0.002859903381642512,0.002940257979156194
baseline_male,mRMR,100,tqwt_entropy_shannon_dec_11 (TQWT),0.002858479532163743,0.0036423987817158577
baseline_male,mRMR,100,std_MFCC_8th_coef (MFCC),0.0028574423480083855,0.0024735074720235077
baseline_male,mRMR,100,IMF_SNR_entropy (Vocal Fold),0.002852074966532797,0.0027941802078219427
baseline_male,mRMR,100,tqwt_maxValue_dec_11 (TQWT),0.0028427350427350432,0.0039834056578673845
baseline_male,mRMR,100,VFER_NSR_SEO (Vocal Fold),0.0028212560386473434,0.0029706239909989374
baseline_male,mRMR,100,std_MFCC_6th_coef (MFCC),0.0028157894736842107,0.0021173246293838687
baseline_male,mRMR,100,tqwt_stdValue_dec_35 (TQWT),0.0027689701897018982,0.00364776067436307
baseline_male,mRMR,100,app_TKEO_std_10_coef (Wavelet),0.002765079365079365,0.0017450625154255023
baseline_male,mRMR,100,tqwt_kurtosisValue_dec_27 (TQWT),0.0027645299145299153,0.004517165014683722
baseline_male,mRMR,100,app_TKEO_std_4_coef (Wavelet),0.0027615740740740747,0.0025783233850709703
baseline_male,mRMR,100,tqwt_energy_dec_13 (TQWT),0.002753418803418804,0.0027769264949169354
baseline_male,mRMR,100,tqwt_kurtosisValue_dec_34 (TQWT),0.0027376068376068373,0.003566055009154577
baseline_male,mRMR,100,tqwt_TKEO_mean_dec_7 (TQWT),0.0026754742547425484,0.0023475831400743257
baseline_male,mRMR,100,tqwt_kurtosisValue_dec_25 (TQWT),0.0026341269841269844,0.0033855361116329205
baseline_male,mRMR,100,std_10th_delta_delta (MFCC),0.002622222222222222,0.002879770506158856
baseline_male,mRMR,100,GNE_SNR_TKEO (Vocal Fold),0.002620772946859903,0.0029366798059468546
baseline_male,mRMR,100,tqwt_skewnessValue_dec_26 (TQWT),0.0026159420289855076,0.001967527301682101
baseline_male,mRMR,100,tqwt_skewnessValue_dec_28 (TQWT),0.0025994152046783627,0.003117115977931773
baseline_male,mRMR,100,tqwt_meanValue_dec_34 (TQWT),0.0025714285714285717,0.002792107422425552
baseline_male,mRMR,100,tqwt_kurtosisValue_dec_33 (TQWT),0.0025648148148148153,0.0024500536054195506
baseline_male,mRMR,100,tqwt_kurtosisValue_dec_26 (TQWT),0.0025632478632478632,0.0038285693348525758
baseline_male,mRMR,100,tqwt_TKEO_mean_dec_35 (TQWT),0.0025469348659003838,0.0035726967453547855
baseline_male,mRMR,100,ppq5Jitter (Baseline),0.0025271867612293142,0.0020466410842083465
baseline_male,mRMR,100,tqwt_minValue_dec_11 (TQWT),0.0024264957264957263,0.003854910618254561
baseline_male,mRMR,100,app_entropy_shannon_4_coef (Wavelet),0.002375555555555555,0.0022017419620990256
baseline_male,mRMR,100,tqwt_stdValue_dec_34 (TQWT),0.002367724867724868,0.00416313637388755
baseline_male,mRMR,100,tqwt_energy_dec_24 (TQWT),0.0023647342995169077,0.0023812096946169217
baseline_male,mRMR,100,tqwt_TKEO_std_dec_7 (TQWT),0.002360317460317461,0.0025316248648993567
baseline_male,mRMR,100,tqwt_TKEO_mean_dec_34 (TQWT),0.002358757062146893,0.004598166104778705
baseline_male,mRMR,100,tqwt_TKEO_mean_dec_33 (TQWT),0.0023492063492063487,0.003124346709999083
baseline_male,mRMR,100,tqwt_TKEO_mean_dec_12 (TQWT),0.0022847222222222223,0.0036297075105683942
baseline_male,mRMR,100,std_10th_delta (MFCC),0.002282478632478632,0.0022228508959565405
baseline_male,mRMR,100,tqwt_entropy_shannon_dec_12 (TQWT),0.002270833333333333,0.003922415559683067
baseline_male,mRMR,100,app_TKEO_std_8_coef (Wavelet),0.002253387533875339,0.0023198687891482937
baseline_male,mRMR,100,tqwt_energy_dec_8 (TQWT),0.002251207729468599,0.00283739128161779
baseline_male,mRMR,100,app_entropy_shannon_8_coef (Wavelet),0.0022384259259259263,0.0028244171224340695
baseline_male,mRMR,100,tqwt_entropy_shannon_dec_15 (TQWT),0.002222222222222222,0.0028582855975427812
baseline_male,mRMR,100,tqwt_kurtosisValue_dec_28 (TQWT),0.00221923076923077,0.002311475039648802
baseline_male,mRMR,100,tqwt_TKEO_mean_dec_11 (TQWT),0.0022140350877192985,0.003278360950691849
baseline_male,mRMR,100,std_5th_delta (MFCC),0.0022127659574468083,0.002055008050710172
baseline_male,mRMR,100,tqwt_medianValue_dec_33 (TQWT),0.0021933333333333336,0.00168993665144167
baseline_male,mRMR,100,tqwt_TKEO_std_dec_15 (TQWT),0.0021497584541062807,0.0019489281719008915
baseline_male,mRMR,100,tqwt_medianValue_dec_25 (TQWT),0.002118357487922706,0.002280084347210349
baseline_male,mRMR,100,locAbsJitter (Baseline),0.0020874704491725773,0.0025556955969441193
baseline_male,mRMR,100,tqwt_stdValue_dec_23 (TQWT),0.002078154425612053,0.0018006767411218579
baseline_male,mRMR,100,tqwt_stdValue_dec_28 (TQWT),0.0020434782608695643,0.0016013301695841668
baseline_male,mRMR,100,det_LT_entropy_log_3_coef (Wavelet),0.002031111111111111,0.0021667867834572383
baseline_male,mRMR,100,tqwt_TKEO_std_dec_34 (TQWT),0.001980952380952381,0.0024392527979801965
baseline_male,mRMR,100,tqwt_entropy_log_dec_11 (TQWT),0.001933333333333333,0.001753445935742716
baseline_male,mRMR,100,tqwt_stdValue_dec_7 (TQWT),0.0019322493224932249,0.00252096312070445
baseline_male,mRMR,100,tqwt_maxValue_dec_6 (TQWT),0.0019267912772585668,0.0023241834255356844
baseline_male,mRMR,100,tqwt_energy_dec_20 (TQWT),0.0019266666666666662,0.0019396371289991821
baseline_male,mRMR,100,tqwt_energy_dec_16 (TQWT),0.0019106957424714428,0.0017714910054768241
baseline_male,mRMR,100,app_TKEO_std_7_coef (Wavelet),0.001909961685823754,0.001991037174115489
baseline_male,mRMR,100,app_entropy_shannon_10_coef (Wavelet),0.0018634259259259255,0.0030113520505593225
baseline_male,mRMR,100,app_det_TKEO_mean_10_coef (Wavelet),0.001848659003831418,0.001415718754365817
baseline_male,mRMR,100,locPctJitter (Baseline),0.001841798941798942,0.0023143599863209214
baseline_male,mRMR,100,numPulses (Baseline),0.0018231481481481482,0.0021037022056032526
baseline_male,mRMR,100,b4 (Bandwidth),0.0018108747044917259,0.0017948581606156472
baseline_male,mRMR,100,tqwt_medianValue_dec_22 (TQWT),0.0018092592592592592,0.0018566004707400762
baseline_male,mRMR,100,tqwt_stdValue_dec_33 (TQWT),0.0017966903073286054,0.0017985986827692693
baseline_male,mRMR,100,std_11th_delta (MFCC),0.0017807692307692312,0.0017274727834002016
baseline_male,mRMR,100,tqwt_TKEO_mean_dec_23 (TQWT),0.0017523148148148144,0.0013179322900295362
baseline_male,mRMR,100,tqwt_energy_dec_15 (TQWT),0.001744871794871795,0.00214922999518668
baseline_male,mRMR,100,RPDE (Baseline),0.001737617135207497,0.002512399258443424
baseline_male,mRMR,100,tqwt_medianValue_dec_10 (TQWT),0.0017331256490134995,0.001914331900010837
baseline_male,mRMR,100,app_entropy_shannon_6_coef (Wavelet),0.0017311111111111106,0.0016151714394387917
baseline_male,mRMR,100,app_entropy_shannon_5_coef (Wavelet),0.0017288888888888883,0.003204465415416212
baseline_male,mRMR,100,numPeriodsPulses (Baseline),0.0017242063492063494,0.0017663723565809145
baseline_male,mRMR,100,app_LT_TKEO_mean_1_coef (Wavelet),0.001712765957446808,0.0023196970915229714
baseline_male,mRMR,100,tqwt_minValue_dec_10 (TQWT),0.0016908212560386479,0.0017659810365636215
baseline_male,mRMR,100,app_TKEO_std_2_coef (Wavelet),0.0016841269841269845,0.001480630606284698
baseline_male,mRMR,100,tqwt_TKEO_mean_dec_10 (TQWT),0.0016736111111111112,0.0023067631224914236
baseline_male,mRMR,100,tqwt_medianValue_dec_8 (TQWT),0.0016466666666666665,0.0013803533516369554
baseline_male,mRMR,100,app_det_TKEO_mean_3_coef (Wavelet),0.0016376811594202895,0.002230755851295145
baseline_male,mRMR,100,tqwt_meanValue_dec_7 (TQWT),0.0016149572649572653,0.002093730848763427
baseline_male,mRMR,100,app_det_TKEO_mean_9_coef (Wavelet),0.0015968253968253973,0.0011629475869303358
baseline_male,mRMR,100,tqwt_energy_dec_14 (TQWT),0.0015773504273504275,0.0013913830131291396
baseline_male,mRMR,100,app_det_TKEO_mean_2_coef (Wavelet),0.0015748792270531401,0.002831824314398351
baseline_male,mRMR,100,mean_MFCC_11th_coef (MFCC),0.0015622222222222216,0.001475722791637289
baseline_male,mRMR,100,tqwt_medianValue_dec_5 (TQWT),0.001557098765432099,0.0019009262038746483
baseline_male,mRMR,100,tqwt_skewnessValue_dec_9 (TQWT),0.0015338164251207727,0.0020117261858539374
baseline_male,mRMR,100,tqwt_entropy_shannon_dec_34 (TQWT),0.0015333333333333336,0.0024514103282214277
baseline_male,mRMR,100,tqwt_energy_dec_33 (TQWT),0.0015217391304347828,0.002091828375023662
baseline_male,mRMR,100,tqwt_TKEO_std_dec_10 (TQWT),0.0015070921985815603,0.001665222271786735
baseline_male,mRMR,100,tqwt_meanValue_dec_11 (TQWT),0.0015057651991614257,0.0025481796196632684
baseline_male,mRMR,100,tqwt_TKEO_std_dec_9 (TQWT),0.0014927536231884064,0.0012374978651228355
baseline_male,mRMR,100,app_det_TKEO_mean_4_coef (Wavelet),0.0014637681159420293,0.001637956034691663
baseline_male,mRMR,100,tqwt_entropy_shannon_dec_7 (TQWT),0.0013994252873563216,0.0013780808849057895
baseline_male,mRMR,100,VFER_entropy (Vocal Fold),0.0013748701973001038,0.0013494489071062578
baseline_male,mRMR,100,app_TKEO_std_9_coef (Wavelet),0.001367149758454107,0.0014189945436203365
baseline_male,mRMR,100,app_det_TKEO_mean_6_coef (Wavelet),0.0013379629629629627,0.0012873442662919622
baseline_male,mRMR,100,app_det_TKEO_mean_8_coef (Wavelet),0.0013256704980842914,0.0015229792081898836
baseline_male,mRMR,100,tqwt_energy_dec_23 (TQWT),0.001316425120772947,0.0011981552158171046
baseline_male,mRMR,100,tqwt_TKEO_mean_dec_24 (TQWT),0.0013142857142857144,0.0014434338297965798
baseline_male,mRMR,100,app_det_TKEO_mean_7_coef (Wavelet),0.0013008130081300813,0.0015515566810483702
baseline_male,mRMR,100,tqwt_entropy_shannon_dec_10 (TQWT),0.0012990543735224582,0.00149755325984421
baseline_male,mRMR,100,GNE_SNR_SEO (Vocal Fold),0.0012825670498084292,0.0016593701710158413
baseline_male,mRMR,100,VFER_mean (Vocal Fold),0.0012180685358255453,0.0012393458207230607
baseline_male,mRMR,100,f2 (Formant Frequency),0.0012175493250259602,0.0016991133563262469
baseline_male,mRMR,100,tqwt_kurtosisValue_dec_29 (TQWT),0.0011911111111111115,0.001045759825970387
baseline_male,mRMR,100,tqwt_energy_dec_10 (TQWT),0.0011711111111111115,0.0011014504951168678
baseline_male,mRMR,100,app_entropy_shannon_9_coef (Wavelet),0.0011689814814814816,0.0026489054571401344
baseline_male,mRMR,100,meanHarmToNoiseHarmonicity (Baseline),0.001157777777777778,0.0012677843970002455
baseline_male,mRMR,100,tqwt_energy_dec_34 (TQWT),0.0011400966183574876,0.0010920176760962697
baseline_male,mRMR,100,tqwt_medianValue_dec_35 (TQWT),0.0011088888888888889,0.001337688083750995
baseline_male,mRMR,100,tqwt_maxValue_dec_10 (TQWT),0.0010507246376811599,0.0010070439608446103
baseline_male,mRMR,100,tqwt_medianValue_dec_29 (TQWT),0.0009711111111111113,0.0009047643884451898
baseline_female,mRMR,100,std_delta_delta_log_energy (MFCC),0.0228948087431694,0.015597025837836892
baseline_female,mRMR,100,std_delta_log_energy (MFCC),0.01524408014571949,0.01175335386653427
baseline_female,mRMR,100,std_6th_delta_delta (MFCC),0.01445127504553734,0.01182100688813169
baseline_female,mRMR,100,std_7th_delta_delta (MFCC),0.011875227686703096,0.00823721219297499
baseline_female,mRMR,100,apq11Shimmer (Baseline),0.010551282051282048,0.008572427514217515
baseline_female,mRMR,100,tqwt_energy_dec_26 (TQWT),0.010439716312056736,0.0076267275907089035
baseline_female,mRMR,100,tqwt_entropy_log_dec_27 (TQWT),0.010052009456264773,0.008207824357572835
baseline_female,mRMR,100,mean_MFCC_2nd_coef (MFCC),0.009652094717668489,0.008576725089225409
baseline_female,mRMR,100,std_4th_delta_delta (MFCC),0.009405982905982905,0.006023917561486278
baseline_female,mRMR,100,tqwt_energy_dec_25 (TQWT),0.009398148148148149,0.007546490599491897
baseline_female,mRMR,100,std_6th_delta (MFCC),0.009381147540983605,0.006786563842334852
baseline_female,mRMR,100,tqwt_entropy_log_dec_33 (TQWT),0.00926047358834244,0.00801541539255016
baseline_female,mRMR,100,std_8th_delta_delta (MFCC),0.00897176684881603,0.007247691582677018
baseline_female,mRMR,100,tqwt_TKEO_std_dec_12 (TQWT),0.008933060109289615,0.008455380061235486
baseline_female,mRMR,100,std_9th_delta_delta (MFCC),0.008817395264116576,0.006829950454577514
baseline_female,mRMR,100,tqwt_entropy_log_dec_12 (TQWT),0.008665343915343916,0.010560355550238008
baseline_female,mRMR,100,locAbsJitter (Baseline),0.008416666666666668,0.006972025515224843
baseline_female,mRMR,100,std_7th_delta (MFCC),0.008381602914389802,0.0049886271003153375
baseline_female,mRMR,100,std_9th_delta (MFCC),0.007843351548269581,0.006906996197223862
baseline_female,mRMR,100,app_entropy_shannon_5_coef (Wavelet),0.007773504273504273,0.00404689095199344
baseline_female,mRMR,100,tqwt_meanValue_dec_36 (TQWT),0.007700854700854701,0.005552897075530945
baseline_female,mRMR,100,tqwt_energy_dec_6 (TQWT),0.007481944444444444,0.007655950179061642
baseline_female,mRMR,100,app_entropy_shannon_4_coef (Wavelet),0.007047008547008548,0.004639601278763081
baseline_female,mRMR,100,app_LT_TKEO_std_3_coef (Wavelet),0.006681623931623932,0.004411809049478353
baseline_female,mRMR,100,std_8th_delta (MFCC),0.006615664845173043,0.006388141403552172
baseline_female,mRMR,100,tqwt_TKEO_mean_dec_12 (TQWT),0.00654594017094017,0.005219194437833288
baseline_female,mRMR,100,tqwt_kurtosisValue_dec_26 (TQWT),0.006470856102003645,0.006151170266100163
baseline_female,mRMR,100,tqwt_TKEO_std_dec_13 (TQWT),0.006453968253968256,0.004282147406438809
baseline_female,mRMR,100,tqwt_entropy_log_dec_35 (TQWT),0.006389583333333334,0.004606501763382747
baseline_female,mRMR,100,app_LT_TKEO_mean_1_coef (Wavelet),0.006253086419753086,0.005265524623347885
baseline_female,mRMR,100,tqwt_kurtosisValue_dec_18 (TQWT),0.0060367647058823535,0.004199021726606168
baseline_female,mRMR,100,DFA (Baseline),0.0060104735883424396,0.005394508980613386
baseline_female,mRMR,100,VFER_NSR_SEO (Vocal Fold),0.005996031746031745,0.0043827867167593884
baseline_female,mRMR,100,tqwt_entropy_shannon_dec_33 (TQWT),0.005982905982905983,0.004279939931574487
baseline_female,mRMR,100,app_det_TKEO_mean_7_coef (Wavelet),0.005928571428571428,0.005821113066478417
baseline_female,mRMR,100,tqwt_maxValue_dec_12 (TQWT),0.00585336976320583,0.004771145438595843
baseline_female,mRMR,100,tqwt_entropy_shannon_dec_25 (TQWT),0.005850427350427351,0.005022359079565172
baseline_female,mRMR,100,tqwt_minValue_dec_13 (TQWT),0.005837301587301587,0.0036889435100237473
baseline_female,mRMR,100,tqwt_entropy_shannon_dec_12 (TQWT),0.005814814814814814,0.003960205779207009
baseline_female,mRMR,100,tqwt_energy_dec_12 (TQWT),0.005686703096539162,0.006432039702326703
baseline_female,mRMR,100,tqwt_stdValue_dec_12 (TQWT),0.005634335154826959,0.00525800995666713
baseline_female,mRMR,100,IMF_NSR_TKEO (Vocal Fold),0.005585317460317459,0.004243152925842729
baseline_female,mRMR,100,app_TKEO_std_9_coef (Wavelet),0.005501984126984127,0.003720173130050477
baseline_female,mRMR,100,app_TKEO_std_4_coef (Wavelet),0.005478632478632478,0.003921060809872485
baseline_female,mRMR,100,tqwt_energy_dec_7 (TQWT),0.0054068287037037045,0.003867744309557344
baseline_female,mRMR,100,tqwt_entropy_log_dec_26 (TQWT),0.005301418439716311,0.004329152782839577
baseline_female,mRMR,100,tqwt_kurtosisValue_dec_17 (TQWT),0.005207264957264957,0.003551333092933798
baseline_female,mRMR,100,tqwt_maxValue_dec_11 (TQWT),0.00519216757741348,0.004286606443525395
baseline_female,mRMR,100,tqwt_maxValue_dec_13 (TQWT),0.00517550505050505,0.004174334643692518
baseline_female,mRMR,100,tqwt_energy_dec_11 (TQWT),0.0050733151183970865,0.0056403375547730275
baseline_female,mRMR,100,tqwt_TKEO_std_dec_11 (TQWT),0.005055555555555556,0.0047067532470768635
baseline_female,mRMR,100,app_entropy_shannon_8_coef (Wavelet),0.005028846153846155,0.0031395364964812555
baseline_female,mRMR,100,app_entropy_shannon_9_coef (Wavelet),0.005021367521367521,0.003539774912792088
baseline_female,mRMR,100,IMF_SNR_SEO (Vocal Fold),0.0049880952380952385,0.0038134885063253196
baseline_female,mRMR,100,tqwt_stdValue_dec_11 (TQWT),0.0049540072859745,0.004567530901918149
baseline_female,mRMR,100,tqwt_maxValue_dec_7 (TQWT),0.004824786324786325,0.002974749123729991
baseline_female,mRMR,100,tqwt_minValue_dec_11 (TQWT),0.004710382513661204,0.005057423824803828
baseline_female,mRMR,100,ppq5Jitter (Baseline),0.004691239316239317,0.00494187739082451
baseline_female,mRMR,100,std_11th_delta_delta (MFCC),0.004614754098360655,0.004485970789828012
baseline_female,mRMR,100,tqwt_minValue_dec_12 (TQWT),0.00456785063752277,0.0030798152399917
baseline_female,mRMR,100,tqwt_stdValue_dec_13 (TQWT),0.004545138888888888,0.0039784792798036065
baseline_female,mRMR,100,std_10th_delta (MFCC),0.004530510018214938,0.0037968657964372494
baseline_female,mRMR,100,app_entropy_shannon_10_coef (Wavelet),0.004522435897435898,0.004037773550703457
baseline_female,mRMR,100,std_4th_delta (MFCC),0.004482193732193732,0.003965100631282043
baseline_female,mRMR,100,app_TKEO_std_7_coef (Wavelet),0.0044267676767676765,0.004104304696055731
baseline_female,mRMR,100,GNE_SNR_TKEO (Vocal Fold),0.004401709401709401,0.00496368020103241
baseline_female,mRMR,100,std_12th_delta_delta (MFCC),0.004317460317460318,0.004032992842174564
baseline_female,mRMR,100,tqwt_kurtosisValue_dec_20 (TQWT),0.00431146572104019,0.003858972810687456
baseline_female,mRMR,100,tqwt_entropy_shannon_dec_13 (TQWT),0.004309027777777777,0.0045681068267171086
baseline_female,mRMR,100,app_det_TKEO_mean_2_coef (Wavelet),0.004271825396825397,0.0030142210639610045
baseline_female,mRMR,100,tqwt_entropy_shannon_dec_11 (TQWT),0.004269392033542978,0.003720416607634588
baseline_female,mRMR,100,tqwt_TKEO_mean_dec_33 (TQWT),0.0041784188034188026,0.003958481307001551
baseline_female,mRMR,100,det_LT_entropy_log_3_coef (Wavelet),0.0041239316239316225,0.003196367425182017
baseline_female,mRMR,100,app_entropy_shannon_1_coef (Wavelet),0.004123015873015874,0.002443783821265573
baseline_female,mRMR,100,tqwt_entropy_shannon_dec_18 (TQWT),0.00411965811965812,0.0031948390737244828
baseline_female,mRMR,100,tqwt_entropy_log_dec_34 (TQWT),0.004088194444444444,0.003971332005496009
baseline_female,mRMR,100,tqwt_kurtosisValue_dec_36 (TQWT),0.004076047358834245,0.003833351206494446
baseline_female,mRMR,100,tqwt_energy_dec_21 (TQWT),0.004047222222222223,0.0036241149119595473
baseline_female,mRMR,100,tqwt_kurtosisValue_dec_27 (TQWT),0.0039808743169398916,0.004507453495184763
baseline_female,mRMR,100,tqwt_TKEO_std_dec_6 (TQWT),0.003980158730158729,0.0034645271396167568
baseline_female,mRMR,100,GNE_NSR_SEO (Vocal Fold),0.003966931216931218,0.0038025733883644782
baseline_female,mRMR,100,app_det_TKEO_mean_3_coef (Wavelet),0.003963675213675214,0.0023154303026041378
baseline_female,mRMR,100,numPeriodsPulses (Baseline),0.003954248366013072,0.0031599537232331228
baseline_female,mRMR,100,std_10th_delta_delta (MFCC),0.0038797814207650275,0.0034363706670743565
baseline_female,mRMR,100,app_TKEO_std_8_coef (Wavelet),0.00386031746031746,0.003145262490600967
baseline_female,mRMR,100,tqwt_stdValue_dec_5 (TQWT),0.0038511904761904764,0.004001339957721363
baseline_female,mRMR,100,tqwt_entropy_log_dec_28 (TQWT),0.003815359477124183,0.003091197919465826
baseline_female,mRMR,100,mean_MFCC_7th_coef (MFCC),0.0038055555555555555,0.0034917636490923985
baseline_female,mRMR,100,tqwt_energy_dec_27 (TQWT),0.0037457264957264954,0.0018451458017086425
baseline_female,mRMR,100,tqwt_medianValue_dec_8 (TQWT),0.003602564102564103,0.0031653826024111245
baseline_female,mRMR,100,tqwt_TKEO_std_dec_7 (TQWT),0.003589699074074074,0.0028202982907505714
baseline_female,mRMR,100,std_12th_delta (MFCC),0.0035884773662551435,0.0026496723523312883
baseline_female,mRMR,100,mean_delta_log_energy (MFCC),0.003555555555555556,0.0031452052084638025
baseline_female,mRMR,100,mean_MFCC_8th_coef (MFCC),0.003513888888888889,0.00268474222590232
baseline_female,mRMR,100,tqwt_TKEO_mean_dec_11 (TQWT),0.003491090146750525,0.0034823184036907847
baseline_female,mRMR,100,tqwt_TKEO_std_dec_5 (TQWT),0.0034444444444444444,0.003440660305543594
baseline_female,mRMR,100,tqwt_meanValue_dec_5 (TQWT),0.003429861111111112,0.0034068683844411113
baseline_female,mRMR,100,tqwt_kurtosisValue_dec_35 (TQWT),0.003377882599580713,0.003800311292457118
baseline_female,mRMR,100,locPctJitter (Baseline),0.0033622685185185183,0.003242569746396264
baseline_female,mRMR,100,tqwt_entropy_shannon_dec_16 (TQWT),0.0032812500000000007,0.0026020895972021425
baseline_female,mRMR,100,tqwt_stdValue_dec_35 (TQWT),0.0032515873015873014,0.003360188489790315
baseline_female,mRMR,100,mean_2nd_delta (MFCC),0.003245807127882599,0.003727900164625034
baseline_female,mRMR,100,std_MFCC_8th_coef (MFCC),0.003208912037037037,0.0031043363905736594
baseline_female,mRMR,100,tqwt_kurtosisValue_dec_34 (TQWT),0.003177595628415301,0.0027498502274076932
baseline_female,mRMR,100,tqwt_stdValue_dec_6 (TQWT),0.003156250000000001,0.0027005483125729225
baseline_female,mRMR,100,std_5th_delta_delta (MFCC),0.003153846153846153,0.0024005123958146437
baseline_female,mRMR,100,IMF_SNR_entropy (Vocal Fold),0.0031444444444444445,0.0024280246943465277
baseline_female,mRMR,100,tqwt_energy_dec_18 (TQWT),0.003103174603174603,0.0020224484415508432
baseline_female,mRMR,100,RPDE (Baseline),0.003066993464052287,0.003058028438909771
baseline_female,mRMR,100,std_MFCC_6th_coef (MFCC),0.0030587002096436064,0.00223278461837308
baseline_female,mRMR,100,tqwt_energy_dec_13 (TQWT),0.003045081967213114,0.003281958214129237
baseline_female,mRMR,100,tqwt_entropy_shannon_dec_35 (TQWT),0.0029971064814814817,0.0031272365313671046
baseline_female,mRMR,100,tqwt_TKEO_mean_dec_35 (TQWT),0.0029272486772486763,0.002724986934259892
baseline_female,mRMR,100,tqwt_entropy_shannon_dec_17 (TQWT),0.002925396825396826,0.002230590683336463
baseline_female,mRMR,100,tqwt_medianValue_dec_10 (TQWT),0.0029225768321513006,0.0030055001871662624
baseline_female,mRMR,100,tqwt_kurtosisValue_dec_25 (TQWT),0.0028937500000000005,0.002828128423338222
baseline_female,mRMR,100,app_det_TKEO_mean_10_coef (Wavelet),0.002875661375661376,0.002018353179966998
baseline_female,mRMR,100,app_det_TKEO_mean_6_coef (Wavelet),0.002867521367521367,0.0026337742759710695
baseline_female,mRMR,100,tqwt_energy_dec_24 (TQWT),0.0028551587301587295,0.0022045316237218737
baseline_female,mRMR,100,std_MFCC_7th_coef (MFCC),0.0028511904761904763,0.0021501561004853556
baseline_female,mRMR,100,f1 (Formant Frequency),0.002847449908925319,0.0027982976766480604
baseline_female,mRMR,100,numPulses (Baseline),0.002833333333333333,0.0018910314645716503
baseline_female,mRMR,100,tqwt_entropy_shannon_dec_6 (TQWT),0.002782539682539683,0.0023083216087454715
baseline_female,mRMR,100,std_11th_delta (MFCC),0.0027732240437158473,0.0026883874725632325
baseline_female,mRMR,100,tqwt_kurtosisValue_dec_33 (TQWT),0.0027602880658436214,0.0031424617787754266
baseline_female,mRMR,100,tqwt_stdValue_dec_33 (TQWT),0.0027542735042735047,0.0028439364358012077
baseline_female,mRMR,100,tqwt_skewnessValue_dec_27 (TQWT),0.00273076923076923,0.003177326642856317
baseline_female,mRMR,100,tqwt_meanValue_dec_11 (TQWT),0.0027146990740740742,0.002756737424098809
baseline_female,mRMR,100,std_5th_delta (MFCC),0.002696581196581196,0.0022268713430081263
baseline_female,mRMR,100,tqwt_skewnessValue_dec_26 (TQWT),0.002664529914529914,0.0017388053796915134
baseline_female,mRMR,100,tqwt_energy_dec_15 (TQWT),0.0026607468123861565,0.003243475340898118
baseline_female,mRMR,100,tqwt_minValue_dec_7 (TQWT),0.0026581196581196586,0.001659486141519192
baseline_female,mRMR,100,app_det_TKEO_mean_8_coef (Wavelet),0.002575396825396825,0.0024287726340554215
baseline_female,mRMR,100,meanHarmToNoiseHarmonicity (Baseline),0.002555555555555556,0.001862066585085498
baseline_female,mRMR,100,tqwt_energy_dec_34 (TQWT),0.002544871794871795,0.0024085994740411752
baseline_female,mRMR,100,tqwt_medianValue_dec_25 (TQWT),0.0025360082304526754,0.00263691471847423
baseline_female,mRMR,100,app_entropy_shannon_6_coef (Wavelet),0.0025106837606837604,0.001694005163703314
baseline_female,mRMR,100,tqwt_TKEO_mean_dec_23 (TQWT),0.0024992877492877492,0.002036709939579011
baseline_female,mRMR,100,tqwt_TKEO_mean_dec_34 (TQWT),0.0024735449735449736,0.002537226193079775
baseline_female,mRMR,100,tqwt_meanValue_dec_16 (TQWT),0.0024444444444444444,0.002420688346834022
baseline_female,mRMR,100,tqwt_energy_dec_16 (TQWT),0.00242650462962963,0.0022119802907784405
baseline_female,mRMR,100,tqwt_skewnessValue_dec_28 (TQWT),0.00239937106918239,0.002428762027660335
baseline_female,mRMR,100,mean_1st_delta (MFCC),0.002395833333333333,0.003979650512709589
baseline_female,mRMR,100,mean_MFCC_11th_coef (MFCC),0.0023782051282051284,0.0022030205351515632
baseline_female,mRMR,100,tqwt_energy_dec_33 (TQWT),0.0022756410256410254,0.0025861528982615884
baseline_female,mRMR,100,tqwt_stdValue_dec_34 (TQWT),0.002262731481481482,0.002718470387376443
baseline_female,mRMR,100,app_det_TKEO_mean_4_coef (Wavelet),0.002252136752136752,0.0017737755343559247
baseline_female,mRMR,100,tqwt_TKEO_mean_dec_7 (TQWT),0.002237745098039216,0.002079492257391875
baseline_female,mRMR,100,app_TKEO_std_2_coef (Wavelet),0.0022256944444444446,0.002146934034529463
baseline_female,mRMR,100,tqwt_minValue_dec_6 (TQWT),0.0022094017094017085,0.0019770391773265158
baseline_female,mRMR,100,tqwt_minValue_dec_10 (TQWT),0.0021944444444444446,0.0014748751072152135
baseline_female,mRMR,100,app_TKEO_std_10_coef (Wavelet),0.002145833333333333,0.0015358693951812348
baseline_female,mRMR,100,tqwt_maxValue_dec_10 (TQWT),0.0020734126984126985,0.001364924737291894
baseline_female,mRMR,100,tqwt_TKEO_std_dec_15 (TQWT),0.0020714285714285717,0.001651190336585806
baseline_female,mRMR,100,tqwt_energy_dec_20 (TQWT),0.0020534188034188037,0.0023717452962271793
baseline_female,mRMR,100,GNE_SNR_SEO (Vocal Fold),0.0020530303030303026,0.002190495137870045
baseline_female,mRMR,100,tqwt_meanValue_dec_34 (TQWT),0.002045138888888889,0.0015862662583053268
baseline_female,mRMR,100,tqwt_skewnessValue_dec_9 (TQWT),0.002007936507936508,0.002268742370207042
baseline_female,mRMR,100,tqwt_entropy_log_dec_11 (TQWT),0.0020069444444444444,0.0016874443632657692
baseline_female,mRMR,100,tqwt_energy_dec_8 (TQWT),0.0019794238683127573,0.002126419100067061
baseline_female,mRMR,100,tqwt_entropy_shannon_dec_7 (TQWT),0.001973544973544973,0.0019354485783131862
baseline_female,mRMR,100,tqwt_energy_dec_14 (TQWT),0.0019617486338797813,0.0018305441903534558
baseline_female,mRMR,100,tqwt_kurtosisValue_dec_28 (TQWT),0.0019499089253187617,0.0020154075447887344
baseline_female,mRMR,100,tqwt_medianValue_dec_22 (TQWT),0.0019484126984126988,0.0023755667661249725
baseline_female,mRMR,100,tqwt_energy_dec_10 (TQWT),0.0019337606837606836,0.0016639240949164096
baseline_female,mRMR,100,tqwt_stdValue_dec_7 (TQWT),0.001834967320261438,0.001761426857616889
baseline_female,mRMR,100,tqwt_stdValue_dec_23 (TQWT),0.0018161375661375656,0.0016800567933627005
baseline_female,mRMR,100,tqwt_entropy_shannon_dec_34 (TQWT),0.0018153935185185191,0.0020654613958210936
baseline_female,mRMR,100,tqwt_medianValue_dec_33 (TQWT),0.0017585470085470084,0.0019458112475729526
baseline_female,mRMR,100,tqwt_TKEO_mean_dec_24 (TQWT),0.001694444444444444,0.001570763217139477
baseline_female,mRMR,100,tqwt_TKEO_mean_dec_10 (TQWT),0.001677350427350427,0.001857736008205438
baseline_female,mRMR,100,tqwt_maxValue_dec_6 (TQWT),0.0016585648148148148,0.0015282638335676053
baseline_female,mRMR,100,tqwt_energy_dec_23 (TQWT),0.0016068376068376078,0.0011775847683737617
baseline_female,mRMR,100,tqwt_medianValue_dec_29 (TQWT),0.0015897435897435897,0.0013144474990551076
baseline_female,mRMR,100,app_det_TKEO_mean_9_coef (Wavelet),0.001520833333333333,0.001317110976295114
baseline_female,mRMR,100,tqwt_TKEO_std_dec_34 (TQWT),0.001517361111111111,0.0014563140359537834
baseline_female,mRMR,100,VFER_mean (Vocal Fold),0.001482638888888889,0.0013828940502860969
baseline_female,mRMR,100,tqwt_kurtosisValue_dec_29 (TQWT),0.0014679487179487184,0.0011042544291864282
baseline_female,mRMR,100,tqwt_entropy_shannon_dec_10 (TQWT),0.0014495884773662552,0.001310504555446375
baseline_female,mRMR,100,VFER_entropy (Vocal Fold),0.0014380787037037036,0.0014419079651365723
baseline_female,mRMR,100,tqwt_meanValue_dec_7 (TQWT),0.0013816029143897998,0.0016375841746162029
baseline_female,mRMR,100,tqwt_TKEO_std_dec_10 (TQWT),0.001379629629629629,0.0010501979832406648
baseline_female,mRMR,100,f2 (Formant Frequency),0.0013752955082742312,0.0017563960986028589
baseline_female,mRMR,100,tqwt_stdValue_dec_28 (TQWT),0.001365384615384615,0.0010947393860889097
baseline_female,mRMR,100,tqwt_entropy_shannon_dec_15 (TQWT),0.0013119658119658117,0.001538903625385413
baseline_female,mRMR,100,tqwt_medianValue_dec_5 (TQWT),0.0010784722222222224,0.0013056663973640588
baseline_female,mRMR,100,tqwt_TKEO_std_dec_9 (TQWT),0.0010615079365079365,0.0009160840652810319
baseline_female,mRMR,100,tqwt_medianValue_dec_35 (TQWT),0.0009316239316239317,0.0008580473391633099
baseline_female,mRMR,100,b4 (Bandwidth),0.0008518518518518519,0.0009433578777835373
